index	true	predicted	p0	p1	p2	p3	p4	p5	p6	p7	p8	p9
0	6	6	0.107086077	0.081858255	0.096631825	0.084243171	0.110515766	0.089525543	0.122331887	0.101845317	0.106741093	0.099221036
1	6	6	0.092385404	0.086060032	0.094265759	0.095366113	0.101827592	0.092038840	0.121272147	0.099880069	0.115413189	0.101490803
2	6	6	0.096041583	0.094090894	0.086635508	0.081301548	0.118573606	0.087194450	0.127395272	0.104177341	0.104570366	0.100019410
3	9	0	0.116709612	0.085491166	0.089082763	0.085497580	0.108118750	0.092701934	0.105404705	0.095674828	0.116466030	0.104852647
4	0	7	0.108225107	0.097541817	0.102644615	0.086292647	0.096440598	0.097853459	0.099391900	0.109736942	0.102582783	0.099290125
5	7	0	0.112039223	0.095862366	0.098902270	0.088149443	0.101027273	0.099993721	0.105405644	0.099323459	0.104108028	0.095188603
6	4	4	0.120354347	0.086864270	0.074084356	0.062747292	0.137721717	0.088419348	0.130662188	0.097223312	0.104447164	0.097475991
7	4	6	0.104381934	0.084267102	0.086498223	0.079347216	0.122697815	0.084754229	0.124332167	0.102941222	0.107079558	0.103700504
8	0	6	0.110926904	0.090981364	0.089730427	0.073120907	0.117227919	0.086218446	0.119777821	0.109226085	0.110346906	0.092443138
9	0	0	0.118089400	0.090670757	0.078528449	0.077493489	0.117499769	0.089577116	0.107168168	0.105264187	0.114354849	0.101353779
10	0	6	0.100238383	0.082199939	0.101006359	0.091569491	0.099273860	0.084356852	0.123710848	0.114149250	0.108509816	0.094985276
11	3	4	0.125381395	0.082822606	0.076890521	0.066901736	0.130566493	0.088923737	0.122390285	0.095592342	0.107534215	0.102996692
12	5	0	0.106302775	0.092783041	0.103483602	0.097173184	0.096819118	0.093214229	0.099265888	0.103097685	0.105897412	0.101963051
13	3	0	0.129535481	0.073525935	0.095306292	0.074465849	0.101451159	0.096395329	0.109271511	0.084449388	0.126851141	0.108747840
14	5	6	0.102643102	0.092479765	0.099428765	0.100279428	0.102074981	0.088917278	0.109289110	0.103046283	0.106072426	0.095768854
15	6	8	0.107966982	0.093035325	0.083645150	0.084117748	0.097493462	0.098524302	0.084268451	0.100403324	0.130766615	0.119778633
16	9	8	0.111400098	0.091047533	0.081732087	0.088350378	0.102512434	0.095359139	0.110316038	0.108293205	0.112251587	0.098737493
17	5	8	0.098038286	0.092946425	0.104164861	0.106594212	0.096006006	0.089002877	0.098742932	0.108458854	0.109445214	0.096600242
18	9	9	0.102170363	0.095695041	0.085782975	0.094763353	0.102291524	0.093833588	0.104888432	0.099552356	0.107832864	0.113189377
19	0	8	0.112429284	0.083558753	0.085801996	0.080570690	0.103845939	0.083281368	0.103058517	0.119932882	0.131258696	0.096261844
20	2	0	0.123060964	0.090050690	0.089300707	0.064415731	0.108761929	0.095574319	0.113414951	0.107998319	0.117852017	0.089570478
21	1	0	0.114973910	0.083263621	0.102261432	0.090605803	0.099082857	0.102247678	0.100896053	0.091529794	0.113162465	0.101976350
22	0	6	0.098652355	0.087482825	0.091318719	0.093197159	0.106385410	0.077670850	0.131182075	0.109047286	0.112794414	0.092268951
23	2	8	0.106632143	0.083634213	0.096504971	0.086246148	0.105127513	0.088272877	0.112453550	0.107356131	0.117999449	0.095773056
24	1	0	0.122527152	0.082153946	0.101193361	0.086997189	0.097653955	0.102610514	0.093264654	0.089528531	0.116027482	0.108043134
25	9	9	0.101528384	0.090596437	0.082988881	0.093696520	0.107159965	0.085126363	0.110694207	0.102826945	0.111928120	0.113454185
26	0	8	0.102497339	0.094782978	0.090608843	0.112439856	0.089321770	0.087892294	0.081732154	0.111726277	0.120343000	0.108655475
27	9	0	0.113178983	0.092538863	0.079734646	0.088817254	0.108684435	0.090784840	0.110236987	0.097186051	0.107315801	0.111522146
28	9	3	0.092466764	0.086180210	0.102930397	0.123690769	0.096882410	0.085568041	0.094689958	0.104388826	0.114027984	0.099174589
29	0	4	0.113544933	0.083764099	0.092773698	0.074930787	0.118192427	0.086782500	0.113359712	0.106484555	0.112690829	0.097476453
30	2	6	0.106896810	0.091285586	0.085684352	0.079297803	0.111601688	0.093442917	0.114440620	0.100851193	0.113887794	0.102611274
31	4	8	0.099074528	0.085415423	0.095687963	0.098102197	0.105057165	0.090295814	0.108481005	0.097092554	0.123780258	0.097013056
32	6	4	0.111623198	0.099259146	0.075711638	0.070741080	0.125076994	0.097246528	0.112207204	0.097795248	0.109661072	0.100677818
33	9	6	0.111049764	0.088312306	0.085142307	0.090770148	0.102490060	0.090902887	0.115402974	0.098702557	0.110973753	0.106253281
34	8	9	0.114586234	0.089364387	0.078682713	0.076419577	0.114738494	0.090443835	0.104625314	0.104441896	0.111569963	0.115127504
35	6	8	0.105548009	0.081230067	0.091009855	0.087945364	0.093735062	0.096637905	0.108847104	0.093434632	0.126885980	0.114726104
36	3	6	0.118316472	0.065292783	0.102295659	0.088364601	0.103075087	0.093529165	0.123490706	0.095047161	0.112770833	0.097817525
37	2	0	0.116683453	0.096597411	0.090134799	0.068582252	0.111801438	0.096555628	0.107809685	0.102837682	0.105279036	0.103718549
38	4	4	0.121305682	0.092609107	0.056354873	0.055626169	0.124969430	0.098073311	0.118506640	0.094410285	0.124079674	0.114064761
39	4	8	0.114022598	0.076773524	0.090842441	0.078067757	0.111837193	0.084953062	0.111934550	0.102504641	0.129433185	0.099631034
40	3	0	0.111885630	0.084548071	0.097083129	0.093955524	0.101663463	0.094204023	0.100967184	0.101225846	0.108978383	0.105488755
41	5	3	0.092327364	0.094068535	0.097522199	0.117673084	0.097334385	0.085467353	0.094902679	0.105833098	0.113014884	0.101856425
42	6	8	0.095076039	0.089048803	0.073554516	0.080397829	0.111476213	0.095845640	0.112900026	0.097746141	0.124998450	0.118956223
43	4	0	0.125955090	0.092669159	0.077024199	0.079355083	0.103253894	0.097704798	0.113086857	0.103821270	0.102447994	0.104681619
44	7	8	0.105906233	0.092391521	0.089803264	0.087081306	0.097384647	0.090437166	0.113567688	0.103796050	0.117743507	0.101888545
45	2	0	0.125579059	0.081164889	0.076360263	0.069018207	0.105160132	0.112318099	0.100209922	0.091739252	0.123790994	0.114659198
46	3	8	0.105323061	0.083409719	0.090657696	0.104550339	0.095496356	0.083667696	0.094207324	0.104842924	0.125847444	0.111997470
47	4	0	0.134701997	0.089764155	0.077966169	0.050888434	0.126506731	0.101385176	0.111908272	0.095942892	0.112149097	0.098787129
48	9	8	0.098465405	0.082233198	0.088016383	0.109790593	0.101475209	0.086840980	0.110979341	0.097982086	0.119368382	0.104848333
49	2	8	0.104395248	0.086534247	0.086375430	0.091185518	0.112057798	0.086464785	0.105622262	0.101386592	0.121781759	0.104196370
50	9	8	0.106939122	0.094633289	0.070286855	0.082666345	0.097266078	0.095050506	0.085643254	0.097131364	0.143319964	0.127063215
51	2	4	0.109657533	0.095989309	0.084022991	0.070011042	0.126925558	0.091309696	0.122766033	0.103060596	0.105885014	0.090372190
52	4	0	0.112426296	0.100163735	0.082127348	0.085763887	0.110668764	0.097774498	0.097163163	0.102551237	0.105351150	0.106009930
53	0	0	0.114247687	0.092934869	0.092915550	0.081984587	0.100864425	0.105677359	0.106020540	0.102109157	0.107373692	0.095872127
54	1	0	0.117273837	0.078356639	0.097320795	0.081921659	0.105119325	0.100419827	0.111865796	0.091065437	0.116414599	0.100241937
55	2	8	0.110283017	0.087648809	0.096094608	0.090441450	0.092887893	0.092564166	0.105367050	0.107774943	0.114962049	0.101975948
56	5	8	0.118366621	0.082801178	0.096942134	0.073290423	0.108761966	0.095103838	0.103274815	0.099401414	0.119691163	0.102366440
57	6	4	0.109850727	0.089489534	0.083153233	0.079624020	0.117419422	0.091937169	0.113671601	0.102803715	0.110072255	0.101978287
58	4	7	0.109116741	0.099376589	0.089344598	0.079364881	0.107398465	0.093911581	0.102847703	0.110187121	0.107522935	0.100929342
59	5	8	0.111755200	0.095657781	0.081675313	0.081568532	0.110067323	0.091368198	0.102009997	0.100123860	0.116398215	0.109375559
60	1	8	0.108601220	0.087396622	0.079345614	0.074190833	0.109302588	0.101767957	0.115234785	0.089212231	0.121286720	0.113661453
61	4	8	0.112734772	0.095374651	0.086185895	0.077999234	0.109221913	0.094757490	0.112488374	0.101435103	0.112771705	0.097030826
62	5	7	0.106365971	0.099812225	0.101902507	0.089840323	0.100553855	0.090497598	0.101624034	0.107150964	0.107033163	0.095219411
63	9	8	0.105048180	0.082608752	0.074782379	0.075385161	0.117851056	0.090223953	0.111125574	0.092297815	0.139620930	0.111056179
64	7	9	0.106490284	0.091628678	0.082577907	0.097361907	0.094122268	0.087855175	0.096172482	0.112726308	0.114554204	0.116510727
65	0	8	0.107890911	0.081988521	0.085080475	0.091889590	0.099652857	0.091189042	0.112629741	0.104871981	0.119372934	0.105433941
66	9	0	0.114580840	0.088152923	0.080143236	0.088213690	0.106190115	0.092337079	0.112487502	0.105893604	0.105193608	0.106807366
67	6	4	0.098975509	0.094724610	0.086685784	0.079879716	0.127574861	0.083542891	0.123948805	0.104131229	0.103039116	0.097497456
68	9	8	0.104324959	0.090489157	0.084063560	0.105572335	0.094176568	0.092973664	0.102490112	0.107829466	0.110223301	0.107856773
69	3	8	0.118590035	0.077588625	0.092035130	0.079542533	0.107393742	0.094714023	0.112651557	0.095465854	0.122025035	0.099993438
70	7	8	0.101967528	0.088174090	0.083588377	0.114838533	0.091235034	0.090900600	0.089020066	0.101482801	0.120596007	0.118197016
71	7	8	0.103665337	0.095408186	0.086522736	0.085157573	0.102522187	0.098816290	0.109390743	0.097505026	0.117160715	0.103851289
72	2	8	0.109290332	0.090663329	0.092923455	0.090003677	0.091200858	0.101402685	0.102117054	0.103660844	0.110496886	0.108240880
73	1	6	0.112351373	0.085491389	0.093380325	0.081943788	0.112849839	0.095424123	0.116237469	0.093256518	0.108209766	0.100855418
74	9	9	0.097869039	0.088232569	0.092215121	0.113616340	0.088422231	0.083672382	0.106375903	0.105550475	0.110132053	0.113913842
75	5	0	0.108203188	0.093604043	0.097153813	0.100632668	0.092315264	0.096483327	0.099389419	0.107028432	0.103254169	0.101935707
76	2	6	0.107470773	0.096859477	0.091505289	0.085325927	0.103636846	0.096300535	0.113474734	0.108806528	0.101899214	0.094720691
77	8	8	0.105946280	0.090460353	0.087517321	0.118217997	0.085094325	0.083086371	0.077722169	0.113160126	0.142631561	0.096163519
78	5	4	0.109650522	0.094760269	0.078501262	0.085869931	0.115079969	0.088258922	0.112040840	0.108742014	0.101197347	0.105898857
79	6	8	0.109876312	0.082596272	0.094249398	0.095318258	0.095119886	0.093400948	0.105592713	0.096243009	0.124194264	0.103409044
80	8	8	0.113493249	0.068078890	0.088143252	0.090091392	0.095077164	0.084123023	0.120270178	0.100256935	0.135672137	0.104793757
81	9	8	0.105333254	0.085334979	0.083184458	0.088121831	0.098440059	0.094106935	0.092675023	0.103338264	0.138619974	0.110845156
82	1	0	0.119502783	0.083206870	0.099660151	0.084199250	0.102038987	0.102047034	0.103200443	0.090475529	0.114437640	0.101231344
83	5	0	0.123858891	0.090711020	0.071014658	0.071506761	0.119745247	0.092282772	0.104178548	0.106650375	0.107878231	0.112173453
84	1	0	0.112173021	0.086657479	0.098516539	0.090058424	0.106251553	0.099376030	0.106552385	0.091177262	0.107281469	0.101955831
85	3	0	0.131153286	0.082109675	0.082177721	0.066856593	0.124220364	0.099609695	0.105807044	0.091557287	0.110571161	0.105937213
86	4	0	0.111901030	0.101125896	0.085842550	0.087240756	0.098638222	0.101686098	0.100751683	0.105056971	0.106173985	0.101582803
87	2	6	0.106920443	0.091841340	0.089525431	0.079610489	0.115714222	0.095746927	0.118712537	0.103609242	0.101901583	0.096417770
88	7	6	0.096670881	0.094805554	0.106315188	0.102830961	0.097590633	0.090393707	0.107678056	0.106424466	0.100032993	0.097257636
89	1	0	0.116731338	0.085639670	0.093022369	0.078411870	0.113375098	0.098021641	0.109969407	0.093575917	0.111408927	0.099843718
90	2	8	0.115632631	0.075113133	0.089709781	0.076812260	0.110466003	0.086455263	0.118081100	0.096211322	0.131840736	0.099677846
91	1	8	0.106002450	0.082525358	0.097768933	0.098279633	0.104531892	0.094180815	0.111183338	0.094116800	0.112269446	0.099141337
92	9	8	0.114308156	0.090118371	0.081946641	0.079272546	0.105843134	0.095087074	0.093464330	0.098009340	0.131653726	0.110296674
93	3	8	0.117630765	0.079469338	0.080285728	0.077027589	0.101883218	0.098171510	0.114722930	0.094795078	0.124333441	0.111680396
94	5	8	0.108667120	0.094300300	0.076749958	0.091979772	0.091336235	0.099583432	0.075217769	0.097045466	0.142431989	0.122687951
95	7	7	0.103729263	0.095391899	0.098427840	0.105184302	0.097281545	0.096504189	0.096214563	0.106382862	0.101949871	0.098933615
96	5	0	0.119537495	0.098360755	0.072230995	0.079806730	0.119374171	0.088972837	0.095173448	0.104654104	0.110869467	0.111019902
97	7	0	0.114374548	0.092201337	0.095679693	0.076722100	0.109576985	0.098466076	0.113251276	0.103585579	0.105485298	0.090657145
98	1	0	0.120831609	0.081262283	0.094220772	0.081666291	0.099800959	0.103696704	0.103731789	0.089453474	0.118517891	0.106818274
99	7	8	0.112515241	0.088756569	0.072392367	0.095201574	0.111506745	0.086526774	0.096015006	0.098572269	0.125649571	0.112863839
100	7	8	0.092078336	0.093767285	0.095274992	0.108531781	0.092028357	0.087833837	0.107253373	0.103657030	0.111895464	0.107679501
101	0	6	0.104004920	0.083450191	0.086423740	0.085275725	0.108881935	0.094037242	0.122533038	0.101924755	0.111406192	0.102062218
102	5	9	0.094446339	0.097033575	0.081212327	0.104293264	0.103721522	0.091328859	0.093548775	0.109052598	0.109856710	0.115506031
103	3	6	0.113436446	0.078691855	0.087323792	0.071480148	0.120373592	0.091863729	0.123271301	0.091963708	0.122221649	0.099373750
104	1	8	0.106823690	0.084113650	0.099580020	0.099923223	0.100562140	0.094231643	0.106173545	0.094357640	0.111405171	0.102829359
105	9	8	0.104407795	0.093562916	0.100880355	0.102448180	0.097845703	0.090653837	0.102596961	0.103067733	0.110504068	0.094032392
106	4	0	0.107197024	0.101980507	0.099639714	0.086147711	0.102588147	0.097012736	0.106663063	0.101878874	0.105706036	0.091186196
107	1	0	0.120942116	0.086897738	0.077307254	0.074989140	0.105984814	0.099492684	0.103655949	0.095332734	0.118594296	0.116803236
108	9	6	0.099241063	0.091309801	0.093382441	0.100657858	0.100266330	0.090625390	0.112477005	0.110897534	0.105028652	0.096113913
109	6	4	0.109864481	0.091630839	0.081697322	0.071122065	0.127240956	0.096674383	0.121450059	0.097581342	0.108217061	0.094521500
110	6	6	0.108602360	0.091667354	0.087183096	0.082630709	0.109464630	0.095544159	0.111407422	0.099904902	0.105725057	0.107870303
111	5	8	0.108195029	0.071939223	0.100570098	0.093189880	0.104256555	0.075525671	0.115396902	0.104262032	0.133597180	0.093067445
112	0	0	0.118581243	0.086063080	0.089873001	0.077900901	0.105496295	0.098413259	0.104905091	0.103314653	0.113823429	0.101629049
113	5	8	0.097694203	0.092306145	0.096914507	0.095729314	0.102030002	0.091286778	0.111057095	0.103879370	0.112826250	0.096276388
114	9	8	0.112455189	0.079971254	0.088002458	0.099448837	0.099530444	0.086872794	0.110639602	0.103495046	0.115763709	0.103820741
115	5	8	0.117453195	0.103402667	0.078062199	0.059089176	0.123298824	0.095378458	0.106018543	0.101093940	0.127077892	0.089125134
116	9	8	0.107915223	0.075145029	0.082296319	0.097100921	0.102459639	0.082274884	0.114476927	0.103531212	0.129203111	0.105596729
117	7	7	0.095038421	0.094848111	0.090758681	0.099464633	0.094978549	0.090964295	0.110434242	0.111119106	0.108099036	0.104294993
118	5	4	0.105803266	0.093969308	0.090146765	0.087644830	0.112142012	0.089096151	0.111549489	0.100440413	0.105857290	0.103350468
119	3	8	0.120859064	0.074220657	0.104700729	0.098877765	0.094419688	0.094347313	0.095481612	0.087005176	0.127914071	0.102173887
120	8	6	0.116535194	0.081742063	0.074507616	0.064687900	0.125454441	0.098141566	0.128838196	0.095325001	0.114123814	0.100644216
121	5	6	0.115191489	0.086069867	0.086855210	0.078909449	0.114670932	0.091108061	0.118062541	0.100182153	0.103383437	0.105566800
122	4	8	0.109242789	0.090971105	0.081124105	0.079644278	0.109677292	0.088126369	0.099731982	0.106416322	0.120962135	0.114103630
123	6	6	0.111698560	0.084774673	0.084466323	0.076642357	0.111267135	0.087579846	0.122367382	0.106485933	0.118187062	0.096530721
124	3	0	0.130186677	0.090024412	0.085164987	0.074594378	0.104459889	0.105305903	0.096788146	0.090263717	0.112626798	0.110585123
125	2	4	0.113237835	0.092858993	0.085173279	0.072218068	0.120796725	0.093595937	0.118915446	0.102023579	0.104701407	0.096478835
126	2	8	0.112138107	0.084815763	0.100973822	0.089725994	0.093385495	0.092092007	0.094516918	0.106009513	0.125276074	0.101066321
127	3	0	0.114844039	0.089262046	0.091352962	0.085478559	0.110867538	0.098793179	0.107904628	0.098204523	0.103359468	0.099933133
128	7	8	0.114099339	0.091203168	0.094896466	0.096547358	0.093519688	0.099644884	0.091951050	0.103688352	0.114876330	0.099573344
129	9	3	0.096764140	0.084704652	0.091741346	0.119494639	0.089247867	0.083928712	0.091996141	0.107970670	0.118669435	0.115482382
130	1	0	0.126142636	0.088456698	0.090751320	0.082086436	0.100018226	0.107802935	0.093197927	0.092549928	0.121807747	0.097186200
131	0	6	0.097560309	0.087528102	0.103470974	0.086872645	0.111373208	0.083753765	0.121042073	0.113091052	0.102840282	0.092467636
132	8	8	0.096933179	0.097614594	0.105828024	0.109642401	0.092847265	0.084505729	0.098328903	0.109797686	0.110945627	0.093556628
133	5	8	0.113435350	0.096590295	0.094924539	0.084824905	0.100519486	0.087013111	0.090677135	0.103644475	0.130073220	0.098297477
134	8	6	0.094644226	0.094926685	0.095211655	0.097782731	0.105327174	0.088663302	0.113771334	0.098942004	0.111434467	0.099296436
135	1	8	0.109490387	0.086716436	0.101213485	0.094434477	0.098561756	0.096916787	0.106259078	0.095811643	0.111363538	0.099232405
136	7	8	0.101359427	0.082626574	0.093660496	0.090889655	0.104393266	0.084162228	0.112691276	0.101106375	0.123507783	0.105602875
137	5	4	0.109674074	0.102171615	0.087448478	0.082238510	0.116912261	0.085481018	0.097812675	0.103296101	0.116494410	0.098470867
138	5	3	0.101565070	0.092436060	0.092595801	0.125934273	0.084455781	0.088164419	0.080663837	0.112106025	0.122203082	0.099875614
139	7	6	0.101938426	0.098114043	0.091480874	0.090154491	0.105281234	0.091874532	0.112054214	0.097465932	0.107846163	0.103790075
140	6	0	0.119797073	0.082013570	0.069601133	0.073525123	0.105826713	0.099900767	0.112708539	0.104879797	0.116497025	0.115250297
141	1	0	0.115359403	0.088951014	0.094525360	0.083160065	0.107567079	0.104169346	0.105299123	0.089406081	0.108285747	0.103276856
142	8	8	0.093071684	0.092766106	0.097579524	0.109479211	0.101488717	0.084779523	0.108117677	0.103321418	0.112491108	0.096905068
143	7	8	0.106208310	0.096117154	0.091573879	0.088588059	0.101498477	0.103004381	0.107249752	0.098843299	0.108068377	0.098848358
144	0	6	0.101499408	0.082649566	0.088795573	0.092976928	0.106917851	0.079422370	0.117710650	0.113217264	0.112982489	0.103827961
145	1	8	0.109742373	0.081055775	0.095968321	0.087877542	0.105972409	0.088755831	0.114588186	0.101241648	0.117883585	0.096914262
146	9	8	0.105063513	0.091252662	0.083197169	0.091149159	0.102258280	0.097966649	0.102040663	0.102910124	0.120719142	0.103442609
147	2	8	0.115006968	0.089393802	0.088554315	0.076075599	0.104988843	0.095260583	0.101983555	0.108287521	0.117017917	0.103430867
148	8	8	0.099117734	0.071111046	0.101996802	0.112992138	0.099631771	0.076271161	0.091823786	0.109476499	0.147068754	0.090510339
149	1	0	0.117015749	0.088667087	0.093680203	0.090191193	0.099741042	0.099132784	0.094188109	0.098237410	0.114295676	0.104850762
150	8	8	0.104264252	0.090799913	0.094377548	0.095906489	0.108536914	0.087621458	0.106628090	0.096179128	0.112246148	0.103440002
151	3	0	0.124561705	0.086877823	0.088668793	0.084119782	0.106201835	0.102786653	0.094909646	0.096931629	0.111065358	0.103876799
152	7	8	0.091581680	0.096532039	0.088486567	0.090622403	0.107349567	0.086473994	0.113627613	0.104638107	0.115638852	0.105049200
153	4	0	0.129649222	0.088216938	0.077384114	0.076290399	0.103653893	0.092082173	0.092645198	0.109029964	0.127736062	0.103311934
154	9	9	0.101233751	0.083563767	0.090834811	0.104389191	0.099815249	0.086615324	0.109105192	0.104699254	0.109109983	0.110633463
155	7	8	0.109410793	0.095813341	0.095425487	0.102520876	0.092306077	0.097493544	0.087827384	0.105483122	0.110046491	0.103672966
156	0	6	0.106625609	0.080738239	0.090570934	0.083378613	0.110240206	0.087511279	0.132107049	0.099170551	0.112875827	0.096781775
157	0	0	0.127615198	0.088323586	0.087645724	0.078583069	0.099615440	0.105977185	0.094124109	0.100507058	0.115787521	0.101821147
158	0	8	0.109825753	0.082798131	0.073962182	0.089169718	0.106284551	0.088882789	0.092664786	0.094566330	0.143822342	0.118023418
159	2	4	0.108442314	0.088944502	0.085272677	0.074622735	0.124413945	0.090968937	0.121727839	0.107212871	0.107719488	0.090674765
160	9	6	0.106612429	0.088789254	0.085096739	0.092966340	0.101992384	0.093044281	0.110457651	0.102153599	0.108736739	0.110150576
161	7	0	0.112360045	0.097243644	0.091461159	0.075725161	0.106800221	0.101785719	0.103479207	0.098186567	0.110857114	0.102101102
162	7	8	0.126471832	0.084502190	0.079891980	0.066718668	0.109529398	0.094473332	0.104952380	0.092050649	0.132395476	0.109014042
163	7	8	0.111061841	0.088295415	0.086499795	0.096398368	0.085613869	0.087486066	0.077871606	0.104074635	0.148982257	0.113716170
164	7	4	0.102915034	0.103878252	0.089524113	0.090059638	0.108817250	0.094987780	0.104151875	0.105914138	0.100859396	0.098892517
165	7	9	0.108282752	0.088927947	0.086964667	0.098391324	0.103506975	0.087038390	0.100227550	0.104189530	0.109853275	0.112617604
166	3	4	0.114745185	0.094954893	0.070833914	0.064286865	0.132869050	0.089915179	0.107777037	0.101258613	0.113722302	0.109637015
167	6	8	0.114483140	0.075595178	0.086613290	0.097678870	0.098237149	0.085210025	0.104152821	0.098152131	0.126355305	0.113522060
168	6	8	0.102223814	0.093094535	0.095735043	0.103839420	0.087641992	0.089152619	0.084787443	0.102981485	0.124193951	0.116349734
169	4	8	0.119237468	0.084534504	0.078613028	0.076940171	0.108632058	0.091747090	0.109164611	0.108011551	0.121695653	0.101423852
170	6	8	0.125828728	0.081988707	0.083859652	0.078526743	0.090963073	0.093044229	0.094134472	0.106296092	0.140758097	0.104600266
171	7	8	0.102065727	0.095088013	0.093757078	0.093801208	0.105041854	0.099530973	0.103266641	0.100849494	0.107418962	0.099179976
172	3	6	0.113519184	0.077462137	0.083295509	0.087045200	0.101203308	0.084322751	0.127532780	0.111075088	0.119243614	0.095300384
173	2	8	0.104360022	0.081391208	0.090485483	0.121274292	0.080950007	0.083271526	0.073704854	0.110563315	0.142431423	0.111567855
174	7	8	0.105740212	0.092629656	0.095752917	0.081150956	0.102984853	0.095910862	0.113354668	0.099553943	0.120351039	0.092570953
175	5	8	0.104338638	0.092621267	0.086185135	0.089612871	0.108265758	0.092210650	0.104885273	0.105574101	0.108364344	0.107942022
176	1	8	0.114946306	0.081939362	0.084504411	0.075313888	0.107409112	0.102925032	0.112698719	0.087388113	0.122763373	0.110111669
177	6	8	0.102293484	0.085213162	0.094058536	0.110373572	0.094536006	0.079832904	0.094494015	0.108052298	0.122256771	0.108889282
178	0	6	0.104158714	0.073161148	0.087971970	0.075702518	0.119299114	0.082338683	0.146065906	0.107838117	0.111595117	0.091868743
179	5	4	0.116912089	0.099323481	0.079207033	0.073600233	0.119659357	0.093364179	0.101630196	0.095985495	0.111417405	0.108900540
180	8	8	0.103341125	0.084924363	0.093658052	0.110558741	0.092191525	0.093747228	0.096854217	0.098655388	0.121197268	0.104872085
181	9	0	0.116801932	0.086009562	0.087314203	0.084708028	0.105074666	0.090921186	0.102038443	0.108903997	0.114330336	0.103897639
182	9	8	0.112088174	0.081460021	0.091539763	0.088733323	0.101549968	0.094784603	0.109419018	0.105213888	0.112577744	0.102633432
183	1	0	0.126253471	0.085856542	0.086738884	0.073958583	0.103568897	0.101507030	0.098627500	0.089516245	0.125502259	0.108470537
184	9	9	0.101930931	0.088560462	0.080215819	0.101229593	0.109728418	0.084720418	0.101430945	0.103636071	0.109596878	0.118950471
185	1	6	0.104592323	0.084353149	0.100191548	0.095243208	0.106408581	0.093245924	0.113014795	0.095758952	0.109781884	0.097409673
186	7	6	0.109330699	0.094088040	0.094437957	0.087815903	0.103565916	0.096200071	0.109630175	0.102721073	0.105485409	0.096724778
187	7	8	0.106322028	0.093144536	0.088147953	0.089188479	0.101897195	0.088709161	0.113108367	0.101103082	0.114469565	0.103909597
188	7	6	0.104398534	0.096587002	0.101673514	0.094138563	0.100235730	0.095956162	0.107281320	0.103678897	0.100870684	0.095179632
189	6	6	0.101529673	0.080461264	0.090434298	0.089959823	0.107026786	0.093225554	0.121200480	0.097388498	0.114966527	0.103807174
190	4	6	0.096230991	0.091907255	0.089310542	0.085327320	0.117842533	0.084957741	0.127143547	0.100851133	0.111476123	0.094952770
191	3	0	0.131284580	0.078770153	0.091749467	0.083674692	0.099136971	0.102886438	0.092954896	0.091102704	0.123837918	0.104602262
192	4	8	0.104233250	0.094949700	0.088104114	0.088367768	0.102729917	0.089760520	0.097505592	0.105774216	0.118101597	0.110473312
193	7	6	0.093389183	0.092345461	0.094433151	0.110289998	0.089522704	0.086615846	0.112581395	0.108355716	0.108812615	0.103653945
194	3	4	0.111646526	0.092882805	0.074064910	0.069969863	0.137224242	0.090506226	0.112498514	0.098302618	0.108369403	0.104534946
195	1	0	0.110045835	0.089130037	0.105514735	0.099873781	0.094492249	0.099013820	0.097923741	0.095177971	0.108072273	0.100755632
196	7	9	0.100817047	0.087408438	0.078901827	0.103997692	0.096462615	0.085821643	0.113568828	0.110402212	0.108473465	0.114146203
197	2	8	0.115341827	0.082752176	0.087796144	0.077631421	0.092440553	0.107158631	0.099719793	0.086018473	0.129434258	0.121706732
198	2	4	0.103192449	0.099483833	0.092644475	0.079452060	0.116708793	0.093172185	0.114930086	0.100935020	0.104148403	0.095332675
199	7	8	0.106276356	0.094179280	0.089058265	0.095038474	0.097846657	0.097043268	0.107988559	0.101146139	0.109058604	0.102364361
200	8	8	0.103174970	0.096050665	0.080107138	0.094858043	0.107617468	0.089865416	0.110273391	0.107459947	0.110469051	0.100123905
201	2	4	0.109769531	0.093544461	0.086100705	0.077582926	0.121268757	0.091936514	0.116817541	0.103874385	0.100389421	0.098715678
202	4	8	0.119098283	0.086498447	0.085782230	0.070536561	0.118504524	0.093234576	0.112117454	0.097240001	0.120767735	0.096220247
203	5	3	0.088358231	0.079532661	0.104438938	0.122702569	0.094194762	0.077205926	0.122316219	0.103560045	0.112509049	0.095181584
204	4	4	0.117458574	0.096699193	0.073887981	0.065143913	0.128493488	0.095719166	0.115637518	0.106961653	0.100319050	0.099679425
205	8	8	0.103319764	0.088699654	0.102761798	0.097442396	0.101884730	0.082141764	0.104842350	0.109040514	0.117118225	0.092748731
206	4	8	0.096309662	0.082803391	0.096125789	0.100881390	0.098441601	0.087060437	0.109148160	0.102544583	0.121620677	0.105064295
207	4	8	0.105159625	0.087864190	0.084733531	0.090090759	0.113388695	0.087752283	0.100986741	0.102347650	0.116614379	0.111062162
208	9	8	0.107238315	0.075507872	0.104497202	0.103111960	0.094712593	0.082474872	0.098577775	0.099105462	0.130193427	0.104580522
209	7	0	0.108980000	0.098579757	0.095253631	0.088804379	0.100393429	0.101756603	0.100320235	0.100635551	0.106100351	0.099176064
210	5	7	0.101529621	0.094809003	0.098719321	0.098595142	0.095652573	0.093373381	0.097321153	0.111172289	0.110555537	0.098271966
211	9	4	0.114336297	0.096704766	0.066317588	0.074792743	0.130000517	0.090947345	0.105803214	0.092677265	0.107153878	0.121266410
212	3	4	0.117980078	0.092073724	0.077506199	0.067051813	0.121449538	0.099120751	0.113950796	0.095858000	0.110996209	0.104012832
213	8	0	0.109052002	0.094160683	0.092153549	0.083851196	0.100284353	0.095779814	0.108156271	0.108767845	0.107974015	0.099820174
214	3	8	0.107492737	0.077686906	0.086553350	0.076463781	0.109850012	0.094928950	0.114762358	0.095045254	0.127688840	0.109527856
215	2	8	0.118276201	0.096632205	0.073728584	0.077258997	0.113823816	0.097452298	0.098994672	0.098721795	0.120146662	0.104964785
216	0	6	0.101182558	0.087290570	0.099669717	0.094201833	0.099202856	0.087618947	0.109211117	0.108115256	0.108910568	0.104596689
217	8	8	0.096940316	0.082171023	0.103388667	0.101310372	0.103396982	0.080202416	0.113270193	0.105568781	0.115841299	0.097909935
218	5	8	0.122328989	0.085111700	0.089861318	0.072229035	0.103576280	0.100965999	0.092750564	0.103215061	0.122598499	0.107362457
219	0	6	0.101710774	0.084442414	0.086171642	0.075850599	0.118560746	0.087128781	0.130364224	0.101924539	0.118614279	0.095232017
220	6	8	0.101378754	0.078909285	0.097648852	0.103282474	0.092751659	0.087723576	0.110273637	0.104487069	0.119029060	0.104515687
221	7	7	0.099321879	0.094049588	0.100176826	0.103161849	0.099390656	0.094155036	0.103181064	0.110486463	0.101911224	0.094165348
222	7	6	0.100245386	0.095033258	0.089011542	0.097697638	0.096448123	0.096637920	0.107462972	0.104379490	0.106627904	0.106455661
223	4	6	0.107509755	0.087738879	0.093573242	0.079700738	0.120970212	0.086244151	0.125487044	0.100046687	0.104811989	0.093917362
224	8	8	0.110860445	0.089186490	0.089222558	0.087153815	0.114575028	0.084206045	0.098113209	0.106290601	0.123321086	0.097070724
225	0	8	0.104861334	0.086607747	0.090223700	0.099986233	0.100611106	0.084455602	0.098623328	0.112730332	0.119213440	0.102687150
226	8	0	0.135804176	0.074714884	0.066868082	0.061466299	0.099738188	0.090771101	0.111492351	0.113562010	0.130021244	0.115561709
227	4	8	0.111651093	0.080559187	0.085553303	0.100935556	0.095416360	0.089021474	0.095243253	0.105300754	0.132400319	0.103918701
228	4	4	0.107678339	0.095253222	0.078571394	0.086712733	0.118779697	0.090123706	0.100661926	0.105269037	0.109617651	0.107332297
229	3	4	0.120713890	0.095964931	0.067236505	0.063662969	0.131321520	0.097874977	0.104577713	0.091058962	0.117413752	0.110174775
230	3	8	0.097830251	0.086295709	0.086272232	0.111378260	0.090988129	0.079510890	0.096547142	0.106130175	0.127505019	0.117542200
231	5	8	0.092301250	0.088823371	0.097339377	0.096901730	0.103954278	0.084844626	0.109814450	0.105300933	0.118236527	0.102483556
232	0	6	0.106570587	0.086350434	0.085101776	0.076758608	0.117121473	0.088776648	0.122510448	0.102541439	0.116716966	0.097551651
233	5	0	0.109366350	0.088586457	0.094927713	0.091988496	0.093716927	0.096445285	0.106571987	0.108026065	0.102816522	0.107554257
234	9	8	0.106447779	0.089727215	0.072308540	0.085457049	0.099859938	0.097338513	0.089496493	0.103951678	0.133807212	0.121605568
235	3	8	0.118894845	0.075508535	0.100144535	0.083105303	0.102295905	0.090889014	0.115898050	0.095313728	0.119193830	0.098756291
236	1	6	0.107379809	0.080242902	0.102177694	0.095953055	0.102107920	0.094760865	0.114174642	0.094614387	0.112979755	0.095608965
237	1	8	0.113318153	0.081145205	0.095969595	0.088888399	0.104046568	0.096507616	0.110611491	0.093869612	0.113394931	0.102248400
238	5	8	0.112630092	0.083066344	0.083087854	0.107439034	0.097177573	0.081860073	0.079982974	0.103412740	0.140672535	0.110670745
239	7	8	0.112350963	0.086713471	0.082466371	0.109814055	0.092584543	0.092169322	0.091247566	0.103026599	0.117835693	0.111791402
240	1	6	0.107389458	0.082257822	0.099693254	0.092324398	0.105006680	0.093631752	0.114306696	0.095835127	0.113341883	0.096212916
241	0	4	0.109816484	0.090157509	0.080805682	0.073536642	0.119457722	0.091132298	0.119311772	0.105858646	0.107461594	0.102461591
242	5	8	0.106913649	0.093139477	0.102666937	0.088326059	0.099449486	0.095983930	0.106840201	0.104825944	0.109146729	0.092707627
243	0	8	0.113274828	0.067731485	0.088311918	0.070282742	0.105508611	0.096714921	0.133214086	0.086319908	0.137416586	0.101224817
244	9	6	0.107176371	0.082963809	0.080796868	0.096132584	0.098275140	0.085935324	0.123246223	0.104354717	0.118779287	0.102339678
245	1	6	0.113203876	0.084957145	0.093194015	0.081878707	0.106556520	0.097445711	0.115962312	0.096719652	0.112596616	0.097485550
246	6	4	0.113568589	0.093991309	0.078648694	0.073788591	0.124563985	0.084474936	0.103841960	0.100761153	0.118191577	0.108169131
247	2	4	0.109777525	0.095045798	0.084613033	0.079231054	0.115803756	0.094478086	0.113015197	0.107327871	0.100083195	0.100624420
248	2	8	0.104127035	0.091719948	0.087524161	0.113217160	0.082793340	0.091240197	0.077896386	0.105833277	0.131508514	0.114139944
249	5	8	0.108064912	0.088858522	0.089251697	0.083134316	0.106766999	0.090301692	0.107454710	0.102223061	0.116831169	0.107113011
250	9	6	0.109364837	0.080087826	0.088574141	0.098111384	0.103373453	0.091563538	0.118878320	0.097972289	0.115080483	0.096993707
251	4	8	0.116497830	0.086337470	0.076208688	0.069608442	0.114382386	0.096885316	0.110516429	0.096273631	0.124159895	0.109129839
252	7	0	0.115665331	0.091133997	0.091879025	0.097867481	0.094908021	0.099637285	0.088817179	0.103743665	0.112795860	0.103552170
253	3	0	0.123367198	0.089858271	0.084836625	0.078570113	0.115615480	0.097852759	0.100437045	0.094840609	0.106397830	0.108224042
254	2	4	0.111820452	0.095568620	0.081639417	0.078469120	0.116318949	0.094952837	0.111986846	0.104929253	0.103798799	0.100515842
255	3	8	0.107018515	0.085072316	0.078324459	0.081172824	0.116525993	0.084439538	0.103702061	0.105893269	0.124762781	0.113088332
256	2	6	0.105542019	0.091841333	0.089099795	0.079320550	0.113828756	0.088505261	0.125865713	0.108117275	0.105129652	0.092749618
257	8	3	0.091618553	0.081646092	0.102494836	0.117561154	0.095236406	0.076511741	0.110270098	0.110581368	0.113109998	0.100969769
258	5	3	0.096432708	0.076857209	0.106276870	0.117164865	0.089462608	0.078674033	0.114027344	0.101168655	0.115584403	0.104351297
259	1	8	0.121244714	0.082403250	0.081967518	0.069132216	0.100486234	0.107042827	0.092624664	0.084162846	0.142849818	0.118085906
260	1	0	0.131556198	0.087988459	0.092954345	0.064362928	0.108007394	0.106759682	0.101570800	0.088101126	0.118388601	0.100310437
261	2	4	0.109648518	0.091862224	0.093614176	0.072510816	0.124072984	0.083656803	0.121558718	0.107423969	0.107262522	0.088389285
262	1	8	0.113659807	0.077071533	0.079274543	0.091834240	0.096245877	0.088578641	0.098348163	0.099679634	0.144398436	0.110909104
263	2	8	0.106571205	0.090233110	0.087586701	0.091424711	0.095383078	0.092834003	0.106004089	0.109338365	0.115687996	0.104936667
264	1	6	0.111394703	0.083624057	0.095099546	0.086661085	0.106056660	0.098490871	0.116437778	0.092162967	0.106692411	0.103379898
265	7	8	0.106192879	0.093596593	0.088858418	0.087269127	0.108573921	0.097071610	0.103093453	0.101804033	0.110767491	0.102772519
266	2	8	0.106802076	0.079805240	0.091178909	0.107381791	0.090932645	0.090068310	0.097308621	0.102386497	0.126436949	0.107698955
267	4	0	0.123184063	0.090412833	0.076660834	0.062707648	0.115526266	0.097768001	0.117190816	0.114738427	0.109255165	0.092555918
268	5	8	0.094262026	0.090839304	0.092356324	0.108552180	0.101347908	0.083164915	0.106645606	0.104283586	0.109672591	0.108875602
269	3	0	0.114582755	0.084933080	0.100971140	0.093380399	0.098487683	0.100404866	0.098955400	0.094882131	0.109617762	0.103784733
270	2	4	0.105248101	0.090553917	0.085920423	0.082509659	0.120944291	0.081940018	0.116501905	0.105489329	0.111026488	0.099865884
271	3	8	0.116031505	0.088714927	0.080882937	0.069022320	0.120488733	0.101405002	0.100802615	0.088801757	0.124896578	0.108953595
272	2	0	0.111020915	0.094502501	0.087551929	0.086950630	0.104326144	0.093020670	0.110239774	0.103323385	0.107971847	0.101092264
273	0	8	0.095491543	0.088412084	0.088086993	0.107388161	0.100153603	0.081931278	0.107800201	0.106563218	0.121317133	0.102855861
274	2	4	0.118484877	0.095111504	0.079292372	0.067717046	0.121157698	0.099767976	0.114660352	0.092230916	0.111228406	0.100348867
275	7	8	0.112030536	0.089765035	0.080270104	0.086330310	0.106851079	0.091999881	0.107513443	0.098895028	0.116702989	0.109641671
276	8	6	0.094589084	0.075391799	0.100530535	0.098742850	0.103798494	0.081214450	0.127657637	0.100838192	0.121465921	0.095770985
277	1	0	0.112521209	0.089752600	0.098235123	0.089580767	0.103328347	0.100124680	0.105613649	0.092932902	0.105662540	0.102248229
278	4	8	0.105332650	0.095623463	0.091774501	0.092715673	0.102477133	0.093701653	0.104701757	0.104317620	0.109508380	0.099847175
279	1	0	0.113341369	0.087125875	0.094002217	0.085764140	0.107079834	0.101124890	0.111699827	0.091082975	0.106466673	0.102312066
280	9	6	0.109287292	0.093859851	0.089296989	0.090417974	0.102432542	0.092480876	0.114141166	0.106915042	0.108735956	0.092432261
281	6	6	0.100808725	0.082228735	0.092242651	0.089970805	0.114553325	0.083554670	0.120601900	0.105975695	0.109108225	0.100955248
282	2	8	0.097649492	0.093147688	0.100678407	0.091376223	0.110079788	0.088320844	0.106545269	0.104377531	0.113643490	0.094181277
283	7	6	0.103704669	0.092931129	0.105672181	0.093928628	0.104681410	0.094742820	0.111648843	0.101341799	0.099346600	0.092001855
284	9	8	0.111030258	0.083539382	0.072593607	0.092410184	0.110122025	0.086572766	0.117062248	0.098955639	0.119672686	0.108041145
285	5	8	0.112803660	0.098876372	0.087583952	0.081267498	0.104523599	0.086290412	0.099848963	0.102249593	0.124873005	0.101682961
286	1	0	0.117036551	0.085325904	0.093289182	0.080402352	0.108133920	0.100460283	0.110261500	0.089911923	0.110572331	0.104606003
287	5	6	0.103036873	0.076308601	0.099228382	0.102578223	0.098110586	0.082470439	0.121155627	0.093700215	0.120784730	0.102626249
288	8	8	0.107822329	0.083019547	0.089850612	0.110719867	0.089681573	0.090924203	0.085630797	0.102714203	0.128557399	0.111079492
289	6	0	0.124776036	0.086997762	0.086275741	0.075964190	0.104581907	0.100303784	0.095840074	0.093234487	0.118283741	0.113742240
290	0	8	0.115951367	0.089546643	0.088387400	0.095991522	0.090241104	0.104339145	0.092296846	0.099508233	0.117152415	0.106585287
291	4	8	0.118164741	0.083268724	0.073214956	0.065807290	0.108914569	0.098946184	0.119755752	0.094201602	0.130475909	0.107250206
292	3	0	0.114785448	0.084281817	0.087735578	0.088917196	0.109227791	0.094000429	0.104291789	0.101015106	0.109641805	0.106103040
293	6	8	0.115840144	0.086769305	0.082416683	0.081059597	0.098437674	0.095362067	0.113808498	0.096692294	0.127177700	0.102436021
294	2	8	0.109742321	0.084561802	0.087166682	0.092925534	0.106833041	0.089490652	0.102356724	0.109702148	0.117205411	0.100015700
295	5	3	0.095010310	0.092248738	0.097200476	0.115728118	0.092243358	0.088454165	0.096416771	0.103099741	0.113607951	0.105990380
296	6	8	0.112501286	0.092865914	0.083466269	0.081622221	0.110420085	0.087263837	0.111356467	0.103446491	0.113606848	0.103450596
297	8	8	0.099224851	0.082129501	0.084305666	0.122727506	0.091887042	0.083468787	0.095079198	0.114296436	0.126941636	0.099939413
298	3	8	0.120716833	0.079949453	0.084400423	0.078485258	0.093267404	0.108440891	0.096067555	0.089743100	0.131318763	0.117610306
299	4	6	0.105464794	0.086073957	0.083912849	0.085737929	0.114216663	0.086955085	0.116201311	0.106118046	0.112189412	0.103129871
300	6	8	0.116247684	0.073027827	0.087100998	0.079142809	0.095100999	0.093481481	0.117931373	0.086399660	0.142464608	0.109102555
301	1	6	0.108401842	0.087685578	0.100628771	0.093954712	0.100633457	0.097646981	0.110625319	0.096170753	0.103743143	0.100509554
302	2	0	0.112945504	0.096145220	0.087799966	0.082662411	0.106271140	0.095445298	0.104722723	0.099570654	0.111199461	0.103237629
303	0	6	0.104559198	0.089108370	0.088226967	0.077997796	0.116155289	0.088643417	0.122767575	0.106926158	0.111466013	0.094149306
304	9	7	0.106481731	0.093769982	0.084321029	0.095818713	0.099002630	0.092286177	0.103216700	0.111752793	0.107918859	0.105431356
305	4	0	0.119080372	0.082979165	0.092782281	0.092033654	0.100232102	0.098246969	0.095253050	0.095350809	0.118067317	0.105974205
306	2	8	0.106374219	0.090553544	0.078169040	0.078938857	0.115398034	0.091029331	0.113362305	0.098571919	0.120854050	0.106748655
307	8	8	0.106845349	0.076470524	0.087619066	0.089221135	0.096046112	0.088641271	0.118462086	0.104024164	0.128215998	0.104454227
308	9	8	0.100172274	0.080679104	0.091487676	0.109321401	0.096706361	0.086312555	0.109772131	0.102216244	0.112076998	0.111255221
309	9	8	0.109112978	0.091644317	0.084015764	0.093440503	0.098628029	0.094343267	0.106017038	0.101456985	0.111008562	0.110332601
310	9	8	0.097923733	0.082643911	0.094670296	0.109743431	0.089886911	0.087811507	0.103549153	0.106828742	0.119952478	0.106989950
311	9	8	0.099799201	0.080625840	0.090418756	0.113880947	0.099749148	0.083109260	0.107860804	0.105066136	0.118482374	0.101007529
312	8	8	0.097558685	0.078009941	0.094599962	0.123958625	0.091933995	0.077470437	0.088079154	0.106523432	0.136131763	0.105733916
313	4	4	0.110937685	0.096737362	0.064505912	0.064097606	0.129963204	0.093956992	0.111492746	0.099125326	0.114838332	0.114344858
314	3	8	0.120031908	0.082512714	0.089088373	0.080092788	0.101848662	0.104616255	0.097783118	0.087834150	0.123878278	0.112313725
315	3	0	0.117485613	0.089604564	0.078172609	0.070272036	0.117077805	0.101743668	0.103764996	0.094876722	0.115160577	0.111841381
316	4	6	0.116670996	0.084688738	0.082102314	0.073434159	0.111546583	0.091865696	0.122807644	0.102739938	0.115063161	0.099080749
317	6	8	0.100386471	0.071616814	0.097970776	0.100261122	0.100331001	0.089651510	0.117060997	0.101195708	0.122866876	0.098658770
318	8	6	0.111507937	0.068749443	0.088912643	0.089186132	0.099659659	0.080203690	0.130668402	0.118595168	0.116287537	0.096229412
319	9	8	0.105864353	0.095839687	0.089255393	0.081810094	0.104698293	0.097178951	0.113659114	0.103674091	0.113990769	0.094029248
320	2	4	0.108386613	0.093649417	0.078008547	0.073792271	0.128977418	0.093307167	0.111796588	0.103051238	0.112500399	0.096530415
321	1	4	0.119210094	0.085702054	0.086081274	0.068249397	0.123958737	0.093859099	0.122305654	0.094836481	0.107985370	0.097811945
322	1	0	0.122902818	0.082279190	0.091115348	0.076933205	0.104043081	0.104840390	0.108648449	0.084185608	0.116666853	0.108385041
323	5	9	0.106544673	0.088901743	0.087518618	0.093055777	0.099287711	0.094294593	0.106600977	0.103965193	0.108581789	0.111248873
324	8	8	0.098771229	0.086180404	0.088008516	0.105939262	0.100115515	0.084893130	0.094858184	0.105608210	0.127056643	0.108568840
325	0	8	0.118924856	0.086818933	0.078559041	0.065791257	0.102977403	0.099343143	0.112667561	0.100075684	0.134299815	0.100542277
326	5	8	0.098192677	0.091388598	0.091311000	0.095120579	0.105497755	0.084044196	0.113452896	0.098954730	0.118656375	0.103381194
327	5	4	0.095341496	0.096357234	0.093309619	0.098743506	0.108403593	0.088638194	0.102817073	0.101548776	0.108195528	0.106645018
328	5	3	0.103874162	0.085193075	0.088361569	0.140577823	0.079270251	0.085854806	0.070801936	0.108150929	0.128180772	0.109734654
329	9	7	0.104111090	0.098583721	0.085722782	0.088484138	0.105113491	0.089747593	0.109379686	0.110077798	0.107034363	0.101745404
330	3	0	0.124244072	0.086303279	0.089882314	0.083557829	0.099713236	0.104425669	0.098124027	0.086121753	0.115582600	0.112045281
331	0	8	0.104998805	0.091416158	0.064908922	0.086312793	0.102991581	0.089076474	0.111562170	0.096405953	0.134107843	0.118219376
332	5	6	0.104608841	0.095100567	0.081207551	0.081444077	0.115506880	0.094872221	0.119099453	0.088016830	0.111613035	0.108530559
333	8	8	0.109400347	0.091550529	0.098289445	0.112177320	0.085029975	0.081267260	0.085669421	0.112253144	0.135561213	0.088801332
334	5	6	0.107924148	0.091561571	0.102927327	0.087310039	0.104539983	0.092182733	0.111733787	0.103923894	0.104222193	0.093674265
335	6	4	0.108716033	0.094480172	0.082437105	0.079887718	0.115517750	0.095037967	0.112383798	0.106636174	0.105442978	0.099460267
336	7	8	0.104660809	0.093755603	0.083650276	0.113067120	0.087391123	0.097676598	0.078661837	0.105440982	0.124712296	0.110983446
337	8	6	0.089560457	0.094342217	0.098207787	0.105685636	0.109352559	0.081036739	0.116718553	0.102175161	0.107037753	0.095883228
338	8	7	0.106425799	0.104149364	0.088787891	0.072223917	0.100337125	0.093110241	0.110525616	0.115926445	0.112566032	0.095947593
339	6	8	0.102872744	0.083509713	0.089309759	0.086033843	0.104089200	0.086409584	0.120966792	0.102556944	0.123849511	0.100401863
340	6	6	0.115407631	0.091512479	0.076157182	0.069159210	0.117682979	0.096586138	0.119427286	0.108340770	0.108036131	0.097690128
341	2	6	0.105030343	0.090555996	0.083995342	0.081433684	0.112128943	0.092464127	0.121901557	0.102193125	0.107751355	0.102545522
342	9	0	0.121835329	0.077735886	0.089068100	0.095395997	0.093392327	0.092671327	0.105099730	0.095647544	0.113956735	0.115197130
343	0	6	0.102760188	0.084698178	0.089981303	0.087367989	0.105141528	0.093087837	0.117851682	0.098610029	0.111468300	0.109032892
344	8	8	0.111567900	0.084789768	0.075980954	0.075677283	0.118341304	0.083089299	0.114549533	0.096997261	0.144382611	0.094624154
345	7	8	0.101876371	0.079100490	0.106526032	0.098588191	0.097755797	0.085613370	0.117122188	0.099798754	0.120543793	0.093074985
346	1	0	0.114930727	0.086081959	0.102530830	0.091970235	0.101196975	0.097632609	0.098183006	0.092693232	0.114088424	0.100691967
347	7	6	0.109688655	0.082535125	0.093200475	0.084626988	0.099595867	0.092643566	0.116033867	0.109876677	0.113392554	0.098406292
348	0	8	0.096847452	0.084259942	0.092610374	0.099142224	0.102608554	0.085922576	0.112989113	0.104456775	0.119575001	0.101587974
349	7	8	0.112547614	0.093303122	0.088478796	0.075796925	0.102652915	0.102415621	0.106111981	0.097919881	0.116702691	0.104070485
350	0	8	0.112669453	0.089084998	0.082648523	0.092962764	0.093581960	0.090381436	0.099294484	0.113669604	0.124963455	0.100743368
351	4	4	0.117462449	0.092168786	0.082169302	0.065780587	0.123667762	0.092439570	0.119634941	0.104013808	0.106660083	0.096002631
352	3	0	0.134411842	0.080160663	0.085210845	0.068647027	0.110998966	0.094435245	0.109544568	0.097855568	0.116252266	0.102482960
353	9	6	0.108939387	0.091313772	0.080272645	0.088926576	0.100994997	0.092888124	0.113617115	0.106359392	0.109279707	0.107408255
354	9	8	0.103745744	0.075819165	0.088520572	0.110478781	0.097334139	0.081336603	0.115735628	0.103455938	0.122347988	0.101225428
355	9	8	0.110719517	0.079051889	0.093159825	0.096810654	0.094844535	0.089077070	0.103715807	0.097849600	0.124376506	0.110394701
356	3	8	0.105369449	0.074843444	0.099740729	0.093124174	0.105421327	0.084027581	0.112896115	0.096262813	0.127689973	0.100624375
357	0	6	0.113146529	0.085250005	0.087499626	0.076747134	0.105464265	0.095998399	0.127138719	0.107692204	0.109858625	0.091204457
358	6	0	0.111981981	0.092682153	0.090506382	0.086215377	0.102589026	0.092322245	0.108423814	0.108712628	0.105262704	0.101303674
359	4	4	0.107064940	0.095391452	0.091843568	0.076328315	0.117199503	0.087879919	0.113632895	0.108272895	0.106096141	0.096290357
360	9	8	0.101755098	0.084550157	0.085271694	0.103317067	0.095584877	0.087651588	0.112597570	0.109220617	0.118418187	0.101633154
361	4	6	0.103759021	0.093476407	0.090547048	0.093029134	0.109286256	0.082802154	0.114373334	0.106107302	0.107815541	0.098803870
362	8	8	0.097355038	0.078088447	0.095084332	0.123602092	0.085091107	0.080068253	0.080345899	0.107474335	0.143731013	0.109159462
363	3	0	0.125436187	0.084726967	0.095265530	0.075574361	0.109943412	0.103866801	0.104469053	0.089231320	0.108463340	0.103023104
364	6	0	0.134032264	0.082872204	0.083692327	0.058427494	0.105109297	0.098996527	0.109620675	0.097521007	0.130533725	0.099194467
365	0	8	0.110921286	0.077645868	0.089227684	0.080044799	0.118610658	0.088577673	0.112665325	0.096970491	0.125109971	0.100226261
366	1	0	0.110441387	0.085688889	0.098015383	0.092119120	0.104604170	0.098539248	0.107651167	0.095388956	0.108642079	0.098909698
367	7	7	0.100359917	0.097516358	0.099129215	0.096696183	0.100918777	0.096134551	0.104886420	0.104944430	0.104032055	0.095382117
368	9	9	0.110195875	0.094455197	0.083862580	0.096417278	0.099659383	0.095146447	0.100704476	0.103261881	0.101848990	0.114447936
369	4	0	0.116975658	0.095217489	0.086714573	0.075256132	0.111934721	0.096262813	0.110401817	0.102655478	0.108181633	0.096399717
370	4	4	0.114010274	0.084297329	0.078870371	0.083702207	0.116954483	0.089128308	0.115004785	0.101669744	0.112337165	0.104025379
371	7	8	0.107696496	0.096560493	0.085981511	0.079268441	0.106941141	0.098457068	0.102194175	0.102037154	0.116403058	0.104460463
372	8	8	0.124418594	0.090329580	0.076883286	0.074460328	0.094827227	0.097716846	0.104552895	0.105938673	0.133716613	0.097155929
373	9	0	0.111708969	0.099637039	0.087597802	0.082103707	0.110220976	0.090501226	0.111493334	0.109796315	0.109201148	0.087739550
374	6	4	0.109650947	0.095819660	0.079822630	0.077490449	0.123070426	0.088416003	0.106701851	0.101013847	0.111570723	0.106443524
375	8	6	0.093237035	0.082305253	0.098459579	0.097268738	0.116049357	0.078122884	0.117905863	0.101574555	0.117141716	0.097935073
376	7	8	0.113279365	0.095858499	0.086500145	0.075333811	0.102761149	0.102312319	0.108628444	0.099260867	0.114322238	0.101743154
377	2	8	0.115271166	0.088557340	0.088658549	0.069561139	0.113119312	0.096109480	0.112013079	0.103140645	0.116235562	0.097333670
378	9	8	0.111090049	0.090831898	0.083599828	0.072521172	0.106929295	0.096541338	0.112240456	0.099740252	0.127020180	0.099485546
379	4	8	0.102130473	0.084385030	0.091256961	0.114508316	0.091746293	0.086131781	0.092676207	0.107338250	0.123946033	0.105880670
380	3	0	0.128691480	0.082914546	0.095598131	0.077276058	0.107015781	0.103655577	0.095265254	0.089270018	0.114576638	0.105736546
381	1	0	0.113567598	0.081388280	0.095753446	0.086824127	0.107061982	0.096479490	0.111820944	0.096412212	0.110794231	0.099897616
382	6	8	0.118516877	0.085374556	0.074781895	0.075018853	0.116276763	0.088653795	0.112854190	0.101504326	0.120704353	0.106314413
383	3	8	0.109841265	0.089463532	0.080767140	0.075148128	0.109871529	0.099991545	0.110822238	0.092803329	0.121348299	0.109942973
384	0	0	0.123483129	0.082270078	0.090152815	0.072197922	0.107944526	0.094575740	0.107372858	0.104063094	0.118577793	0.099362075
385	5	3	0.096951462	0.092759237	0.092931584	0.121956401	0.089084677	0.087685250	0.085050933	0.105472974	0.116263054	0.111844346
386	4	8	0.110260695	0.080103137	0.078562327	0.096427955	0.101343893	0.090001322	0.095962234	0.102176100	0.138808638	0.106353767
387	4	6	0.109157518	0.085641056	0.099448904	0.083700344	0.111571684	0.084890522	0.112473823	0.108981326	0.111917496	0.092217386
388	5	8	0.108050317	0.099896051	0.082008898	0.102990538	0.101124935	0.082155176	0.072955735	0.104599245	0.131446198	0.114772871
389	5	8	0.110704467	0.090210915	0.076675043	0.120467447	0.081929892	0.086500749	0.076509014	0.105019167	0.130494639	0.121488705
390	8	0	0.130273491	0.078104801	0.080469683	0.064361326	0.121220537	0.087988861	0.110732995	0.099099934	0.124361455	0.103386872
391	9	8	0.102433883	0.092503808	0.086254232	0.102848701	0.098736785	0.092372164	0.106077835	0.100999519	0.110691182	0.107081860
392	1	8	0.107894205	0.091321491	0.089214921	0.095901377	0.107091904	0.092268005	0.099181592	0.102431096	0.110089272	0.104606204
393	3	0	0.123738438	0.092307203	0.081547946	0.075296760	0.101326033	0.110641450	0.100762039	0.087390274	0.115648083	0.111341804
394	0	8	0.124200016	0.081546858	0.085589662	0.069359832	0.096413478	0.111048304	0.099130437	0.082600251	0.136082917	0.114028230
395	7	8	0.103241339	0.096574217	0.095648602	0.088003851	0.099677809	0.096420333	0.107122108	0.101349741	0.109533116	0.102428868
396	7	7	0.097610645	0.097395785	0.099967249	0.107567534	0.098382905	0.092376821	0.096621729	0.110334747	0.105408795	0.094333738
397	6	8	0.093297586	0.086074091	0.063128881	0.088047862	0.118485674	0.080114074	0.120497540	0.099853851	0.128799245	0.121701218
398	6	8	0.100092150	0.087095074	0.088259347	0.108238369	0.099410370	0.082484573	0.114614762	0.105252549	0.115539737	0.099013098
399	5	8	0.104521133	0.090587899	0.100992180	0.103467450	0.096196055	0.091817811	0.095517322	0.105059855	0.113423541	0.098416708
400	3	8	0.117135338	0.087172255	0.074893817	0.077770986	0.100592390	0.106848143	0.093377978	0.090969115	0.126892626	0.124347359
401	8	6	0.106318422	0.090635791	0.080861926	0.087538563	0.103314102	0.092471354	0.118783265	0.112318650	0.109782554	0.097975299
402	5	8	0.103984043	0.086766757	0.094145298	0.093034707	0.102801859	0.085385740	0.113566071	0.109628811	0.114499100	0.096187644
403	1	8	0.119320646	0.079699814	0.098026820	0.081449769	0.103114955	0.105811998	0.101764634	0.084351070	0.119463958	0.106996454
404	6	6	0.101463571	0.084927619	0.087387547	0.091394790	0.114645414	0.085513383	0.120228931	0.102890864	0.107345067	0.104202792
405	1	6	0.111259878	0.084048167	0.096569352	0.089962453	0.103394449	0.098992415	0.113100864	0.092363201	0.107426502	0.102882616
406	9	6	0.094148248	0.078654632	0.097246297	0.109928995	0.100430571	0.084655710	0.120076917	0.107350320	0.105775386	0.101732850
407	7	8	0.098348603	0.094649851	0.092162043	0.105394259	0.095561713	0.097525999	0.092811756	0.103392944	0.114829108	0.105323710
408	6	4	0.123132885	0.089385003	0.073540747	0.061881393	0.130595386	0.094303891	0.109439455	0.093069434	0.122078031	0.102573708
409	3	8	0.115348615	0.071404248	0.108426273	0.097493157	0.095069416	0.096486412	0.102873795	0.089005299	0.125704318	0.098188497
410	8	8	0.105000064	0.080343984	0.085449681	0.105438069	0.098812580	0.085960157	0.101062730	0.110990360	0.122534744	0.104407646
411	9	6	0.101272933	0.086011715	0.092911981	0.099934980	0.096932754	0.092501007	0.112600021	0.103812478	0.107613198	0.106408991
412	1	0	0.111247770	0.086547770	0.100846857	0.093789876	0.102137178	0.098865628	0.105255708	0.093274154	0.108197235	0.099837884
413	0	8	0.116226412	0.078659788	0.080020398	0.074389882	0.105407849	0.090754546	0.123006552	0.111956961	0.123804085	0.095773600
414	6	8	0.118789025	0.092856921	0.061205506	0.074733958	0.106450513	0.095754124	0.096348830	0.099784516	0.142802626	0.111273997
415	2	6	0.120109394	0.074827351	0.101391949	0.068759926	0.119506024	0.080886915	0.129811808	0.105099924	0.116802551	0.082804210
416	0	4	0.112889700	0.095204972	0.086924359	0.072676897	0.124861725	0.083698794	0.116941065	0.107964031	0.108634979	0.090203509
417	0	6	0.096665278	0.083969921	0.108466282	0.093581967	0.099173985	0.087229386	0.117495812	0.115803912	0.105995089	0.091618270
418	5	8	0.107910082	0.094481826	0.079883076	0.119255006	0.085005581	0.088289984	0.073381998	0.106256112	0.128021970	0.117514372
419	3	6	0.117664024	0.070527971	0.098732919	0.080722451	0.111234061	0.086382642	0.126420364	0.095017962	0.116117053	0.097180560
420	8	6	0.095874563	0.075722426	0.103890754	0.108001851	0.091856591	0.085015200	0.125019282	0.103887789	0.119410671	0.091320880
421	9	3	0.100519978	0.089982577	0.089953288	0.110652983	0.095579900	0.091607258	0.099492930	0.109541662	0.107407913	0.105261460
422	8	8	0.116267405	0.078282475	0.080485687	0.070593759	0.118616492	0.091849245	0.111517496	0.099086553	0.129506811	0.103794143
423	9	8	0.106291376	0.093437932	0.086362869	0.093891218	0.099976979	0.094032794	0.103481859	0.108797006	0.109442726	0.104285277
424	5	7	0.107910708	0.094117425	0.094584540	0.093613289	0.100188687	0.092902005	0.100474857	0.108398482	0.106262073	0.101547860
425	4	8	0.101957045	0.086523160	0.093856156	0.106359228	0.099107854	0.084747910	0.098916985	0.110692896	0.116891228	0.100947514
426	5	0	0.106003895	0.097022735	0.100053199	0.100688234	0.094649516	0.092064410	0.097433239	0.105080575	0.103712268	0.103291973
427	4	4	0.124423832	0.097275421	0.080304049	0.059770282	0.125263348	0.095434763	0.115604401	0.105061695	0.105350159	0.091512084
428	4	0	0.116682976	0.091216929	0.099646486	0.090302564	0.095410608	0.102216415	0.100887276	0.092628598	0.107345261	0.103662863
429	3	4	0.124438666	0.089994013	0.080064707	0.061251089	0.127582625	0.097939648	0.115000553	0.097441949	0.112628214	0.093658492
430	6	4	0.103254765	0.096021645	0.088331163	0.081927650	0.118738793	0.090542383	0.110377118	0.101320460	0.108732119	0.100753963
431	2	8	0.121581472	0.091999508	0.070328847	0.087795302	0.096648119	0.096110538	0.079501428	0.107333004	0.126866475	0.121835262
432	2	4	0.111189522	0.086273819	0.081979275	0.079381600	0.118297793	0.086527236	0.108654231	0.111075215	0.114451110	0.102170214
433	6	7	0.100148223	0.101593398	0.095587216	0.091400526	0.095185347	0.093654647	0.092874154	0.110500842	0.109963737	0.109091870
434	0	8	0.102929771	0.079295181	0.095360041	0.093031801	0.106212080	0.081769735	0.115357563	0.102819473	0.120476454	0.102747917
435	2	6	0.102998234	0.090134472	0.085894726	0.085100889	0.110939488	0.088647284	0.126912922	0.102031328	0.105084732	0.102255896
436	9	6	0.096720845	0.082390003	0.090310179	0.116890825	0.091753319	0.083956830	0.117872968	0.111097522	0.109923840	0.099083729
437	7	6	0.100068055	0.097857013	0.099677987	0.093975395	0.100292027	0.097952023	0.108604386	0.099191092	0.105029427	0.097352639
438	8	6	0.104644217	0.080110110	0.103611879	0.081178568	0.109791808	0.084060781	0.121700667	0.098931611	0.117541216	0.098429143
439	5	8	0.108926587	0.091528364	0.066240966	0.070465632	0.113508552	0.092368722	0.085738108	0.096758708	0.156506330	0.117958061
440	1	0	0.116670385	0.085581847	0.097752146	0.084984012	0.102199264	0.101714529	0.106989443	0.092546098	0.110896662	0.100665629
441	3	8	0.116344191	0.080233723	0.072869517	0.106775761	0.091701001	0.087918729	0.090825208	0.104284249	0.124738380	0.124309286
442	1	6	0.108788691	0.086372226	0.098621629	0.093748055	0.104401797	0.096286163	0.110800825	0.094583683	0.107725114	0.098671757
443	5	8	0.121217407	0.078312233	0.088806018	0.073554017	0.110021427	0.093330704	0.105697475	0.098127119	0.125096411	0.105837218
444	6	8	0.120282784	0.083443880	0.082202166	0.071311809	0.098755218	0.112148151	0.095254332	0.083048649	0.140839204	0.112713918
445	0	8	0.109528072	0.091104150	0.090468012	0.107975408	0.094221748	0.095073663	0.080938362	0.101633832	0.121224634	0.107832089
446	8	8	0.100896142	0.101159640	0.082306452	0.113124348	0.097838029	0.088833705	0.084345058	0.106725127	0.114928588	0.109842956
447	1	0	0.116271250	0.083066255	0.094070911	0.086898193	0.104959004	0.102752611	0.101079017	0.094843455	0.113736659	0.102322698
448	2	0	0.125628009	0.079826608	0.097212270	0.071600989	0.098808028	0.105773591	0.109771401	0.096264951	0.111062251	0.104051918
449	3	8	0.105526403	0.083801419	0.086509518	0.095427781	0.107266992	0.087876074	0.109615594	0.106096685	0.116225399	0.101654150
450	8	8	0.100089006	0.083001517	0.090184771	0.109318480	0.094942212	0.081888996	0.098346710	0.103844836	0.135457128	0.102926366
451	0	6	0.106548287	0.089625664	0.090723284	0.082889833	0.121902987	0.081781931	0.126805961	0.109096222	0.099173792	0.091452040
452	3	8	0.110173970	0.092325628	0.096674934	0.087646246	0.102962278	0.097449720	0.101623818	0.094043322	0.112602443	0.104497641
453	6	4	0.117500767	0.093167767	0.078886218	0.070172101	0.125007123	0.097776979	0.115301333	0.098424003	0.110033855	0.093729839
454	1	8	0.104682781	0.084676400	0.096539669	0.094138734	0.103007756	0.086604893	0.112275034	0.104703948	0.114495650	0.098875187
455	7	6	0.105261691	0.095665947	0.092046708	0.088274211	0.101522855	0.095914587	0.110635526	0.106588036	0.105397910	0.098692529
456	2	8	0.113742724	0.097279817	0.082324520	0.094362177	0.095204256	0.100195289	0.090104848	0.108211726	0.114469260	0.104105428
457	1	0	0.117204748	0.085239537	0.095576189	0.085150622	0.101270311	0.102406278	0.103259578	0.096300364	0.113487899	0.100104436
458	5	8	0.096174330	0.087647423	0.091936015	0.104464993	0.094451055	0.087724194	0.091837943	0.108313009	0.124820687	0.112630375
459	9	8	0.102847368	0.085809067	0.086509548	0.108615965	0.097603925	0.085398272	0.105173744	0.106914110	0.118400514	0.102727488
460	8	8	0.102658629	0.090698287	0.082329653	0.103498295	0.099129856	0.085347109	0.095269606	0.101746254	0.129439294	0.109883040
461	4	8	0.103337951	0.080196522	0.094054088	0.107793294	0.089316927	0.079818226	0.091537349	0.106440619	0.136193201	0.111311816
462	2	8	0.111674115	0.088126279	0.085127048	0.081890240	0.113441072	0.085248098	0.102195404	0.107340224	0.114976697	0.109980822
463	2	6	0.110033087	0.092218392	0.083354808	0.075203918	0.112433068	0.095754988	0.121760845	0.098932192	0.110272676	0.100036003
464	0	8	0.097731255	0.086556837	0.091876000	0.100216918	0.099098727	0.082020231	0.107897595	0.108835697	0.120644920	0.105121896
465	2	6	0.107696451	0.092115946	0.083958127	0.079015866	0.118060559	0.094536789	0.118204519	0.101207219	0.106959738	0.098244831
466	5	6	0.087619334	0.103386067	0.101426944	0.108070895	0.099199280	0.087005243	0.108451642	0.102630362	0.104224488	0.097985737
467	6	8	0.112737812	0.086590707	0.080136284	0.068979330	0.111846671	0.091976166	0.118691631	0.096964240	0.134446979	0.097630247
468	1	8	0.109415382	0.083989941	0.100163482	0.095489353	0.103793040	0.097005755	0.109272070	0.091079645	0.110253923	0.099537380
469	3	0	0.119529568	0.089202330	0.090063475	0.089878842	0.106595732	0.096823774	0.092587285	0.099578947	0.109085754	0.106654301
470	0	8	0.113472566	0.082356125	0.091081351	0.077993758	0.100769356	0.094382316	0.108005658	0.095833823	0.134570882	0.101534128
471	0	8	0.108429447	0.085269853	0.097907588	0.080555387	0.101675890	0.097688653	0.107834481	0.100667939	0.113096386	0.106874369
472	6	8	0.112676978	0.072119370	0.075275347	0.085685156	0.098326959	0.093309261	0.105803072	0.097810373	0.141730145	0.117263362
473	9	9	0.099983059	0.098744877	0.090416797	0.109037474	0.098714836	0.090918928	0.099265397	0.100628324	0.102145582	0.110144630
474	8	6	0.119365677	0.094074570	0.071408592	0.070310771	0.118756600	0.097085729	0.124287948	0.101236559	0.105709396	0.097764254
475	1	0	0.128965348	0.078004710	0.100135125	0.072961733	0.103809118	0.105216905	0.101110294	0.086247787	0.123269871	0.100279108
476	4	4	0.113900527	0.096268222	0.073154829	0.065572955	0.135057613	0.090520695	0.115752868	0.100371934	0.103639275	0.105761103
477	7	8	0.106895559	0.094105691	0.097487941	0.102337040	0.092804693	0.100126185	0.094229847	0.101321317	0.110458523	0.100233220
478	2	8	0.101930350	0.090480238	0.094345972	0.092503652	0.106680632	0.086983077	0.104715742	0.104595281	0.114984781	0.102780260
479	5	3	0.093627423	0.096436515	0.094498366	0.121730819	0.090533577	0.088621572	0.087002620	0.108229861	0.106727265	0.112591974
480	6	4	0.105524153	0.092772044	0.090151198	0.084550142	0.116885386	0.086698137	0.110043287	0.102717713	0.108728565	0.101929367
481	2	0	0.117254958	0.097041912	0.085506923	0.071337037	0.112594970	0.100167066	0.112514891	0.106967621	0.104382105	0.092232585
482	4	6	0.109006733	0.091383062	0.089821264	0.076265626	0.111344732	0.093151622	0.113828532	0.107747048	0.108306520	0.099144809
483	7	8	0.102869041	0.085825354	0.077543184	0.093881413	0.113605432	0.079584070	0.115162201	0.099981196	0.119472705	0.112075366
484	4	8	0.109442271	0.088717684	0.098225817	0.086817190	0.102291934	0.091745548	0.105965361	0.104962833	0.110004954	0.101826414
485	7	0	0.119732782	0.087640896	0.095946699	0.075814135	0.101968251	0.100964509	0.100037381	0.097199358	0.119697794	0.100998208
486	4	0	0.113859937	0.093837686	0.087965026	0.080761500	0.107694902	0.101007015	0.112838790	0.098217547	0.105713904	0.098103613
487	4	6	0.105375871	0.094376452	0.087080397	0.084009528	0.107965067	0.089413457	0.111356854	0.108500198	0.109644748	0.102277428
488	2	6	0.111260623	0.093159959	0.082334585	0.075510055	0.113137811	0.089593701	0.122701228	0.107318446	0.106377915	0.098605707
489	5	8	0.105596609	0.092468955	0.094900504	0.096551262	0.103939742	0.089785777	0.104910009	0.100664228	0.110064685	0.101118088
490	0	6	0.105653748	0.081926502	0.090917088	0.078214400	0.115663029	0.089493945	0.133109584	0.097656332	0.109345295	0.098020077
491	7	8	0.110558406	0.085722111	0.090629131	0.091991693	0.096658230	0.092009708	0.101088271	0.104611337	0.126133680	0.100597464
492	3	0	0.125679925	0.081743293	0.088777043	0.077761866	0.099485964	0.102992736	0.106029123	0.090476952	0.120024756	0.107028380
493	1	0	0.124962904	0.081541941	0.095076017	0.082912713	0.102898113	0.104354933	0.097903721	0.087122671	0.117144823	0.106082149
494	0	6	0.105166174	0.088022672	0.093087830	0.078172125	0.110969089	0.088811569	0.120119490	0.110430948	0.111762993	0.093457028
495	7	6	0.111159429	0.089710422	0.104130782	0.079465210	0.105866723	0.097390063	0.116501845	0.105713136	0.103752367	0.086310081
496	8	3	0.091861308	0.096548311	0.092912145	0.115551129	0.094817579	0.089348905	0.104664877	0.105552644	0.105711021	0.103032097
497	7	6	0.100566924	0.092613973	0.088369794	0.094672009	0.097659893	0.090412639	0.117154747	0.102874272	0.105887726	0.109788015
498	4	6	0.104275972	0.081455626	0.097678632	0.091140203	0.103874333	0.087336250	0.116865315	0.100891195	0.115540728	0.100941740
499	0	6	0.108478956	0.083613165	0.096525013	0.074227251	0.117763601	0.082819238	0.133333042	0.108016297	0.107061945	0.088161558
500	3	0	0.134901017	0.083077833	0.081347309	0.065710030	0.121027909	0.100519031	0.104420535	0.096094944	0.108093314	0.104808107
501	6	8	0.112191588	0.086971678	0.086091809	0.072255507	0.103054710	0.104683943	0.102735005	0.099347360	0.123519957	0.109148391
502	0	8	0.120728701	0.092102163	0.082663454	0.084655024	0.098206706	0.098029643	0.085505992	0.111731291	0.123593673	0.102783382
503	1	6	0.108641706	0.085458532	0.098337680	0.090799555	0.103646480	0.096306063	0.113540731	0.094319090	0.109753869	0.099196367
504	1	0	0.113458820	0.085457750	0.102197260	0.089883193	0.102838062	0.099096291	0.104612112	0.092440732	0.108059682	0.101956047
505	9	8	0.106260747	0.081278190	0.092482693	0.108373083	0.094088405	0.086372875	0.106773213	0.106231168	0.113798507	0.104341201
506	8	8	0.115204290	0.084485315	0.080542922	0.082620569	0.116600938	0.087009646	0.116211265	0.097125880	0.117188491	0.103010669
507	6	0	0.121169865	0.087229356	0.073940247	0.076869927	0.111612648	0.091359250	0.109024249	0.109443858	0.116232857	0.103117749
508	0	4	0.116904825	0.089106731	0.092254169	0.061780173	0.129077345	0.090774864	0.124545284	0.104724966	0.105493665	0.085338019
509	9	8	0.104843959	0.097952753	0.072401606	0.073008776	0.111369349	0.095165439	0.094679430	0.099445663	0.139683381	0.111449577
510	2	6	0.107929006	0.088275328	0.077044159	0.073087402	0.123823479	0.088577434	0.132035807	0.098471656	0.108951434	0.101804286
511	1	0	0.113910057	0.082396433	0.095737606	0.089785568	0.102587201	0.099697977	0.106937766	0.091901504	0.110584311	0.106461599
512	7	6	0.107007645	0.095061205	0.097094566	0.091628090	0.099638395	0.096579514	0.107409663	0.101485483	0.107016742	0.097078651
513	1	0	0.116388328	0.084759995	0.102222539	0.087118380	0.099337310	0.102811374	0.102094829	0.090047158	0.111874759	0.103345379
514	9	6	0.097738184	0.091309480	0.090686463	0.104113825	0.100467622	0.086099610	0.112834223	0.103621230	0.104566127	0.108563252
515	9	8	0.114057019	0.086444810	0.095764093	0.075436555	0.115603767	0.085656047	0.113577358	0.106658705	0.116878003	0.089923665
516	6	8	0.113973923	0.086522214	0.084277794	0.095235229	0.089358538	0.095708519	0.084767528	0.110405184	0.128144175	0.111606807
517	2	4	0.111118793	0.095588773	0.083339356	0.070131771	0.124082953	0.090633661	0.119771726	0.101901665	0.108423702	0.095007665
518	6	8	0.122742571	0.088015698	0.081764117	0.077654727	0.108432494	0.097759657	0.098417625	0.095826149	0.124439739	0.104947157
519	5	8	0.112773202	0.095134676	0.082032412	0.092166908	0.102964923	0.087879315	0.087120868	0.108216405	0.119646080	0.112065189
520	0	6	0.102925733	0.076735429	0.101451598	0.092324838	0.106908500	0.084999241	0.123462267	0.101146221	0.114367746	0.095678404
521	8	8	0.112962924	0.082042500	0.083729990	0.098463409	0.094518460	0.095457628	0.093219548	0.102848619	0.129712984	0.107043855
522	9	8	0.107721746	0.090857588	0.086258166	0.088002414	0.099487372	0.097486049	0.109988034	0.097371437	0.115809895	0.107017241
523	3	6	0.110907443	0.071817011	0.094583400	0.091246434	0.103483185	0.087977409	0.120896086	0.096816257	0.120589525	0.101683296
524	4	4	0.101088472	0.092702545	0.087163731	0.089534268	0.112044230	0.094463706	0.111263193	0.101546884	0.107537538	0.102655388
525	4	0	0.107247993	0.099393733	0.097799882	0.089673594	0.099827856	0.096318193	0.101928994	0.107022032	0.104668014	0.096119769
526	3	8	0.112789221	0.090348519	0.100416377	0.089936793	0.095275395	0.098789901	0.099116974	0.092345476	0.113186568	0.107794687
527	2	6	0.105489373	0.086000100	0.092341401	0.084348522	0.117737606	0.086559176	0.125713930	0.100101702	0.109673247	0.092034988
528	7	6	0.099430561	0.095010012	0.101556785	0.103249051	0.101071469	0.094054535	0.106469952	0.105313435	0.098265424	0.095578790
529	4	8	0.112449832	0.080653228	0.088583730	0.089738913	0.098957211	0.091044776	0.089832678	0.107204616	0.132423073	0.109111927
530	9	8	0.106581680	0.088502653	0.095588237	0.097713150	0.102838010	0.091997281	0.108329199	0.102053314	0.111224338	0.095172212
531	2	8	0.103467517	0.087833963	0.085157380	0.086107492	0.113844156	0.086641230	0.116068028	0.106524080	0.117097184	0.097259000
532	9	8	0.108008966	0.088039726	0.084921338	0.095015131	0.097734593	0.092731901	0.112177648	0.103265703	0.113238238	0.104866736
533	0	6	0.103904612	0.089969128	0.084430799	0.080274090	0.117725849	0.086654402	0.121126279	0.102880009	0.109154820	0.103880025
534	0	9	0.106744535	0.085260637	0.089388430	0.098055512	0.101850383	0.082171433	0.107427724	0.101668753	0.112021767	0.115410887
535	0	6	0.107575923	0.088581271	0.085950226	0.079889670	0.114815503	0.083159849	0.120917358	0.109078757	0.109254181	0.100777246
536	0	8	0.110384859	0.091910712	0.092372775	0.082360886	0.107826002	0.091480032	0.109671131	0.106935374	0.112726785	0.094331458
537	9	8	0.118940488	0.067976460	0.091192573	0.088377021	0.094140813	0.085487552	0.110968523	0.105885319	0.134095892	0.102935404
538	0	6	0.095791116	0.083242714	0.093665734	0.089075468	0.114246234	0.087775089	0.124391638	0.096890904	0.111437246	0.103483848
539	0	8	0.106507018	0.081478596	0.089919984	0.100825444	0.097393401	0.084898613	0.102601141	0.110210493	0.124682494	0.101482883
540	4	4	0.110178716	0.089624509	0.087097608	0.080452248	0.115146190	0.089048490	0.111922175	0.107041202	0.109733813	0.099755056
541	8	3	0.089128405	0.087668851	0.099679239	0.126715392	0.091922082	0.078225628	0.094671503	0.104753986	0.123490646	0.103744276
542	6	8	0.107571378	0.070851848	0.090968341	0.086378761	0.104639381	0.090796314	0.122709021	0.089499511	0.130445376	0.106140032
543	7	6	0.102884606	0.084283888	0.105678193	0.101364739	0.099576868	0.092490889	0.115478069	0.104518592	0.102846600	0.090877548
544	0	6	0.111278713	0.086551972	0.085896209	0.077832289	0.111549921	0.090304866	0.119942904	0.102923051	0.109952576	0.103767492
545	0	8	0.120246045	0.083424307	0.083104149	0.071876809	0.109803885	0.095369101	0.114648975	0.093176231	0.129162952	0.099187545
546	2	8	0.116256371	0.087633424	0.082820632	0.070214629	0.111762211	0.091130167	0.114333674	0.108476058	0.118367888	0.099004932
547	2	4	0.114155836	0.095526204	0.070965454	0.070387430	0.128570348	0.095976762	0.102140404	0.095949411	0.115177676	0.111150406
548	0	8	0.119825609	0.082851015	0.086364940	0.072054185	0.099432766	0.094166093	0.111962184	0.099021383	0.137593105	0.096728675
549	3	4	0.115220845	0.086392537	0.078436181	0.072799079	0.119703405	0.089516267	0.111582614	0.103219345	0.113569751	0.109559983
550	0	8	0.098745376	0.088981554	0.092562661	0.098724410	0.098841332	0.084753640	0.111216292	0.106792293	0.112745561	0.106636971
551	9	8	0.109107226	0.101548687	0.065626375	0.075588584	0.110295020	0.100390732	0.094748437	0.098382168	0.125724316	0.118588418
552	6	6	0.094471850	0.095760703	0.101317160	0.100278042	0.103931546	0.087858759	0.107380286	0.103018411	0.105575301	0.100407884
553	3	8	0.117966786	0.082611844	0.087494947	0.076657817	0.096378319	0.108781628	0.097924106	0.086826473	0.128205732	0.117152371
554	6	0	0.121659130	0.083884284	0.075129963	0.069549598	0.112064444	0.089084253	0.118314669	0.108047090	0.118280463	0.103986159
555	9	9	0.103750870	0.088972926	0.083293594	0.098800257	0.103305303	0.087621652	0.109137319	0.102784224	0.108626164	0.113707736
556	5	9	0.115439877	0.091492929	0.073505260	0.082264148	0.105768315	0.089080669	0.105073214	0.104034185	0.114364177	0.118977301
557	3	0	0.132510707	0.081952363	0.082672939	0.062170953	0.121590905	0.101606108	0.108656004	0.087501980	0.114288136	0.107049957
558	4	8	0.103234470	0.080796137	0.080604680	0.075875171	0.112745434	0.089765653	0.125897497	0.095686309	0.127957910	0.107436776
559	9	8	0.107046723	0.086173937	0.077865563	0.087807439	0.107128240	0.087574057	0.113590337	0.101144746	0.119588867	0.112080015
560	5	8	0.102390893	0.090154327	0.084114075	0.094528101	0.095051549	0.091246128	0.098458529	0.104066551	0.123310775	0.116679065
561	9	4	0.116179109	0.091791391	0.071910694	0.077964842	0.119460210	0.089997418	0.106055632	0.094875947	0.113104224	0.118660562
562	4	4	0.111997493	0.092478730	0.087826692	0.075958915	0.115548618	0.091610633	0.114859402	0.103752986	0.109938502	0.096028037
563	3	0	0.125667676	0.077873163	0.092036389	0.080370039	0.109506406	0.099308237	0.111426391	0.086426392	0.117202424	0.100182883
564	1	0	0.123067446	0.079289421	0.099017553	0.085959308	0.095879622	0.106855676	0.092623994	0.089383237	0.120506719	0.107417159
565	9	3	0.096139856	0.089803189	0.097594939	0.115192778	0.096013941	0.090301462	0.098678783	0.102258213	0.107013769	0.107003115
566	1	0	0.124719687	0.087298304	0.092497759	0.067237511	0.110431544	0.106493890	0.107489392	0.087354079	0.115474224	0.101003639
567	7	0	0.111628234	0.090063222	0.098460793	0.085376151	0.102287196	0.099945448	0.105210103	0.098115228	0.110761076	0.098152630
568	5	8	0.104896978	0.092571914	0.088379607	0.083013117	0.107010752	0.089418329	0.110979974	0.105523095	0.120329261	0.097876951
569	1	6	0.115067989	0.084150471	0.091351807	0.075720385	0.114997178	0.095243402	0.116246723	0.090882763	0.112128943	0.104210325
570	4	4	0.123266876	0.096362159	0.067805015	0.058699764	0.131063133	0.100464739	0.118408501	0.106472053	0.098513223	0.098944552
571	9	6	0.100860715	0.094768956	0.094810843	0.101304136	0.099090092	0.087603703	0.117063798	0.107438527	0.105206087	0.091853090
572	8	8	0.100013778	0.090327196	0.095152892	0.104091823	0.088794008	0.093457341	0.097928993	0.104190931	0.121789917	0.104253069
573	0	6	0.119524121	0.083445355	0.079979703	0.068107061	0.110849202	0.090990603	0.121223152	0.103734024	0.114011005	0.108135812
574	9	8	0.095987000	0.082483791	0.088758849	0.117044955	0.092223845	0.084774658	0.114170104	0.105947807	0.117340967	0.101267993
575	2	6	0.103558660	0.082969710	0.087559886	0.081254110	0.114545792	0.085388556	0.122071788	0.104339972	0.113888912	0.104422584
576	1	0	0.123414397	0.082021020	0.088354602	0.070502192	0.108938590	0.103169963	0.104451813	0.088360541	0.120969854	0.109817103
577	9	9	0.105177023	0.093861267	0.087664366	0.104682073	0.097491905	0.090804078	0.103506327	0.103656933	0.106456608	0.106699459
578	7	8	0.109175704	0.093072183	0.088213213	0.079859592	0.101819277	0.102190688	0.103861257	0.094002806	0.123624317	0.104180962
579	5	7	0.104045764	0.096339561	0.100711755	0.102696903	0.092980281	0.095370002	0.099467807	0.107318327	0.103159167	0.097910374
580	0	8	0.099771336	0.086259976	0.088389978	0.103914142	0.098703362	0.085110016	0.100083351	0.112847090	0.118678667	0.106241971
581	7	8	0.095005095	0.089848444	0.093675300	0.099731840	0.100545734	0.094406165	0.112631477	0.091407575	0.120747752	0.102000624
582	8	6	0.115876757	0.094397642	0.077605911	0.066488333	0.111885495	0.092051052	0.117286757	0.110800251	0.109537825	0.104069963
583	6	0	0.117782131	0.097374529	0.080437489	0.076560214	0.106339179	0.098544113	0.094912983	0.101268925	0.117752537	0.109027900
584	6	6	0.106247447	0.090637431	0.089661464	0.084274687	0.113210231	0.090686835	0.113718696	0.105590962	0.106428936	0.099543333
585	8	4	0.123182565	0.098349512	0.065445654	0.060262542	0.127980664	0.095006518	0.126584113	0.113017194	0.091737203	0.098433986
586	4	8	0.103720143	0.085471280	0.094480261	0.093702860	0.103043087	0.086045817	0.104393438	0.107124314	0.118857265	0.103161491
587	2	4	0.110120371	0.095241353	0.080634370	0.076375730	0.118873730	0.097412296	0.117395565	0.098807953	0.105771743	0.099366806
588	5	0	0.109330721	0.102073319	0.086353324	0.090469025	0.104748026	0.091754794	0.097286351	0.105485186	0.106114164	0.106385067
589	4	8	0.110746853	0.089859597	0.095257036	0.090400368	0.092934884	0.091802143	0.095185667	0.106584311	0.117199324	0.110029817
590	9	8	0.099805020	0.102436252	0.081795812	0.084888920	0.114705175	0.090491772	0.093566000	0.103576444	0.126475692	0.102258965
591	6	0	0.125002995	0.080927685	0.091723591	0.070317425	0.109281391	0.098491348	0.105996005	0.102519080	0.116796143	0.098944344
592	4	0	0.114709459	0.091579676	0.101655506	0.089219421	0.097847246	0.103143610	0.095859006	0.089944743	0.110160947	0.105880380
593	3	8	0.110677421	0.072931714	0.089861095	0.078863688	0.111090176	0.086335234	0.120130166	0.096767202	0.125317588	0.108025737
594	9	0	0.117148437	0.092192389	0.081400312	0.082932241	0.101966664	0.094037689	0.111239448	0.101693660	0.114735574	0.102653563
595	1	0	0.115578741	0.086428285	0.092519693	0.082309857	0.111300059	0.095786244	0.112348348	0.093931623	0.107620589	0.102176525
596	9	8	0.107566878	0.092705257	0.080739103	0.092593953	0.099682473	0.096741818	0.090851717	0.101766437	0.121487364	0.115865067
597	7	8	0.107986547	0.091464035	0.096149214	0.085823581	0.104428686	0.096500188	0.105784878	0.103032365	0.112309657	0.096520789
598	2	8	0.107690156	0.086015053	0.088647716	0.101251595	0.098470606	0.088376343	0.099424854	0.105629474	0.125099644	0.099394500
599	6	8	0.108198740	0.094615214	0.092830017	0.086285472	0.106696792	0.089844584	0.102208607	0.107272185	0.118508860	0.093539581
600	4	4	0.116309397	0.092751838	0.084043831	0.066939585	0.119734585	0.098056540	0.117175221	0.100649208	0.107883804	0.096455917
601	2	8	0.109142914	0.091275863	0.082981698	0.084418140	0.110252410	0.086367354	0.111117356	0.107037395	0.114797629	0.102609172
602	6	6	0.104143448	0.091279566	0.087818250	0.084806666	0.109613709	0.090643764	0.120428376	0.103112280	0.109619588	0.098534375
603	2	6	0.103109911	0.089026675	0.099677987	0.084806837	0.107077114	0.088079914	0.113041148	0.105095737	0.110546775	0.099537894
604	5	8	0.117129326	0.102360286	0.080485776	0.082509421	0.104708582	0.088778615	0.089287937	0.097231939	0.125519484	0.111988656
605	1	0	0.109126046	0.086903684	0.100375205	0.093233399	0.102347136	0.097815149	0.109073728	0.095426396	0.107427903	0.098271415
606	6	4	0.106508285	0.093181856	0.081800856	0.080031596	0.121283680	0.087826096	0.101954922	0.101951525	0.118179999	0.107281260
607	0	8	0.109888181	0.089731961	0.081525497	0.089592114	0.089626238	0.107178092	0.088022910	0.094997294	0.130510390	0.118927382
608	5	8	0.110850222	0.078690179	0.091264084	0.078196928	0.116908103	0.076550953	0.115705669	0.102301158	0.132792339	0.096740343
609	4	6	0.100160673	0.093089387	0.092639960	0.089335628	0.108640075	0.092019007	0.115225904	0.105822325	0.103523880	0.099543117
610	5	0	0.113155097	0.093571171	0.102209195	0.085502885	0.101913363	0.095354065	0.100119367	0.103668727	0.110019803	0.094486386
611	1	8	0.111759529	0.085031696	0.082894705	0.074765235	0.113380551	0.099092744	0.107944883	0.092105858	0.126750350	0.106274471
612	7	9	0.100016065	0.095108017	0.091621965	0.108057566	0.098256163	0.086070694	0.103520021	0.106291965	0.102518208	0.108539328
613	1	8	0.106082052	0.079836458	0.086027920	0.080629617	0.105484486	0.101159610	0.106942877	0.091955289	0.127163917	0.114717834
614	1	0	0.119275868	0.081259616	0.088916384	0.072553463	0.113070466	0.095382825	0.113909483	0.093559772	0.119023249	0.103048950
615	4	4	0.106588244	0.091599695	0.081712373	0.078045696	0.121410854	0.091644771	0.117289588	0.103044972	0.101857916	0.106805883
616	6	4	0.102574907	0.094066001	0.090374231	0.090042934	0.114916541	0.088315614	0.103496157	0.104516812	0.107152022	0.104544736
617	2	8	0.106344849	0.095992975	0.089044265	0.103939176	0.089216441	0.089846984	0.081206672	0.105208755	0.124661662	0.114538133
618	8	8	0.101455629	0.073019817	0.094955914	0.110195898	0.097720675	0.073077410	0.094077617	0.099167973	0.136859342	0.119469702
619	3	0	0.124930881	0.087324314	0.093493193	0.074162737	0.108449236	0.110387705	0.094752081	0.078873269	0.119189397	0.108437113
620	3	8	0.119735397	0.094113156	0.070469201	0.063143760	0.119174689	0.108438753	0.093459211	0.084883027	0.124025770	0.122557081
621	7	6	0.105620481	0.081653282	0.093648411	0.100259356	0.098303601	0.083694361	0.116456598	0.104059011	0.110287338	0.106017582
622	7	8	0.106738649	0.086260952	0.080795102	0.089793339	0.104959205	0.089677058	0.108764939	0.102329612	0.123834461	0.106846645
623	8	0	0.138693243	0.081136361	0.082401626	0.057492975	0.109261982	0.097362027	0.109817430	0.100136802	0.122147344	0.101550236
624	2	9	0.094125576	0.106979713	0.084020957	0.103383362	0.098153509	0.093397506	0.088461637	0.105424620	0.112631209	0.113421954
625	8	8	0.120455094	0.085902534	0.082211971	0.072201699	0.099748127	0.093713000	0.106905490	0.106344387	0.130644426	0.101873249
626	0	7	0.102761365	0.093219854	0.097453259	0.087033488	0.107524075	0.088771209	0.109304085	0.114878848	0.101783730	0.097270086
627	5	6	0.100170597	0.093123652	0.097614869	0.094314933	0.102352336	0.089956455	0.117473118	0.106726982	0.101302870	0.096964099
628	0	6	0.099904247	0.082745634	0.091334693	0.088422202	0.109082505	0.086582735	0.122750796	0.110455915	0.109183520	0.099537797
629	0	8	0.101878323	0.082926176	0.090843022	0.099285662	0.087269329	0.089230403	0.090586238	0.118319727	0.127540827	0.112120330
630	9	8	0.125590622	0.080982365	0.086451389	0.082092226	0.097924232	0.096552216	0.086821966	0.098113537	0.130467787	0.115003563
631	2	6	0.107320525	0.085061759	0.085398808	0.079476900	0.120273806	0.092386574	0.125499681	0.103526525	0.101243645	0.099811763
632	2	8	0.109467298	0.096906416	0.091017172	0.095213443	0.099242672	0.090999283	0.084372923	0.109110653	0.124597184	0.099073030
633	5	0	0.116214290	0.095516957	0.100757651	0.080144875	0.104486264	0.092613995	0.109045386	0.105372719	0.106706128	0.089141741
634	0	7	0.103808627	0.093216196	0.101342738	0.085661113	0.105223440	0.096259303	0.105524831	0.107435822	0.102892138	0.098635860
635	0	8	0.099553227	0.090601876	0.088997319	0.103893913	0.103647180	0.085309155	0.102291398	0.107636221	0.114266135	0.103803597
636	7	8	0.101258196	0.098174185	0.083763182	0.095437616	0.097939581	0.099431843	0.101623043	0.101910681	0.111988790	0.108472891
637	7	6	0.105619416	0.091314487	0.095343746	0.086480916	0.106710821	0.092500292	0.112781152	0.102583103	0.108660422	0.098005570
638	3	8	0.115697734	0.074886240	0.092003204	0.079869658	0.117718101	0.089968063	0.112253234	0.091939151	0.123482808	0.102181770
639	1	0	0.123196796	0.084077962	0.090885438	0.070652381	0.107257061	0.107522726	0.101437934	0.086277850	0.120596714	0.108095102
640	3	0	0.135160029	0.083774745	0.077081442	0.060809214	0.121412337	0.101740092	0.103731424	0.083578169	0.121911086	0.110801376
641	7	8	0.122087367	0.076620802	0.094840072	0.068312839	0.099649936	0.096576080	0.108584180	0.097934566	0.135019854	0.100374207
642	5	8	0.111626185	0.089387424	0.093801707	0.088870578	0.091207221	0.088705249	0.090402007	0.106507093	0.131875992	0.107616514
643	2	6	0.110592254	0.100799672	0.069997653	0.066743977	0.118987463	0.103337042	0.121860318	0.099062689	0.104066253	0.104552649
644	2	8	0.108057626	0.100726709	0.096407019	0.087403223	0.104086004	0.090811759	0.097895697	0.108150847	0.110343918	0.096117154
645	2	0	0.111829318	0.092364930	0.089888781	0.080818094	0.109334826	0.092571616	0.111821622	0.107880674	0.107682876	0.095807314
646	4	8	0.107241563	0.086911686	0.090184115	0.080991745	0.115786515	0.086654887	0.118815795	0.103488907	0.119081020	0.090843722
647	3	8	0.105005749	0.082004517	0.091090679	0.112661511	0.092116535	0.085771501	0.082876302	0.106425792	0.127444938	0.114602499
648	7	7	0.095478557	0.091613956	0.106824063	0.108493149	0.100465596	0.088196114	0.105581522	0.112667039	0.100060552	0.090619497
649	6	8	0.103347361	0.084283523	0.086894788	0.092324324	0.098914772	0.091801800	0.116224349	0.097935513	0.123551130	0.104722463
650	2	8	0.108492285	0.091671064	0.090482384	0.090542547	0.098751120	0.091402709	0.101833805	0.103224926	0.117923699	0.105675437
651	8	0	0.134159669	0.085717387	0.088470086	0.069466464	0.106735058	0.109016486	0.093261056	0.083637021	0.122061238	0.107475504
652	0	0	0.130143151	0.090099283	0.088873059	0.065562576	0.113973357	0.102224417	0.108146429	0.096578196	0.107980825	0.096418753
653	1	0	0.117199652	0.085091278	0.089505024	0.085634626	0.107463077	0.098402672	0.107588708	0.096418329	0.112153888	0.100542702
654	4	6	0.113067642	0.095180698	0.088653460	0.073026523	0.113875240	0.095549010	0.115230680	0.104852349	0.109196745	0.091367617
655	1	0	0.120764866	0.089339145	0.090971656	0.080838799	0.104204312	0.104159020	0.103482485	0.094077498	0.107729934	0.104432367
656	1	0	0.113776974	0.091321133	0.093940504	0.087701969	0.101609617	0.102868579	0.105266817	0.095580034	0.106259041	0.101675257
657	5	3	0.094706103	0.093014471	0.095146976	0.133468106	0.084016241	0.088442706	0.076811008	0.108870067	0.111495987	0.114028379
658	7	0	0.117440201	0.091921329	0.082644932	0.078038052	0.106554717	0.097985953	0.105649255	0.102613732	0.112756409	0.104395412
659	9	6	0.098884322	0.088539608	0.092250876	0.101132914	0.097739302	0.088393696	0.113551289	0.107289672	0.106522925	0.105695404
660	5	4	0.126453772	0.088221274	0.065312408	0.057991058	0.131988615	0.094199702	0.111929037	0.102486387	0.109862186	0.111555591
661	9	6	0.104004577	0.076330766	0.079233609	0.093607940	0.115892909	0.078247778	0.123031288	0.098923750	0.119633898	0.111093506
662	2	4	0.111933090	0.090070434	0.086969189	0.072377577	0.124171615	0.092995256	0.122638986	0.104381755	0.104017556	0.090444669
663	6	8	0.114806987	0.086555474	0.081460677	0.074663304	0.096096739	0.108492091	0.099250890	0.086458832	0.135339379	0.116875641
664	8	6	0.110713102	0.084128276	0.089628831	0.083121829	0.114089511	0.083868988	0.115628742	0.100970849	0.114439994	0.103409804
665	5	8	0.096564077	0.093683273	0.090114251	0.095861763	0.108779192	0.088499926	0.104889579	0.100177184	0.112675332	0.108755477
666	5	8	0.113556206	0.093550183	0.078853786	0.070729949	0.121346831	0.085970774	0.109959699	0.099840634	0.131580666	0.094611265
667	7	6	0.107721679	0.098995320	0.091622785	0.082519330	0.111733235	0.093500838	0.117716886	0.107188836	0.099804424	0.089196667
668	5	8	0.121706977	0.087700218	0.093570359	0.084582493	0.090643100	0.093910962	0.083243072	0.095420733	0.140755504	0.108466536
669	7	6	0.107571967	0.088455677	0.106327444	0.092143513	0.101580545	0.088015534	0.110538416	0.110396728	0.107634909	0.087335281
670	5	6	0.103655435	0.077661529	0.100422099	0.101945907	0.103948705	0.079482429	0.124915302	0.103707589	0.113500394	0.090760626
671	3	0	0.132944316	0.083845772	0.072148293	0.059740808	0.121658452	0.099603951	0.094433248	0.088650145	0.132220536	0.114754476
672	6	8	0.100252680	0.094307013	0.094315410	0.091549583	0.100098662	0.091574751	0.103765897	0.101773784	0.114146613	0.108215578
673	8	8	0.106332004	0.088364564	0.082178503	0.111659646	0.090267889	0.088258363	0.091669075	0.105987325	0.127535343	0.107747272
674	1	0	0.111635968	0.084741957	0.100710049	0.092734769	0.098927185	0.098572530	0.109687716	0.095224202	0.109305076	0.098460466
675	5	6	0.103247181	0.092888243	0.102763541	0.094600886	0.105154052	0.088181622	0.110147856	0.106431641	0.100617349	0.095967583
676	6	8	0.115007147	0.088409372	0.076672584	0.089606717	0.090121575	0.102811411	0.089030445	0.094913311	0.132308304	0.121119067
677	5	7	0.104592986	0.098999470	0.105781481	0.090840153	0.104953289	0.091699071	0.103636652	0.107062019	0.100601166	0.091833763
678	9	6	0.113381937	0.091864109	0.088542417	0.083640866	0.101432577	0.091062874	0.119471416	0.106083289	0.112964481	0.091556005
679	9	6	0.094423741	0.095775448	0.089146808	0.106036164	0.100887187	0.085117310	0.113184236	0.102943689	0.105007738	0.107477680
680	3	0	0.115427859	0.087313555	0.087793656	0.081805311	0.113080017	0.091143496	0.106413998	0.098788053	0.115104042	0.103129886
681	3	8	0.124238111	0.073525406	0.094357289	0.074138358	0.098631315	0.104890198	0.110321507	0.087862886	0.128791362	0.103243560
682	7	8	0.114326432	0.092602983	0.093278758	0.085949473	0.096333236	0.101829298	0.094744220	0.099875167	0.119815715	0.101244688
683	6	4	0.105255909	0.095047496	0.087665290	0.082556926	0.115054652	0.088103555	0.101407066	0.108315505	0.109991029	0.106602594
684	4	6	0.104502112	0.083154164	0.095826685	0.090458103	0.104093857	0.087629639	0.119921476	0.104373053	0.112559795	0.097481132
685	0	8	0.101128824	0.090081051	0.098070107	0.118316449	0.081877947	0.086025789	0.085015461	0.116572276	0.118483067	0.104428954
686	3	4	0.123066418	0.089024842	0.075161338	0.074033886	0.126950338	0.097517900	0.100656800	0.090449937	0.117031202	0.106107377
687	0	8	0.112312183	0.078682669	0.095474042	0.087379284	0.109417684	0.086945236	0.114920288	0.099928088	0.115477525	0.099462956
688	3	8	0.133472964	0.080330208	0.088711180	0.065203190	0.097004376	0.115266047	0.093708448	0.079396136	0.134886667	0.112020835
689	5	4	0.100971505	0.095938250	0.096242987	0.080186948	0.122637600	0.081927083	0.117611021	0.102151595	0.108480230	0.093852803
690	1	8	0.110091284	0.084695220	0.104348682	0.094086789	0.099509411	0.096309274	0.104736023	0.095530421	0.110827520	0.099865474
691	6	8	0.111199170	0.093882568	0.082902499	0.093710087	0.096323498	0.098314539	0.095609330	0.110257328	0.118071131	0.099729784
692	1	0	0.117710054	0.083075561	0.101391152	0.087340631	0.100437708	0.100158021	0.103331223	0.091387674	0.114147909	0.101020060
693	3	0	0.134091243	0.087137796	0.082353428	0.070128582	0.109673396	0.103081726	0.097574569	0.089904137	0.107926153	0.118128978
694	7	6	0.099620707	0.090447351	0.107881717	0.102174349	0.097503372	0.090545684	0.109475553	0.104800738	0.102312818	0.095237620
695	2	8	0.117651582	0.094830960	0.074400634	0.075386435	0.102608979	0.101378746	0.103649825	0.106186308	0.120368242	0.103538252
696	8	4	0.086603783	0.098414689	0.097563967	0.110525176	0.111126252	0.084057920	0.110132344	0.101006798	0.100892916	0.099676102
697	0	6	0.107052051	0.080177844	0.084539950	0.086974390	0.109077834	0.083309472	0.129623830	0.106116429	0.113794468	0.099333763
698	5	3	0.096055537	0.095308945	0.090969093	0.113184772	0.093198001	0.087695837	0.101096384	0.107954733	0.107655019	0.106881686
699	3	8	0.131592631	0.081800885	0.080734931	0.060235407	0.110847056	0.108313918	0.100652106	0.084138379	0.132265836	0.109418854
700	8	6	0.097168162	0.091293260	0.104594134	0.084165871	0.118848339	0.077688038	0.132681161	0.108991645	0.104220770	0.080348611
701	8	8	0.099631466	0.085320517	0.088190630	0.101509601	0.097347789	0.084880121	0.101477802	0.105763748	0.119742543	0.116135694
702	6	6	0.102279022	0.086440951	0.101781927	0.094829470	0.101716854	0.089821450	0.119888842	0.099684753	0.108330064	0.095226675
703	6	4	0.104068540	0.089142695	0.085666895	0.085388638	0.121000789	0.082598604	0.113003790	0.104167439	0.107612103	0.107350543
704	9	8	0.106365934	0.093338862	0.087785713	0.097625472	0.099824153	0.088242799	0.108714126	0.108056121	0.111772984	0.098273806
705	4	4	0.114935391	0.082143031	0.078432202	0.069545135	0.126544565	0.093054436	0.121013261	0.097665437	0.115940988	0.100725561
706	7	8	0.106748544	0.087977402	0.097283930	0.077572681	0.101960421	0.092944205	0.106090575	0.103468679	0.128430635	0.097522870
707	9	8	0.102431551	0.083387211	0.095484935	0.099924691	0.099652410	0.087615184	0.112769306	0.106567986	0.113176353	0.098990425
708	4	8	0.111036889	0.091903567	0.095562637	0.081571601	0.104149856	0.089816473	0.103670038	0.111616991	0.115396671	0.095275283
709	7	0	0.116973191	0.092380792	0.089041024	0.076500230	0.103476144	0.100500114	0.102020308	0.100673489	0.114710271	0.103724472
710	3	0	0.108902656	0.093259826	0.097577594	0.106735632	0.096256845	0.100019217	0.090551965	0.094063193	0.106013790	0.106619298
711	9	6	0.100334823	0.088412009	0.084830925	0.104149014	0.106194369	0.088595442	0.112719357	0.103942141	0.111056663	0.099765301
712	7	3	0.092118822	0.095230505	0.093028344	0.114845656	0.091655090	0.096237138	0.095793389	0.104816757	0.113567293	0.102707013
713	4	0	0.130789965	0.087753959	0.058855817	0.062530957	0.115595743	0.097677648	0.110837303	0.098354235	0.118852943	0.118751414
714	3	8	0.112392031	0.084799409	0.086634479	0.077597372	0.116742842	0.089288138	0.109324150	0.098942772	0.118436925	0.105841845
715	3	0	0.130252734	0.086651750	0.078923754	0.066493258	0.126612872	0.096186668	0.100532643	0.091913462	0.111246228	0.111186638
716	9	6	0.105300471	0.085935652	0.090250053	0.095102593	0.099509954	0.080311686	0.122475117	0.108573899	0.113398433	0.099142209
717	2	6	0.110472813	0.082322404	0.085315727	0.078793831	0.111094683	0.086271204	0.122866914	0.104165569	0.119537942	0.099158883
718	4	8	0.117909022	0.086052172	0.079990163	0.074877523	0.108527057	0.099444106	0.113875575	0.095211841	0.119634479	0.104478098
719	0	6	0.102532715	0.086050577	0.101314664	0.091815941	0.107431762	0.090439335	0.112161420	0.101234481	0.108201414	0.098817743
720	9	8	0.097419366	0.087911695	0.088693291	0.107282542	0.097171687	0.093541622	0.108848102	0.104477607	0.109631091	0.105023019
721	5	8	0.107607916	0.086029641	0.091562264	0.111134037	0.096480109	0.082796268	0.089749649	0.107719250	0.126447514	0.100473389
722	8	8	0.103954643	0.092465341	0.088248126	0.100161649	0.109855756	0.087675400	0.104438536	0.094117627	0.113436714	0.105646200
723	8	4	0.109567583	0.088816471	0.083077841	0.079209730	0.115074351	0.089657724	0.112854287	0.101715684	0.111196950	0.108829409
724	3	0	0.111210085	0.086489394	0.090374283	0.083059095	0.109559149	0.092756420	0.110444807	0.098777398	0.111045450	0.106283933
725	3	4	0.119838923	0.084732279	0.072229683	0.062667221	0.134444803	0.089246161	0.110582344	0.101694740	0.117448390	0.107115388
726	4	6	0.106787093	0.092149980	0.089376703	0.080235027	0.112624347	0.090637736	0.114528924	0.106066540	0.110921212	0.096672438
727	7	8	0.121247210	0.090962313	0.083853990	0.070541896	0.101781607	0.097058319	0.105179973	0.094967596	0.126409352	0.107997693
728	3	4	0.117856532	0.089450732	0.076505601	0.070687577	0.130869418	0.089450315	0.115443364	0.098413534	0.108578525	0.102744415
729	0	4	0.105219536	0.093968742	0.092638902	0.084816054	0.115909398	0.080831841	0.113503605	0.109356537	0.105450615	0.098304771
730	9	8	0.112315245	0.080890104	0.085415192	0.087931611	0.100790270	0.094584666	0.115811609	0.096549876	0.116227135	0.109484293
731	7	0	0.110737555	0.091243424	0.089243978	0.094096288	0.098435514	0.096351109	0.103214495	0.103055283	0.107981518	0.105640821
732	6	8	0.107654519	0.091955096	0.088945270	0.117211826	0.083619416	0.091401719	0.082141042	0.109829463	0.118344612	0.108897075
733	7	8	0.111864485	0.094423316	0.084790558	0.076459736	0.110926218	0.099011473	0.101465367	0.099462748	0.115180247	0.106415898
734	8	8	0.110369734	0.079066217	0.108706824	0.105241783	0.089867532	0.076046325	0.095006801	0.112175986	0.131183803	0.092334956
735	9	6	0.105182491	0.081828073	0.086053066	0.099374309	0.100554630	0.086524650	0.115859680	0.103928246	0.113484189	0.107210666
736	5	6	0.108726725	0.083704844	0.104540922	0.086119018	0.106385149	0.085303277	0.119635828	0.105011962	0.114579476	0.085992739
737	0	6	0.105285086	0.082718395	0.093074024	0.088545941	0.106293440	0.080970638	0.117308095	0.110624008	0.117186800	0.097993582
738	2	0	0.115677394	0.093446411	0.078606583	0.072773471	0.115390152	0.094484687	0.115365505	0.095937528	0.112773553	0.105544694
739	3	0	0.129524693	0.084620059	0.087795384	0.076120161	0.101474106	0.105140425	0.101427555	0.090090670	0.114566438	0.109240539
740	3	4	0.113863818	0.085568316	0.075025447	0.079285316	0.125983372	0.082438260	0.100393854	0.104345202	0.123133637	0.109962814
741	6	8	0.125003234	0.086061597	0.067097314	0.098944530	0.091269530	0.091067873	0.078164414	0.116470210	0.127659708	0.118261591
742	1	8	0.115716048	0.077493198	0.095557086	0.089843646	0.101385899	0.099753231	0.099810258	0.091609053	0.121901840	0.106929794
743	6	8	0.114430659	0.085081063	0.077607170	0.071170598	0.107405037	0.105521217	0.102186523	0.085639082	0.134191498	0.116767175
744	9	8	0.103571430	0.089504279	0.084153071	0.096022896	0.099111199	0.091773361	0.109901413	0.103117853	0.117866300	0.104978256
745	4	8	0.109875947	0.090544999	0.085692979	0.080111057	0.108785324	0.092079788	0.101648748	0.104713947	0.118916690	0.107630566
746	8	4	0.110660471	0.097698666	0.080617644	0.068993405	0.127112508	0.094764806	0.124136969	0.099042483	0.100614719	0.096358351
747	0	8	0.093802340	0.079736061	0.072638579	0.094317168	0.114679746	0.076161861	0.126982614	0.103615075	0.127070740	0.110995770
748	0	6	0.114076480	0.089082681	0.077430129	0.068049215	0.117822230	0.088110648	0.127053007	0.107261449	0.109663486	0.101450652
749	9	6	0.103957370	0.087886013	0.080455929	0.088573322	0.113674276	0.086890541	0.123638816	0.103446580	0.107056156	0.104420967
750	0	8	0.108590685	0.085763313	0.097202115	0.079826109	0.108813740	0.089195013	0.113058940	0.102431573	0.121554650	0.093563847
751	8	0	0.115142018	0.089107201	0.102374882	0.081769310	0.102816753	0.096568592	0.110641740	0.096085168	0.109150402	0.096343905
752	3	0	0.117857836	0.085685156	0.099139638	0.084765933	0.100220434	0.106308907	0.097878695	0.084221885	0.116006523	0.107914984
753	9	7	0.107777089	0.088120848	0.093884684	0.100463048	0.100446329	0.087796405	0.097749151	0.111524813	0.109093606	0.103144020
754	2	7	0.110274315	0.091802768	0.085814916	0.083529606	0.106532365	0.089497812	0.105551533	0.110786527	0.109395295	0.106814876
755	2	8	0.101327807	0.084651992	0.069642939	0.097104162	0.105788261	0.094086692	0.092159763	0.094718218	0.149514124	0.111006059
756	0	8	0.116747580	0.082152575	0.082177542	0.073115937	0.101018228	0.105644673	0.099954709	0.091190144	0.135564536	0.112434082
757	8	6	0.090027161	0.093261816	0.100484915	0.105644763	0.100554019	0.083987936	0.123606145	0.108251579	0.103278823	0.090902798
758	5	6	0.104272060	0.079114020	0.094945401	0.097983249	0.100056104	0.087315023	0.115677930	0.100755237	0.111095510	0.108785473
759	7	2	0.098080091	0.099070072	0.104948200	0.102827176	0.097206108	0.094983853	0.101976246	0.103386000	0.102144271	0.095377997
760	1	6	0.107407413	0.084747843	0.099379063	0.093390770	0.104721650	0.094655477	0.112830408	0.096814618	0.108484857	0.097567901
761	2	4	0.117439181	0.086342551	0.076871157	0.069455765	0.123154201	0.084680371	0.118341304	0.106358260	0.116302691	0.101054519
762	9	8	0.096218310	0.090346515	0.095477238	0.109667681	0.098407261	0.085745312	0.104557864	0.102776989	0.110040948	0.106761865
763	5	8	0.107184514	0.090536505	0.097997658	0.099975251	0.096682020	0.090389609	0.099846028	0.107811481	0.108405687	0.101171158
764	8	0	0.128059641	0.091688290	0.078666970	0.071557112	0.104077578	0.094215713	0.110401876	0.107325479	0.113849044	0.100158259
765	8	8	0.087678671	0.091293313	0.106012136	0.122749686	0.089326419	0.084891789	0.090373509	0.110106081	0.127529785	0.090038598
766	5	9	0.103704743	0.108527258	0.076971248	0.096056648	0.107305959	0.091192588	0.092602365	0.102656879	0.102804333	0.118178040
767	8	6	0.097547859	0.082296401	0.106601670	0.103367038	0.100946940	0.081926256	0.114080682	0.110239312	0.108402938	0.094590925
768	6	6	0.093736984	0.094999857	0.097479381	0.097285718	0.108795591	0.087967426	0.108931758	0.105558090	0.108366303	0.096878938
769	4	8	0.109663002	0.091200873	0.090975113	0.097640246	0.091666214	0.093710035	0.098020442	0.104424104	0.114605136	0.108094752
770	4	8	0.114775449	0.080240600	0.082137510	0.079443693	0.102627851	0.093664296	0.117006905	0.099030696	0.129459113	0.101613879
771	1	0	0.131543338	0.081329770	0.074952625	0.059677914	0.123972751	0.099380255	0.114782318	0.085020803	0.115190692	0.114149503
772	4	8	0.110516921	0.094914146	0.085890695	0.086640425	0.107425816	0.095290229	0.096210293	0.101513982	0.113851421	0.107746132
773	7	6	0.095750086	0.100289136	0.096185222	0.098593563	0.098877199	0.100029901	0.104542740	0.101586886	0.102038741	0.102106623
774	2	8	0.104497015	0.093141966	0.082909100	0.083565801	0.102310166	0.102549642	0.097776093	0.092111118	0.127683997	0.113455087
775	9	8	0.110132486	0.091073617	0.064557455	0.072959967	0.116349369	0.092195742	0.115386225	0.101584859	0.120575748	0.115184478
776	5	4	0.111317724	0.088639669	0.078295171	0.068728440	0.114739165	0.100309297	0.108264163	0.103897899	0.114267312	0.111541115
777	6	6	0.113565989	0.082021289	0.092745401	0.073513404	0.112734273	0.093409315	0.119157232	0.102065489	0.115732543	0.095055088
778	7	6	0.094210237	0.086889081	0.094452567	0.107020125	0.097016461	0.086786404	0.127272308	0.100860305	0.107764632	0.097727843
779	4	6	0.102581099	0.087772101	0.088709801	0.087160133	0.111035138	0.088004895	0.115726531	0.103272378	0.115069397	0.100668453
780	7	0	0.111977868	0.093556538	0.096672699	0.085459433	0.102650009	0.097709268	0.103938714	0.102134220	0.108299553	0.097601674
781	9	9	0.108120725	0.093315266	0.076711781	0.092110254	0.109455138	0.087750308	0.105396949	0.100050315	0.105706014	0.121383183
782	8	4	0.112615868	0.098825827	0.070943482	0.081059918	0.118758284	0.092789471	0.117748782	0.107287347	0.100490034	0.099481061
783	9	8	0.105357468	0.090137675	0.087337241	0.108418539	0.089411706	0.093510665	0.091659315	0.105069309	0.117465004	0.111633092
784	3	4	0.105337910	0.089235783	0.087094590	0.072377868	0.138516113	0.081850357	0.125044152	0.102652475	0.107796177	0.090094566
785	3	8	0.104717247	0.088037640	0.090698913	0.102055453	0.096353054	0.101566099	0.095129736	0.092540301	0.122466937	0.106434613
786	2	6	0.109192356	0.091385536	0.087409750	0.077112220	0.113098413	0.094105132	0.117499910	0.106206305	0.108070552	0.095919758
787	5	0	0.115199849	0.103043370	0.083799295	0.086981028	0.104486078	0.097831413	0.092898704	0.096049026	0.108765848	0.110945463
788	0	6	0.103669927	0.088212378	0.084943786	0.089156248	0.108355150	0.081944592	0.117149994	0.109023012	0.113210537	0.104334399
789	8	4	0.103031762	0.091056190	0.087985724	0.090482578	0.115368575	0.085757136	0.110009007	0.101898164	0.109737404	0.104673512
790	2	6	0.105856776	0.091926306	0.073982649	0.067681894	0.125316739	0.089420296	0.130465627	0.099373013	0.116395265	0.099581487
791	6	6	0.105067208	0.083943032	0.084105790	0.079054795	0.116154745	0.082176797	0.130336791	0.108313233	0.109990112	0.100857481
792	1	0	0.117472321	0.091434948	0.089296408	0.082886495	0.108905300	0.100348808	0.103987738	0.096071526	0.108205654	0.101390786
793	3	0	0.120873637	0.086432829	0.099720620	0.084095247	0.100075364	0.106269255	0.097182162	0.089305378	0.112635367	0.103410229
794	6	8	0.128264576	0.086235702	0.065894805	0.074701570	0.103442378	0.101374403	0.094287656	0.096534088	0.135132432	0.114132412
795	9	6	0.107959971	0.090305544	0.083714776	0.089188926	0.112280659	0.087361567	0.118857853	0.108580954	0.108343571	0.093406163
796	1	8	0.111679643	0.081769258	0.101239994	0.094976574	0.101840213	0.095596783	0.108736195	0.089935996	0.114553563	0.099671789
797	9	8	0.107613318	0.085482672	0.100351088	0.102413706	0.098459616	0.084886134	0.108657032	0.102495894	0.114073113	0.095567487
798	4	4	0.121444158	0.089773379	0.076342158	0.066744387	0.125992119	0.093999729	0.113413617	0.095430560	0.113941319	0.102918610
799	8	3	0.087849349	0.086945392	0.095009506	0.127535880	0.093086749	0.086947665	0.094731815	0.105175823	0.120438732	0.102279030
800	4	4	0.113760635	0.093804307	0.077828303	0.074196741	0.117990762	0.089524157	0.105636649	0.104613625	0.109588683	0.113056198
801	0	6	0.106166326	0.087140664	0.091983482	0.083460674	0.106859148	0.093330532	0.116927825	0.107947312	0.105584472	0.100599639
802	3	0	0.123622738	0.087765969	0.091658637	0.081372775	0.103571050	0.102897167	0.090173900	0.092276074	0.117098093	0.109563559
803	9	6	0.102423288	0.088064067	0.087061852	0.097790331	0.109404765	0.084322438	0.116744578	0.102236442	0.112734966	0.099217318
804	8	6	0.099165678	0.067057446	0.091274388	0.098304965	0.107304387	0.074160062	0.138364792	0.107608467	0.123078391	0.093681440
805	5	8	0.095785499	0.103999473	0.092277676	0.106899001	0.098328911	0.087478653	0.090702787	0.101074256	0.112210579	0.111243173
806	2	8	0.115404062	0.082535118	0.087381274	0.082502842	0.107250474	0.084649056	0.106679156	0.110386513	0.119850896	0.103360601
807	3	4	0.113046251	0.093426026	0.069739014	0.067628205	0.134284750	0.089510508	0.114125594	0.102415979	0.109323531	0.106500074
808	5	9	0.108421139	0.098439664	0.080403127	0.090989083	0.106278740	0.095194735	0.099653959	0.102723375	0.106398858	0.111497276
809	8	0	0.122022510	0.086183295	0.086700201	0.075287141	0.109612346	0.093950100	0.106653072	0.102701142	0.115270391	0.101619713
810	7	0	0.106256567	0.098369412	0.099523194	0.091423571	0.101525992	0.099942543	0.105489872	0.101969473	0.099101059	0.096398257
811	9	0	0.114048906	0.093940958	0.079212062	0.082169853	0.105605833	0.090530932	0.112725832	0.107544377	0.109987304	0.104233973
812	7	8	0.107848950	0.091925502	0.082280546	0.097958907	0.096572012	0.096697785	0.095993847	0.099257290	0.123397753	0.108067438
813	7	0	0.114780955	0.093939774	0.089683771	0.077822007	0.103852659	0.100539647	0.104861997	0.101037048	0.113971025	0.099511065
814	3	0	0.123255201	0.087268896	0.087682061	0.086092964	0.115134373	0.096964449	0.092407048	0.096347719	0.108463272	0.106384076
815	6	8	0.103294566	0.090117469	0.088727765	0.098253086	0.097181581	0.085361607	0.105568752	0.109274440	0.112499729	0.109720975
816	1	0	0.111458734	0.082970455	0.096500598	0.089227825	0.104638606	0.097897843	0.108369865	0.098767929	0.110786833	0.099381305
817	8	3	0.093526475	0.086861953	0.094239369	0.127683952	0.085689098	0.087354705	0.091428801	0.108459793	0.117291227	0.107464686
818	5	8	0.119976506	0.087496817	0.079678863	0.063117653	0.107322045	0.100375950	0.098113596	0.096249156	0.141158551	0.106510825
819	3	4	0.117066748	0.085269116	0.086010098	0.075581975	0.122371748	0.093931451	0.104085036	0.094052941	0.115804814	0.105826147
820	6	8	0.110204473	0.088716842	0.079416052	0.085762933	0.093822621	0.104151189	0.101335011	0.099362217	0.119992234	0.117236488
821	6	8	0.111145616	0.089186400	0.085733838	0.080216713	0.107931793	0.101550400	0.110819504	0.093384035	0.116637014	0.103394657
822	8	6	0.095225573	0.092330322	0.102140732	0.093312047	0.112124071	0.079599999	0.123653382	0.105846554	0.100892410	0.094874799
823	2	0	0.114055626	0.092638485	0.084033854	0.079224780	0.111937806	0.089264065	0.113884442	0.113069132	0.105496682	0.096395165
824	7	8	0.110748008	0.090144522	0.083296038	0.084726028	0.098269075	0.101796724	0.093799360	0.096253209	0.130655542	0.110311508
825	1	0	0.114567131	0.086731933	0.096920945	0.085761234	0.103229903	0.100938804	0.105173491	0.092323050	0.111216314	0.103137262
826	9	4	0.110021591	0.092486463	0.080313504	0.081596404	0.122180611	0.086563081	0.110767111	0.108724415	0.108067140	0.099279694
827	2	6	0.116428934	0.076795802	0.099743888	0.065456346	0.115411140	0.086604372	0.121595666	0.112648807	0.113085732	0.092229307
828	3	8	0.116232902	0.087423585	0.076633297	0.072719753	0.106584132	0.105117708	0.105151743	0.087951146	0.131016612	0.111169137
829	4	0	0.122571185	0.092753880	0.075964108	0.070171259	0.116460055	0.094827980	0.113398559	0.104023814	0.111520506	0.098308638
830	3	0	0.117112800	0.083756626	0.089133210	0.085535094	0.110512443	0.090261415	0.105092138	0.097563624	0.116913646	0.104118936
831	5	8	0.112615801	0.102609061	0.090821251	0.080298327	0.103735588	0.090417556	0.089488633	0.106428586	0.124234818	0.099350467
832	7	3	0.086916611	0.091406398	0.102238618	0.122884914	0.095719747	0.084989548	0.104502171	0.103281386	0.104625665	0.103434980
833	9	6	0.094303034	0.084695496	0.094301172	0.102737650	0.103314102	0.084625468	0.115422204	0.103778347	0.113785222	0.103037283
834	8	8	0.104003340	0.079366766	0.088733599	0.093891591	0.107377142	0.088459536	0.107822970	0.102581576	0.126464024	0.101299495
835	7	0	0.108804166	0.094602890	0.096774593	0.095151134	0.101070210	0.099681966	0.100813828	0.101896897	0.103981726	0.097222589
836	9	8	0.110156707	0.094986349	0.092273206	0.084608324	0.100344047	0.097655237	0.105267003	0.102449715	0.110619865	0.101639614
837	5	8	0.120311022	0.098008826	0.086875528	0.074876554	0.107984886	0.092050977	0.088064887	0.101325735	0.124396496	0.106105074
838	0	0	0.132267728	0.087906651	0.090811588	0.056471057	0.123915963	0.096635453	0.117516644	0.090509929	0.117262162	0.086702943
839	8	6	0.092272356	0.087598935	0.101502240	0.107208118	0.101390891	0.084595203	0.119235396	0.105736971	0.105863661	0.094596177
840	5	8	0.110885426	0.089062631	0.096098863	0.102471724	0.089180663	0.082178436	0.081831776	0.106714852	0.138661236	0.102914430
841	2	8	0.105613522	0.083182178	0.093340553	0.100945488	0.097533390	0.084897853	0.102610625	0.107856080	0.121098928	0.102921389
842	4	8	0.109887488	0.090885833	0.083436869	0.093482956	0.097146526	0.087122060	0.083017737	0.111290701	0.128723487	0.115006410
843	7	8	0.118043803	0.090095609	0.082398139	0.072473623	0.106351517	0.098538697	0.106958844	0.096594155	0.120494798	0.108050860
844	2	8	0.101880342	0.097444028	0.092462733	0.091592349	0.106199093	0.100841522	0.106497936	0.092250973	0.108887643	0.101943403
845	4	8	0.099938013	0.089143552	0.096506000	0.107392140	0.095626622	0.086459547	0.096008219	0.106323481	0.116499238	0.106103189
846	2	7	0.106598511	0.094809361	0.090098262	0.087251306	0.107432522	0.092970125	0.102866948	0.109612159	0.107738912	0.100621931
847	0	7	0.104638800	0.090709634	0.093260251	0.100421280	0.094599724	0.091220401	0.092544422	0.114753596	0.113748871	0.104103021
848	2	8	0.112399764	0.084407188	0.094918907	0.092677101	0.092769355	0.095425539	0.090370618	0.101503283	0.125543281	0.109985009
849	7	8	0.109929197	0.087047048	0.101274848	0.078769244	0.099559575	0.098735921	0.110267922	0.094263934	0.125709668	0.094442666
850	6	4	0.099122204	0.094791763	0.090712808	0.092755303	0.110980362	0.090480596	0.107559614	0.106498048	0.105120584	0.101978742
851	1	0	0.107634120	0.086312257	0.101708427	0.097434044	0.100976184	0.095120035	0.106356323	0.095511861	0.107142396	0.101804361
852	8	3	0.092630357	0.091018163	0.092982560	0.130960956	0.085521445	0.087837890	0.085625097	0.106453076	0.122282572	0.104687937
853	4	8	0.104524165	0.083073318	0.095682681	0.087395221	0.110447340	0.088799365	0.112277016	0.102269061	0.116088718	0.099443175
854	0	0	0.117626868	0.087805703	0.071295045	0.077328146	0.110029086	0.089448176	0.111099288	0.107760951	0.111469738	0.116136998
855	2	6	0.102180205	0.095520787	0.093134247	0.098701701	0.098598137	0.095608190	0.107588224	0.103971533	0.099970214	0.104726776
856	0	8	0.115770891	0.073831208	0.099061757	0.084328242	0.099046446	0.095165685	0.118166201	0.090842851	0.125575021	0.098211698
857	9	6	0.102500111	0.088216729	0.086586043	0.093675151	0.104953550	0.088626005	0.119218238	0.103534862	0.107456036	0.105233230
858	4	8	0.107601903	0.091545299	0.090327196	0.086920388	0.108538665	0.091988169	0.105017796	0.103893295	0.112377688	0.101789653
859	2	4	0.123828448	0.085572809	0.074549973	0.062014561	0.133084401	0.091661848	0.126876414	0.098493911	0.102392927	0.101524718
860	3	8	0.103908263	0.087093167	0.089961797	0.096670188	0.105987892	0.084214501	0.110445991	0.104576401	0.110804826	0.106336981
861	1	0	0.121764123	0.081605300	0.098322429	0.084652521	0.100094974	0.105757900	0.097050309	0.088672623	0.116722912	0.105356939
862	0	6	0.115837105	0.085849397	0.086387500	0.072810747	0.112980083	0.093569390	0.124019317	0.104818910	0.107382633	0.096344858
863	5	8	0.104431108	0.083901003	0.090683185	0.093152143	0.094056904	0.090282448	0.106829293	0.110902771	0.122657828	0.103103340
864	9	6	0.101726927	0.095305711	0.086620860	0.096579663	0.102516554	0.093394950	0.111351766	0.103161409	0.101301074	0.108041100
865	3	8	0.123695292	0.082782432	0.082498401	0.079074644	0.096641131	0.103322998	0.087926909	0.084258504	0.141293511	0.118506216
866	6	4	0.103956580	0.093486995	0.088079631	0.081207760	0.119371220	0.086461216	0.118496679	0.104898460	0.106000982	0.098040447
867	4	8	0.107779771	0.086919151	0.084474109	0.076913856	0.114920191	0.092470862	0.111973107	0.106824443	0.116635762	0.101088621
868	7	9	0.097946167	0.098688401	0.083038710	0.109605387	0.092799701	0.087972961	0.095013417	0.105784826	0.106477872	0.122672461
869	5	8	0.106412672	0.091220371	0.100698307	0.084407516	0.104354024	0.087291993	0.114197828	0.101731554	0.116345987	0.093339808
870	6	8	0.107614331	0.085336573	0.086374216	0.091050543	0.106620394	0.086998247	0.105450772	0.097868554	0.124966316	0.107720032
871	0	6	0.112754814	0.083367191	0.085764527	0.075338565	0.111093342	0.092832617	0.119239680	0.113684654	0.114786461	0.091138139
872	0	6	0.100792378	0.087399349	0.091072790	0.091621272	0.106931910	0.085474223	0.117779665	0.113579206	0.107319959	0.098029241
873	4	8	0.106003538	0.080898583	0.099427521	0.084426083	0.106732771	0.087733768	0.112272941	0.106871188	0.118141875	0.097491726
874	7	6	0.103954896	0.092508703	0.084577747	0.087353431	0.109752215	0.091519609	0.115981691	0.098162003	0.108983368	0.107206285
875	1	8	0.118167631	0.075491145	0.074353889	0.074699543	0.104679912	0.092080109	0.106958672	0.098378301	0.132221952	0.122968882
876	3	8	0.109944753	0.074154422	0.100828856	0.096954070	0.100700237	0.085219778	0.110886946	0.096405327	0.123347268	0.101558276
877	5	3	0.088944443	0.097480409	0.100302696	0.112394154	0.097858422	0.081333615	0.105601907	0.105984263	0.105851158	0.104248941
878	5	8	0.105706140	0.094356969	0.107835673	0.092221454	0.102017045	0.090305850	0.105217636	0.101856053	0.108216174	0.092266947
879	0	6	0.106675372	0.086716503	0.095413268	0.078843504	0.106088467	0.094190285	0.124609843	0.110676236	0.106596805	0.090189740
880	7	6	0.105770856	0.093315139	0.104318105	0.094188266	0.097473338	0.097732469	0.108999133	0.099181667	0.103497550	0.095523551
881	4	8	0.110689335	0.092233367	0.085439712	0.090216406	0.104299352	0.095977344	0.096819974	0.094672687	0.117050074	0.112601824
882	4	4	0.118483789	0.100474827	0.070748232	0.065957911	0.125178531	0.099282011	0.109608524	0.105584584	0.102153890	0.102527693
883	1	8	0.109925807	0.079998568	0.092498779	0.084765464	0.102782205	0.091953516	0.116800137	0.096982040	0.120197766	0.104095683
884	2	4	0.120337315	0.097536944	0.065639526	0.064247981	0.127029479	0.101521924	0.101210371	0.094545320	0.115604050	0.112327039
885	3	0	0.121813223	0.090530634	0.094567277	0.078443632	0.114294894	0.100758351	0.099944189	0.089765303	0.106946044	0.102936484
886	1	0	0.113791756	0.086384296	0.097336076	0.091369055	0.100856833	0.102565452	0.101973936	0.091194853	0.110386901	0.104140855
887	3	0	0.128805175	0.085540868	0.084651746	0.073543906	0.107254289	0.104025252	0.099181928	0.087649986	0.115494445	0.113852412
888	6	0	0.125482395	0.091597870	0.063804924	0.059311613	0.123910874	0.103549413	0.098700628	0.088378347	0.121395372	0.123868570
889	4	8	0.104604043	0.089296021	0.086120941	0.095239207	0.103495792	0.087370321	0.095717900	0.107864507	0.117552377	0.112738825
890	7	8	0.103989005	0.096439637	0.093699694	0.081252515	0.105595224	0.096470006	0.107604042	0.101775140	0.118830957	0.094343744
891	2	8	0.102327958	0.087381341	0.095794380	0.093228757	0.108586952	0.089382455	0.108447522	0.106417529	0.109522685	0.098910339
892	5	7	0.101249464	0.087607190	0.107554086	0.109397829	0.091450185	0.085879348	0.098435022	0.112110585	0.108870387	0.097445942
893	8	8	0.117945388	0.083774209	0.079185508	0.083828494	0.090203345	0.093193442	0.099984445	0.110716037	0.132073417	0.109095767
894	0	8	0.099191561	0.082993090	0.097386025	0.112360448	0.093196936	0.087883390	0.093192942	0.110970892	0.124763623	0.098061129
895	1	0	0.117981575	0.083432555	0.094470754	0.088448025	0.100664191	0.099519961	0.102492593	0.098152921	0.114582419	0.100254990
896	2	6	0.110669091	0.084319755	0.088743620	0.072150663	0.119530417	0.089770675	0.130560905	0.104498863	0.104906514	0.094849534
897	0	8	0.103765778	0.085576482	0.088609010	0.099471219	0.099953093	0.086194567	0.102030016	0.110802606	0.116617329	0.106979840
898	4	6	0.107473478	0.087172337	0.088070594	0.077434339	0.115037024	0.094823927	0.122811884	0.103252046	0.107142538	0.096781813
899	3	8	0.119724721	0.078214601	0.093769580	0.083101310	0.107929498	0.091543324	0.106211804	0.088650294	0.124543168	0.106311686
900	2	6	0.100953549	0.087767161	0.097258061	0.085605323	0.111667030	0.085155047	0.117765248	0.107583508	0.104849920	0.101395197
901	5	8	0.107430734	0.084028304	0.109670341	0.093027353	0.102954358	0.083937101	0.105191357	0.111967921	0.112840876	0.088951655
902	1	0	0.122191690	0.080159038	0.098724842	0.080719903	0.103443913	0.103646941	0.105667122	0.087394707	0.114432782	0.103619054
903	0	6	0.111197181	0.079503395	0.084896520	0.079166681	0.109171316	0.081463926	0.123233065	0.115357846	0.118340619	0.097669534
904	0	4	0.109907798	0.088398710	0.082722709	0.082091726	0.115858108	0.090262629	0.115817934	0.109952986	0.105553322	0.099434108
905	7	8	0.097596645	0.101290569	0.104292072	0.095582411	0.096171811	0.092454605	0.106107488	0.105136074	0.108318470	0.093049854
906	7	8	0.109115988	0.093464725	0.089202054	0.078943349	0.104106471	0.100866862	0.101403981	0.096460722	0.120836958	0.105598897
907	7	8	0.097572081	0.085545301	0.086845569	0.098748527	0.095157526	0.087154001	0.113896109	0.106826544	0.120222501	0.108031809
908	9	8	0.102499187	0.090210661	0.082187839	0.102747075	0.096863464	0.084384568	0.109020427	0.106668748	0.115155265	0.110262804
909	1	0	0.110915691	0.083875559	0.099443704	0.088485107	0.104789108	0.099760830	0.110750757	0.090706773	0.107829176	0.103443347
910	5	7	0.104291707	0.092770979	0.101800919	0.100796364	0.096076794	0.091452673	0.102665253	0.105897158	0.102552004	0.101696201
911	4	8	0.111986302	0.082309835	0.081330284	0.081812829	0.111645691	0.085227735	0.103808649	0.106701277	0.121340223	0.113837086
912	8	8	0.105962053	0.081075408	0.091753274	0.097568817	0.106098332	0.084832549	0.097850680	0.103577174	0.129723132	0.101558626
913	8	8	0.115905493	0.089172073	0.087727882	0.095242567	0.099514499	0.079603918	0.092667319	0.113208443	0.130644917	0.096312888
914	8	8	0.102602452	0.093235336	0.092117496	0.102284871	0.099974781	0.086104028	0.102340043	0.100843243	0.116998538	0.103499278
915	0	7	0.103558950	0.085568793	0.093644872	0.088482417	0.103789441	0.093626648	0.113907583	0.114486702	0.107697159	0.095237508
916	3	0	0.129271016	0.078094468	0.095292218	0.075996280	0.103181653	0.101871558	0.105995446	0.090977810	0.114956953	0.104362614
917	3	0	0.128794178	0.079851098	0.086613931	0.074367769	0.101885661	0.107827231	0.100483991	0.080193892	0.124827459	0.115154743
918	6	8	0.122622602	0.079985864	0.090347119	0.073189624	0.109303281	0.100275643	0.111037605	0.083447218	0.123900093	0.105890945
919	1	0	0.122150436	0.087227851	0.097374745	0.079090856	0.104770876	0.108007535	0.103665054	0.088176250	0.107573919	0.101962440
920	1	0	0.110759579	0.089938737	0.095630780	0.091567568	0.105713129	0.097275808	0.099388503	0.097029336	0.110131629	0.102564871
921	9	6	0.109037913	0.086041585	0.086824521	0.090889983	0.098654211	0.094111010	0.118556887	0.109974094	0.112245396	0.093664348
922	4	8	0.121221378	0.081866220	0.077831469	0.078065887	0.095157705	0.103187867	0.080140129	0.090870418	0.147023007	0.124635905
923	8	8	0.095360957	0.086170830	0.093922406	0.104632534	0.107635945	0.085440896	0.110013142	0.106919259	0.114622518	0.095281579
924	6	8	0.111797407	0.086771123	0.090190783	0.084820464	0.109382130	0.088887624	0.095725052	0.109306827	0.115626864	0.107491687
925	3	8	0.096274599	0.090052307	0.082981721	0.089829929	0.105072252	0.092546709	0.109032772	0.097451381	0.127071664	0.109686650
926	9	8	0.103692994	0.094935983	0.077084608	0.088238269	0.090699010	0.099775322	0.088739879	0.094659463	0.142204851	0.119969621
927	2	8	0.105320133	0.085425965	0.092253156	0.091233954	0.098689221	0.087272860	0.116289638	0.105531491	0.117667288	0.100316234
928	1	6	0.104323298	0.084670030	0.100665048	0.097457454	0.104515679	0.093585961	0.113839775	0.096197411	0.108637951	0.096107438
929	3	0	0.116172753	0.091660678	0.074491665	0.067388363	0.113456614	0.099204443	0.115766115	0.099132456	0.113213718	0.109513298
930	9	8	0.105704397	0.068782300	0.104722224	0.101818323	0.097339123	0.081431508	0.120414943	0.098597556	0.126322582	0.094867073
931	8	8	0.105286822	0.083953299	0.087150715	0.120969236	0.088162899	0.086190604	0.086963736	0.111295760	0.125446260	0.104580671
932	0	6	0.108027652	0.089641504	0.085915998	0.081546344	0.112879448	0.090710431	0.117796883	0.102925241	0.108109415	0.102447055
933	8	8	0.115151852	0.081620254	0.097299784	0.080477014	0.107061885	0.085852019	0.112526961	0.103813626	0.132505491	0.083691068
934	4	0	0.115499273	0.082177840	0.086142547	0.081339642	0.114613794	0.096104972	0.105998605	0.101454698	0.114168294	0.102500327
935	9	8	0.100979209	0.087773502	0.075940907	0.085103676	0.112046503	0.093218647	0.109572902	0.103072956	0.120767251	0.111524507
936	4	8	0.120602041	0.082412124	0.086467974	0.084640570	0.102934450	0.088928126	0.097597159	0.105208695	0.126809239	0.104399621
937	3	0	0.146393001	0.071346313	0.086964741	0.057738196	0.106240965	0.108528621	0.099348500	0.079986416	0.130198717	0.113254555
938	4	4	0.115901440	0.097660907	0.071528032	0.070559122	0.121908590	0.098163791	0.108913347	0.106182933	0.104750268	0.104431547
939	1	0	0.117407970	0.072298139	0.106169075	0.095904611	0.097105004	0.095859051	0.109133348	0.084789127	0.117082253	0.104251385
940	8	6	0.103575401	0.096502960	0.081759937	0.091970220	0.107665427	0.095238537	0.110897936	0.102163360	0.106294297	0.103931874
941	0	8	0.107508071	0.084308796	0.090386078	0.094416849	0.094507158	0.091050334	0.099953085	0.098865032	0.127544820	0.111459777
942	2	8	0.100994661	0.092625290	0.084030114	0.084300324	0.107524827	0.099160463	0.107007436	0.095527485	0.120409042	0.108420335
943	0	0	0.137530714	0.087392002	0.078353383	0.062013008	0.109869301	0.102388620	0.095516875	0.101570986	0.126607031	0.098758116
944	9	8	0.113738626	0.075068429	0.090626791	0.089749813	0.109783120	0.081610374	0.119505219	0.108738311	0.128988653	0.082190692
945	9	9	0.099839658	0.091311939	0.081278354	0.098499849	0.104886472	0.092654422	0.108486190	0.103358388	0.109709635	0.109975137
946	9	0	0.127901047	0.076948538	0.077017821	0.070975341	0.101921715	0.092168234	0.114757761	0.105931327	0.127721891	0.104656324
947	3	8	0.112131506	0.081290238	0.084591895	0.080791436	0.096561253	0.098102883	0.111099288	0.095620543	0.128404260	0.111406744
948	4	0	0.118258417	0.100077718	0.067553632	0.071613587	0.114524610	0.105175212	0.115251720	0.094888523	0.107786864	0.104869768
949	7	0	0.108310372	0.090913601	0.104535818	0.093361482	0.096216120	0.096557148	0.107057393	0.099208742	0.104920335	0.098918989
950	8	6	0.088890016	0.090700828	0.105135366	0.104659952	0.093057804	0.089913756	0.117245525	0.106394134	0.104767404	0.099235192
951	4	4	0.103623584	0.091786742	0.088321902	0.084760673	0.113201305	0.091289431	0.111538596	0.104347087	0.111712411	0.099418260
952	1	0	0.119369902	0.087159157	0.098843582	0.083949752	0.102288507	0.105984539	0.101128697	0.090016089	0.108257219	0.103002518
953	2	4	0.116217531	0.095088810	0.080797635	0.071895301	0.120442800	0.093638383	0.108697705	0.104221508	0.110462815	0.098537602
954	2	6	0.100361295	0.084150344	0.105034739	0.094499476	0.106111467	0.088848628	0.111547828	0.103077404	0.106253482	0.100115307
955	9	0	0.116006896	0.091301382	0.084602937	0.084608644	0.110950284	0.087355107	0.115695938	0.107347965	0.111140288	0.090990566
956	2	8	0.127251863	0.073570624	0.102399118	0.076129101	0.099201821	0.100491494	0.103954419	0.084856510	0.128418952	0.103726111
957	3	0	0.125993118	0.082465231	0.087547764	0.076585427	0.105022766	0.104759432	0.101403639	0.088553049	0.117756844	0.109912761
958	1	0	0.118022501	0.087460414	0.086773880	0.073986344	0.115605704	0.097660445	0.116871484	0.095589451	0.107536405	0.100493342
959	2	8	0.110496975	0.095263928	0.080944128	0.088816158	0.101627246	0.091151081	0.095023401	0.106464602	0.117253877	0.112958618
960	9	8	0.100994870	0.084615059	0.089795627	0.101937920	0.102095127	0.092497319	0.108247563	0.103787370	0.108374134	0.107655011
961	7	8	0.118401766	0.093726255	0.087619096	0.069450073	0.108465001	0.097274810	0.109444603	0.098548330	0.123139232	0.093930863
962	2	6	0.108338319	0.088793345	0.091226004	0.077760011	0.116645835	0.089462683	0.122432075	0.105716199	0.107378080	0.092247412
963	0	4	0.097280189	0.087458596	0.097544849	0.099342331	0.109558873	0.087194495	0.108739473	0.107856326	0.106070727	0.098954238
964	9	9	0.111880884	0.092999518	0.079905786	0.082558818	0.117172711	0.090671726	0.104338542	0.093506433	0.107619360	0.119346261
965	7	8	0.106834240	0.096675999	0.088448785	0.086016618	0.103214629	0.097704291	0.103572756	0.104288101	0.111808598	0.101436019
966	8	8	0.115117617	0.082812354	0.078586608	0.080121934	0.093106359	0.094399653	0.108086742	0.098372892	0.137430355	0.111965507
967	3	0	0.113080524	0.083461471	0.091987170	0.090748079	0.110411286	0.090239905	0.099992059	0.098844908	0.112016127	0.109218501
968	9	3	0.094577529	0.080432244	0.100461528	0.127948284	0.089737184	0.077381574	0.105217546	0.107487753	0.119133428	0.097622938
969	2	6	0.106767967	0.090470642	0.083037779	0.080042697	0.112270512	0.089980580	0.123267159	0.104243979	0.111696549	0.098222107
970	4	8	0.104839258	0.091455355	0.080729589	0.107036963	0.089533925	0.091515504	0.099655092	0.103640042	0.133147717	0.098446533
971	9	8	0.101311885	0.091281950	0.089694463	0.101635247	0.100706704	0.089643784	0.105991870	0.104590707	0.111439295	0.103704005
972	5	8	0.129380703	0.088839069	0.079898909	0.069552653	0.104145832	0.085171759	0.093194470	0.099482313	0.147692591	0.102641724
973	7	8	0.110713691	0.091134593	0.086275466	0.083042666	0.095729120	0.099530451	0.106638514	0.096829057	0.123314455	0.106792018
974	2	6	0.110507496	0.095265314	0.088306136	0.076801151	0.108396679	0.093109027	0.111485191	0.109004579	0.107555352	0.099569075
975	4	8	0.102599874	0.089140519	0.086228363	0.083846435	0.106739037	0.091953181	0.112132452	0.102947548	0.116919726	0.107492894
976	3	0	0.127880320	0.083899632	0.096697107	0.079526976	0.099591181	0.106833577	0.095940560	0.093188249	0.110864900	0.105577521
977	6	8	0.097400106	0.081046514	0.075441718	0.099182270	0.103695072	0.082751364	0.102228627	0.100593045	0.130978540	0.126682743
978	6	4	0.093763508	0.087211788	0.096840367	0.097853050	0.114577323	0.084475100	0.110169731	0.104254395	0.110574968	0.100279771
979	5	4	0.106393732	0.085759409	0.092464074	0.091973566	0.118116945	0.084116302	0.107448034	0.094792530	0.114896782	0.104038604
980	8	8	0.134327218	0.088949345	0.068476886	0.071572863	0.105337843	0.087811463	0.088726208	0.115233786	0.138245329	0.101319000
981	8	8	0.115105987	0.084103957	0.076082163	0.090986006	0.095600314	0.080857046	0.090771191	0.103380449	0.140544504	0.122568458
982	0	8	0.115539543	0.085854679	0.085222885	0.082000852	0.102397874	0.103122540	0.099639677	0.101317301	0.115703486	0.109201267
983	5	8	0.115462847	0.104750939	0.084998913	0.079287283	0.105933428	0.089828648	0.087753825	0.101291507	0.124040164	0.106652498
984	0	6	0.107256740	0.086146533	0.084533274	0.086371981	0.111223720	0.093233742	0.117467739	0.096792303	0.111116655	0.105857268
985	3	8	0.118129931	0.086318709	0.089416504	0.084881403	0.105681114	0.101426624	0.098736584	0.092500448	0.119254820	0.103653908
986	8	7	0.109184533	0.099050894	0.080961257	0.086134590	0.101855420	0.091286741	0.113320112	0.114745736	0.101761304	0.101699382
987	3	0	0.117602989	0.083423920	0.088766761	0.079292528	0.108347856	0.104793973	0.105768539	0.085883848	0.117215492	0.108904041
988	5	6	0.102707811	0.090285607	0.103011020	0.091910012	0.103332095	0.089668170	0.112136826	0.104741611	0.104118139	0.098088659
989	5	9	0.107395418	0.086447291	0.082941972	0.094817691	0.099141084	0.085905284	0.108618200	0.101924203	0.110779397	0.122029454
990	5	6	0.106682055	0.091825120	0.100011177	0.092357315	0.100879446	0.098499708	0.109890819	0.103005342	0.103399947	0.093449198
991	4	4	0.108014755	0.095268913	0.087462351	0.074996471	0.112582952	0.100577779	0.111991137	0.100425132	0.108249843	0.100430682
992	3	0	0.137024045	0.092527024	0.070129298	0.059893925	0.117155857	0.104568675	0.103869192	0.094305933	0.110138588	0.110387497
993	1	8	0.116062976	0.082612462	0.095024355	0.084097661	0.101671711	0.099862359	0.105502360	0.095873959	0.118343636	0.100948498
994	6	6	0.095089413	0.097754829	0.101914577	0.105681553	0.097405702	0.091221459	0.108423933	0.097149260	0.106064320	0.099294983
995	1	0	0.117879167	0.082926668	0.093623050	0.082451835	0.104634106	0.098853171	0.113623828	0.092770740	0.110581070	0.102656394
996	7	8	0.105415761	0.098532699	0.090383545	0.090416290	0.096867427	0.099879354	0.104428023	0.103862070	0.109258033	0.100956917
997	8	8	0.124172457	0.077476285	0.081799820	0.070254125	0.103748739	0.090638928	0.114136755	0.101495899	0.141376019	0.094900906
998	4	8	0.102804609	0.090295509	0.092837885	0.096227609	0.100631773	0.089909993	0.098106444	0.104871042	0.115219586	0.109095529
999	3	8	0.117594436	0.081918858	0.078380063	0.069580592	0.124052882	0.094612993	0.107791312	0.088515624	0.133439481	0.104113735
1000	9	8	0.104282051	0.079879485	0.084983654	0.121949740	0.087716267	0.079032741	0.101967931	0.112447634	0.126428291	0.101312257
1001	7	6	0.098533742	0.096193247	0.104597464	0.099600472	0.100444332	0.094297327	0.109392479	0.104767494	0.099474341	0.092699148
1002	5	8	0.115543090	0.096337646	0.085739300	0.074456595	0.099335708	0.096125171	0.096522138	0.098880053	0.134463653	0.102596641
1003	4	4	0.121692963	0.091358311	0.071979225	0.059883609	0.124491669	0.100021504	0.113441914	0.096224017	0.118302554	0.102604195
1004	4	8	0.122425377	0.083252437	0.089244366	0.070363015	0.100166075	0.103631869	0.101101205	0.103969730	0.125450119	0.100395784
1005	2	8	0.101515353	0.082528502	0.086282335	0.087619364	0.103132531	0.090723798	0.109116711	0.099446468	0.127665564	0.111969329
1006	2	4	0.102209263	0.095024005	0.099739231	0.090964757	0.107228629	0.088539638	0.106028959	0.105655462	0.106158175	0.098451994
1007	5	6	0.101709254	0.093081899	0.104349837	0.097683094	0.102340117	0.093491159	0.108570650	0.107809506	0.097598284	0.093366176
1008	8	6	0.106561594	0.101903193	0.075633861	0.077191085	0.111692183	0.095093414	0.114751384	0.109713919	0.102326177	0.105133161
1009	5	4	0.105876081	0.100129381	0.091577202	0.091138147	0.111528382	0.088169180	0.104015879	0.105756111	0.105741888	0.096067697
1010	5	0	0.109447166	0.095919795	0.096522957	0.093569130	0.095482461	0.096057564	0.104047321	0.099840865	0.105337322	0.103775397
1011	3	9	0.111998275	0.091678172	0.094197720	0.096402228	0.094031252	0.098157406	0.085715890	0.096633188	0.112551071	0.118634775
1012	5	8	0.105382279	0.094195068	0.081479169	0.096255541	0.098147064	0.085461549	0.100328349	0.103645772	0.121429317	0.113675840
1013	1	0	0.110994041	0.087183334	0.100297607	0.095457606	0.097176194	0.099552378	0.098321564	0.094276562	0.108897753	0.107842959
1014	0	6	0.102335617	0.088070370	0.091402411	0.081358202	0.111979797	0.087467737	0.122625954	0.103634886	0.108742669	0.102382332
1015	7	8	0.111338302	0.093087427	0.087003633	0.081090465	0.104164302	0.092491560	0.111604549	0.097480640	0.118776537	0.102962613
1016	5	8	0.101438873	0.082378365	0.107072555	0.108880252	0.088942371	0.078929633	0.090096325	0.107980169	0.128296807	0.105984725
1017	0	8	0.110836200	0.095886558	0.076001734	0.080865048	0.110002965	0.093780659	0.106035426	0.104976475	0.116271570	0.105343357
1018	0	8	0.105844751	0.084080897	0.081418999	0.090906017	0.103869088	0.089729741	0.108893141	0.105335504	0.128711462	0.101210445
1019	3	8	0.115239993	0.086604185	0.091997951	0.093333386	0.097274721	0.099541463	0.092503645	0.096140452	0.116005294	0.111358903
1020	0	6	0.098618634	0.088891312	0.088451363	0.085836016	0.113924846	0.088176772	0.114852980	0.114246048	0.113037914	0.093964100
1021	0	8	0.113450810	0.077362001	0.094656371	0.070863850	0.109391093	0.092978477	0.116807617	0.102046981	0.121329740	0.101113096
1022	1	0	0.117420137	0.086232342	0.096804470	0.086082354	0.105302677	0.099928096	0.105644934	0.092902780	0.108236216	0.101446040
1023	2	8	0.115835458	0.086000688	0.088663384	0.075749092	0.110220850	0.088286549	0.110658258	0.107059233	0.116622433	0.100904010
1024	8	6	0.090919800	0.093521722	0.097976349	0.104125425	0.105323613	0.087416530	0.118376262	0.098434843	0.109166801	0.094738707
1025	6	8	0.102262594	0.078064471	0.080875397	0.094985098	0.093486145	0.088600397	0.107188821	0.104181483	0.137786806	0.112568781
1026	3	8	0.100679286	0.083209254	0.100559108	0.108932778	0.098245874	0.080992267	0.097318679	0.106306650	0.116230592	0.107525550
1027	0	6	0.106983416	0.088475659	0.085752599	0.075191230	0.118834361	0.086591393	0.121700935	0.109298594	0.104063682	0.103108160
1028	3	0	0.118037887	0.084995382	0.093459316	0.092753030	0.102450557	0.100652859	0.098345533	0.089793377	0.110414408	0.109097734
1029	8	6	0.083373569	0.086626559	0.100660399	0.104987822	0.117471695	0.081668116	0.123161778	0.102634020	0.104089044	0.095327027
1030	6	0	0.114522137	0.086236924	0.093025237	0.081418127	0.113226674	0.097117275	0.111490190	0.096315369	0.108697653	0.097950436
1031	7	8	0.103631906	0.099569291	0.103091449	0.095319644	0.094373129	0.094964117	0.098765031	0.101701416	0.106501289	0.102082811
1032	2	6	0.106123023	0.087249629	0.082487002	0.082172439	0.114999950	0.089103945	0.123280950	0.104671083	0.113521829	0.096390173
1033	4	0	0.112058133	0.097580247	0.085786417	0.076546319	0.109925136	0.093875781	0.100370713	0.107238740	0.111949928	0.104668573
1034	6	6	0.102126159	0.088429898	0.084055200	0.077992983	0.121177487	0.088964902	0.126662388	0.100625001	0.107425377	0.102540575
1035	3	8	0.122946635	0.084524348	0.095938183	0.090303071	0.086915605	0.103548527	0.083841637	0.092992961	0.123277634	0.115711294
1036	0	4	0.112752974	0.088594958	0.080998868	0.074308552	0.127428249	0.088132702	0.124394499	0.102423079	0.103410728	0.097555429
1037	5	8	0.112636380	0.083321661	0.079893894	0.088430293	0.105273575	0.083267033	0.115766369	0.102672242	0.124051005	0.104687542
1038	5	3	0.091152623	0.099977717	0.084603667	0.112355292	0.096654676	0.090425245	0.102422349	0.103371114	0.107044347	0.111992978
1039	5	4	0.105758160	0.095307238	0.091894172	0.083763421	0.112699971	0.089317918	0.110656664	0.098013520	0.109904438	0.102684498
1040	0	8	0.114828259	0.084532224	0.082240932	0.066314653	0.113804311	0.080997668	0.117273055	0.117125995	0.127433896	0.095449023
1041	3	8	0.115278803	0.083216839	0.089697368	0.090836972	0.100732826	0.098299935	0.100866131	0.092874296	0.118046328	0.110150538
1042	0	6	0.099911399	0.082646966	0.093817860	0.092052177	0.105166771	0.079543769	0.125444666	0.110197216	0.111185744	0.100033492
1043	1	0	0.116510227	0.087845258	0.094951786	0.083350658	0.103921607	0.102562703	0.108119346	0.092268124	0.107574224	0.102896050
1044	2	0	0.126848370	0.092903450	0.080622181	0.061160106	0.122265540	0.099994056	0.122511715	0.102052093	0.105816573	0.085825957
1045	6	0	0.115342319	0.094108418	0.094006374	0.093539074	0.093610398	0.093367852	0.096326843	0.104918234	0.112060435	0.102720000
1046	9	6	0.106257021	0.091556132	0.090063155	0.090128176	0.104863264	0.090748556	0.115854189	0.110783271	0.106602043	0.093144171
1047	1	6	0.113533132	0.085241072	0.092232741	0.077066913	0.114199020	0.097123466	0.118142582	0.093782619	0.107243650	0.101434767
1048	5	7	0.101921141	0.094299823	0.102225423	0.104647525	0.093393683	0.092797153	0.101915106	0.105244264	0.102721013	0.100834824
1049	5	9	0.100536220	0.091717340	0.085903898	0.094292715	0.106603168	0.082785055	0.109955855	0.101339407	0.112747826	0.114118539
1050	5	8	0.122542366	0.092033647	0.091807298	0.091203637	0.092602842	0.087075986	0.086046182	0.111036167	0.123496786	0.102155142
1051	8	6	0.114598386	0.094843872	0.076538108	0.068314463	0.116608329	0.095625706	0.118103325	0.103356041	0.114580736	0.097430974
1052	3	0	0.117279597	0.082397446	0.097428367	0.089003690	0.111530967	0.093340702	0.099739261	0.098359883	0.109658279	0.101261936
1053	0	8	0.110186234	0.083007812	0.093491957	0.096281871	0.098923653	0.094617404	0.101533994	0.098671339	0.118240073	0.105045654
1054	5	8	0.117754705	0.091907375	0.095078379	0.081552967	0.105486795	0.084389664	0.096905716	0.103487775	0.127296612	0.096139960
1055	6	8	0.097884767	0.095538035	0.098916613	0.106869444	0.093787611	0.089586012	0.088597640	0.109413944	0.110912405	0.108493455
1056	8	8	0.106424034	0.076688290	0.093214951	0.097564772	0.105537213	0.079119161	0.106120013	0.101407364	0.136176348	0.097747982
1057	4	8	0.107124865	0.087878078	0.084244050	0.083643265	0.108316123	0.095318601	0.100645982	0.098310135	0.123724833	0.110794082
1058	6	8	0.104172595	0.091269627	0.088522434	0.089802690	0.106955081	0.090533532	0.103621416	0.102276169	0.113749586	0.109096847
1059	8	6	0.121895202	0.098542243	0.062446311	0.061796144	0.121440679	0.094911858	0.129703507	0.110283129	0.101465635	0.097515233
1060	7	6	0.111831963	0.090455636	0.097877622	0.093670435	0.099192433	0.094108082	0.112743281	0.098516144	0.108273171	0.093331277
1061	6	6	0.109136857	0.075523734	0.083624944	0.079034813	0.107220694	0.091702767	0.125602871	0.101930328	0.119296506	0.106926449
1062	0	4	0.096634910	0.093426377	0.097001873	0.085995592	0.120846286	0.082623348	0.119885385	0.109784983	0.100593574	0.093207635
1063	2	6	0.107418917	0.090777576	0.085816488	0.078897156	0.108993508	0.087483764	0.124454223	0.109868363	0.109911777	0.096378177
1064	0	4	0.105883874	0.101359762	0.097242557	0.076715432	0.112872049	0.094817795	0.110753387	0.106709786	0.100413159	0.093232214
1065	2	6	0.094207898	0.099840902	0.094947591	0.101295047	0.106300958	0.090687320	0.110056236	0.109147556	0.098676555	0.094839826
1066	8	8	0.109883197	0.091811851	0.072236717	0.103978075	0.098712139	0.085308619	0.092253819	0.105332494	0.131110728	0.109372385
1067	4	0	0.113726206	0.100112252	0.087546915	0.088589244	0.096594535	0.100481793	0.097706065	0.106729247	0.105537131	0.102976613
1068	7	8	0.100972824	0.088322550	0.082909971	0.094200104	0.105150029	0.086289920	0.114990078	0.101382047	0.120735154	0.105047300
1069	5	8	0.113696784	0.092189521	0.089117803	0.087233581	0.098662354	0.090498857	0.085817173	0.102371380	0.126863405	0.113549158
1070	6	6	0.101844378	0.087645471	0.097598962	0.090464599	0.108707346	0.087828562	0.111826040	0.106328577	0.107736155	0.100019939
1071	9	9	0.103987530	0.092935331	0.085021935	0.102765478	0.098100550	0.090562433	0.102583468	0.101154402	0.110738292	0.112150550
1072	0	8	0.095688894	0.088794820	0.067894660	0.091198735	0.100367695	0.088766277	0.109078698	0.103551842	0.131863341	0.122795112
1073	9	8	0.107607700	0.095037766	0.082220837	0.090945825	0.102577351	0.095942006	0.105639838	0.100758515	0.110409006	0.108861193
1074	4	8	0.112352066	0.084689714	0.073300451	0.071360826	0.114655949	0.098946445	0.105814554	0.092499569	0.132867575	0.113512889
1075	2	6	0.113943659	0.083948016	0.081674218	0.071591549	0.110685766	0.085706681	0.126065135	0.109896831	0.116498739	0.099989429
1076	1	6	0.112199530	0.083837710	0.092268109	0.081190430	0.112397619	0.096570961	0.117302202	0.093952350	0.110452168	0.099828936
1077	1	8	0.121204518	0.078029223	0.106223494	0.089562729	0.096632943	0.099955283	0.092785053	0.092304111	0.122637644	0.100664981
1078	2	6	0.109917268	0.095327653	0.080504641	0.076703787	0.116591297	0.091253482	0.120597020	0.104518078	0.106073633	0.098513119
1079	6	4	0.112849176	0.095196351	0.078436285	0.075940758	0.119274199	0.089455426	0.107986085	0.100077711	0.104916424	0.115867533
1080	6	8	0.115757346	0.096014872	0.086025991	0.076683298	0.112298980	0.092755966	0.099165067	0.097977340	0.120698161	0.102622978
1081	3	0	0.124540575	0.088907026	0.086350776	0.073510982	0.117675059	0.098874472	0.104924560	0.093023062	0.107011884	0.105181612
1082	0	8	0.108353622	0.082140014	0.091364108	0.090899110	0.098374411	0.086367369	0.113174155	0.105669521	0.120152496	0.103505105
1083	3	4	0.124406487	0.088802576	0.069836244	0.062759928	0.134974882	0.090538599	0.119825132	0.103324391	0.107119054	0.098412707
1084	2	4	0.120058529	0.097646751	0.065637402	0.063689239	0.126952618	0.103603773	0.108315550	0.099079944	0.112507410	0.102508724
1085	3	4	0.117987975	0.084958456	0.078053094	0.071862705	0.128966585	0.090446576	0.114180423	0.100712344	0.110926829	0.101904966
1086	6	8	0.118782520	0.080642551	0.069209471	0.063129909	0.112554379	0.100433834	0.114471585	0.087008223	0.134428605	0.119338877
1087	7	0	0.107573770	0.094206475	0.101765156	0.096353427	0.095571794	0.097628996	0.096685253	0.104199022	0.106120072	0.099896006
1088	9	8	0.115682967	0.074822873	0.093830749	0.090255782	0.096242294	0.091222726	0.107807912	0.097869419	0.127643377	0.104621790
1089	0	8	0.110690303	0.088194825	0.082431391	0.095013954	0.093583114	0.091362260	0.100214981	0.115555920	0.120606855	0.102346502
1090	1	0	0.119079031	0.082887709	0.098253779	0.084146924	0.101899162	0.100477025	0.101822786	0.092282526	0.114471041	0.104680076
1091	0	6	0.098503299	0.078730837	0.100030161	0.090755716	0.110391460	0.086352207	0.123635739	0.101748370	0.116718747	0.093133457
1092	3	8	0.120238304	0.080612868	0.078420311	0.072996363	0.106162019	0.105634302	0.107926019	0.087504737	0.127617136	0.112887919
1093	9	8	0.107320175	0.074417204	0.098916389	0.106744163	0.095244378	0.087149516	0.097295374	0.108387142	0.122748025	0.101777568
1094	8	8	0.090540506	0.087106384	0.087260291	0.105558135	0.101864435	0.082535952	0.110524088	0.107937299	0.115595624	0.111077294
1095	1	8	0.116192520	0.082201205	0.094871923	0.079358861	0.107807636	0.098526448	0.105699666	0.092045873	0.118866868	0.104428917
1096	9	6	0.105759427	0.095000453	0.069367893	0.083142877	0.113198586	0.093829490	0.116214976	0.098656334	0.113953531	0.110876456
1097	0	6	0.104012601	0.082136109	0.097224988	0.087333329	0.101493545	0.089412600	0.120096527	0.110501774	0.107550636	0.100237921
1098	8	6	0.114533298	0.099023692	0.084336050	0.068057820	0.121571921	0.090310894	0.125023678	0.103376217	0.100272864	0.093493536
1099	8	6	0.101080909	0.095807143	0.095612280	0.090412147	0.099592403	0.089629687	0.117214032	0.111329138	0.104543500	0.094778828
1100	3	8	0.102052696	0.096039124	0.078718074	0.090306632	0.107021913	0.100033782	0.101992697	0.092611700	0.118267313	0.112956084
1101	1	8	0.107347026	0.085339718	0.095196322	0.093313269	0.099719845	0.087505147	0.109123312	0.106061161	0.115014724	0.101379514
1102	8	6	0.110068083	0.070603877	0.110069975	0.090478703	0.101476260	0.084671929	0.129520774	0.098911896	0.120861061	0.083337508
1103	8	8	0.099662594	0.095634498	0.089047238	0.095164090	0.109084509	0.088287458	0.107150972	0.102923341	0.110859409	0.102185920
1104	9	0	0.137309387	0.067881651	0.075880468	0.060493112	0.125136495	0.088275447	0.113147601	0.097332343	0.131225929	0.103317671
1105	8	8	0.095420025	0.072558559	0.097905174	0.104242347	0.106145971	0.077480927	0.112751245	0.103958130	0.125830948	0.103706695
1106	7	8	0.105288975	0.095866233	0.093515426	0.091876037	0.105702221	0.098051436	0.102716893	0.098821498	0.106494941	0.101666264
1107	6	4	0.110785484	0.092130154	0.086042836	0.073876642	0.118738770	0.089234836	0.111651950	0.104709797	0.108847916	0.103981532
1108	0	6	0.099971220	0.072054543	0.086708419	0.086846225	0.108190849	0.086472042	0.135711372	0.093871474	0.132423192	0.097750649
1109	5	6	0.105270304	0.096975580	0.098665237	0.092352323	0.100318469	0.095791362	0.108620979	0.103392877	0.099711284	0.098901644
1110	6	8	0.111264691	0.090552554	0.089794628	0.094252795	0.096621007	0.088970974	0.089718707	0.106924921	0.124824472	0.107075222
1111	8	6	0.104014836	0.088603586	0.093425676	0.080207519	0.114946559	0.084463790	0.123124756	0.119525269	0.100993104	0.090694875
1112	4	4	0.120471865	0.098105974	0.080424525	0.062934376	0.123508789	0.093463555	0.112335995	0.102221757	0.112209097	0.094324075
1113	4	6	0.103871956	0.091258742	0.096178696	0.088844575	0.109503247	0.088831633	0.117747515	0.104328774	0.103338599	0.096096285
1114	6	8	0.119162560	0.081807733	0.097735077	0.070846818	0.110914014	0.092508137	0.108165190	0.102717601	0.122931823	0.093211025
1115	9	8	0.105710566	0.077913590	0.085874923	0.114211395	0.094613202	0.080730245	0.100889064	0.108123459	0.131028950	0.100904591
1116	1	8	0.112089127	0.087339975	0.079760969	0.071757391	0.100438789	0.105716482	0.102538273	0.095001422	0.129947007	0.115410618
1117	1	8	0.110278718	0.092916720	0.098114491	0.096085973	0.094834670	0.101138286	0.095631145	0.095223829	0.110731743	0.105044469
1118	6	8	0.094222195	0.086502023	0.088542446	0.109784082	0.101923406	0.084222861	0.097293913	0.105430208	0.124073349	0.108005494
1119	4	8	0.107791848	0.087355636	0.078873292	0.072880045	0.115685128	0.095396191	0.120409638	0.100661606	0.122747958	0.098198630
1120	8	7	0.109157987	0.094970465	0.081180140	0.081021428	0.109866150	0.096817814	0.106731527	0.110234544	0.109783664	0.100236230
1121	3	4	0.124266997	0.090689689	0.074631631	0.064372763	0.130393371	0.093948267	0.110804781	0.096084923	0.112134196	0.102673411
1122	4	4	0.105275869	0.094178446	0.091664918	0.074784406	0.125306532	0.087105170	0.119877391	0.102625646	0.109201506	0.089980096
1123	7	6	0.092969939	0.093403362	0.091483578	0.100488886	0.091313727	0.086548097	0.124775201	0.105478249	0.106407531	0.107131496
1124	0	8	0.090213217	0.076540448	0.082705930	0.112007692	0.101578571	0.073379405	0.121670835	0.105620354	0.121774316	0.114509299
1125	1	8	0.107173562	0.081634544	0.105643794	0.096310169	0.101242594	0.094580486	0.109792791	0.094056331	0.110952616	0.098613083
1126	5	6	0.103411160	0.088469498	0.085782558	0.097940490	0.104968913	0.086423807	0.112817802	0.109323867	0.106162600	0.104699366
1127	7	8	0.113078833	0.087030835	0.090338394	0.077997468	0.104750067	0.102176055	0.100180313	0.102847882	0.118128963	0.103471190
1128	0	8	0.115520306	0.090063900	0.082526669	0.092008062	0.090153813	0.093757056	0.086909652	0.107787922	0.127574340	0.113698244
1129	7	8	0.112343483	0.084795468	0.078008495	0.084315814	0.115735292	0.078467324	0.116540186	0.098282829	0.121856764	0.109654382
1130	7	7	0.098402560	0.099594004	0.102646828	0.102780238	0.098369345	0.096194975	0.101759687	0.103175834	0.100086451	0.096990019
1131	9	7	0.104927674	0.092938468	0.084423788	0.101619668	0.098911032	0.090901040	0.101275153	0.111096926	0.103209727	0.110696465
1132	4	8	0.111225344	0.083528027	0.087717935	0.097559154	0.092626214	0.086556025	0.091795631	0.109873533	0.128462881	0.110655241
1133	2	8	0.110501640	0.090965986	0.082834788	0.082167342	0.101954997	0.098251596	0.101164930	0.105878323	0.116295904	0.109984383
1134	9	8	0.110109285	0.078196898	0.093044125	0.106559314	0.092927732	0.086685084	0.108462319	0.099790886	0.121454731	0.102769606
1135	1	0	0.117333114	0.084840767	0.102251567	0.085866667	0.101082295	0.105465055	0.102081425	0.091691859	0.109017551	0.100369699
1136	8	8	0.099448614	0.078884833	0.086424425	0.130339786	0.079016834	0.083389327	0.085212126	0.111395434	0.133529082	0.112359621
1137	0	6	0.105783917	0.089231640	0.093641020	0.081966393	0.109812692	0.087286867	0.117091760	0.111997284	0.105501771	0.097686626
1138	4	4	0.117406048	0.087531991	0.075833082	0.064544007	0.124988288	0.092928693	0.121670239	0.106381491	0.106490754	0.102225401
1139	0	8	0.107425250	0.086482428	0.095418684	0.098900847	0.097707868	0.089923523	0.111845091	0.106051221	0.113673814	0.092571348
1140	9	6	0.108705245	0.090864852	0.092085399	0.090159014	0.097060129	0.086299561	0.124724030	0.114386775	0.109599404	0.086115621
1141	1	0	0.117857151	0.082126066	0.103352115	0.090336874	0.099919081	0.101064608	0.096944168	0.092410021	0.115512438	0.100477591
1142	8	6	0.126144424	0.085065894	0.072651476	0.062848404	0.104687892	0.091143027	0.134248897	0.110623628	0.121883377	0.090702951
1143	2	6	0.116001368	0.073851198	0.093904071	0.067575976	0.118171826	0.083584532	0.138105482	0.104706794	0.115591601	0.088507153
1144	4	8	0.102264628	0.078202136	0.093398057	0.107591107	0.092907771	0.081874013	0.093477160	0.110810637	0.131772235	0.107702225
1145	8	8	0.106035553	0.082344495	0.087270916	0.100854099	0.096658699	0.077552348	0.100491881	0.112295747	0.121649250	0.114847049
1146	3	8	0.102862097	0.088234819	0.080938891	0.080720715	0.113922313	0.094512150	0.114192739	0.093812652	0.124746792	0.106056876
1147	8	6	0.100304730	0.098247968	0.086002797	0.091379687	0.108376220	0.088120416	0.117088459	0.101852834	0.109769322	0.098857544
1148	2	8	0.105444267	0.095676273	0.088311642	0.090806931	0.098881431	0.090043031	0.095235035	0.105423361	0.117856644	0.112321407
1149	3	0	0.118156381	0.084063053	0.087656848	0.082192093	0.110005453	0.093673959	0.105410770	0.097687542	0.115716331	0.105437569
1150	4	8	0.106875464	0.086181298	0.097201139	0.086272776	0.108054176	0.092699371	0.109553486	0.102388367	0.112163976	0.098609976
1151	6	8	0.112118773	0.090438105	0.090514451	0.109742127	0.087772973	0.097628742	0.089100569	0.104801521	0.113807440	0.104075231
1152	6	8	0.100046881	0.093727201	0.097671881	0.096046895	0.103690952	0.086553261	0.107055224	0.103788435	0.110496789	0.100922495
1153	9	9	0.110011026	0.081174374	0.078053467	0.090734661	0.110419095	0.084513962	0.111670271	0.101856232	0.112702973	0.118863955
1154	0	6	0.099989466	0.078700155	0.099333495	0.099469900	0.104200982	0.080010310	0.124939471	0.105175972	0.110298924	0.097881332
1155	6	4	0.118250862	0.099441759	0.079796597	0.061716896	0.135612145	0.092044242	0.118251190	0.099781476	0.107411914	0.087692901
1156	9	7	0.105109833	0.098103091	0.083654381	0.096537262	0.107208513	0.089101560	0.105282135	0.108286858	0.104011431	0.102704920
1157	4	8	0.103140600	0.082096957	0.096010268	0.097471945	0.097714700	0.088591315	0.109525517	0.106051177	0.118206427	0.101191148
1158	1	0	0.130291507	0.080488555	0.083953716	0.062933177	0.105687700	0.110749967	0.102396116	0.080835514	0.125994280	0.116669469
1159	2	6	0.111582153	0.084179595	0.095228828	0.068974271	0.114316069	0.090937361	0.124248326	0.108146958	0.115832664	0.086553745
1160	8	8	0.098952517	0.093862683	0.090494074	0.099892162	0.105095908	0.087426752	0.109769642	0.105167225	0.110186458	0.099152632
1161	7	8	0.120607354	0.089411430	0.087379262	0.073342271	0.105508558	0.100015223	0.100194179	0.096090205	0.120708957	0.106742598
1162	6	6	0.106189311	0.095567673	0.091410898	0.085711405	0.103064828	0.095438875	0.110059857	0.103855878	0.106926478	0.101774886
1163	6	6	0.120705947	0.077786282	0.081654251	0.072815619	0.107811652	0.102950722	0.123406626	0.094111539	0.117146596	0.101610772
1164	8	6	0.091583036	0.094684936	0.101253435	0.101429418	0.104847603	0.082571529	0.114045173	0.110717416	0.107593395	0.091274112
1165	8	3	0.090445295	0.091057211	0.096111663	0.133265972	0.084601194	0.086535878	0.082087658	0.103927925	0.124354444	0.107612774
1166	3	0	0.131457001	0.083975859	0.091221116	0.078704253	0.107756495	0.101449318	0.095409825	0.092077032	0.113069512	0.104879536
1167	5	8	0.101527862	0.094122328	0.098939180	0.101311482	0.096125558	0.094086654	0.097466119	0.103082828	0.110068068	0.103269860
1168	9	3	0.096239343	0.083485834	0.098271854	0.127770290	0.096390620	0.080679655	0.094898283	0.104236774	0.114751317	0.103275962
1169	5	8	0.120083287	0.088231422	0.092743903	0.074605457	0.108701564	0.095308274	0.105491549	0.095980704	0.124111988	0.094741851
1170	8	3	0.094964653	0.091266319	0.100378811	0.113010004	0.098694392	0.085919209	0.105122969	0.106301673	0.104196548	0.100145422
1171	5	8	0.094034679	0.092777126	0.097659700	0.094844796	0.102220491	0.084122367	0.108822837	0.102749929	0.121921301	0.100846812
1172	7	0	0.112269051	0.088997193	0.087421991	0.078958765	0.110533543	0.097828031	0.108407624	0.104548015	0.111994214	0.099041507
1173	8	4	0.104907058	0.098697357	0.084403738	0.080813073	0.113423198	0.088717245	0.113099948	0.110023573	0.102024399	0.103890434
1174	2	6	0.112766549	0.095163614	0.078479633	0.076478809	0.114048168	0.099854879	0.117267042	0.104418367	0.101828173	0.099694796
1175	3	0	0.128107086	0.090854444	0.088324919	0.079771899	0.096871629	0.109537393	0.098143898	0.088952057	0.113329992	0.106106743
1176	4	8	0.109649897	0.086393729	0.086089149	0.082745448	0.107387044	0.091329046	0.105172850	0.107483461	0.117914021	0.105835356
1177	0	4	0.110719383	0.096620210	0.084284082	0.067402437	0.128728062	0.086161546	0.122802667	0.105714545	0.104816698	0.092750318
1178	6	8	0.119685240	0.083676532	0.085168034	0.079081297	0.105403572	0.104085885	0.103901669	0.088447124	0.121494807	0.109055862
1179	1	4	0.114306271	0.085861646	0.092681281	0.079017825	0.114550583	0.097554460	0.111968189	0.091235846	0.108744383	0.104079545
1180	5	8	0.095587999	0.088664442	0.092896171	0.092358984	0.103272632	0.091439314	0.103063732	0.106810823	0.113801070	0.112104833
1181	1	0	0.118813075	0.081174307	0.106474832	0.084829152	0.102763787	0.100544959	0.106675684	0.091432802	0.112449177	0.094842196
1182	8	6	0.100327708	0.089229338	0.093935847	0.098241448	0.096751444	0.093578778	0.115825437	0.099640705	0.111382023	0.101087198
1183	2	8	0.112365305	0.087352201	0.087451257	0.085072219	0.103571549	0.085442357	0.108988762	0.113263592	0.117932677	0.098560050
1184	6	7	0.105408765	0.095058151	0.083298102	0.091090813	0.097181045	0.091635518	0.104522243	0.113492616	0.113444507	0.104868263
1185	8	6	0.090060405	0.071346916	0.099404924	0.112026960	0.099258013	0.071872130	0.130283266	0.105812609	0.127811387	0.092123322
1186	0	8	0.109952047	0.080371328	0.088806354	0.084924906	0.103962913	0.082099028	0.115347922	0.115191624	0.119935811	0.099408038
1187	0	6	0.113249548	0.085238740	0.097128235	0.079716109	0.108053595	0.094598964	0.113710001	0.104874596	0.107207082	0.096223153
1188	5	8	0.107866272	0.088235542	0.090651549	0.104272857	0.090874530	0.086274296	0.080709726	0.104053751	0.130254328	0.116807111
1189	1	0	0.115342185	0.083885118	0.097411968	0.087023199	0.106615394	0.100900143	0.106109902	0.091151707	0.108611360	0.102948964
1190	4	0	0.111893773	0.096030742	0.082685508	0.089571446	0.098382726	0.096601233	0.106589191	0.106198505	0.105825685	0.106221184
1191	9	9	0.105022065	0.083509415	0.089008443	0.110048339	0.096561223	0.086199619	0.109116383	0.101416603	0.108353272	0.110764667
1192	3	8	0.122977383	0.079491481	0.083018012	0.074106723	0.124732010	0.089997992	0.111939982	0.085354529	0.124752462	0.103629373
1193	3	0	0.119308159	0.084842414	0.093780674	0.086398132	0.108963959	0.094459258	0.098581463	0.094118416	0.110944100	0.108603425
1194	3	8	0.113096997	0.074828707	0.107380077	0.096570730	0.096829914	0.093034163	0.101571970	0.092752285	0.119777098	0.104158126
1195	2	4	0.115469135	0.095308125	0.075728029	0.066861607	0.138014108	0.091785863	0.116495684	0.102494590	0.102191135	0.095651753
1196	4	8	0.115755901	0.087447442	0.077957273	0.072350852	0.112341933	0.095534414	0.113149039	0.094896108	0.120614983	0.109952062
1197	6	8	0.095615946	0.091234758	0.098166883	0.102104194	0.102068268	0.090236314	0.105949245	0.104541816	0.107943691	0.102138795
1198	1	8	0.111696057	0.085860029	0.096909821	0.093142070	0.103199840	0.097657830	0.098301083	0.093636036	0.113568254	0.106029019
1199	4	8	0.115426779	0.079992674	0.086213298	0.073219612	0.101396129	0.105628200	0.104505002	0.092313610	0.133572131	0.107732520
1200	8	0	0.123251013	0.092653185	0.077229276	0.069056608	0.099447638	0.100657977	0.116972357	0.103126802	0.118825048	0.098780088
1201	6	0	0.128666952	0.095139399	0.074595995	0.061611846	0.116452388	0.097296089	0.112462603	0.112359338	0.109357029	0.092058375
1202	0	8	0.110938951	0.086386956	0.084112711	0.082629800	0.110977739	0.087413408	0.105688266	0.110043153	0.115979947	0.105829023
1203	2	4	0.108930379	0.092191227	0.083476700	0.071796589	0.128526643	0.095207371	0.120833233	0.102023967	0.103298321	0.093715571
1204	2	8	0.114080012	0.092293829	0.087622873	0.081824049	0.111986451	0.087931357	0.102435559	0.106475309	0.118375100	0.096975528
1205	4	4	0.109748282	0.092060290	0.087481692	0.081056356	0.116749093	0.094218209	0.112108029	0.103216521	0.099590659	0.103770845
1206	4	6	0.111420162	0.087208241	0.095028438	0.074472792	0.110626280	0.093019225	0.120896570	0.101241678	0.113097630	0.092989005
1207	7	6	0.098452762	0.096876770	0.092545070	0.097272992	0.099229224	0.097879678	0.108479939	0.102606110	0.106360972	0.100296482
1208	8	8	0.103581354	0.089434914	0.082722597	0.077473775	0.102341570	0.091328047	0.126677394	0.107338794	0.127131477	0.091970056
1209	1	8	0.111003168	0.083889723	0.101059049	0.089928523	0.101834096	0.096957363	0.109032065	0.095606863	0.113430887	0.097258337
1210	7	8	0.110021546	0.093695611	0.082620203	0.088589221	0.102544323	0.096155584	0.109067924	0.098881453	0.111077085	0.107347004
1211	2	6	0.104393758	0.088421814	0.085536614	0.088460974	0.112832889	0.090099461	0.117999673	0.100545034	0.111160740	0.100549072
1212	6	8	0.109367333	0.086181521	0.093923211	0.093900792	0.106246449	0.087950177	0.106185041	0.100529112	0.116079129	0.099637181
1213	1	0	0.120209783	0.084479310	0.092331670	0.091088682	0.099406511	0.102147602	0.094194323	0.092264250	0.113867112	0.110010862
1214	0	6	0.107289463	0.084021240	0.094157614	0.090315856	0.103115208	0.089378744	0.114334330	0.110151298	0.110662945	0.096573234
1215	7	8	0.111348487	0.081142165	0.094996400	0.075252451	0.114287943	0.089599423	0.115523309	0.102590144	0.124950714	0.090308994
1216	4	8	0.108535156	0.085454419	0.097760446	0.087759331	0.111475475	0.090238072	0.112464212	0.095881514	0.114180684	0.096250623
1217	4	4	0.115993157	0.092116691	0.076978363	0.070203766	0.121809624	0.095699564	0.117542222	0.102841236	0.105530351	0.101284921
1218	2	4	0.114060633	0.094055392	0.078301370	0.068146132	0.132580712	0.093572266	0.114534564	0.101622902	0.102381684	0.100744352
1219	2	4	0.109964922	0.096481495	0.079286963	0.069334626	0.133133948	0.092422374	0.118039235	0.103264399	0.100109585	0.097962484
1220	7	6	0.105436064	0.092337258	0.098885193	0.089762695	0.104810484	0.095860749	0.112136096	0.103558578	0.101389013	0.095823772
1221	1	8	0.112146139	0.083336785	0.101651341	0.090575017	0.098371938	0.096835509	0.107211396	0.097999647	0.114731170	0.097141050
1222	8	3	0.087926961	0.090177089	0.097157910	0.141958147	0.087564774	0.080671787	0.074956596	0.104933433	0.126786560	0.107866712
1223	5	8	0.103905365	0.096062303	0.084032543	0.108843222	0.083736166	0.092010818	0.085841954	0.106905401	0.123854518	0.114807762
1224	8	3	0.093689151	0.076791354	0.097749159	0.126574382	0.095867872	0.076663390	0.103039272	0.102367558	0.124453261	0.102804609
1225	6	4	0.120310076	0.096941948	0.072617531	0.059697509	0.135577217	0.092029385	0.127601430	0.105544522	0.099791951	0.089888416
1226	1	8	0.118822992	0.082810976	0.090889066	0.085286684	0.100748919	0.093106084	0.103825212	0.096457720	0.122750223	0.105302140
1227	8	4	0.103603929	0.095685780	0.084905803	0.088936254	0.114419602	0.089947447	0.106334753	0.100924350	0.109911494	0.105330564
1228	2	8	0.108087368	0.092425250	0.088759691	0.098040700	0.096735455	0.094402887	0.098083273	0.105405666	0.114037998	0.104021713
1229	7	6	0.099480048	0.074940681	0.093181953	0.103810884	0.097940892	0.079736575	0.125974596	0.104812756	0.121641584	0.098479994
1230	7	6	0.106340349	0.094006732	0.103070319	0.094280414	0.100383230	0.096886352	0.107890777	0.102909848	0.102411970	0.091819987
1231	9	8	0.101063885	0.092896469	0.075925410	0.090444766	0.096841343	0.095488131	0.101629287	0.097140945	0.127415523	0.121154256
1232	7	8	0.109341420	0.096411727	0.088336691	0.084903345	0.104395419	0.096510187	0.104216784	0.103327803	0.109738939	0.102817729
1233	2	8	0.113412805	0.090163678	0.070323214	0.072920971	0.119408764	0.096045978	0.111738876	0.096370749	0.120291770	0.109323211
1234	1	0	0.115068085	0.088215724	0.095895998	0.081001975	0.106358178	0.103069320	0.110413574	0.092208982	0.107085451	0.100682646
1235	1	0	0.117641211	0.085664675	0.100944757	0.086327411	0.100856856	0.104966722	0.100469850	0.088067420	0.110923156	0.104137897
1236	1	8	0.120340772	0.080854349	0.083664007	0.073153637	0.099751480	0.108955488	0.106568970	0.084009238	0.129539952	0.113162003
1237	1	0	0.116438165	0.089534722	0.096777052	0.090393350	0.099702299	0.101317987	0.097319491	0.093703777	0.110196590	0.104616515
1238	2	7	0.105577491	0.093278423	0.093491912	0.088955514	0.100335233	0.091698773	0.106637888	0.110397823	0.107261248	0.102365777
1239	7	6	0.107105091	0.087764420	0.087581180	0.091901712	0.104274035	0.090970829	0.114568204	0.100541957	0.111246526	0.104046017
1240	7	8	0.088869400	0.085996360	0.077386849	0.122570522	0.101022184	0.084203593	0.106257357	0.096372843	0.126398489	0.110922433
1241	6	8	0.106840275	0.091028631	0.078510307	0.074401453	0.112300418	0.096683472	0.114653327	0.094277285	0.122027010	0.109277830
1242	2	0	0.122969784	0.091921531	0.076232575	0.069215313	0.122540295	0.091198862	0.099815257	0.107426226	0.112204097	0.106475994
1243	4	4	0.109854415	0.085847832	0.083394654	0.072426930	0.118695177	0.094297491	0.116960064	0.103076845	0.114699684	0.100746974
1244	1	0	0.112455644	0.085269839	0.099196889	0.092516452	0.101287887	0.098066315	0.105395585	0.093875729	0.109755315	0.102180295
1245	4	0	0.124604911	0.078253433	0.074612483	0.070778154	0.104268856	0.096029051	0.111272871	0.105643772	0.122860290	0.111676246
1246	1	0	0.113267079	0.087371305	0.098357610	0.094806582	0.097841591	0.100634873	0.098005213	0.095174275	0.107063599	0.107477829
1247	5	4	0.100079998	0.097044818	0.096362166	0.089874662	0.111403920	0.088819928	0.107656360	0.098646753	0.108008638	0.102102719
1248	6	8	0.105040923	0.084085479	0.093936868	0.089166082	0.110037327	0.086063921	0.113524742	0.101802468	0.114355378	0.101986818
1249	4	6	0.115060590	0.084866688	0.088815972	0.074213184	0.114908196	0.088668123	0.118364625	0.106353112	0.117024995	0.091724508
1250	3	4	0.117906168	0.086613692	0.079163045	0.070431069	0.120995283	0.086367197	0.118896522	0.104815431	0.116038725	0.098772839
1251	9	8	0.094883993	0.089904368	0.096321769	0.112501487	0.098185599	0.081444867	0.102180138	0.099607244	0.116687573	0.108282939
1252	2	4	0.110265844	0.089101873	0.085926518	0.082804903	0.114473596	0.091467910	0.111905769	0.107393526	0.108107798	0.098552242
1253	1	6	0.108268477	0.084627807	0.099191770	0.091023944	0.103844628	0.095623761	0.114705153	0.095738195	0.109692618	0.097283714
1254	9	6	0.095587090	0.082757846	0.097721636	0.113746785	0.099282168	0.079665244	0.117663518	0.107006170	0.107444875	0.099124588
1255	6	4	0.116011046	0.102290973	0.068120278	0.064316712	0.125964493	0.094043404	0.118722446	0.104392834	0.107431948	0.098705903
1256	7	6	0.111506417	0.090238184	0.100202151	0.094021551	0.099279329	0.096836284	0.113455251	0.100146815	0.103959948	0.090354055
1257	8	6	0.103425741	0.100858219	0.086201452	0.078860596	0.109254017	0.089645095	0.117077962	0.115815185	0.100629836	0.098231964
1258	3	4	0.117639564	0.090135552	0.077741027	0.070591956	0.125639945	0.097100534	0.108190708	0.091899864	0.113582931	0.107477926
1259	3	0	0.122792974	0.086738646	0.082503818	0.080224328	0.114760838	0.103104569	0.101939261	0.097779699	0.105889037	0.104266815
1260	3	8	0.123657927	0.078524731	0.084271632	0.073068693	0.108434275	0.101292506	0.114464067	0.081407875	0.129736751	0.105141543
1261	1	6	0.107449763	0.087345578	0.097228147	0.093694463	0.108461782	0.095154665	0.113475144	0.094887145	0.104862846	0.097440496
1262	1	8	0.111374550	0.085224815	0.087601736	0.073386796	0.099961750	0.106207378	0.111369528	0.089953288	0.126734570	0.108185627
1263	0	4	0.099593207	0.089777403	0.094797924	0.085812785	0.122365512	0.084941022	0.116477303	0.111767828	0.103637405	0.090829596
1264	6	0	0.121035561	0.094600998	0.077116817	0.076228440	0.105831996	0.101417206	0.104956120	0.106780805	0.105393156	0.106638849
1265	2	6	0.103233479	0.090917923	0.092153095	0.090968475	0.099720225	0.094062634	0.112504944	0.107703805	0.108400598	0.100334883
1266	5	3	0.094609283	0.104177162	0.094069369	0.113889381	0.094451621	0.091722883	0.084196866	0.105977178	0.107934438	0.108971871
1267	1	8	0.108850650	0.084188551	0.085449703	0.084029555	0.108471237	0.097424425	0.109840989	0.092638157	0.123999916	0.105106764
1268	3	8	0.112412699	0.087528192	0.092460930	0.097719632	0.091502912	0.100737222	0.093449950	0.094645493	0.117471538	0.112071328
1269	9	8	0.099112913	0.089027122	0.096076384	0.111363776	0.099387221	0.079294421	0.111597903	0.107670330	0.116305865	0.090164058
1270	7	8	0.115374118	0.094317995	0.083462946	0.074907251	0.102801867	0.102922186	0.102954179	0.095751204	0.121712551	0.105795726
1271	5	8	0.100663275	0.085088454	0.090235658	0.134019420	0.071489088	0.083259843	0.063808404	0.105614230	0.149955779	0.115865856
1272	1	0	0.108846918	0.088818014	0.098637477	0.094423756	0.102506027	0.098861158	0.106224209	0.092030801	0.107461460	0.102190234
1273	7	8	0.117307521	0.101685524	0.080148287	0.065146193	0.119826131	0.094771616	0.099290647	0.094193213	0.126094550	0.101536341
1274	1	6	0.107103668	0.083908260	0.098882481	0.092297114	0.108300172	0.093008123	0.113411993	0.095608965	0.109114490	0.098364711
1275	6	6	0.101931259	0.094269641	0.089597039	0.086190656	0.109980047	0.093701854	0.116938241	0.098691575	0.108290233	0.100409538
1276	5	0	0.108777203	0.095052846	0.094727702	0.098272748	0.092808686	0.096517369	0.101392671	0.100047797	0.108390614	0.104012452
1277	4	4	0.113844067	0.088144913	0.081420898	0.065354824	0.119994320	0.095524125	0.119486056	0.105335951	0.109473638	0.101421237
1278	2	4	0.106343940	0.092990927	0.086806878	0.078208879	0.121188924	0.091505267	0.120216668	0.105283238	0.105890743	0.091564566
1279	2	6	0.106551334	0.098584279	0.085083760	0.082700387	0.109297723	0.091292135	0.114808112	0.106163792	0.106229112	0.099289387
1280	4	8	0.125673145	0.082516819	0.082543619	0.072212838	0.110889055	0.099297479	0.104402892	0.088406086	0.128681198	0.105376847
1281	9	6	0.097370751	0.092478409	0.092304595	0.101804107	0.101107106	0.093355767	0.109620064	0.104594991	0.103971407	0.103392787
1282	9	8	0.106961131	0.087579623	0.090626329	0.091960274	0.101179823	0.083630107	0.115672275	0.109032772	0.122889139	0.090468548
1283	3	0	0.116132237	0.091080770	0.095623106	0.084812909	0.100990117	0.104689814	0.107564367	0.093687840	0.106557712	0.098861121
1284	9	6	0.103101298	0.086806118	0.102358051	0.105322637	0.099957369	0.078680448	0.122409262	0.109800264	0.109735787	0.081828795
1285	3	0	0.131495804	0.089100711	0.086501651	0.074812859	0.121459901	0.096683353	0.090461053	0.090684064	0.111076996	0.107723594
1286	1	8	0.124342315	0.081649348	0.089698762	0.071034186	0.097548328	0.114373796	0.094518743	0.078300156	0.130762011	0.117772400
1287	6	0	0.119882569	0.089201361	0.093675897	0.082451716	0.098477215	0.085794136	0.097180329	0.116211675	0.119178854	0.097946241
1288	4	6	0.109724484	0.095243558	0.091517940	0.069861487	0.120386221	0.087878257	0.120874710	0.103611708	0.112217635	0.088684015
1289	7	8	0.108251959	0.100631416	0.083362170	0.076638162	0.112038754	0.097993635	0.104653753	0.097535819	0.112535782	0.106358618
1290	4	6	0.119648546	0.090775512	0.080031551	0.067340091	0.116453156	0.094566084	0.120117880	0.117294610	0.103369817	0.090402715
1291	9	6	0.104198262	0.072912231	0.092360042	0.101734668	0.107222885	0.079575315	0.128900215	0.106549159	0.112076104	0.094471090
1292	6	6	0.100959137	0.093950622	0.095741466	0.085082419	0.110491462	0.089636385	0.113607511	0.105262883	0.107013471	0.098254673
1293	4	4	0.106544942	0.098748073	0.080471270	0.077640675	0.123335660	0.091150045	0.098107114	0.099706411	0.113673843	0.110621989
1294	2	6	0.105166771	0.076835483	0.100257821	0.085465863	0.109160453	0.081495754	0.120456330	0.111576959	0.116344444	0.093240060
1295	6	6	0.108001679	0.087675884	0.097096533	0.088101342	0.101979584	0.094465069	0.112213090	0.101969369	0.109900296	0.098597206
1296	7	8	0.117707886	0.089264713	0.086049750	0.071014151	0.106500976	0.100669526	0.107042469	0.098997183	0.118416555	0.104336828
1297	4	4	0.111374289	0.097387008	0.080080755	0.071898364	0.123948582	0.094317891	0.112185597	0.104625419	0.104679860	0.099502280
1298	7	8	0.106424794	0.085356638	0.096110404	0.087626487	0.102906778	0.093041711	0.111680649	0.103300422	0.122196712	0.091355406
1299	0	6	0.103010289	0.088547662	0.087729275	0.098895997	0.106017515	0.077938676	0.115800902	0.104601838	0.110116862	0.107340999
1300	2	8	0.103303231	0.092564121	0.093714602	0.099337429	0.095557921	0.092253648	0.100532167	0.105987661	0.109036885	0.107712448
1301	2	6	0.096957132	0.095195815	0.084374622	0.085638203	0.118287526	0.087455690	0.121316612	0.100592628	0.111229844	0.098951913
1302	9	6	0.098091364	0.086956196	0.101247869	0.110830918	0.098032497	0.081009105	0.113325328	0.107256129	0.108104892	0.095145710
1303	9	6	0.102175623	0.079402447	0.095061190	0.091472358	0.102725826	0.080625959	0.125858903	0.101062730	0.122650892	0.098964095
1304	4	6	0.097152092	0.085619859	0.104791857	0.092863485	0.105390929	0.083237059	0.119199179	0.108317129	0.111777209	0.091651231
1305	9	8	0.102346070	0.093177579	0.097466186	0.093683615	0.105603278	0.086445972	0.113275968	0.103318430	0.116849564	0.087833323
1306	1	0	0.119450971	0.087652102	0.097800180	0.089036986	0.099717312	0.104563572	0.094852768	0.091243058	0.107450090	0.108232990
1307	7	8	0.101745412	0.095771089	0.083036825	0.079507820	0.103396572	0.097783200	0.108113855	0.105232760	0.120907798	0.104504675
1308	7	8	0.108423360	0.089796327	0.090522259	0.080316260	0.098612517	0.101965092	0.102590479	0.091528960	0.127520561	0.108724184
1309	9	8	0.110813990	0.091092519	0.094657876	0.104657881	0.098560154	0.086609043	0.103465915	0.105184041	0.112457521	0.092501104
1310	9	8	0.119489774	0.082803637	0.084823616	0.086629212	0.101096198	0.093138069	0.102922864	0.101924375	0.122004077	0.105168268
1311	7	6	0.103350312	0.092087917	0.106052086	0.092577405	0.100169852	0.096539244	0.111985072	0.100627676	0.101437777	0.095172562
1312	5	8	0.118380368	0.097099490	0.092220567	0.084987819	0.094767332	0.091142848	0.089321144	0.103255741	0.123778284	0.105046399
1313	3	0	0.125121877	0.090979069	0.083565183	0.070473202	0.103544548	0.110288978	0.098413922	0.083092324	0.121674947	0.112845957
1314	1	0	0.109931163	0.087202191	0.099844739	0.094405264	0.100749888	0.097655997	0.106578559	0.095303409	0.105787642	0.102541111
1315	1	0	0.122808322	0.084221818	0.098603964	0.085693173	0.096048757	0.104603507	0.099821255	0.088742480	0.114457093	0.104999602
1316	5	0	0.131682992	0.082277268	0.068688639	0.061978381	0.121625893	0.096011467	0.110467367	0.099981479	0.110666461	0.116620027
1317	9	3	0.094381511	0.091460168	0.094554171	0.114108182	0.097470619	0.089701764	0.103695124	0.105094604	0.102511920	0.107021861
1318	1	0	0.120121956	0.084676549	0.090463839	0.088499680	0.100150980	0.098128080	0.101583324	0.093777366	0.115581967	0.107016250
1319	0	4	0.105536483	0.096277118	0.096284680	0.085795939	0.112422355	0.090275779	0.109358534	0.107340619	0.101763673	0.094944790
1320	9	9	0.104841210	0.095019214	0.083190531	0.098013543	0.105852328	0.090935715	0.098233968	0.105394177	0.106829911	0.111689463
1321	9	4	0.113473587	0.090145208	0.068080701	0.076001294	0.121595852	0.085171118	0.119688205	0.095745258	0.116753168	0.113345623
1322	1	0	0.115679599	0.084363572	0.101132594	0.085109003	0.102593414	0.105037004	0.105629846	0.088213399	0.110340513	0.101901054
1323	6	8	0.110370927	0.083081596	0.083465382	0.083989955	0.108245552	0.082851462	0.112659335	0.108580783	0.119583033	0.107172035
1324	1	0	0.122271396	0.083511107	0.094609477	0.072330818	0.107350416	0.106300630	0.107171215	0.087799616	0.116542965	0.102112398
1325	9	3	0.091864735	0.091597334	0.098540403	0.119113699	0.094785236	0.086354867	0.104899071	0.103239380	0.102983296	0.106621951
1326	2	8	0.109745778	0.083297141	0.096636653	0.084969848	0.111050062	0.084191762	0.111698791	0.103653848	0.114841811	0.099914238
1327	2	6	0.108611539	0.094124436	0.082657248	0.080686472	0.109262615	0.095843233	0.124164097	0.106677040	0.102815151	0.095158122
1328	2	8	0.102993995	0.087370299	0.092481881	0.114309952	0.082688630	0.086221047	0.083354257	0.111505046	0.126134887	0.112940058
1329	3	0	0.134520248	0.089864306	0.086914688	0.069523342	0.119439885	0.099040650	0.095591478	0.094719857	0.112664111	0.097721465
1330	0	6	0.100955829	0.084867701	0.079582743	0.089368470	0.114076123	0.085940324	0.121095277	0.100706697	0.119358212	0.104048610
1331	9	8	0.105064519	0.091182232	0.085454769	0.105151340	0.099941105	0.087399483	0.106460005	0.103015900	0.109934032	0.106396556
1332	8	0	0.124600202	0.089822926	0.078302853	0.071210764	0.102824360	0.098756850	0.114593484	0.102434359	0.112301081	0.105153143
1333	0	6	0.112944044	0.086174704	0.088817149	0.085825272	0.093711987	0.099771865	0.115809761	0.102304012	0.111684136	0.102957077
1334	3	0	0.119396389	0.080590069	0.089381769	0.081788026	0.107278250	0.093270384	0.110976681	0.101176053	0.113337874	0.102804355
1335	3	8	0.107198194	0.087255180	0.095670663	0.092327356	0.106146216	0.090626411	0.106506415	0.101884224	0.112973787	0.099411577
1336	8	0	0.129519254	0.085098036	0.069713622	0.072011776	0.125993684	0.090353876	0.116571277	0.102031000	0.107516505	0.101190969
1337	9	8	0.101006486	0.092471123	0.085541494	0.096316725	0.102853596	0.090943865	0.104092762	0.101292618	0.114332266	0.111149080
1338	9	8	0.097104371	0.079991661	0.094550215	0.109905846	0.104336105	0.079915218	0.112113968	0.103915073	0.112992443	0.105175145
1339	1	8	0.113546707	0.082411595	0.101705983	0.089297637	0.100907966	0.096819960	0.103757329	0.096243456	0.117124572	0.098184787
1340	4	8	0.125386432	0.077597253	0.075597852	0.086699709	0.098705545	0.089291789	0.095683552	0.107446373	0.134951055	0.108640470
1341	9	0	0.117925473	0.086603075	0.085517943	0.088314526	0.104006402	0.095176905	0.110945709	0.104652621	0.109573245	0.097284101
1342	0	0	0.110329390	0.090575896	0.088091679	0.083821312	0.107395351	0.095000021	0.110196427	0.106289260	0.106005736	0.102294922
1343	5	8	0.102447137	0.092270769	0.091149829	0.110599928	0.089161709	0.089315474	0.079821534	0.103165641	0.126955703	0.115112185
1344	7	8	0.106966518	0.090706527	0.092094846	0.084259935	0.102455944	0.101584494	0.105242223	0.098709568	0.114517771	0.103462122
1345	2	8	0.116574675	0.088611677	0.080919079	0.080754176	0.105662055	0.092178419	0.101087779	0.108015075	0.118170537	0.108026564
1346	3	0	0.124191456	0.083683774	0.088900842	0.078625716	0.104246333	0.097617909	0.102848016	0.095160007	0.113331467	0.111394562
1347	7	0	0.120602623	0.093803518	0.085602827	0.067446247	0.109856986	0.097767644	0.111818127	0.099902675	0.118129291	0.095070064
1348	9	9	0.106123701	0.093186386	0.088354290	0.108373486	0.095290340	0.091125406	0.096663065	0.105781682	0.106547438	0.108554207
1349	2	4	0.120318063	0.091901675	0.068451978	0.054578785	0.137170538	0.098609276	0.120738864	0.101864040	0.107043788	0.099322878
1350	9	6	0.107245363	0.092472509	0.099530503	0.090494223	0.102804162	0.087759294	0.112398773	0.105410174	0.107840911	0.094044104
1351	4	4	0.109399214	0.098077081	0.074379094	0.074398525	0.129396319	0.096292645	0.104128040	0.092887662	0.113051251	0.107990131
1352	3	4	0.117318645	0.081623055	0.094340615	0.078651436	0.120130874	0.089649640	0.111259021	0.097076073	0.113958053	0.095992602
1353	5	0	0.109730788	0.091583721	0.101935647	0.088800542	0.104348287	0.094088539	0.107496507	0.102053240	0.107060798	0.092901856
1354	5	9	0.103523672	0.094782457	0.088209242	0.113321863	0.087263480	0.093003504	0.085370146	0.106043972	0.111243561	0.117238082
1355	9	8	0.110202603	0.093694009	0.073115781	0.074639104	0.117070243	0.097257018	0.095721953	0.098860167	0.123071060	0.116368107
1356	9	8	0.097070433	0.100003242	0.074682325	0.111036502	0.087238692	0.094118074	0.073365375	0.098003902	0.140596315	0.123885140
1357	6	8	0.114844978	0.083739661	0.080399148	0.071472779	0.103759065	0.093536027	0.104992770	0.096217573	0.141544893	0.109493099
1358	7	8	0.110125475	0.094939016	0.085860178	0.084475189	0.099274322	0.100418635	0.102314740	0.101360083	0.116484657	0.104747660
1359	5	4	0.111926280	0.100761764	0.089501433	0.083791330	0.114203490	0.094810821	0.104632691	0.097630143	0.103558861	0.099183105
1360	1	8	0.111654662	0.078312054	0.102090247	0.092525877	0.098801978	0.095274165	0.110885955	0.095975123	0.116797790	0.097682044
1361	9	0	0.117653884	0.089293122	0.086224169	0.083569564	0.101749301	0.096966431	0.102997132	0.098901644	0.116669729	0.105974987
1362	6	8	0.111464791	0.084510304	0.081790149	0.076915540	0.100162454	0.101335391	0.114844345	0.093107767	0.124342635	0.111526586
1363	3	0	0.114158839	0.086081907	0.099178888	0.093646087	0.098345071	0.100856856	0.094827190	0.094442070	0.111249976	0.107213087
1364	1	0	0.116365157	0.086963609	0.095717430	0.085838959	0.103802323	0.100615412	0.102967791	0.091179512	0.109960087	0.106589645
1365	3	4	0.116403997	0.093837433	0.071936309	0.067663804	0.131464273	0.098012902	0.104849383	0.091002710	0.118352413	0.106476754
1366	4	8	0.111065947	0.089465983	0.093819268	0.082216613	0.105655842	0.092326082	0.106808707	0.108528681	0.112404890	0.097708002
1367	8	6	0.110369757	0.082638375	0.085515164	0.076259606	0.115410730	0.084615313	0.124225587	0.108384006	0.107627936	0.104953527
1368	5	8	0.095843874	0.079390205	0.092577852	0.104977630	0.096514530	0.079474799	0.107035235	0.106688112	0.127257958	0.110239781
1369	2	4	0.113992691	0.096437044	0.088084154	0.069028564	0.122894391	0.088557228	0.113042898	0.108079426	0.104299627	0.095583923
1370	3	0	0.116810374	0.082988538	0.101062082	0.090402372	0.096819267	0.105090134	0.097612485	0.092277773	0.110999204	0.105937719
1371	9	6	0.095753029	0.089609213	0.102052383	0.105632462	0.099346057	0.090757705	0.114162132	0.102774650	0.104829632	0.095082678
1372	8	6	0.106787816	0.097651444	0.088247932	0.090154171	0.104902491	0.092085324	0.111324251	0.099259585	0.107329428	0.102257587
1373	2	4	0.115579978	0.096066713	0.079922043	0.072595254	0.119060494	0.096582286	0.113930948	0.093593985	0.109004319	0.103663974
1374	3	8	0.116240293	0.077124141	0.082588524	0.074846476	0.104474917	0.103000328	0.109931640	0.086726457	0.134191066	0.110876173
1375	7	3	0.095617808	0.094970845	0.093540661	0.115597144	0.092368007	0.093420558	0.092571735	0.103907444	0.107871585	0.110134259
1376	4	4	0.109378897	0.095118016	0.082868978	0.081139423	0.114108369	0.093235664	0.102537051	0.101141177	0.111876547	0.108595900
1377	0	4	0.133181870	0.093277141	0.076557361	0.060640201	0.134355158	0.098688006	0.107727058	0.095266685	0.100662604	0.099643961
1378	6	8	0.111379437	0.081516422	0.084543645	0.077716678	0.110859446	0.085032865	0.113756299	0.098380297	0.136259675	0.100555271
1379	8	6	0.105322912	0.092301175	0.087808564	0.092103519	0.109289564	0.093331039	0.110028036	0.103173926	0.107387789	0.099253386
1380	4	8	0.109874174	0.086288683	0.089854173	0.085123360	0.110368319	0.086603574	0.107962556	0.103982866	0.113099828	0.106842466
1381	6	8	0.102403112	0.089457341	0.091790251	0.095149703	0.106751256	0.085517138	0.104155712	0.105411544	0.113355815	0.106008127
1382	2	7	0.097276695	0.104553610	0.098807521	0.102012791	0.094364420	0.094964765	0.099162892	0.104806468	0.103249878	0.100800924
1383	0	6	0.106449164	0.090686046	0.089997850	0.087538525	0.108691305	0.091754906	0.114448875	0.104824208	0.107448965	0.098160170
1384	3	9	0.115479395	0.086504653	0.081360772	0.083247602	0.111207746	0.088144779	0.102535605	0.099804737	0.114110015	0.117604703
1385	5	8	0.112753183	0.083764076	0.097850055	0.096738920	0.092567518	0.087789282	0.087613322	0.100910515	0.130690321	0.109322801
1386	3	0	0.124339819	0.090456702	0.078074984	0.073659435	0.111032657	0.090504207	0.101518057	0.106557429	0.113568649	0.110288121
1387	8	6	0.109042689	0.089772336	0.082837962	0.088183470	0.109224886	0.093029216	0.116734870	0.097421572	0.111069933	0.102683015
1388	5	8	0.117972463	0.082420200	0.093234472	0.092299357	0.092604481	0.087482095	0.081406191	0.103366330	0.140406564	0.108807817
1389	5	3	0.094693989	0.088696830	0.099150531	0.114453845	0.094728097	0.084552966	0.103467368	0.108064443	0.107501946	0.104689963
1390	4	8	0.104619063	0.100285873	0.094088987	0.091546007	0.100869797	0.094775073	0.092221901	0.104699738	0.109725296	0.107168220
1391	2	4	0.110188589	0.093461506	0.082247324	0.072665349	0.131311983	0.090842813	0.118857048	0.103504263	0.099703632	0.097217463
1392	3	8	0.122621544	0.081670336	0.085396528	0.076329567	0.094229132	0.109855004	0.104036637	0.079901651	0.133521900	0.112437665
1393	6	8	0.112876423	0.082666777	0.084289409	0.075431272	0.100335158	0.095920600	0.110942490	0.093209110	0.133910581	0.110418208
1394	7	3	0.093961053	0.092917033	0.097650170	0.112463482	0.095432222	0.089973561	0.097551137	0.102393739	0.108239427	0.109418221
1395	0	8	0.103911094	0.086843014	0.081954665	0.084597006	0.108417600	0.092621043	0.104198650	0.099204786	0.126651913	0.111600183
1396	4	4	0.113700300	0.091903836	0.089293599	0.069013029	0.118283272	0.095856644	0.116680808	0.102052927	0.107220285	0.095995292
1397	5	0	0.130287260	0.084378146	0.090165839	0.078022346	0.094838828	0.100787379	0.098123178	0.103007399	0.123687118	0.096702412
1398	9	6	0.100684121	0.094469160	0.106592156	0.095324025	0.103709280	0.086313881	0.117759280	0.104015663	0.106648050	0.084484354
1399	3	0	0.113505565	0.086721219	0.091829963	0.094235584	0.102249376	0.096759588	0.094836041	0.096613064	0.112996571	0.110252999
1400	4	4	0.093719400	0.094062753	0.092599392	0.095000044	0.118835211	0.084618747	0.112926297	0.097220756	0.110839583	0.100177854
1401	9	6	0.096073538	0.082737803	0.098243974	0.104155667	0.102901749	0.085780546	0.116926499	0.097939745	0.114770353	0.100470148
1402	5	4	0.105611019	0.097379372	0.101491190	0.088422999	0.109614976	0.089971408	0.104326226	0.107580446	0.102653861	0.092948489
1403	7	0	0.119646206	0.091471277	0.085656770	0.068944938	0.105694152	0.103257172	0.105294310	0.097114980	0.118135378	0.104784898
1404	4	6	0.102276221	0.089066096	0.080837704	0.078206815	0.121087275	0.086955272	0.132323712	0.098522134	0.108314514	0.102410220
1405	0	6	0.104497649	0.075309910	0.093984857	0.084347598	0.110237956	0.079485156	0.134513035	0.105627865	0.117090106	0.094905868
1406	8	0	0.118902497	0.103296697	0.083569191	0.069196284	0.118658394	0.095796861	0.110137291	0.102172591	0.100041158	0.098228969
1407	0	6	0.098261341	0.092372648	0.102597944	0.093456991	0.098431744	0.089077555	0.110782512	0.109209619	0.107241057	0.098568507
1408	6	4	0.107713975	0.093351692	0.085834213	0.069990113	0.129156232	0.083083563	0.124889560	0.104837745	0.106799908	0.094343014
1409	1	0	0.112398021	0.088304631	0.097763173	0.089022413	0.102614313	0.102191404	0.104473881	0.092627190	0.107398562	0.103206396
1410	4	0	0.125145048	0.085103504	0.085377373	0.058287669	0.120947175	0.090452097	0.124397121	0.109272525	0.117623642	0.083393760
1411	4	8	0.103787534	0.098730020	0.091054924	0.103313118	0.085853890	0.091104373	0.080020979	0.107643895	0.121059358	0.117431901
1412	9	8	0.096302748	0.089408010	0.093283877	0.107061535	0.090727493	0.085814662	0.110487171	0.107978210	0.113401495	0.105534874
1413	8	8	0.121899821	0.080177300	0.086752750	0.070125245	0.096456788	0.095473580	0.113687694	0.102432981	0.136240199	0.096753627
1414	7	3	0.086159408	0.087245852	0.098526269	0.123381898	0.089182571	0.078484260	0.120970748	0.104786210	0.109048195	0.102214597
1415	3	0	0.119959630	0.088860475	0.087611072	0.077598169	0.114364736	0.102555558	0.103452787	0.089725435	0.111282982	0.104589075
1416	0	6	0.108000711	0.094764225	0.093763798	0.073018223	0.116625182	0.089281701	0.121393889	0.111601777	0.101291306	0.090259202
1417	1	0	0.113772541	0.086310767	0.098182790	0.090680271	0.101592697	0.099767879	0.106746510	0.093448192	0.105478086	0.104020283
1418	9	4	0.116069466	0.085054465	0.076577887	0.080128074	0.121987671	0.092913106	0.116139404	0.097515620	0.109568655	0.104045667
1419	0	6	0.109014392	0.076377012	0.091641337	0.086779118	0.115521953	0.089742638	0.126705617	0.093375973	0.113684572	0.097157389
1420	4	6	0.101690315	0.078392707	0.089693338	0.080540724	0.122056611	0.082216054	0.130428731	0.102840446	0.114186727	0.097954370
1421	7	8	0.113905385	0.094378881	0.088925056	0.071542561	0.103915066	0.098473318	0.106926657	0.095649548	0.128414094	0.097869441
1422	9	0	0.124822944	0.080019504	0.085841127	0.082316153	0.110751741	0.092679836	0.105846696	0.106736340	0.108198933	0.102786615
1423	8	8	0.106847316	0.072182365	0.093935944	0.096018724	0.103843078	0.079537779	0.113935418	0.101741754	0.127547413	0.104410179
1424	4	4	0.112192102	0.095338859	0.084451132	0.082891516	0.113581538	0.092432708	0.106646076	0.104405388	0.110720135	0.097340547
1425	0	6	0.113398485	0.084861346	0.080433100	0.073295653	0.119869180	0.084564924	0.125194907	0.112639174	0.105102278	0.100640945
1426	3	0	0.113628760	0.089006394	0.093192108	0.091714740	0.109011941	0.092216469	0.102203250	0.099886730	0.107904300	0.101235271
1427	7	8	0.104944132	0.094049193	0.093494415	0.091063000	0.102538750	0.097387947	0.105022401	0.094571970	0.113129944	0.103798218
1428	2	0	0.126003996	0.086528651	0.086920872	0.060204778	0.113395713	0.099232741	0.118334711	0.104318179	0.116201364	0.088858932
1429	5	8	0.118883908	0.100065731	0.084000848	0.071177803	0.120429866	0.085166521	0.098807074	0.102102838	0.122198962	0.097166419
1430	8	0	0.137682945	0.100284174	0.069137760	0.046732657	0.121174730	0.094384283	0.127364784	0.113857232	0.104417406	0.084964007
1431	0	6	0.112450868	0.083971731	0.088143267	0.074346393	0.113447376	0.091766097	0.115874931	0.112322159	0.109835371	0.097841717
1432	8	4	0.109422021	0.098087266	0.081899114	0.085765518	0.113436043	0.093957379	0.105180845	0.098368011	0.111137487	0.102746397
1433	0	6	0.105914757	0.088314265	0.090531103	0.081429027	0.117744036	0.089152642	0.117754705	0.105247870	0.108886182	0.095025390
1434	5	3	0.097036548	0.093316711	0.094742171	0.114416942	0.094759859	0.085712545	0.094397262	0.105197683	0.113536850	0.106883422
1435	3	8	0.111173242	0.088778540	0.073131271	0.082787097	0.120643586	0.089495473	0.101021335	0.095904976	0.123049960	0.114014491
1436	1	0	0.131507620	0.090055197	0.083353534	0.061750833	0.111618407	0.107389301	0.101509817	0.086110011	0.120710321	0.105994977
1437	0	6	0.102559462	0.089060292	0.104624934	0.078068338	0.111185849	0.089679196	0.123363592	0.110832125	0.106372148	0.084254064
1438	0	6	0.102128126	0.081473619	0.101226769	0.087784991	0.111116990	0.082397610	0.126859978	0.109088011	0.106564730	0.091359176
1439	1	0	0.111214854	0.085997410	0.099230692	0.091122203	0.104088306	0.098507315	0.109156176	0.094974056	0.107289501	0.098419592
1440	7	6	0.102858864	0.094991244	0.100068450	0.100647718	0.098807149	0.096831024	0.104421057	0.103067800	0.102883048	0.095423624
1441	5	8	0.109503895	0.090455510	0.078563198	0.078315884	0.113470048	0.093766965	0.115444981	0.093107872	0.116105959	0.111265711
1442	2	8	0.110057749	0.085347459	0.085458808	0.100748144	0.096623823	0.084395193	0.085628025	0.111813612	0.125986427	0.113940813
1443	8	6	0.102574132	0.086082004	0.089781441	0.094371617	0.112594999	0.079804592	0.117762364	0.103919357	0.111795813	0.101313680
1444	3	4	0.100381158	0.088571072	0.076934472	0.079606034	0.122349873	0.095646031	0.114190519	0.095535398	0.120095186	0.106690302
1445	1	0	0.125126183	0.081216671	0.090475596	0.073312871	0.102042891	0.107436553	0.104736276	0.080140635	0.123485938	0.112026401
1446	0	6	0.103086263	0.084292442	0.092407323	0.083102219	0.112751186	0.081239522	0.126072854	0.116808034	0.108281493	0.091958657
1447	0	8	0.106780723	0.088358998	0.085541874	0.088696055	0.100049838	0.093686774	0.104130022	0.105396047	0.123145014	0.104214557
1448	0	8	0.115623415	0.077584319	0.099773683	0.082415126	0.100450553	0.090322547	0.110083677	0.104786448	0.119125985	0.099834181
1449	7	6	0.108313143	0.091523618	0.100070007	0.089974992	0.101178788	0.096508995	0.110695072	0.098312274	0.109167479	0.094255619
1450	7	8	0.118538752	0.086736090	0.088856116	0.072905250	0.105723463	0.098515280	0.109718472	0.098112576	0.122856505	0.098037459
1451	4	6	0.113886453	0.076476708	0.078272648	0.083159871	0.113279179	0.082965747	0.129656732	0.107240483	0.113456436	0.101605766
1452	5	6	0.112973593	0.072286226	0.086870641	0.088523604	0.104881123	0.082054242	0.129962206	0.101638108	0.122111768	0.098698549
1453	6	4	0.135856733	0.091050535	0.056423116	0.045746457	0.142269209	0.090825431	0.118856207	0.089881666	0.126588061	0.102502629
1454	8	4	0.106036097	0.096470743	0.085539579	0.080088444	0.121430919	0.087994426	0.111764140	0.108037055	0.102782957	0.099855520
1455	6	8	0.101284668	0.086435594	0.087062441	0.093371727	0.101347923	0.096119463	0.110740907	0.101572104	0.117429510	0.104635574
1456	1	8	0.109546527	0.083816856	0.100110069	0.094674096	0.102808088	0.095885493	0.109207630	0.094215177	0.109668285	0.100067727
1457	8	8	0.121339761	0.081773691	0.078763448	0.073863804	0.104354061	0.095872492	0.112088792	0.107590124	0.125360236	0.098993547
1458	9	8	0.094544478	0.098740883	0.082872033	0.098037817	0.102829069	0.095414720	0.105722629	0.104023241	0.111863285	0.105951883
1459	1	0	0.109907046	0.089233540	0.101039462	0.092382461	0.099001795	0.102147393	0.106007837	0.093287632	0.105871871	0.101121023
1460	1	6	0.116918154	0.078926228	0.092762172	0.074838512	0.112154566	0.095787406	0.117385276	0.093163438	0.117261559	0.100802653
1461	5	8	0.112191543	0.087976120	0.093503572	0.092293344	0.108159877	0.087564781	0.099892825	0.098643966	0.116054147	0.103719778
1462	3	4	0.105744906	0.087796420	0.091747485	0.081127658	0.117062829	0.098075069	0.110808574	0.090499796	0.117026746	0.100110397
1463	2	4	0.115523078	0.092277206	0.076890193	0.068354256	0.124570347	0.095754318	0.116591252	0.103382282	0.105144419	0.101512626
1464	5	8	0.107416384	0.091377534	0.103223018	0.092554115	0.100876898	0.086715609	0.097116619	0.103868984	0.119261697	0.097589128
1465	8	0	0.129108846	0.087119266	0.078622386	0.065973558	0.105744585	0.098291956	0.110397160	0.104545884	0.116404757	0.103791595
1466	5	3	0.091553919	0.098154113	0.095966831	0.110586874	0.102296360	0.085180022	0.095841482	0.107967712	0.108411454	0.104041152
1467	0	8	0.110695407	0.072734363	0.086228333	0.105932869	0.085677877	0.082854114	0.091975503	0.111554720	0.133409381	0.118937425
1468	2	4	0.106839508	0.089287139	0.084553465	0.080442272	0.127500877	0.084272727	0.117730655	0.103922725	0.106368832	0.099081814
1469	3	0	0.125307575	0.085154124	0.094101854	0.076253146	0.120981492	0.097233690	0.098541141	0.091054723	0.113741577	0.097630732
1470	2	0	0.127669290	0.077795036	0.095655575	0.061201565	0.115434781	0.088546455	0.111895055	0.104448780	0.126601815	0.090751588
1471	5	8	0.104076363	0.086182617	0.093530677	0.104291692	0.096370123	0.092677139	0.102245480	0.105331190	0.110318892	0.104975730
1472	2	6	0.109127760	0.093903333	0.087081723	0.078122579	0.113726109	0.094729915	0.118862733	0.106781080	0.100522242	0.097142488
1473	4	4	0.107118331	0.096292339	0.087554403	0.076066613	0.113912366	0.092725389	0.108600460	0.110853352	0.109407283	0.097469486
1474	0	6	0.107283443	0.090826645	0.097916313	0.074717827	0.118449442	0.086144686	0.123633161	0.107040748	0.106637597	0.087350160
1475	9	8	0.105813608	0.095791407	0.076157942	0.085432574	0.103847839	0.092423931	0.087664716	0.101587377	0.135740027	0.115540542
1476	4	4	0.113291442	0.094946459	0.076232120	0.067216881	0.121502690	0.098600060	0.117950171	0.099601388	0.108790606	0.101868115
1477	7	6	0.103169538	0.093599781	0.099821724	0.096584275	0.101862498	0.095754504	0.110369973	0.105601236	0.098518863	0.094717607
1478	6	4	0.111035489	0.091179714	0.078811459	0.067581065	0.128262594	0.089654207	0.120315216	0.102723159	0.116509616	0.093927480
1479	7	8	0.104289629	0.094582513	0.102387674	0.095984682	0.093618676	0.091735691	0.099942379	0.101632059	0.113633677	0.102193035
1480	3	6	0.115250506	0.074868269	0.100415625	0.092410788	0.106009692	0.092789859	0.116235830	0.094151378	0.113049097	0.094818942
1481	6	8	0.106692389	0.092686079	0.094465993	0.103928961	0.090966471	0.091882177	0.091397680	0.103211142	0.118200257	0.106568843
1482	3	8	0.110127345	0.081708491	0.090167806	0.090546921	0.099148497	0.098327540	0.112102903	0.092320755	0.119122632	0.106427118
1483	5	8	0.102354243	0.096522324	0.089654207	0.090634398	0.097397149	0.094824784	0.099136181	0.109245762	0.113199085	0.107031800
1484	4	6	0.110315911	0.092207730	0.088356480	0.078333251	0.110515460	0.095582396	0.115044765	0.104595236	0.109478049	0.095570788
1485	4	8	0.101385400	0.085737079	0.086440936	0.097649105	0.108376198	0.084128670	0.093411103	0.103213102	0.124983057	0.114675380
1486	1	0	0.116588667	0.086304262	0.102190331	0.086275712	0.099357590	0.103550389	0.103412203	0.091252014	0.110647440	0.100421466
1487	6	6	0.111269705	0.089884676	0.092890784	0.087842889	0.100342728	0.091407493	0.111486323	0.110654600	0.107506044	0.096714705
1488	9	6	0.099606484	0.089950904	0.085525870	0.101215124	0.101297900	0.083432071	0.114747114	0.103891760	0.114537716	0.105795108
1489	7	4	0.109326340	0.094034255	0.094319649	0.083338663	0.111753993	0.097998492	0.110854082	0.105878226	0.101649873	0.090846524
1490	2	4	0.113828428	0.091648318	0.078317530	0.077125922	0.120505378	0.092145137	0.114654139	0.099748120	0.111883275	0.100143775
1491	3	8	0.097161256	0.077624083	0.087860473	0.099598952	0.103403464	0.086582266	0.119233690	0.098834902	0.125905514	0.103795432
1492	0	8	0.106540896	0.084935658	0.090910636	0.093484633	0.100890070	0.081056125	0.097424209	0.111918554	0.126824781	0.106014490
1493	7	0	0.114023693	0.092520915	0.096961588	0.082043000	0.103289291	0.099014461	0.111103766	0.105688550	0.105311386	0.090043478
1494	7	8	0.106256142	0.092550114	0.097701892	0.091180533	0.099146724	0.096855402	0.102529809	0.101439461	0.111930467	0.100409493
1495	6	4	0.110490896	0.092695549	0.081953034	0.074435517	0.121062912	0.089670621	0.115157261	0.096542649	0.116313130	0.101678431
1496	0	0	0.124889605	0.087683611	0.080152445	0.065729074	0.105671056	0.099170499	0.111305721	0.116339423	0.112718537	0.096339926
1497	6	8	0.108215198	0.098649450	0.083110169	0.082462005	0.105988406	0.097129218	0.094553649	0.104868680	0.113116607	0.111906625
1498	4	8	0.114723146	0.080024049	0.084180549	0.081367828	0.111939482	0.084067695	0.105430484	0.107846826	0.118341632	0.112078294
1499	6	6	0.114110254	0.082647473	0.096461423	0.076828465	0.114337988	0.086407512	0.122585014	0.106294014	0.111328848	0.088999078
1500	5	6	0.092811935	0.085529603	0.099209927	0.113105327	0.099550202	0.082332291	0.114290483	0.106389880	0.106011480	0.100768849
1501	9	8	0.098807849	0.084358431	0.096700430	0.111305997	0.096619591	0.084016241	0.107284427	0.102152169	0.119097002	0.099657938
1502	6	4	0.099047191	0.088078924	0.084663860	0.100296229	0.115287527	0.080520228	0.105052277	0.104722619	0.113804258	0.108526908
1503	0	8	0.107965022	0.083950043	0.084618464	0.083824292	0.100668207	0.081615195	0.113142334	0.111022338	0.131098136	0.102095969
1504	0	8	0.107872263	0.086745501	0.094812892	0.083127007	0.100115038	0.093933485	0.109090634	0.110603839	0.113433920	0.100265391
1505	1	0	0.113780469	0.087431572	0.100760065	0.092075646	0.100511067	0.100693427	0.102430746	0.094905756	0.106103942	0.101307325
1506	1	0	0.118692167	0.082393304	0.099703662	0.087464899	0.101729676	0.101956040	0.103544004	0.091178052	0.114071257	0.099266902
1507	3	0	0.125700191	0.086354807	0.082566433	0.071038768	0.110522613	0.100637071	0.103593506	0.087682739	0.123367287	0.108536527
1508	8	6	0.104525007	0.089289501	0.085496284	0.090931274	0.109632500	0.093289785	0.112509869	0.099541299	0.111156441	0.103628032
1509	5	8	0.110025354	0.097355038	0.096541338	0.080057152	0.107939184	0.089614369	0.109959722	0.107121989	0.113378637	0.088007264
1510	3	8	0.104029335	0.087613106	0.090590380	0.104917914	0.100279994	0.090040997	0.092960440	0.098537579	0.116783351	0.114246905
1511	8	6	0.105165601	0.090150781	0.099797346	0.085904598	0.108968027	0.087800533	0.122022636	0.107372276	0.102496319	0.090321995
1512	4	8	0.099087112	0.088879384	0.084684871	0.118448429	0.081195399	0.084898077	0.073623620	0.109408192	0.136711702	0.123063311
1513	3	8	0.122588024	0.088974819	0.080973059	0.071510524	0.094680116	0.113535337	0.102141589	0.085546747	0.124857605	0.115192212
1514	1	8	0.115928091	0.086967193	0.088415399	0.073011220	0.115879953	0.098156139	0.113203883	0.093990721	0.116871215	0.097576223
1515	8	3	0.092310339	0.090837434	0.097752310	0.117365025	0.095208190	0.089163780	0.103538454	0.104802780	0.108819045	0.100202635
1516	6	6	0.101895906	0.086709775	0.083286382	0.067020670	0.123388276	0.083693117	0.135818049	0.101491489	0.124258019	0.092438363
1517	7	6	0.104015596	0.094571956	0.099494785	0.088825263	0.099901006	0.096824482	0.109730951	0.102624007	0.108234435	0.095777474
1518	7	8	0.110754110	0.086689927	0.104204841	0.086241916	0.105419822	0.097027451	0.098862730	0.099264018	0.113060817	0.098474443
1519	1	0	0.118612446	0.085584112	0.104064785	0.085912094	0.101065002	0.104579628	0.102528237	0.089912966	0.108835235	0.098905541
1520	8	8	0.104406424	0.092750587	0.092091687	0.093051590	0.100613162	0.088544711	0.098280855	0.105810247	0.119143352	0.105307318
1521	4	9	0.109512463	0.096562572	0.084090002	0.084594354	0.108783968	0.094142303	0.098155215	0.107281953	0.107187532	0.109689683
1522	7	8	0.114104725	0.090500154	0.087357283	0.076086998	0.102996774	0.103180319	0.105950102	0.098185472	0.119626507	0.102011643
1523	1	0	0.118573479	0.085513085	0.099215969	0.086767010	0.098793633	0.104277052	0.100893989	0.092934124	0.111005738	0.102025978
1524	2	4	0.110915512	0.098323777	0.081593074	0.073492885	0.117465921	0.095330074	0.114966452	0.103033803	0.101223707	0.103654876
1525	3	8	0.110691890	0.087615885	0.091707729	0.100147605	0.100627653	0.088281363	0.095633231	0.097351827	0.117533602	0.110409185
1526	0	6	0.106787361	0.091094285	0.095551580	0.071907498	0.114798218	0.085794397	0.120358884	0.115959860	0.110494234	0.087253727
1527	3	0	0.125895306	0.082589917	0.083095483	0.070064664	0.117986679	0.098295726	0.109604269	0.091198325	0.118271939	0.102997623
1528	5	3	0.100944966	0.090918429	0.091533452	0.118912242	0.089269362	0.088175915	0.086842000	0.107612453	0.114950754	0.110840455
1529	6	8	0.111281782	0.086438179	0.076747820	0.079751924	0.104117617	0.093683705	0.107957363	0.102689840	0.122346252	0.114985503
1530	5	6	0.097040452	0.092175044	0.104590617	0.105065241	0.104862437	0.079892188	0.116035186	0.105032168	0.108996436	0.086310163
1531	0	6	0.107296109	0.088169441	0.092795923	0.080377989	0.113760769	0.092458203	0.115725242	0.098752074	0.105465166	0.105199091
1532	4	8	0.107873373	0.082793944	0.095587105	0.087537780	0.102585912	0.086691089	0.108188547	0.105762437	0.116421387	0.106558517
1533	0	8	0.110323027	0.081076153	0.101886995	0.088565320	0.104741275	0.086361207	0.107945956	0.109817237	0.122061111	0.087221690
1534	9	0	0.116579376	0.089905769	0.078363724	0.085854262	0.112815507	0.088970691	0.108834781	0.099925950	0.102472126	0.116277806
1535	7	8	0.106356852	0.097129211	0.090307556	0.085910730	0.099824987	0.101838969	0.102085158	0.101135895	0.112217784	0.103192903
1536	8	8	0.115125157	0.090891704	0.090240568	0.093718849	0.100243613	0.101948030	0.100183018	0.090416782	0.115958236	0.101274036
1537	0	7	0.096101843	0.089955352	0.091106117	0.101065002	0.105309166	0.086938255	0.108375274	0.115691178	0.107748061	0.097709715
1538	4	6	0.107543163	0.099298939	0.074423820	0.067197725	0.121937253	0.100795485	0.122032449	0.099332206	0.105802663	0.101636343
1539	1	0	0.123823993	0.082169622	0.094433226	0.087138169	0.091683984	0.107275806	0.095230751	0.087021813	0.120256938	0.110965751
1540	1	0	0.112121768	0.089415304	0.100830249	0.094072059	0.098745778	0.102994539	0.101347134	0.090924457	0.105157159	0.104391582
1541	2	6	0.105691083	0.095260367	0.090632394	0.087839119	0.101376384	0.091162376	0.113974065	0.112226740	0.100241251	0.101596199
1542	8	8	0.098059610	0.090794750	0.107708931	0.101255603	0.103274129	0.082989126	0.108443297	0.102617539	0.116485991	0.088371016
1543	7	6	0.103800833	0.093084238	0.091075376	0.085907355	0.106563710	0.090032503	0.111862257	0.110518925	0.107079096	0.100075752
1544	0	4	0.104317129	0.094475999	0.081125312	0.068990007	0.136669993	0.087995738	0.129730761	0.100955129	0.103843145	0.091896757
1545	6	8	0.102383934	0.071043946	0.085055657	0.091550693	0.105171718	0.081918269	0.112650260	0.102372698	0.141265348	0.106587514
1546	3	4	0.122658104	0.092523657	0.077229001	0.068923064	0.129393071	0.094487898	0.106813237	0.091625713	0.114718966	0.101627208
1547	4	0	0.115201041	0.093534663	0.083480969	0.071263149	0.110844359	0.100487508	0.104246028	0.102710500	0.114199877	0.104031950
1548	3	4	0.114938848	0.090888791	0.077397920	0.073329195	0.128953889	0.091565549	0.107791625	0.098383747	0.110739872	0.106010556
1549	5	8	0.114243925	0.095282391	0.088179171	0.087801747	0.101806499	0.096176729	0.095790073	0.100447766	0.114730276	0.105541483
1550	0	6	0.108262144	0.087203950	0.090478607	0.085924841	0.109966733	0.085183404	0.118078187	0.106359594	0.107864290	0.100678168
1551	3	0	0.112116382	0.076848976	0.110629126	0.099864133	0.100135840	0.093046702	0.097619966	0.097563922	0.110783257	0.101391710
1552	3	8	0.126415223	0.086079158	0.062794589	0.051848676	0.126496434	0.102099240	0.111604214	0.082755171	0.129708260	0.120199054
1553	4	4	0.113938265	0.084979087	0.074522972	0.064973168	0.134625345	0.090803459	0.133473203	0.099426448	0.105638660	0.097619392
1554	3	0	0.116279297	0.087201744	0.088680044	0.086156934	0.112457193	0.092722803	0.099666998	0.098026499	0.112845995	0.105962537
1555	2	0	0.112550505	0.095240064	0.091434285	0.102786005	0.084302902	0.096683569	0.091434106	0.104223676	0.109482609	0.111862339
1556	1	0	0.119839534	0.085274711	0.095099799	0.087943107	0.101911850	0.099417701	0.098266572	0.090370454	0.114664488	0.107211880
1557	7	8	0.100858159	0.097264759	0.092553444	0.091109283	0.102973893	0.096421115	0.106318854	0.104773633	0.109044835	0.098681994
1558	0	8	0.112612180	0.098334000	0.071545877	0.064248987	0.115502946	0.108617514	0.113993786	0.091629580	0.115963519	0.107551530
1559	4	6	0.106301054	0.080155186	0.100947522	0.081224270	0.105798565	0.086484790	0.124688655	0.105036147	0.115966931	0.093396895
1560	7	8	0.104096189	0.092774212	0.087907881	0.086331002	0.105725139	0.096321985	0.104119092	0.099041142	0.119478956	0.104204454
1561	2	4	0.118114598	0.090747066	0.083506674	0.064839974	0.118376091	0.095364936	0.118258238	0.104472145	0.114513204	0.091807052
1562	8	0	0.117873684	0.089204222	0.083353527	0.079005614	0.106437288	0.088702068	0.115858495	0.114426360	0.106907934	0.098230764
1563	2	6	0.102793917	0.083541960	0.078916244	0.075184174	0.120775223	0.093189068	0.123181455	0.095638752	0.114843518	0.111935765
1564	2	8	0.115622967	0.083129808	0.084345922	0.071381122	0.116805471	0.090918899	0.108428173	0.102270998	0.125051811	0.102044821
1565	7	6	0.105592459	0.098640606	0.096474707	0.088959679	0.102120228	0.094263032	0.107057758	0.103560932	0.106148615	0.097181983
1566	8	8	0.094753928	0.090259083	0.095217079	0.106000789	0.095359839	0.088383250	0.106580071	0.106882200	0.113981649	0.102582186
1567	7	6	0.105423674	0.087806799	0.086256608	0.097571924	0.097992092	0.090681553	0.112158440	0.103331655	0.110835947	0.107941255
1568	5	8	0.102063030	0.084365807	0.090896800	0.103532225	0.100025117	0.083843589	0.090198278	0.103242807	0.133009449	0.108822860
1569	8	6	0.109407872	0.090685800	0.087930314	0.072813831	0.117058165	0.093312189	0.120977558	0.099208146	0.106756218	0.101849988
1570	5	3	0.094446540	0.091641843	0.095933631	0.116706431	0.094070911	0.084727690	0.104156040	0.107105173	0.106775224	0.104436480
1571	5	0	0.110466041	0.098050408	0.097019270	0.085837819	0.105657391	0.097605191	0.103912428	0.099158593	0.102205761	0.100087099
1572	8	8	0.101328038	0.083195895	0.093012653	0.103179768	0.095600411	0.087322734	0.111338690	0.103822947	0.121674359	0.099524558
1573	6	0	0.115472108	0.081202231	0.090497755	0.082749173	0.107349716	0.097924747	0.107863508	0.094021641	0.115097374	0.107821718
1574	7	8	0.096638724	0.094729029	0.097471654	0.094486266	0.101746291	0.097035393	0.106617644	0.102436349	0.111500487	0.097338185
1575	3	8	0.115495563	0.077665061	0.083094023	0.076966219	0.110101089	0.096054725	0.108404882	0.089888006	0.134491444	0.107839011
1576	2	0	0.113065913	0.097220272	0.086038582	0.078269333	0.107600518	0.101185560	0.107601203	0.098526090	0.108275838	0.102216735
1577	0	6	0.111026920	0.091011457	0.090310268	0.079339139	0.117009558	0.087903805	0.117496528	0.108047120	0.106487438	0.091367759
1578	3	4	0.127225280	0.098514222	0.059253771	0.052154902	0.141333327	0.093864314	0.112100132	0.094554782	0.109043054	0.111956194
1579	3	0	0.120637104	0.088631719	0.089965858	0.079904854	0.115042403	0.096208654	0.102943696	0.092001855	0.111042030	0.103621736
1580	9	6	0.097668819	0.093920238	0.088226005	0.097630955	0.110594340	0.083772659	0.115256503	0.099782735	0.105289295	0.107858464
1581	8	0	0.143906325	0.095555596	0.067575283	0.049753655	0.114848457	0.095778488	0.115202501	0.112384759	0.115915112	0.089079805
1582	1	0	0.111050166	0.086536914	0.096739754	0.089879863	0.104070149	0.098914348	0.108378284	0.095567673	0.108757637	0.100105248
1583	6	8	0.104053892	0.084277600	0.087338462	0.083335914	0.097602479	0.093776710	0.105034277	0.096241958	0.132550299	0.115788341
1584	6	8	0.104355700	0.093674302	0.087484151	0.095487438	0.099200204	0.094131298	0.101279385	0.098872334	0.114059992	0.111455217
1585	3	4	0.114722706	0.093353868	0.075078018	0.065139420	0.131270230	0.099239364	0.101903185	0.086288050	0.121444359	0.111560784
1586	2	6	0.105215907	0.085407674	0.088883653	0.084582776	0.110693440	0.087253317	0.124477819	0.105650008	0.112329841	0.095505558
1587	5	4	0.095127568	0.089856029	0.086553589	0.095064715	0.118341051	0.080090791	0.113873251	0.101183213	0.110362343	0.109547459
1588	4	8	0.106312759	0.084568635	0.092817895	0.091107979	0.104390614	0.083904855	0.098327845	0.107466526	0.124989718	0.106113203
1589	0	6	0.108595245	0.087917678	0.087002531	0.076253317	0.110637747	0.085010782	0.125173718	0.112353906	0.112767033	0.094288029
1590	8	8	0.102411926	0.095618121	0.082426466	0.095204160	0.102884792	0.094218776	0.100455359	0.104378738	0.121331058	0.101070620
1591	9	8	0.108250052	0.097186573	0.069757074	0.080378145	0.093140163	0.096671030	0.086469881	0.098095953	0.141714588	0.128336519
1592	8	6	0.087281741	0.086151436	0.103197448	0.113519453	0.099069916	0.081716999	0.120352849	0.103604436	0.106873482	0.098232217
1593	4	8	0.101909027	0.091679089	0.085856006	0.091228202	0.113377079	0.086897254	0.098808609	0.102904856	0.126240492	0.101099387
1594	2	8	0.103402294	0.088707305	0.091643482	0.099503443	0.101110354	0.091679558	0.092240065	0.103558585	0.116776645	0.111378297
1595	2	8	0.104815602	0.089375734	0.093719155	0.098560020	0.106586225	0.082179062	0.102705590	0.106731988	0.119363584	0.095962964
1596	9	8	0.104613081	0.093184389	0.077203572	0.087175325	0.099888586	0.099914193	0.091093399	0.094209038	0.134143293	0.118575200
1597	6	4	0.102376938	0.084020637	0.085206077	0.089017622	0.123206556	0.084088236	0.111863725	0.101344608	0.114958905	0.103916638
1598	8	8	0.104483061	0.096181110	0.087015823	0.104534753	0.088303052	0.097359069	0.090439670	0.102693737	0.116699494	0.112290218
1599	7	8	0.112009473	0.088165462	0.085549742	0.080298759	0.099054299	0.099501930	0.098155506	0.095911354	0.131963417	0.109390020
1600	6	4	0.109603539	0.094311662	0.086707167	0.072183855	0.128101632	0.087216832	0.113588303	0.104096912	0.109660268	0.094529837
1601	8	6	0.119417563	0.080553666	0.071324110	0.066686623	0.124487296	0.087340593	0.127031296	0.106121056	0.112976670	0.104061127
1602	5	6	0.107452199	0.090734422	0.098990500	0.096557289	0.094432235	0.096110046	0.113781691	0.101863720	0.101210304	0.098867610
1603	1	0	0.125191629	0.082208484	0.085728645	0.068313621	0.117355458	0.100275807	0.107703991	0.089079335	0.116567299	0.107575767
1604	7	8	0.111560002	0.094529234	0.088048041	0.079686791	0.102177925	0.100822084	0.103186242	0.102308400	0.115142822	0.102538504
1605	7	8	0.099702477	0.089139916	0.093600005	0.089684933	0.103258178	0.094236262	0.107400790	0.102159038	0.123657048	0.097161442
1606	8	8	0.109448358	0.090245202	0.088361420	0.070160389	0.121305950	0.089159101	0.118130550	0.099437721	0.128983840	0.084767468
1607	5	8	0.099209011	0.101614714	0.088518225	0.120856486	0.084307283	0.087232649	0.077590361	0.105364755	0.122698329	0.112608194
1608	7	6	0.096772797	0.090333804	0.092006996	0.108230777	0.088719808	0.087539598	0.116276368	0.108847678	0.105692081	0.105580077
1609	6	6	0.105234154	0.086457856	0.084130757	0.078478865	0.122013107	0.086616263	0.126278892	0.100192532	0.113516152	0.097081363
1610	6	8	0.104343943	0.091397569	0.082680590	0.105712429	0.100701585	0.088430114	0.085796528	0.106290981	0.123340696	0.111305490
1611	2	8	0.113192067	0.085560814	0.082975924	0.083449923	0.097173780	0.103367493	0.111227989	0.091065399	0.119917817	0.112068839
1612	6	6	0.100212991	0.089234255	0.086243823	0.086082019	0.114014350	0.085487373	0.127455175	0.103478752	0.106623992	0.101167269
1613	4	8	0.117883697	0.085287057	0.087240636	0.065733321	0.115084879	0.092223562	0.116644755	0.105312951	0.119174987	0.095414169
1614	4	6	0.112470172	0.090369955	0.082378216	0.074653924	0.112394460	0.095136404	0.122335114	0.098530233	0.114360631	0.097370893
1615	2	8	0.103984259	0.086711541	0.090233944	0.113104306	0.079133332	0.095724300	0.089390755	0.113832064	0.119646981	0.108238503
1616	1	0	0.110494696	0.086810261	0.099241629	0.088663779	0.106304564	0.099667571	0.109263115	0.090312071	0.105840392	0.103401907
1617	8	6	0.101321079	0.098399080	0.079317726	0.077763140	0.123368323	0.086909086	0.123887971	0.110224970	0.099147938	0.099660732
1618	0	8	0.110817596	0.081174709	0.095958985	0.090190485	0.108777016	0.093858361	0.109479830	0.095257796	0.112883605	0.101601653
1619	3	0	0.113846235	0.081109196	0.101059422	0.094917960	0.098450184	0.096984506	0.098264992	0.097421646	0.111148864	0.106796958
1620	1	0	0.121126585	0.087522000	0.096735723	0.083264127	0.101480037	0.104124345	0.096496791	0.090648122	0.113832548	0.104769766
1621	4	4	0.112621777	0.096266121	0.076873414	0.067067087	0.123524517	0.092906900	0.120550513	0.090619855	0.122781008	0.096788786
1622	1	8	0.114429504	0.082472496	0.098433308	0.087984286	0.103859261	0.097654276	0.107971042	0.093958206	0.114564210	0.098673411
1623	0	8	0.108254239	0.085427985	0.082841277	0.091354214	0.099634618	0.087290421	0.095741265	0.102006085	0.127203658	0.120246254
1624	5	8	0.109536842	0.093887411	0.092603862	0.092420056	0.096520640	0.090961449	0.083517417	0.104282945	0.127780229	0.108489111
1625	9	6	0.107689671	0.095511481	0.085536860	0.095508859	0.099589065	0.091094114	0.109549299	0.106977321	0.107533000	0.101010308
1626	1	8	0.119752169	0.079602636	0.098877996	0.092439502	0.094044663	0.101014376	0.089374676	0.093524210	0.121161997	0.110207774
1627	5	6	0.105519563	0.096024133	0.102534518	0.088433780	0.106292419	0.091440447	0.112142056	0.108044654	0.099775545	0.089792952
1628	2	8	0.097081639	0.091036394	0.093557872	0.118313394	0.084188424	0.088313229	0.084745489	0.106219053	0.123310223	0.113234214
1629	8	0	0.134204194	0.090226859	0.073372617	0.056806080	0.114019796	0.097510703	0.113024399	0.105614156	0.110591754	0.104629427
1630	4	8	0.113540351	0.079582706	0.086946584	0.074798271	0.107516699	0.088783443	0.117614888	0.100863256	0.129241347	0.101112485
1631	0	6	0.097229719	0.090029322	0.086058021	0.083354041	0.112432279	0.088990398	0.127513945	0.105617240	0.109150954	0.099624127
1632	4	4	0.112533897	0.095650211	0.078793690	0.073102251	0.124400936	0.094632134	0.116221026	0.098913461	0.105726592	0.100025706
1633	3	4	0.123331167	0.094580747	0.068426028	0.056823093	0.137141585	0.099890389	0.111871615	0.087814845	0.112126879	0.107993625
1634	1	0	0.111685291	0.085953102	0.101529442	0.091913909	0.101342805	0.102124147	0.102772310	0.092183501	0.111029379	0.099466167
1635	6	4	0.102494366	0.101176500	0.075235955	0.074009635	0.128654763	0.093448743	0.119400106	0.098021336	0.108282551	0.099276066
1636	0	8	0.103874929	0.091547355	0.092370689	0.099248134	0.100426301	0.092950687	0.096957833	0.105804622	0.110273011	0.106546506
1637	0	8	0.115491264	0.087593161	0.075968958	0.079493582	0.107530609	0.096196309	0.102672800	0.101734206	0.116702221	0.116616949
1638	8	8	0.096137717	0.083290122	0.094086222	0.103993699	0.110061131	0.077664882	0.112228148	0.105335340	0.121525027	0.095677711
1639	5	8	0.105464332	0.094612800	0.102540947	0.095175102	0.098871745	0.088899590	0.094740987	0.104467116	0.118519254	0.096708059
1640	2	0	0.113099806	0.090393983	0.083532497	0.084037215	0.108753935	0.094626367	0.111229025	0.106677242	0.107487351	0.100162640
1641	7	0	0.108527176	0.095055364	0.097618781	0.086749934	0.102403753	0.099940076	0.107309267	0.102779895	0.104759201	0.094856530
1642	4	0	0.126784742	0.090769880	0.085626915	0.069406822	0.110554285	0.102707200	0.108189441	0.098359793	0.108094841	0.099506132
1643	4	0	0.125189841	0.082896911	0.079854034	0.060160823	0.122521102	0.089988768	0.111600175	0.108966932	0.114950687	0.103870727
1644	2	6	0.100567482	0.097110383	0.096490018	0.079862840	0.117119715	0.090737849	0.121067509	0.107053153	0.103291914	0.086699143
1645	1	4	0.122763321	0.088607505	0.082528211	0.066612914	0.123687968	0.098245054	0.114663310	0.096635573	0.106636733	0.099619396
1646	1	0	0.124653555	0.083766237	0.096837915	0.086083069	0.105296150	0.099393003	0.091642611	0.095917046	0.114758246	0.101652227
1647	1	8	0.113366120	0.082863726	0.103015296	0.088861600	0.100689515	0.098351628	0.107598931	0.092091754	0.113856904	0.099304572
1648	4	8	0.110807814	0.081088543	0.091018401	0.086969219	0.105245121	0.088910982	0.110291734	0.105004735	0.117042787	0.103620730
1649	5	8	0.119719580	0.096487217	0.076695830	0.076017030	0.117832646	0.087552018	0.092316322	0.094111465	0.126464754	0.112803146
1650	6	6	0.096332580	0.096596777	0.098832279	0.096749865	0.103029102	0.089092299	0.107366852	0.102872826	0.106182292	0.102945156
1651	1	6	0.112729393	0.084750481	0.092544809	0.085546583	0.108609028	0.097899921	0.114917979	0.093222208	0.107616298	0.102163292
1652	8	8	0.120386273	0.081559561	0.089775376	0.082162946	0.096195646	0.098571233	0.102238037	0.097023286	0.122887753	0.109199971
1653	9	8	0.117141411	0.081802376	0.080773488	0.091337107	0.098835260	0.084646285	0.103322469	0.103937179	0.134188503	0.104016013
1654	9	0	0.117840990	0.087320961	0.083382949	0.088061385	0.104785554	0.099739954	0.108157583	0.096196741	0.103215113	0.111298844
1655	2	6	0.103821822	0.094720282	0.091785245	0.084841080	0.110658020	0.088941313	0.116531752	0.106545202	0.107839465	0.094315872
1656	1	0	0.113523126	0.086995460	0.096341759	0.089053310	0.103955634	0.100342691	0.105527915	0.092362091	0.108326711	0.103571258
1657	4	8	0.120719194	0.081393383	0.075191371	0.065394618	0.109158590	0.102795348	0.111203484	0.088232040	0.130401194	0.115510754
1658	9	6	0.105643533	0.096805312	0.084182218	0.086819112	0.103791602	0.097481355	0.114440702	0.101173550	0.103678733	0.105983920
1659	5	3	0.098764472	0.090103187	0.090054289	0.122754321	0.086376198	0.091976784	0.077627823	0.110123217	0.117512956	0.114706770
1660	6	4	0.118227229	0.099060632	0.070446528	0.062848657	0.137938917	0.092302024	0.108606882	0.100911736	0.101723954	0.107933439
1661	0	4	0.109725587	0.095436037	0.081591971	0.070305251	0.123013303	0.086148903	0.119557716	0.109019160	0.108262159	0.096939921
1662	8	6	0.097977966	0.097589374	0.098852858	0.092447162	0.110501334	0.083453208	0.115124181	0.108415686	0.106070392	0.089567840
1663	4	0	0.120689377	0.092239827	0.086240791	0.076132536	0.099676766	0.097233430	0.097932994	0.105407707	0.120538205	0.103908353
1664	7	0	0.119122602	0.089505911	0.102422625	0.070740290	0.111027159	0.094201125	0.115499683	0.100695632	0.112353034	0.084431887
1665	8	4	0.108015917	0.092791155	0.086459287	0.087894693	0.114840627	0.092474997	0.111931771	0.104411863	0.103036217	0.098143518
1666	2	4	0.115817547	0.092941232	0.076190256	0.066763684	0.130008340	0.091337219	0.123825140	0.099099122	0.109236449	0.094780982
1667	5	7	0.101972349	0.093763061	0.101860277	0.102655239	0.095867932	0.089000270	0.102742247	0.107862733	0.104537852	0.099738009
1668	7	6	0.102789633	0.091081604	0.099318534	0.096402600	0.097413123	0.094952643	0.113657475	0.101735324	0.106137604	0.096511461
1669	8	8	0.102408096	0.081858627	0.093735389	0.108872138	0.085591741	0.080476403	0.092612676	0.105093792	0.135935903	0.113415256
1670	6	8	0.101027444	0.098752432	0.099682741	0.096051306	0.102909192	0.090416856	0.103138238	0.103329405	0.106362678	0.098329656
1671	4	8	0.109695978	0.091234252	0.085493550	0.082327552	0.110213391	0.099844024	0.103376746	0.093799479	0.114616208	0.109398812
1672	7	6	0.098954149	0.095811449	0.094824232	0.097173743	0.100202993	0.097943954	0.109111704	0.101239659	0.106540665	0.098197475
1673	3	8	0.120611459	0.083059646	0.082788683	0.073458143	0.102721341	0.109115809	0.099566594	0.086450577	0.126955956	0.115271844
1674	0	4	0.110878311	0.094007477	0.088285200	0.064817026	0.137031153	0.083539851	0.120848089	0.106208414	0.105246350	0.089138150
1675	6	6	0.101612747	0.097002752	0.093489744	0.087466247	0.110331342	0.093038753	0.117389612	0.111326531	0.095600896	0.092741325
1676	8	4	0.108415805	0.096937530	0.088253833	0.077324696	0.110402897	0.094800025	0.109861962	0.105774514	0.106002577	0.102226138
1677	7	8	0.103989236	0.086658567	0.098888330	0.093279928	0.097283125	0.089323707	0.103435218	0.108651802	0.118447118	0.100043006
1678	7	8	0.108584650	0.095526464	0.084962614	0.083283775	0.101499148	0.103497006	0.102010824	0.099892512	0.116808109	0.103934951
1679	2	6	0.113695890	0.088300101	0.087656900	0.072240904	0.113964908	0.093753807	0.120722324	0.098587945	0.117326990	0.093750276
1680	7	8	0.110928521	0.090170778	0.076392844	0.095420450	0.101439685	0.090294667	0.100094199	0.106648892	0.118873246	0.109736688
1681	4	0	0.114973158	0.091021113	0.078878023	0.078715153	0.112980910	0.091277815	0.106028847	0.101088025	0.114416540	0.110620357
1682	2	6	0.102552325	0.078817509	0.101331867	0.091006912	0.102742858	0.089439347	0.119271688	0.098936006	0.118270792	0.097630762
1683	2	6	0.108284138	0.087480225	0.087551199	0.084998436	0.106446646	0.086166732	0.118680723	0.106980503	0.114856057	0.098555356
1684	5	8	0.107144177	0.096239120	0.093534611	0.091255672	0.095156103	0.094281830	0.090773515	0.098647237	0.124432191	0.108535565
1685	9	8	0.101238854	0.089388765	0.098373264	0.109092586	0.095788337	0.091178574	0.102073342	0.101613842	0.115647204	0.095605284
1686	2	8	0.108326748	0.080397755	0.097790711	0.089004114	0.104159757	0.084334753	0.112792864	0.107274540	0.120095059	0.095823631
1687	8	6	0.101502009	0.097493313	0.094537176	0.090251818	0.110406905	0.086067505	0.113973580	0.107869156	0.101643644	0.096254878
1688	2	8	0.107712224	0.095192038	0.075316250	0.071801051	0.109893478	0.101867080	0.109643847	0.100214176	0.123882949	0.104477026
1689	3	8	0.117443524	0.085521810	0.081626169	0.090273149	0.103589229	0.089772291	0.100069553	0.103262611	0.119032152	0.109409504
1690	2	8	0.107722446	0.084857151	0.087634407	0.086633638	0.106787592	0.083321415	0.104471959	0.111184053	0.122443758	0.104943521
1691	8	6	0.091680162	0.096464083	0.091437586	0.101274364	0.110621795	0.085374281	0.119685404	0.102571957	0.104850322	0.096039996
1692	4	0	0.118484288	0.093647934	0.075207792	0.071740329	0.118335895	0.097930573	0.113075770	0.102833189	0.106224686	0.102519549
1693	0	6	0.098169960	0.084707528	0.085320286	0.094124094	0.116439819	0.083798975	0.124149181	0.099067494	0.114314161	0.099908538
1694	5	8	0.099825688	0.080484465	0.087953344	0.135623917	0.074857473	0.080690220	0.068502650	0.107899264	0.148499772	0.115663193
1695	2	6	0.098994516	0.083437443	0.108092412	0.092799321	0.103199475	0.087332182	0.115768939	0.108748749	0.104131363	0.097495675
1696	1	6	0.105047353	0.087907501	0.101372905	0.096164949	0.102488622	0.096749097	0.110579468	0.095935933	0.105932198	0.097821914
1697	0	6	0.102041304	0.086945966	0.091037765	0.086402245	0.112266839	0.086029038	0.117260188	0.109357744	0.108776487	0.099882394
1698	7	8	0.115161933	0.089242868	0.081357308	0.094169393	0.089861646	0.097959496	0.080018647	0.099684268	0.142259032	0.110285394
1699	1	0	0.113402672	0.087163389	0.097364172	0.091604166	0.101976924	0.098848313	0.104951262	0.094213977	0.107931577	0.102543607
1700	4	8	0.111422002	0.087005310	0.098703727	0.086011440	0.097105019	0.092262447	0.098145530	0.108534917	0.119410299	0.101399355
1701	1	8	0.114386819	0.083730578	0.103110030	0.091437250	0.100385673	0.094013117	0.101011224	0.099717572	0.115172721	0.097034968
1702	2	6	0.110344835	0.091497757	0.084704451	0.079952314	0.102412544	0.090852700	0.119370267	0.109901719	0.111780919	0.099182487
1703	8	3	0.098220661	0.086658061	0.101499669	0.122411139	0.094556302	0.084206961	0.085576206	0.111016937	0.122284494	0.093569592
1704	1	6	0.110406674	0.085311785	0.096831940	0.088418439	0.105569258	0.099929616	0.113416702	0.091966830	0.106516510	0.101632230
1705	0	4	0.112926334	0.098731734	0.082177222	0.064844735	0.135236412	0.091329075	0.112209357	0.096540332	0.111948915	0.094055854
1706	1	0	0.114629649	0.088634849	0.094668724	0.088320479	0.105552226	0.098879695	0.106320500	0.094028287	0.106308706	0.102656893
1707	2	8	0.124825500	0.075892597	0.087702319	0.075316615	0.104644597	0.100853868	0.092680149	0.088667028	0.142237276	0.107180089
1708	5	9	0.105346248	0.097980671	0.080250822	0.119745933	0.090683378	0.087685473	0.074732475	0.105239920	0.115768842	0.122566327
1709	4	6	0.105299272	0.088113770	0.092859611	0.082234532	0.113784194	0.090907216	0.117935821	0.105431177	0.106627598	0.096806802
1710	2	6	0.107591145	0.087299399	0.087435745	0.084518321	0.110239245	0.091351815	0.118772581	0.106828406	0.105309784	0.100653619
1711	0	8	0.107639872	0.088606149	0.096411780	0.086063400	0.111942977	0.084340960	0.109284662	0.111611225	0.114960000	0.089139029
1712	7	8	0.108410671	0.094075046	0.094457678	0.081642717	0.102403253	0.097951949	0.108598948	0.101248085	0.114481196	0.096730396
1713	6	6	0.108802408	0.089045249	0.070047580	0.063067704	0.120262623	0.100116886	0.125165910	0.095848784	0.121064015	0.106578834
1714	0	7	0.112637460	0.094030201	0.087824687	0.076330915	0.111706749	0.088358678	0.112288892	0.114710361	0.108354002	0.093758084
1715	6	8	0.102805212	0.084426053	0.095444053	0.088041402	0.105321854	0.087506846	0.109255388	0.106320828	0.117011592	0.103866793
1716	6	8	0.114440948	0.077101968	0.101264521	0.084350549	0.102703422	0.096339159	0.108718246	0.089537472	0.124419905	0.101123765
1717	1	0	0.126295120	0.079070836	0.101907067	0.082060702	0.102263659	0.101012036	0.096677922	0.091504686	0.116846129	0.102361850
1718	7	8	0.090279654	0.092976697	0.093338892	0.097540379	0.100515328	0.092011496	0.112246335	0.100371666	0.118980393	0.101739235
1719	3	0	0.130384564	0.088373765	0.086470559	0.082823642	0.109788403	0.100133061	0.092249796	0.101322241	0.107472792	0.100981176
1720	0	6	0.108379461	0.074859001	0.095246933	0.076984137	0.110218868	0.081558339	0.131714299	0.109171964	0.118262224	0.093604825
1721	4	8	0.102915131	0.077609949	0.096033059	0.101243824	0.100556917	0.081906311	0.101414613	0.107727446	0.124396555	0.106196173
1722	0	0	0.112957962	0.085746631	0.095661081	0.085171603	0.110304922	0.091900542	0.111537904	0.099477075	0.110380739	0.096861511
1723	0	8	0.131685227	0.071810998	0.091742523	0.066343158	0.097534433	0.099385798	0.095762797	0.080916405	0.156866148	0.107952476
1724	8	8	0.125726178	0.081430726	0.092900120	0.072696455	0.101799838	0.096385323	0.103641905	0.105105199	0.127248943	0.093065329
1725	3	0	0.123297304	0.083234526	0.078804858	0.069362521	0.107730269	0.099955052	0.115120977	0.094345339	0.117114268	0.111034840
1726	5	0	0.118264206	0.080104910	0.089762166	0.081897058	0.098434150	0.091239341	0.106923118	0.107043520	0.114543393	0.111788139
1727	7	0	0.109026469	0.095441930	0.099230297	0.092417911	0.096223131	0.102514490	0.100547940	0.098594047	0.106576182	0.099427678
1728	7	6	0.099952683	0.084106788	0.088561036	0.107544228	0.099535033	0.087790221	0.114826590	0.107262269	0.108074449	0.102346659
1729	6	8	0.104425691	0.076650381	0.090521790	0.117214493	0.085935332	0.088892125	0.094657607	0.102012195	0.132814199	0.106876232
1730	3	0	0.142384157	0.082866780	0.081848659	0.060430527	0.123853900	0.099636205	0.111624897	0.097111046	0.109098881	0.091144927
1731	6	4	0.117998235	0.087340415	0.071993366	0.066279948	0.136085331	0.088724554	0.120069958	0.103252389	0.109449081	0.098806672
1732	0	8	0.099706791	0.089786515	0.092691675	0.107681379	0.087285928	0.085634016	0.082391061	0.117534280	0.124046326	0.113241963
1733	7	8	0.112152159	0.088793196	0.085754953	0.084237948	0.097775973	0.097834960	0.106241561	0.101057991	0.122786231	0.103364967
1734	2	8	0.102015629	0.083165117	0.086654544	0.100604065	0.110516958	0.085845388	0.112424158	0.102011740	0.114800811	0.101961598
1735	2	0	0.118034303	0.095305443	0.091057934	0.072922833	0.100230895	0.100661904	0.105288170	0.105004758	0.115248084	0.096245728
1736	2	0	0.118630134	0.089996874	0.092240669	0.072434440	0.110075116	0.093963109	0.108824059	0.104832634	0.115888990	0.093113989
1737	1	0	0.118978940	0.083766900	0.098229580	0.085897379	0.098312095	0.104834102	0.102092549	0.086617924	0.114774443	0.106495976
1738	2	4	0.112989239	0.093638733	0.078072488	0.073829748	0.117584489	0.098315708	0.117076665	0.103641592	0.102109537	0.102741733
1739	1	8	0.116955496	0.080701418	0.067218550	0.094515286	0.088725343	0.092309296	0.081184424	0.099302769	0.160338625	0.118748881
1740	8	8	0.113282464	0.086059779	0.089318268	0.111456998	0.081091754	0.091203436	0.078668796	0.104423814	0.136201411	0.108293243
1741	6	4	0.111706518	0.100315429	0.084714830	0.073418021	0.116466813	0.094781272	0.104287021	0.105549790	0.105683304	0.103077032
1742	9	6	0.116681360	0.080670558	0.081161276	0.087706350	0.110162161	0.087187096	0.117967822	0.102533400	0.116387621	0.099542432
1743	5	3	0.085236549	0.100736961	0.097591609	0.121485971	0.098574139	0.081801817	0.102463603	0.108531266	0.097818032	0.105760120
1744	0	8	0.104083396	0.089275062	0.090464927	0.096471973	0.098926783	0.083657153	0.099811167	0.106965303	0.119425833	0.110918425
1745	8	8	0.098902449	0.078505717	0.102159217	0.113011852	0.088157408	0.087131187	0.106484652	0.105468795	0.121685952	0.098492831
1746	7	8	0.094270766	0.092927329	0.097989179	0.091297626	0.101808868	0.091919832	0.112653799	0.100257307	0.120273344	0.096602090
1747	8	6	0.091531269	0.085667752	0.104837537	0.108996317	0.098893628	0.079998612	0.111625828	0.108022071	0.110984497	0.099442542
1748	3	8	0.113244094	0.090649351	0.080638431	0.091620386	0.107326098	0.090313636	0.092747256	0.101360440	0.122175843	0.109924495
1749	3	0	0.126556724	0.089187652	0.084991857	0.074720472	0.112402692	0.105659485	0.101150118	0.086258627	0.112027369	0.107045032
1750	0	8	0.114798576	0.076763198	0.087409064	0.076314755	0.110535800	0.083473742	0.116998054	0.106622986	0.127019718	0.100064121
1751	8	0	0.136659086	0.090539515	0.068768129	0.055341650	0.116425470	0.095966235	0.113450468	0.111503556	0.106906421	0.104439400
1752	6	4	0.107560843	0.094936185	0.081563339	0.075024568	0.131397948	0.087324433	0.112195857	0.106412314	0.102402009	0.101182416
1753	3	4	0.102805577	0.096864581	0.086096704	0.092307448	0.117327511	0.085728139	0.097124614	0.108991995	0.106975444	0.105777927
1754	8	8	0.102906249	0.084003337	0.096677527	0.106770128	0.097066633	0.075967357	0.087864257	0.109589346	0.132235572	0.106919572
1755	3	8	0.108054474	0.089119688	0.090815343	0.105689734	0.093637787	0.095327891	0.087962724	0.094737172	0.120444529	0.114210755
1756	0	6	0.100662977	0.091393799	0.088579804	0.084671244	0.112069525	0.087842003	0.121694818	0.117479265	0.099197157	0.096409418
1757	0	6	0.102885433	0.085547060	0.097276844	0.087300032	0.106933221	0.091695182	0.114331171	0.112925000	0.106274806	0.094831236
1758	6	8	0.127031773	0.081495598	0.085086867	0.075594321	0.091142267	0.105427749	0.089171715	0.092590690	0.136791766	0.115667246
1759	3	8	0.113071911	0.086282246	0.089346662	0.080810972	0.109845273	0.094669715	0.111048669	0.099185795	0.114820734	0.100918062
1760	1	0	0.113289572	0.085999236	0.099004515	0.089164205	0.101057343	0.101498127	0.108168818	0.089224629	0.109059989	0.103533529
1761	3	0	0.117229171	0.080529161	0.104347065	0.088695407	0.106790036	0.096754171	0.105067931	0.091109462	0.114682660	0.094794907
1762	7	8	0.104343317	0.099676661	0.095128536	0.089376956	0.101410829	0.096529029	0.103130132	0.104709156	0.106001176	0.099694274
1763	2	6	0.104903415	0.094927028	0.087694325	0.080636807	0.111810602	0.091297314	0.119746223	0.104927845	0.110409699	0.093646728
1764	9	8	0.109482177	0.088566579	0.081031725	0.078707427	0.097503453	0.096347392	0.103217535	0.100917228	0.140178993	0.104047440
1765	4	8	0.109629609	0.091847748	0.087164119	0.083566263	0.112415999	0.087131359	0.107265860	0.108307809	0.114109173	0.098562077
1766	5	7	0.095697075	0.095022723	0.093371518	0.107189998	0.094995037	0.087896898	0.104281746	0.110414438	0.103535220	0.107595325
1767	4	4	0.106945425	0.095974989	0.077143483	0.088079944	0.118311949	0.091312617	0.097021952	0.101618305	0.115692005	0.107899264
1768	6	4	0.107883841	0.098376468	0.086231343	0.068561904	0.134487346	0.088952646	0.118860587	0.101036608	0.108309411	0.087299906
1769	5	6	0.102985010	0.097714044	0.100512125	0.090875328	0.102786914	0.092930272	0.109427989	0.104900844	0.102188848	0.095678486
1770	2	8	0.113386832	0.083291270	0.085731730	0.104933739	0.086831279	0.093083769	0.083693743	0.105346546	0.131861061	0.111839972
1771	5	7	0.101790555	0.095186487	0.101458408	0.101965629	0.096504904	0.091004089	0.100114942	0.107051931	0.102238894	0.102684170
1772	2	4	0.122013308	0.080063984	0.077734761	0.052565165	0.138302609	0.090051822	0.136856452	0.105740219	0.106361799	0.090309948
1773	2	8	0.105734132	0.086665295	0.096045874	0.094355151	0.092111073	0.087762728	0.104989536	0.111122243	0.114486314	0.106727645
1774	1	0	0.118278496	0.082318038	0.102508619	0.089132287	0.098645121	0.103237696	0.096547008	0.090501554	0.115083918	0.103747338
1775	5	8	0.112486728	0.097369894	0.099850133	0.086998351	0.096401535	0.090587512	0.093473285	0.104764752	0.120422535	0.097645193
1776	8	3	0.097889081	0.090772793	0.098316066	0.119154289	0.088568613	0.080269791	0.087060176	0.113217644	0.117422074	0.107329540
1777	8	3	0.086576037	0.092135020	0.100771330	0.115350984	0.092703074	0.085303858	0.111566305	0.102726579	0.107961304	0.104905523
1778	0	9	0.102115981	0.089420609	0.081175871	0.102057636	0.101488553	0.086376101	0.093661621	0.108091474	0.115665093	0.119947009
1779	1	8	0.113320149	0.082275495	0.096011214	0.084519066	0.105503067	0.098614424	0.109219193	0.093538262	0.116113119	0.100885965
1780	1	0	0.111034766	0.086293876	0.099563114	0.092837609	0.105089568	0.097216487	0.107702188	0.092162676	0.107882887	0.100216836
1781	0	6	0.108570814	0.081002891	0.083452106	0.082030967	0.110117935	0.091868490	0.132778689	0.098785326	0.112131417	0.099261351
1782	9	8	0.100305147	0.073995285	0.102930859	0.100437738	0.098829754	0.084816046	0.103671685	0.099628434	0.125309259	0.110075757
1783	5	8	0.107945807	0.093424469	0.092921138	0.083425932	0.106279857	0.101216570	0.106882080	0.098254047	0.109052762	0.100597389
1784	6	8	0.105402753	0.094375625	0.081043281	0.103860088	0.084412724	0.089822449	0.080621578	0.110039063	0.133860543	0.116561912
1785	6	8	0.111694641	0.075765759	0.093680337	0.093276061	0.098215081	0.083282575	0.104504474	0.104527339	0.127853453	0.107200272
1786	8	4	0.116045699	0.101832338	0.076387666	0.065723963	0.127079710	0.088749170	0.119575933	0.103957117	0.099504486	0.101143867
1787	1	0	0.114166722	0.086581558	0.095223501	0.083171479	0.108744442	0.097004943	0.110413618	0.093659587	0.109856032	0.101178162
1788	5	0	0.111379705	0.092833862	0.095122501	0.095382422	0.097010016	0.095075786	0.095230676	0.101790637	0.109832890	0.106341504
1789	8	6	0.102641039	0.088495381	0.098846629	0.094745323	0.104097545	0.083563574	0.116618015	0.111595057	0.103908055	0.095489353
1790	9	6	0.096007012	0.080048904	0.096955180	0.096138671	0.103381082	0.085222080	0.124612615	0.100718819	0.117151871	0.099763766
1791	8	0	0.119042300	0.089962766	0.079113185	0.080507480	0.103027180	0.093040489	0.110091552	0.103247903	0.112559170	0.109407939
1792	8	8	0.119978882	0.087443590	0.091810495	0.084786557	0.097555563	0.084848955	0.101074629	0.104030140	0.121798731	0.106672421
1793	6	8	0.111599758	0.092133872	0.084558785	0.090618737	0.100695439	0.093344018	0.085314475	0.107397661	0.131808907	0.102528244
1794	4	0	0.129249498	0.087004371	0.072464198	0.066799760	0.122523576	0.103801943	0.098040633	0.085112371	0.125642583	0.109361067
1795	8	0	0.119239740	0.092599198	0.076991543	0.081999727	0.100774907	0.099362470	0.103783838	0.102566831	0.112958297	0.109723523
1796	4	6	0.104689755	0.087919779	0.088704005	0.093269125	0.105467781	0.086852930	0.113272779	0.106188133	0.110003978	0.103631712
1797	8	8	0.100374125	0.093505397	0.105242565	0.095879130	0.093919560	0.084829584	0.095078744	0.115823798	0.118359387	0.096987627
1798	6	8	0.108799718	0.092468426	0.085481346	0.082766026	0.086961210	0.104324073	0.104062721	0.107889496	0.117374502	0.109872431
1799	3	8	0.112798646	0.077871516	0.095726393	0.094271079	0.103340968	0.089497596	0.099977270	0.098778114	0.121905796	0.105832711
1800	1	8	0.107927904	0.086375527	0.103422016	0.094843164	0.101979628	0.095522247	0.108271107	0.095295720	0.108747452	0.097615257
1801	7	3	0.099086791	0.095538147	0.102107890	0.105614372	0.097318746	0.095373243	0.102388792	0.105517313	0.100885406	0.096169263
1802	8	4	0.112480842	0.102821626	0.086976431	0.077741534	0.118714973	0.086402826	0.112996139	0.102327026	0.106520124	0.093018472
1803	2	8	0.103807718	0.079630502	0.094830476	0.091053501	0.105153695	0.089550994	0.115039937	0.105055198	0.116122417	0.099755511
1804	4	0	0.120771311	0.095529459	0.081504196	0.072856851	0.103282876	0.105580039	0.099464454	0.098406851	0.111295007	0.111308999
1805	2	6	0.097120747	0.088127553	0.098240696	0.097562470	0.099581674	0.089935489	0.116719164	0.104934953	0.108285673	0.099491656
1806	4	8	0.095254391	0.090229057	0.100484267	0.096091174	0.104043968	0.083592616	0.112323783	0.103942983	0.113788903	0.100248858
1807	5	8	0.119332157	0.091036633	0.089293063	0.080169842	0.100345209	0.085969105	0.091969870	0.107638262	0.132177189	0.102068633
1808	3	8	0.105168879	0.081191301	0.084786467	0.084972739	0.110868864	0.095645607	0.108617350	0.099827990	0.124107622	0.104813136
1809	3	0	0.137851849	0.082913324	0.080365777	0.061787028	0.108031414	0.114395231	0.092823491	0.078301944	0.133412153	0.110117771
1810	8	0	0.108661987	0.095147386	0.098529778	0.102388673	0.091790192	0.091188289	0.099599741	0.104193486	0.106493309	0.102007061
1811	3	8	0.109068155	0.089709789	0.087215111	0.089630730	0.107277580	0.090853982	0.106548652	0.101224653	0.113538429	0.104932882
1812	5	8	0.106855996	0.091214381	0.098308824	0.096947618	0.095486134	0.092512317	0.100648917	0.106844626	0.107448660	0.103732444
1813	4	8	0.121315576	0.089706048	0.069153249	0.061946455	0.113062598	0.106118992	0.107603580	0.091278628	0.124804355	0.115010612
1814	1	0	0.114164993	0.084665485	0.097724535	0.085285157	0.104618579	0.099719800	0.109748721	0.089772873	0.110339120	0.103960782
1815	5	6	0.104276426	0.085995674	0.096532427	0.079773180	0.122335687	0.076097332	0.128772855	0.099313244	0.111871570	0.095031627
1816	6	8	0.099109501	0.080436967	0.086555138	0.095886499	0.095881797	0.093316764	0.118823938	0.094709530	0.134771794	0.100508101
1817	2	8	0.111042768	0.084027313	0.093760788	0.090543330	0.102884419	0.087519474	0.104022719	0.105072930	0.125593901	0.095532365
1818	1	8	0.110867545	0.083211258	0.101276062	0.096903116	0.101534478	0.097894721	0.106862254	0.088005908	0.111643970	0.101800583
1819	8	8	0.108684741	0.078815699	0.080605753	0.081645712	0.116274036	0.096910574	0.100282416	0.086656332	0.142034665	0.108090013
1820	8	6	0.093250327	0.092131726	0.098119453	0.107950389	0.097545780	0.086379603	0.109431997	0.108800843	0.105433844	0.100955948
1821	8	8	0.100985184	0.090187453	0.082358122	0.103056334	0.097372331	0.083021417	0.100824714	0.110602602	0.129607692	0.101984233
1822	0	8	0.101630650	0.089513972	0.091559567	0.096598275	0.102887549	0.083783038	0.099512592	0.107353784	0.115339138	0.111821420
1823	6	6	0.119196765	0.073665582	0.083730854	0.066038117	0.113650262	0.096060261	0.128267229	0.105059020	0.118283086	0.096048787
1824	4	4	0.117028818	0.094960578	0.069115013	0.062877037	0.120363846	0.103622332	0.106891572	0.092293650	0.116763204	0.116083995
1825	5	7	0.093076527	0.095234223	0.097588122	0.110662937	0.098850541	0.085597090	0.093692720	0.111930490	0.106539667	0.106827766
1826	0	0	0.119738452	0.083575919	0.082245149	0.081460468	0.106273368	0.097685635	0.095612474	0.106549419	0.119598441	0.107260749
1827	6	8	0.098040611	0.094056666	0.095513225	0.095678739	0.109447308	0.084458560	0.108263277	0.105503999	0.109833956	0.099203654
1828	4	4	0.124354862	0.092947692	0.075395614	0.065973431	0.130004242	0.098387904	0.108716831	0.093610473	0.109594777	0.101014204
1829	6	8	0.102984764	0.085117482	0.099996507	0.100148529	0.090389162	0.093764290	0.101329260	0.099942088	0.122978881	0.103348978
1830	9	0	0.121787079	0.087749787	0.085446849	0.082376674	0.101926140	0.093765818	0.097880252	0.101995043	0.120336145	0.106736161
1831	6	6	0.113267817	0.081837758	0.091100916	0.075171851	0.109204903	0.090520188	0.122717589	0.103721090	0.116989046	0.095468715
1832	6	6	0.101579621	0.089077614	0.098704070	0.093732111	0.103234768	0.091709033	0.116107181	0.108512156	0.105076268	0.092267215
1833	0	6	0.111624815	0.085570641	0.099375196	0.082360514	0.106084965	0.092405736	0.113618657	0.100333519	0.108800136	0.099825725
1834	7	0	0.117472254	0.094140761	0.091554828	0.071387991	0.112068623	0.096144803	0.110348329	0.097955197	0.114702940	0.094224274
1835	5	9	0.100746609	0.096788771	0.088029370	0.101945721	0.100143947	0.090489402	0.098167166	0.106228217	0.106191963	0.111268751
1836	4	6	0.110915877	0.095040008	0.092990607	0.071281962	0.114578731	0.093478918	0.118142404	0.105417937	0.109012887	0.089140721
1837	4	8	0.109013528	0.083943769	0.083592147	0.088442683	0.109189562	0.087009542	0.108626507	0.107720532	0.111751936	0.110709801
1838	1	0	0.110736102	0.086261600	0.096628428	0.090270303	0.105455212	0.097312912	0.109749913	0.092726581	0.109236255	0.101622581
1839	3	4	0.124998346	0.087198146	0.071070619	0.064115569	0.128912047	0.099418730	0.103117451	0.085542336	0.128523305	0.107103452
1840	6	8	0.101370186	0.078861177	0.088174172	0.095545612	0.086486258	0.094525866	0.100228556	0.102625571	0.132860497	0.119322129
1841	7	8	0.107187726	0.092606619	0.088247411	0.072352640	0.113397628	0.093947157	0.117120162	0.100538261	0.122916862	0.091685526
1842	6	6	0.101811215	0.094197258	0.086005084	0.085319303	0.107565515	0.095085181	0.113022007	0.104784474	0.111220196	0.100989826
1843	9	9	0.108797483	0.094467714	0.080563344	0.092083022	0.108234845	0.091167785	0.100108184	0.100652076	0.106069289	0.117856212
1844	0	8	0.111869499	0.081762239	0.098701641	0.099739231	0.095886767	0.094702691	0.102622092	0.094383851	0.116914473	0.103417523
1845	9	6	0.108184077	0.088019483	0.089630842	0.090946585	0.104948044	0.092343032	0.116339304	0.101099953	0.105489388	0.102999277
1846	5	4	0.115778133	0.098298833	0.087782152	0.074219026	0.119713508	0.091724589	0.104015835	0.099021196	0.108639695	0.100807056
1847	3	0	0.121768437	0.090768017	0.085471071	0.071065262	0.121608876	0.098886654	0.108674727	0.091360234	0.109293297	0.101103447
1848	8	0	0.132268816	0.094942108	0.065832950	0.065497577	0.099032998	0.104977831	0.120344691	0.095605366	0.118840359	0.102657281
1849	8	6	0.107167691	0.088048197	0.089811854	0.084382504	0.116293788	0.081630759	0.125422567	0.101452842	0.106146418	0.099643365
1850	6	0	0.132824659	0.085532777	0.094355904	0.062357135	0.111089751	0.097410291	0.110611133	0.092291348	0.119048186	0.094478779
1851	4	8	0.105169304	0.082384415	0.093707785	0.101567544	0.095622405	0.084924169	0.094875783	0.111551665	0.124978028	0.105218887
1852	9	6	0.106578492	0.089416862	0.085461453	0.087757140	0.100427762	0.097919889	0.117684759	0.103175908	0.108566977	0.103010714
1853	1	8	0.119936503	0.087094612	0.086975783	0.072005361	0.109324515	0.104182929	0.104029648	0.086642571	0.123009354	0.106798768
1854	2	6	0.109104738	0.091937043	0.082834616	0.076077797	0.116533689	0.095907949	0.117311165	0.102082968	0.111129820	0.097080246
1855	2	9	0.110849880	0.094021484	0.075057045	0.078265883	0.099350564	0.103225492	0.095538594	0.106322624	0.116500966	0.120867461
1856	6	8	0.109275624	0.091304734	0.090025254	0.089744166	0.102296546	0.095805705	0.101337023	0.098828457	0.112651557	0.108730845
1857	1	0	0.114916556	0.085491903	0.094676182	0.082228310	0.111048378	0.097587295	0.114410885	0.088906027	0.107649356	0.103085145
1858	8	6	0.093828410	0.088804252	0.094103903	0.110128567	0.102100909	0.083919965	0.111104034	0.109175205	0.100440495	0.106394343
1859	4	0	0.122410864	0.089148737	0.078833446	0.070474610	0.101934776	0.113027878	0.101640366	0.086683042	0.118834436	0.117011979
1860	7	8	0.091381043	0.102696888	0.084140308	0.097201176	0.099020563	0.096927680	0.105425678	0.102261856	0.111859083	0.109085746
1861	9	8	0.104166888	0.087252334	0.084875271	0.111447945	0.102689683	0.083863087	0.107701190	0.103321604	0.111928381	0.102753595
1862	5	8	0.098273709	0.096548341	0.100882642	0.095887102	0.105471678	0.082635589	0.111652978	0.104164317	0.113172866	0.091310784
1863	0	0	0.123029038	0.078958914	0.102934554	0.081509560	0.098160274	0.106120467	0.110342495	0.086637959	0.113967590	0.098339140
1864	9	6	0.099313408	0.088597283	0.090401985	0.106865242	0.098913312	0.085304059	0.111660421	0.106914908	0.103309691	0.108719677
1865	5	8	0.109967843	0.093297616	0.086368613	0.086454622	0.101943202	0.084480733	0.091158867	0.108056299	0.134004146	0.104268044
1866	9	8	0.104742490	0.091070436	0.087208033	0.104871526	0.092742644	0.094735764	0.108013242	0.102921978	0.111984231	0.101709746
1867	7	8	0.110883527	0.091371432	0.093891516	0.082770422	0.099651620	0.100656308	0.101365283	0.099795058	0.115098134	0.104516707
1868	1	0	0.117895141	0.084561147	0.085714176	0.078074850	0.115839295	0.094918370	0.116058722	0.096359715	0.111243062	0.099335514
1869	6	8	0.115902252	0.085743181	0.085214943	0.093300737	0.100966305	0.084179610	0.088334180	0.103119127	0.130257294	0.112982340
1870	4	0	0.130653843	0.097731814	0.094178140	0.065789759	0.108517691	0.101740584	0.099250317	0.097681604	0.116407692	0.088048540
1871	8	0	0.118874483	0.091251157	0.080039114	0.080117144	0.099253729	0.093403086	0.107663102	0.113159157	0.112761684	0.103477351
1872	5	8	0.097970150	0.094489418	0.081226729	0.087661952	0.105142854	0.099181227	0.094859265	0.093789726	0.128282771	0.117395975
1873	5	8	0.099178120	0.098992310	0.081871942	0.092870876	0.112759896	0.086185090	0.091009527	0.095643520	0.124497592	0.116991155
1874	5	8	0.107866168	0.096076511	0.096179150	0.091825478	0.100919046	0.090193711	0.093979254	0.104571953	0.116871238	0.101517491
1875	1	8	0.109066576	0.081912495	0.104087546	0.094218440	0.099378005	0.096828043	0.108631283	0.094214074	0.112349659	0.099313885
1876	2	6	0.114698507	0.097002409	0.077810921	0.072566018	0.116411276	0.096529134	0.119023286	0.101518460	0.105290443	0.099149495
1877	6	6	0.098410651	0.087684885	0.096862867	0.092909724	0.106458232	0.085649863	0.120726742	0.103434086	0.111804374	0.096058562
1878	8	6	0.118027605	0.099867843	0.079548411	0.066862136	0.117548741	0.094397612	0.123549938	0.103836291	0.100791596	0.095569842
1879	3	8	0.113831326	0.093078278	0.076447956	0.080466658	0.105524033	0.104880564	0.094735943	0.089956105	0.123137832	0.117941365
1880	0	6	0.108417109	0.087798633	0.085934736	0.081458688	0.111776464	0.085259601	0.120770462	0.107694820	0.112558454	0.098331079
1881	7	7	0.100971803	0.097693510	0.100371078	0.098895341	0.100679114	0.094643086	0.103977412	0.108477764	0.099304885	0.094985977
1882	2	6	0.104499683	0.087294586	0.093766972	0.082415223	0.117300749	0.086958133	0.119490050	0.107160635	0.104760997	0.096352912
1883	6	9	0.111118019	0.088296786	0.072355784	0.081182919	0.101823099	0.097998656	0.105305985	0.096652403	0.122233793	0.123032577
1884	6	8	0.117341414	0.081095040	0.086649045	0.085908905	0.087864600	0.098784454	0.091759279	0.092216544	0.146233127	0.112147503
1885	6	4	0.096975923	0.100163661	0.078776948	0.076487191	0.120462880	0.096319400	0.113982283	0.099343732	0.115772136	0.101715952
1886	3	8	0.110369526	0.085505366	0.082664825	0.086725160	0.097946614	0.101332545	0.095782369	0.094319083	0.128299400	0.117055148
1887	6	8	0.093053661	0.094513230	0.101284079	0.109805509	0.097916879	0.084861442	0.101794407	0.104992062	0.111943454	0.099835269
1888	6	8	0.098242164	0.081871882	0.081089653	0.089414634	0.097620741	0.094611973	0.107798062	0.102656737	0.134831011	0.111863211
1889	9	8	0.113355935	0.076844707	0.090874627	0.093339123	0.099889524	0.086224586	0.099427156	0.099641010	0.136079296	0.104324028
1890	1	0	0.115771160	0.084355451	0.096785493	0.087816052	0.103424773	0.100070946	0.108071111	0.089480922	0.111801334	0.102422737
1891	5	8	0.112284876	0.092489772	0.084555835	0.082410343	0.106299751	0.080966786	0.097611561	0.103739239	0.131080776	0.108560994
1892	9	6	0.105546504	0.097986490	0.084428899	0.082774520	0.110753626	0.090390451	0.116448075	0.103289634	0.108820260	0.099561594
1893	9	8	0.116249025	0.088267229	0.078986384	0.076521665	0.096945249	0.096908472	0.084990025	0.096416436	0.153100386	0.111615181
1894	1	6	0.105857566	0.087300144	0.100667693	0.094190992	0.103542492	0.095994562	0.111005470	0.096145488	0.107542887	0.097752683
1895	5	8	0.109319739	0.096310928	0.090348326	0.101479560	0.097012162	0.089512475	0.089867607	0.097836308	0.116182551	0.112130381
1896	9	8	0.114147596	0.089153729	0.073419988	0.073502555	0.119891964	0.098305568	0.109290160	0.093174845	0.121138215	0.107975312
1897	9	8	0.111535244	0.091699652	0.085469559	0.085608065	0.106143482	0.093800411	0.094069943	0.103544548	0.123540841	0.104588270
1898	1	0	0.115725800	0.085126035	0.096587256	0.084505260	0.102323271	0.101527512	0.109472610	0.091388889	0.111534379	0.101809010
1899	6	0	0.135838315	0.080292314	0.075830482	0.068260863	0.118001461	0.090858854	0.111354515	0.103922352	0.114811346	0.100829504
1900	4	4	0.116280735	0.091473922	0.071336091	0.062909819	0.129866943	0.094871402	0.124436989	0.102035776	0.099219814	0.107568502
1901	1	0	0.115065813	0.086680733	0.099137582	0.087261125	0.103908695	0.101186685	0.106327049	0.089765891	0.108240500	0.102425911
1902	2	0	0.123721778	0.088283896	0.078935899	0.062454950	0.105861180	0.107230321	0.107298940	0.103167474	0.120824195	0.102221467
1903	8	8	0.110326059	0.087642394	0.090385608	0.090562180	0.109930098	0.092033394	0.106351033	0.098606952	0.112252444	0.101909846
1904	7	6	0.090678290	0.081733659	0.089066513	0.110371090	0.098320827	0.079973206	0.121227369	0.105133288	0.117152259	0.106343500
1905	5	8	0.096249610	0.090513192	0.095808804	0.109688282	0.098878071	0.083484724	0.095402762	0.101255111	0.122771211	0.105948232
1906	3	0	0.133020237	0.087047808	0.070611387	0.063524030	0.105007917	0.109053038	0.092311606	0.087797545	0.126299649	0.125326738
1907	1	0	0.109630153	0.084772944	0.103283308	0.097142659	0.097380042	0.097475216	0.103448890	0.096133031	0.108224042	0.102509812
1908	7	8	0.109029144	0.079323933	0.096676320	0.080487967	0.107953072	0.088521793	0.119067818	0.106508642	0.123424739	0.089006618
1909	7	3	0.094392143	0.098673940	0.092490926	0.118791163	0.089061841	0.084613726	0.084779456	0.105162978	0.116673656	0.115360156
1910	6	8	0.110327877	0.095667854	0.077759311	0.072776727	0.101274386	0.111381225	0.103413016	0.094636440	0.122271366	0.110491820
1911	8	8	0.093864001	0.094537951	0.089819901	0.105019443	0.105993636	0.086745366	0.108941138	0.104213275	0.111654237	0.099210955
1912	6	4	0.107673801	0.097688302	0.082163967	0.078996092	0.121429555	0.089125164	0.105578981	0.099166289	0.114442825	0.103734992
1913	4	6	0.111581251	0.085686997	0.077819072	0.076328702	0.123959430	0.086753428	0.125313014	0.102564566	0.106735587	0.103257962
1914	2	6	0.108859800	0.078771941	0.095284104	0.084885702	0.109068088	0.082978472	0.127610594	0.104348116	0.112779789	0.095413379
1915	7	8	0.101306744	0.095268779	0.094041653	0.094278716	0.102418110	0.092442773	0.108287640	0.103417553	0.110056505	0.098481528
1916	4	9	0.110473245	0.098459549	0.081995331	0.090989351	0.104259722	0.090819381	0.099016100	0.107293412	0.102447122	0.114246801
1917	6	0	0.123297185	0.081190288	0.092961960	0.071563289	0.103914440	0.099407382	0.111397609	0.099035591	0.115826435	0.101405777
1918	2	4	0.105954051	0.102066658	0.082622610	0.079018824	0.118980892	0.094775654	0.105176076	0.108065531	0.101974376	0.101365373
1919	1	0	0.112427175	0.088408656	0.096578680	0.089935727	0.102992162	0.101370923	0.107588619	0.092290267	0.106856287	0.101551443
1920	8	8	0.102326438	0.093475580	0.077925451	0.076223552	0.121759355	0.079275630	0.120448656	0.104125865	0.130225554	0.094213933
1921	1	6	0.108443081	0.083844721	0.100558251	0.093068033	0.102720976	0.095032878	0.112558313	0.096262880	0.110866264	0.096644633
1922	8	6	0.120341428	0.082607657	0.072812051	0.077683397	0.107772626	0.088316314	0.122050144	0.094942153	0.119991846	0.113482393
1923	2	4	0.114886276	0.085653365	0.074207827	0.067881055	0.132626295	0.089645587	0.121371888	0.106913559	0.109188624	0.097625539
1924	5	8	0.106376231	0.095125526	0.105441570	0.085714765	0.105528235	0.086168207	0.105546765	0.104247719	0.118230954	0.087620020
1925	6	4	0.114090733	0.088852733	0.081300475	0.077862523	0.120557159	0.086424351	0.118208051	0.100471281	0.111311316	0.100921385
1926	4	8	0.108089447	0.084566116	0.076646373	0.094158284	0.099973343	0.089438364	0.106927224	0.101733819	0.132336870	0.106130213
1927	2	6	0.105453700	0.089390308	0.086201981	0.076610483	0.118286274	0.091324098	0.120793112	0.104519598	0.107971095	0.099449411
1928	9	0	0.119274415	0.090782985	0.083420046	0.082635075	0.105802149	0.097122662	0.105080381	0.103751928	0.110155441	0.101974927
1929	4	4	0.110073015	0.097635239	0.076537840	0.078184478	0.122455984	0.088821031	0.101671569	0.101806611	0.109517172	0.113297045
1930	6	6	0.112662621	0.084366992	0.088112831	0.077893831	0.109976001	0.092461027	0.120630831	0.104015350	0.114242963	0.095637575
1931	0	8	0.116174228	0.078729831	0.095681213	0.087136604	0.093895391	0.099167444	0.103197381	0.091606580	0.131617188	0.102794111
1932	7	0	0.111636646	0.095662273	0.090048395	0.086488552	0.102869518	0.101320878	0.102115855	0.100170135	0.109258533	0.100429155
1933	0	6	0.101669796	0.089845546	0.089691333	0.081732295	0.112544961	0.092252292	0.122598752	0.106096230	0.105241649	0.098327182
1934	8	8	0.110808909	0.084969245	0.098492272	0.081701174	0.113697357	0.085137971	0.113422669	0.101028308	0.118955910	0.091786243
1935	6	0	0.113238677	0.098785147	0.084336326	0.086042665	0.102938771	0.097486436	0.108993389	0.102454536	0.102770917	0.102953158
1936	6	9	0.095265321	0.101286635	0.088407435	0.100326560	0.105032273	0.091348745	0.100007914	0.104166754	0.105545335	0.108613007
1937	9	0	0.122876100	0.077031858	0.092718363	0.088818878	0.094503269	0.094637133	0.105772644	0.106821544	0.116993390	0.099826798
1938	8	6	0.095615871	0.098942973	0.101931132	0.093217641	0.104781225	0.082583010	0.122035176	0.105666906	0.102586575	0.092639491
1939	3	6	0.109448083	0.092029989	0.094569921	0.080937371	0.113085158	0.085937120	0.114991374	0.107764155	0.113422580	0.087814294
1940	5	8	0.104462810	0.098846167	0.095063239	0.099073574	0.094774164	0.092070416	0.093053319	0.105170928	0.116260692	0.101224706
1941	1	0	0.111562990	0.088319868	0.097469427	0.086370982	0.106165476	0.101056390	0.109078616	0.092422292	0.105951324	0.101602636
1942	9	6	0.099264838	0.081785679	0.092545949	0.103431284	0.098998167	0.085994639	0.122343652	0.099863127	0.115257949	0.100514702
1943	0	4	0.108840331	0.089702524	0.083383612	0.077457547	0.127644137	0.087524131	0.111419007	0.102243252	0.112721838	0.099063627
1944	1	0	0.112571038	0.084665321	0.105591960	0.090843484	0.099945270	0.096303686	0.107616164	0.094041534	0.111492455	0.096929029
1945	5	8	0.117893182	0.087081023	0.098386273	0.080038972	0.100943185	0.084910899	0.093913577	0.103242554	0.136144295	0.097446047
1946	9	8	0.117309444	0.090689316	0.068109721	0.080193080	0.103957526	0.096769229	0.093760148	0.095596470	0.132847741	0.120767303
1947	8	8	0.102544375	0.085303389	0.092414163	0.097891673	0.108790927	0.083560273	0.102179073	0.105693437	0.121928476	0.099694215
1948	6	4	0.108728081	0.094345495	0.085546136	0.080153696	0.117486216	0.086194076	0.107669294	0.108597539	0.110915206	0.100364380
1949	5	8	0.109072283	0.088354722	0.084210172	0.104727827	0.094210796	0.083604455	0.076809943	0.103781737	0.134534553	0.120693527
1950	6	8	0.109637879	0.086978197	0.078846350	0.088589668	0.104988478	0.102250934	0.100771740	0.091995202	0.120750688	0.115190893
1951	4	4	0.120602414	0.095934778	0.071355127	0.070635341	0.123581231	0.091752805	0.097461589	0.099469356	0.120850839	0.108356453
1952	7	8	0.105389424	0.087119743	0.076739721	0.108095586	0.086809896	0.098218493	0.074859053	0.099509396	0.149449542	0.113809109
1953	4	8	0.098958872	0.094553113	0.088286571	0.117301702	0.082627431	0.087609388	0.075304270	0.104881413	0.129326478	0.121150739
1954	1	0	0.127436832	0.089125440	0.083539374	0.057964217	0.120280094	0.103748709	0.111571543	0.089081340	0.121220283	0.096032128
1955	9	6	0.099310532	0.073923960	0.094687998	0.109193131	0.096428521	0.081688859	0.120545045	0.104916617	0.116424307	0.102881044
1956	6	8	0.114770137	0.076443605	0.086893871	0.069071472	0.104069166	0.096958302	0.116372861	0.094632655	0.136372507	0.104415372
1957	0	9	0.108427040	0.099258281	0.086129561	0.109134600	0.090099700	0.085479766	0.083140552	0.104829922	0.114714213	0.118786342
1958	4	8	0.112089194	0.087658852	0.091453344	0.091347635	0.094020531	0.092418052	0.098736592	0.098914675	0.127239659	0.106121555
1959	0	8	0.108416766	0.083099417	0.090524711	0.094324991	0.104846999	0.086673714	0.098808013	0.109765112	0.124333128	0.099207193
1960	5	8	0.096325591	0.094835095	0.089487813	0.100447856	0.102235653	0.087007605	0.102326162	0.108492948	0.113757692	0.105083607
1961	8	6	0.107377864	0.091346562	0.099254012	0.086077720	0.107625611	0.087314747	0.110202715	0.106655009	0.100087002	0.104058869
1962	0	6	0.105289645	0.089323103	0.095416844	0.084940985	0.104554743	0.085173197	0.121060885	0.111811295	0.106619798	0.095809542
1963	2	0	0.117423698	0.094724886	0.085527070	0.076497883	0.108862013	0.100699238	0.114023805	0.112311430	0.096126512	0.093803428
1964	6	8	0.112012021	0.085184798	0.075489745	0.118333146	0.084864549	0.086237282	0.082126133	0.115220882	0.130095899	0.110435508
1965	2	8	0.107120626	0.092638843	0.090593413	0.090366364	0.107128017	0.085951984	0.107869036	0.105420671	0.109474845	0.103436276
1966	0	6	0.121854872	0.074268676	0.079850711	0.065428793	0.117574856	0.078788698	0.127885491	0.110481285	0.123523504	0.100343131
1967	6	8	0.106519386	0.092316881	0.092185073	0.083357580	0.109219439	0.089043669	0.098862231	0.107189223	0.113712259	0.107594207
1968	3	0	0.114507511	0.083266653	0.103520513	0.094806559	0.094873741	0.099515460	0.099606909	0.094281211	0.112266779	0.103354730
1969	6	6	0.110072151	0.083180115	0.088714220	0.079179130	0.116952546	0.092814796	0.122759022	0.097931542	0.109122895	0.099273682
1970	8	9	0.095513843	0.101488136	0.092675887	0.112052239	0.093790665	0.086470880	0.089466467	0.106763884	0.109384872	0.112393133
1971	7	6	0.101071894	0.096989691	0.082343839	0.094907291	0.093480065	0.092661373	0.111653030	0.107113272	0.109799735	0.109979793
1972	9	8	0.112594858	0.084287643	0.087029345	0.074017435	0.104385808	0.099503502	0.112769380	0.098114289	0.126493305	0.100804441
1973	1	6	0.116161264	0.080437206	0.091666140	0.076840229	0.112038463	0.097779945	0.119740203	0.093819112	0.111202106	0.100315310
1974	8	8	0.121617533	0.084783301	0.077000327	0.088285260	0.099586792	0.089551926	0.095799297	0.102713287	0.129873306	0.110789038
1975	7	7	0.101629227	0.095801458	0.099853620	0.098026916	0.098005995	0.094888516	0.104086801	0.105920844	0.103176020	0.098610669
1976	3	0	0.129481375	0.084253088	0.095688425	0.083428949	0.106326714	0.100881167	0.092787787	0.087542117	0.114313081	0.105297282
1977	6	4	0.116247065	0.085256092	0.075791962	0.069513641	0.122415297	0.085246705	0.117991142	0.106735267	0.120706230	0.100096621
1978	8	3	0.094685070	0.089286201	0.097838692	0.126657546	0.090079777	0.088205747	0.092370190	0.107408948	0.111773513	0.101694308
1979	9	8	0.097422712	0.081416905	0.094231017	0.112589069	0.096848078	0.079939902	0.108562805	0.101931840	0.118065655	0.108991958
1980	4	8	0.088219523	0.093469873	0.105283849	0.109411344	0.098045424	0.082257450	0.107476503	0.104627728	0.111743957	0.099464417
1981	7	6	0.105234779	0.084503070	0.107442677	0.095324859	0.101724684	0.091713175	0.115405984	0.098005220	0.106169462	0.094476148
1982	3	8	0.117227614	0.082657754	0.081236906	0.088398002	0.089961991	0.105697781	0.091681540	0.092010729	0.136969820	0.114157781
1983	3	0	0.126481354	0.084807396	0.095342211	0.084790789	0.101389900	0.096211851	0.098024756	0.099458203	0.112219363	0.101274118
1984	7	6	0.109919049	0.090535641	0.105464190	0.082593165	0.108174451	0.092699543	0.111908332	0.105210960	0.107217856	0.086276799
1985	3	0	0.125428542	0.085548997	0.096301362	0.082433663	0.112048440	0.098153308	0.093247592	0.089220248	0.113543957	0.104073934
1986	3	4	0.107960299	0.097034842	0.076409988	0.069410048	0.129752964	0.088705778	0.115568407	0.097968996	0.112726077	0.104462653
1987	1	0	0.110296324	0.089278921	0.096952453	0.089641869	0.105619885	0.098393455	0.109274462	0.092614710	0.104276575	0.103651367
1988	6	8	0.104623497	0.093387604	0.089904368	0.087565139	0.101960726	0.093448833	0.103843689	0.101698972	0.121988490	0.101578638
1989	8	8	0.103756070	0.094089992	0.096885689	0.125286236	0.089413904	0.082569212	0.073696814	0.108250178	0.126213953	0.099837907
1990	5	8	0.109568842	0.090874873	0.098902181	0.090093039	0.091892332	0.092885628	0.092447400	0.107398830	0.120730557	0.105206273
1991	3	0	0.112769373	0.084550686	0.098824330	0.091389909	0.108896889	0.095630392	0.106309414	0.094966665	0.107115231	0.099547200
1992	2	6	0.100926742	0.080560245	0.097636044	0.090091251	0.109134234	0.084244646	0.121987186	0.101083398	0.113898672	0.100437559
1993	5	8	0.113042466	0.097953342	0.091229558	0.076046951	0.100900739	0.090909481	0.098162472	0.106282152	0.126955464	0.098517321
1994	3	4	0.119950429	0.103080399	0.067966163	0.067679904	0.126338869	0.094065912	0.104507640	0.104910590	0.104245931	0.107254170
1995	3	0	0.124507897	0.088737153	0.085319653	0.083035350	0.112073436	0.097037949	0.092190415	0.094549052	0.113231137	0.109317943
1996	6	6	0.107205600	0.091729037	0.076129295	0.085281298	0.114474572	0.093718804	0.118688531	0.105368011	0.104354307	0.103050590
1997	7	8	0.109335564	0.098638825	0.088563375	0.082308367	0.104816094	0.096511029	0.107472360	0.102673106	0.109480448	0.100200899
1998	7	8	0.108521767	0.090199754	0.083415337	0.085611232	0.105567060	0.093605138	0.111274414	0.092906304	0.123141080	0.105757862
1999	3	0	0.115087003	0.091747351	0.093377016	0.084071442	0.108725384	0.100923225	0.101641595	0.091975264	0.105805010	0.106646776
