index	true	predicted	p0	p1	p2	p3	p4	p5	p6	p7	p8	p9
0	5	5	0.102912128	0.052196484	0.047469787	0.113811277	0.083938442	0.189467758	0.108024225	0.104067586	0.125490919	0.072621465
1	4	4	0.057201196	0.063352771	0.062449716	0.084398493	0.234699667	0.079348765	0.073710643	0.099887021	0.085906036	0.159045637
2	2	2	0.084075794	0.124907099	0.146525159	0.109387256	0.073648870	0.059311319	0.072449215	0.104023583	0.105614260	0.120057359
3	0	0	0.320506871	0.051614948	0.054223977	0.088814668	0.077394627	0.063590989	0.106294468	0.055459309	0.108106308	0.073993810
4	1	1	0.066796012	0.271930009	0.059927709	0.060739074	0.092206851	0.058354020	0.082159527	0.096227951	0.106550828	0.105108030
5	0	0	0.210344106	0.050850242	0.048099831	0.111330733	0.078910150	0.045550555	0.175836965	0.062601104	0.141937867	0.074538507
6	0	0	0.223456994	0.072769277	0.078614756	0.109268770	0.067794152	0.067652375	0.080893844	0.074199498	0.106124707	0.119225606
7	5	5	0.082153626	0.056004923	0.073570505	0.081522219	0.079930589	0.209516287	0.119649917	0.122814640	0.090121560	0.084715694
8	8	8	0.099866360	0.041887201	0.056781016	0.090609446	0.088408627	0.053347535	0.160222381	0.077270783	0.259346694	0.072259888
9	6	6	0.138646543	0.051656876	0.049505215	0.099601522	0.061023057	0.119052738	0.183286712	0.065725781	0.134567499	0.096934095
10	1	1	0.093403853	0.159535334	0.140767962	0.098420940	0.069917336	0.058891278	0.088255286	0.111309446	0.094515890	0.084982656
11	7	7	0.062667966	0.073191926	0.092338294	0.078823321	0.070999444	0.058372274	0.074189961	0.292344630	0.086109623	0.110962600
12	2	2	0.088967986	0.077903830	0.212521940	0.063287199	0.099426702	0.057609588	0.103244632	0.120105304	0.102960199	0.073972605
13	5	5	0.100344531	0.061828200	0.088659920	0.082485206	0.060370076	0.181569383	0.124848992	0.079845235	0.091029897	0.129018590
14	1	1	0.084305808	0.191846341	0.162834272	0.099196836	0.078553863	0.064858578	0.073322475	0.089466520	0.072875768	0.082739517
15	6	6	0.120969363	0.048489496	0.054674022	0.092392139	0.074074559	0.071272723	0.210319832	0.079686448	0.159717262	0.088404104
16	7	7	0.078126200	0.121270925	0.100943305	0.066192903	0.092897460	0.045735937	0.082147807	0.259641796	0.069155276	0.083888397
17	6	8	0.072984837	0.071724676	0.075593121	0.146997318	0.120680541	0.046706051	0.077391468	0.098205604	0.223745614	0.065970726
18	3	6	0.105917312	0.059114736	0.052538197	0.155593514	0.103971891	0.076091029	0.172319070	0.083565816	0.105234466	0.085653968
19	0	0	0.189708263	0.047608789	0.075117446	0.091548339	0.067312613	0.070282973	0.142981067	0.086871058	0.125799298	0.102770135
20	0	0	0.172718078	0.066779882	0.085548654	0.090613268	0.097897768	0.080392353	0.119852178	0.067422040	0.125382602	0.093393192
21	9	9	0.123069599	0.043455914	0.070498616	0.134089902	0.086562142	0.066947982	0.148092747	0.064766489	0.109466098	0.153050452
22	2	2	0.082904965	0.107104994	0.129468977	0.070096701	0.079320960	0.091589011	0.101535380	0.124151587	0.104989924	0.108837508
23	0	0	0.231240422	0.053624291	0.058234684	0.098297693	0.083687022	0.069655836	0.120225057	0.055434566	0.138174161	0.091426238
24	9	9	0.079985306	0.046918243	0.018685227	0.058765169	0.105393536	0.086015433	0.069126755	0.059332024	0.095877632	0.379900634
25	6	6	0.120266840	0.049086090	0.055915203	0.114319906	0.065008692	0.056193952	0.205248624	0.079413414	0.176941231	0.077606075
26	9	9	0.051682655	0.046258926	0.025674937	0.042649224	0.098140828	0.091441959	0.076111346	0.082288891	0.063647717	0.422103554
27	4	4	0.077827334	0.100980639	0.098945871	0.073286004	0.141902998	0.050228525	0.118166573	0.102430649	0.128907517	0.107323878
28	8	8	0.118213996	0.050787903	0.076238468	0.095125064	0.085511751	0.065114923	0.119898766	0.064056002	0.184496194	0.140556931
29	7	7	0.043494068	0.108397856	0.050167494	0.089142621	0.127327546	0.038034253	0.054921269	0.250854969	0.085706100	0.151953787
30	9	9	0.128050461	0.048706137	0.037313752	0.073965661	0.096947178	0.108562715	0.111942746	0.095895506	0.125799716	0.172816172
31	0	0	0.246959940	0.067511506	0.064407490	0.129871413	0.083341457	0.071828425	0.082345165	0.064416744	0.100493513	0.088824347
32	9	9	0.054929543	0.083071947	0.036562320	0.045667853	0.103662342	0.086680122	0.071986996	0.099226952	0.084837541	0.333374351
33	1	1	0.073245361	0.228995681	0.100651473	0.066836610	0.089011796	0.064546093	0.085503489	0.093998745	0.089867018	0.107343636
34	4	4	0.059642326	0.088446096	0.107143238	0.072517641	0.250030100	0.062385432	0.073512115	0.113815248	0.091263168	0.081244722
35	1	1	0.068856701	0.242268085	0.113858126	0.065391533	0.093249954	0.056908861	0.088820085	0.098222978	0.082007140	0.090416469
36	4	4	0.062119070	0.059439186	0.053479474	0.068518244	0.262445360	0.062991485	0.072598480	0.100676708	0.117797628	0.139934272
37	5	5	0.116449594	0.078686051	0.065210052	0.078875028	0.092541948	0.149016470	0.146062180	0.095422871	0.093067184	0.084668614
38	1	1	0.064366430	0.200278923	0.143074512	0.110596985	0.077381983	0.069775596	0.084314451	0.091082945	0.077408276	0.081719927
39	3	3	0.096009411	0.080148786	0.060120601	0.163975492	0.088884667	0.087141812	0.099996574	0.091920808	0.111754023	0.120047882
40	6	6	0.143420771	0.041322958	0.051652022	0.085080825	0.068923555	0.111382216	0.262938440	0.056233447	0.106189191	0.072856538
41	7	7	0.051185921	0.090321168	0.054621831	0.074513867	0.110313065	0.054419391	0.066254802	0.270624101	0.072180882	0.155564949
42	1	1	0.062685750	0.214507312	0.119710378	0.100344516	0.107249379	0.057579558	0.069354951	0.129709095	0.069084316	0.069774762
43	3	3	0.083594993	0.102899700	0.093028001	0.189051822	0.074406587	0.083748251	0.096228346	0.090192586	0.094119944	0.092729770
44	1	1	0.076349065	0.209237278	0.092945188	0.070734926	0.097219579	0.065406501	0.078246623	0.109090038	0.115544282	0.085226476
45	2	2	0.080493212	0.052732423	0.188484177	0.066440850	0.075329147	0.115352862	0.149792939	0.111223534	0.054079983	0.106070884
46	5	5	0.082931183	0.039195180	0.059674844	0.099404067	0.069861263	0.268411189	0.116273291	0.091285288	0.095592991	0.077370606
47	7	7	0.102643393	0.092635073	0.110725880	0.068063781	0.109427609	0.041449443	0.092758380	0.212421298	0.098399930	0.071475223
48	9	9	0.107385673	0.042057697	0.030910924	0.058627117	0.135444999	0.093824729	0.095648840	0.093128301	0.109354652	0.233617127
49	7	7	0.104294784	0.110508420	0.125468165	0.067878120	0.095515803	0.042704847	0.075110905	0.220579207	0.092898622	0.065041125
50	7	7	0.076157577	0.096345544	0.104098685	0.065073542	0.080771588	0.047912829	0.073972896	0.292599410	0.070605531	0.092462450
51	5	8	0.088153109	0.075487286	0.066287316	0.087255619	0.101626478	0.089248210	0.132542551	0.096903495	0.139166698	0.123329274
52	2	2	0.079912767	0.116316147	0.217363775	0.076565437	0.078915447	0.053676952	0.074733250	0.164845914	0.072939895	0.064730421
53	2	2	0.097904705	0.105018653	0.201601431	0.073750615	0.083618790	0.070362799	0.092454433	0.123913169	0.094118990	0.057256412
54	6	6	0.137654722	0.059631862	0.071871832	0.092694558	0.114458255	0.080549464	0.148311675	0.081632040	0.132742390	0.080453172
55	8	6	0.124177568	0.041717064	0.053831264	0.081193052	0.096659131	0.078500882	0.177131146	0.103958122	0.144859031	0.097972758
56	6	6	0.106724381	0.058898434	0.071652703	0.098997027	0.091560997	0.080269538	0.196033090	0.088168480	0.142386675	0.065308660
57	7	7	0.071925849	0.133782566	0.074231751	0.107337520	0.113597587	0.080941178	0.065340221	0.142483398	0.085205927	0.125154063
58	7	7	0.094428636	0.128542230	0.116612531	0.103692591	0.077570722	0.064617574	0.080154501	0.141003802	0.101162530	0.092214927
59	2	2	0.099306561	0.078123190	0.222689107	0.075964034	0.073291294	0.058328185	0.076207109	0.133133024	0.085487828	0.097469658
60	2	2	0.081856586	0.079550266	0.193992332	0.090517953	0.110979870	0.043626606	0.080252372	0.138656124	0.106981300	0.073586576
61	4	4	0.048261944	0.042119522	0.051549509	0.068002589	0.320101947	0.057057530	0.072556242	0.093827322	0.094263315	0.152260065
62	4	4	0.070322126	0.104528047	0.122097172	0.086065695	0.172146380	0.060031086	0.106455229	0.107797064	0.093692891	0.076864302
63	8	8	0.106253326	0.046604365	0.040882338	0.079078950	0.082722500	0.063951202	0.125547737	0.070348807	0.215117350	0.169493377
64	7	7	0.060560964	0.090368360	0.095493346	0.054532811	0.092703648	0.057846669	0.070484012	0.296934217	0.075997464	0.105078466
65	8	8	0.115175039	0.050093170	0.079578832	0.070652895	0.101114981	0.053998563	0.153007835	0.070848025	0.191285267	0.114245430
66	7	7	0.099364229	0.083475091	0.114298545	0.062004481	0.093223035	0.029539024	0.082002684	0.293974012	0.072548099	0.069570817
67	9	9	0.088795982	0.062795550	0.051480923	0.101216659	0.105183288	0.080397300	0.070985101	0.051593687	0.104524560	0.283026963
68	2	2	0.069329195	0.084580362	0.198210731	0.099038370	0.090892166	0.051205400	0.081886053	0.164450109	0.092337944	0.068069674
69	0	0	0.174787000	0.058797795	0.061973508	0.072148316	0.096341424	0.105933212	0.172704771	0.073310554	0.099923156	0.084080286
70	7	7	0.063806072	0.061842479	0.084237434	0.078169160	0.069827922	0.065252677	0.087757014	0.287884384	0.097784050	0.103438839
71	1	1	0.070528574	0.261565179	0.084012859	0.055722676	0.095590986	0.070302866	0.083311692	0.100579374	0.086425707	0.091960080
72	0	0	0.228799701	0.064835221	0.068726599	0.090603784	0.072449416	0.089575239	0.128362358	0.062850624	0.097406864	0.096390218
73	7	7	0.075505041	0.146952093	0.078934975	0.086691141	0.091646761	0.043219242	0.069497012	0.226856038	0.070741594	0.109955981
74	4	4	0.074711069	0.119587906	0.111105867	0.059874523	0.193851054	0.057776246	0.099206574	0.110316247	0.089622289	0.083948247
75	4	4	0.102143325	0.073047854	0.069853097	0.074734136	0.175115660	0.064370163	0.094757214	0.131710812	0.090292782	0.123975016
76	1	1	0.074588500	0.210042343	0.119888425	0.068839364	0.089754291	0.066245183	0.105708756	0.098545194	0.076222539	0.090165414
77	5	5	0.092442960	0.059657834	0.055581272	0.095182471	0.090499185	0.147157639	0.138746083	0.117709897	0.118608132	0.084414586
78	7	7	0.063156657	0.130871072	0.064627171	0.079552434	0.118759282	0.050059203	0.067437865	0.207430720	0.076645792	0.141459882
79	2	2	0.081906453	0.063433751	0.197560176	0.069584399	0.134202346	0.040721744	0.099538945	0.136252671	0.107743733	0.069055766
80	8	8	0.094155855	0.046094701	0.059988689	0.097980626	0.085081689	0.054163486	0.179865330	0.077513784	0.214437112	0.090718716
81	2	2	0.069783442	0.091790639	0.163975939	0.131170645	0.101067476	0.041894205	0.070250295	0.150466919	0.100926332	0.078674115
82	9	9	0.065841876	0.067770414	0.058658414	0.091310337	0.102429233	0.100865871	0.072480008	0.117021240	0.102585860	0.221036702
83	5	5	0.081392825	0.048675038	0.082643948	0.095028281	0.066877842	0.165463477	0.154059261	0.093156219	0.089051850	0.123651281
84	5	7	0.087968089	0.060503379	0.044236828	0.088788390	0.101777703	0.123166725	0.126946956	0.130473077	0.122933798	0.113205001
85	8	8	0.132009730	0.075380303	0.074171267	0.079497129	0.084954657	0.084435225	0.104131848	0.060246915	0.179910168	0.125262663
86	7	7	0.090403989	0.128461570	0.102582134	0.106392965	0.090288438	0.058243927	0.070784964	0.197112083	0.073483653	0.082246371
87	2	2	0.069707081	0.130080760	0.181440458	0.088870347	0.060271200	0.040336590	0.106606014	0.100014918	0.110451229	0.112221368
88	1	1	0.079201892	0.185109183	0.144588247	0.102514744	0.089625150	0.059571628	0.079753637	0.101726986	0.079905890	0.078002661
89	2	2	0.078570232	0.102322467	0.174866796	0.087864853	0.060350798	0.043766808	0.100998163	0.098651633	0.121365584	0.131242588
90	5	6	0.121304452	0.068199806	0.063138209	0.082223177	0.086675450	0.141890973	0.157038093	0.083392441	0.099261470	0.096875951
91	0	0	0.294280261	0.049230032	0.049016595	0.070594460	0.072114624	0.067750886	0.155363128	0.079956248	0.089579873	0.072113857
92	3	3	0.103333876	0.079241537	0.098287426	0.149635836	0.089666016	0.088707030	0.092413582	0.093213759	0.111233696	0.094267309
93	6	6	0.084534101	0.048202861	0.094263338	0.091261879	0.082693987	0.087789692	0.248734862	0.082572475	0.082052566	0.097894229
94	8	8	0.139566764	0.033376183	0.055137202	0.072775476	0.092734233	0.064957231	0.138825193	0.050235100	0.285588324	0.066804267
95	6	6	0.093828969	0.053613782	0.108928658	0.102737151	0.095125951	0.113757856	0.165220901	0.089513376	0.097744115	0.079529248
96	1	9	0.045959085	0.135440156	0.040488269	0.084693804	0.137932986	0.065594405	0.058951363	0.132195741	0.087047726	0.211696506
97	7	7	0.070175491	0.089864776	0.121347092	0.090376310	0.085305721	0.041370600	0.065618493	0.306014270	0.062562473	0.067364737
98	1	1	0.096237577	0.193782553	0.154181689	0.088748232	0.062388014	0.077923857	0.072771363	0.085865431	0.088340580	0.079760663
99	6	6	0.130910262	0.041045707	0.055907778	0.085831910	0.084623046	0.097376719	0.238534376	0.077948697	0.126770929	0.061050612
100	4	4	0.072442055	0.071363471	0.103614382	0.078339212	0.258585244	0.053226177	0.087218933	0.086935028	0.110622950	0.077652633
101	0	0	0.207025245	0.065288030	0.086430311	0.103426300	0.065117992	0.067880541	0.102542154	0.070255466	0.110334136	0.121699944
102	3	3	0.095582344	0.081105664	0.096468195	0.126488239	0.062614426	0.125914499	0.097587213	0.125125974	0.095019206	0.094094247
103	7	7	0.106640115	0.111132130	0.110914007	0.058231644	0.114760697	0.046443366	0.083049290	0.211094424	0.083572894	0.074161410
104	5	5	0.092804328	0.051070713	0.083550803	0.133340418	0.078804024	0.165823624	0.132878914	0.090152077	0.087164059	0.084411025
105	2	2	0.089412458	0.108612299	0.157906294	0.102740772	0.077761553	0.060697913	0.086445428	0.148588791	0.080003008	0.087831452
106	8	8	0.101317793	0.065906487	0.076939687	0.102978066	0.109523393	0.068810873	0.123825952	0.085126229	0.142154858	0.123416677
107	2	2	0.075084157	0.096816733	0.194936514	0.099568300	0.119254783	0.042201240	0.080106713	0.113041684	0.105167620	0.073822215
108	7	7	0.064851500	0.133517995	0.068828903	0.124661088	0.105703846	0.051515155	0.062128611	0.178003922	0.089340717	0.121448293
109	2	1	0.089088202	0.142857432	0.131888926	0.083648607	0.085514337	0.050356094	0.126518235	0.107304029	0.088841215	0.093982905
110	7	7	0.063924469	0.086039096	0.114119262	0.065011054	0.078275971	0.068481378	0.085028678	0.262365848	0.095348872	0.081405401
111	4	4	0.055676229	0.079483747	0.102069259	0.085735261	0.164813459	0.046721119	0.136491552	0.115549468	0.092993990	0.120466083
112	8	8	0.084135018	0.083612710	0.050563294	0.098214403	0.106031574	0.048619457	0.087738290	0.067430176	0.226956055	0.146699026
113	9	8	0.091849312	0.088041149	0.070800401	0.110394448	0.097717099	0.121546745	0.089527324	0.073409051	0.129676968	0.127037466
114	7	7	0.065517634	0.105610259	0.104307286	0.077969179	0.066417716	0.063389435	0.108347222	0.274965614	0.058341116	0.075134493
115	8	8	0.127304524	0.043473098	0.045547046	0.094725318	0.075651683	0.068967208	0.136942074	0.075851381	0.199799865	0.131737828
116	4	4	0.092155263	0.083271071	0.115202434	0.078592137	0.182207972	0.060133234	0.094593763	0.107910745	0.104973413	0.080959968
117	2	2	0.078070678	0.112105794	0.166849017	0.103892602	0.055964291	0.046435501	0.102218904	0.093654491	0.108116701	0.132692128
118	5	5	0.078171842	0.063171819	0.102461852	0.101845741	0.066936247	0.146102533	0.123413891	0.103484780	0.090271845	0.124139421
119	3	7	0.085960992	0.071502961	0.114894569	0.132210478	0.064416304	0.115729086	0.091348194	0.145273924	0.096541114	0.082122318
120	1	1	0.060522582	0.249069005	0.082896709	0.051575009	0.075964704	0.065764226	0.083805211	0.100586452	0.112426609	0.117389433
121	1	1	0.053735297	0.191913694	0.119097032	0.139502212	0.087679811	0.045438014	0.100638554	0.117758676	0.061093718	0.083143048
122	6	6	0.082747847	0.070427783	0.101834103	0.091139168	0.109732397	0.092748761	0.148217261	0.103222027	0.101550914	0.098379821
123	8	8	0.113363475	0.075167373	0.086196572	0.114329360	0.074298434	0.077178784	0.101453513	0.064588912	0.152314931	0.141108617
124	3	3	0.101677366	0.050410643	0.044389039	0.156494096	0.093855493	0.074208193	0.121682674	0.085507832	0.115591519	0.156183168
125	6	6	0.129630223	0.050456412	0.062175486	0.083217315	0.078690380	0.109544553	0.234067827	0.065461852	0.123510301	0.063245654
126	6	6	0.096782364	0.052033257	0.095606558	0.075549230	0.079920948	0.093655951	0.230186418	0.089945823	0.083028913	0.103290454
127	6	6	0.131027818	0.041731339	0.054240238	0.084786102	0.074834183	0.042743888	0.234082147	0.070129372	0.175775424	0.090649486
128	4	4	0.077220038	0.089261219	0.119926140	0.073291652	0.168817133	0.060100380	0.107212156	0.116714671	0.117207266	0.070249289
129	0	0	0.173062652	0.064603448	0.095530592	0.100483291	0.091119610	0.071025535	0.094899423	0.099992059	0.123368226	0.085915230
130	3	3	0.119154193	0.096393965	0.089721061	0.145214558	0.088209763	0.082988627	0.088607378	0.097954415	0.103841655	0.087914392
131	8	8	0.122868806	0.034602784	0.059976224	0.089791462	0.114117332	0.063309178	0.147361368	0.078149006	0.215125963	0.074697904
132	4	4	0.052319985	0.040411294	0.050229196	0.072630219	0.236563474	0.054057356	0.075436726	0.103223324	0.114749640	0.200378835
133	6	6	0.086231984	0.069989197	0.103552572	0.083570555	0.084038258	0.092589490	0.193835720	0.088067345	0.096495591	0.101629265
134	9	9	0.100990407	0.051392704	0.049741007	0.088921905	0.111151293	0.078304328	0.105060488	0.042707328	0.090896599	0.280833960
135	4	9	0.062556908	0.050980035	0.047483474	0.073308244	0.190253481	0.078785688	0.083090484	0.092115574	0.094510682	0.226915434
136	7	7	0.072584800	0.103021286	0.096308112	0.079973079	0.097121648	0.054768648	0.084117316	0.216857806	0.099630721	0.095616616
137	9	9	0.072064370	0.120737888	0.085681632	0.062908597	0.080191448	0.088671833	0.099678271	0.106435679	0.102878951	0.180751339
138	1	1	0.082491316	0.163900942	0.145464823	0.093655542	0.091923207	0.069996871	0.095355801	0.098510012	0.082167201	0.076534294
139	6	6	0.161090627	0.046975039	0.051496424	0.083071947	0.090151690	0.119054608	0.170079097	0.048645027	0.123034015	0.106401533
140	9	8	0.109078959	0.049345423	0.050705649	0.082363643	0.073549755	0.077482119	0.133644134	0.093925394	0.193444714	0.136460096
141	8	8	0.111783758	0.058899313	0.059636485	0.091318458	0.075255193	0.055301238	0.123263516	0.053255379	0.246112794	0.125173837
142	8	8	0.127565667	0.067359246	0.079759531	0.104676522	0.077861182	0.105994709	0.104547322	0.059415765	0.159681842	0.113138229
143	1	1	0.070070304	0.265005201	0.085436329	0.057664990	0.088987060	0.054052889	0.101234473	0.081482299	0.077385582	0.118680947
144	8	8	0.084069669	0.052438390	0.070243202	0.128774643	0.086221769	0.102279276	0.155593276	0.082657725	0.161305502	0.076416582
145	7	7	0.081213042	0.094332457	0.087517478	0.090198457	0.063426651	0.081193030	0.091081150	0.253850520	0.075590380	0.081596866
146	4	4	0.057975810	0.046264455	0.034077737	0.064485319	0.286996782	0.056482654	0.066542484	0.098420858	0.077932484	0.210821435
147	1	1	0.108743280	0.161334038	0.106054895	0.071643114	0.098274186	0.079117998	0.087163255	0.109275177	0.092950307	0.085443772
148	7	7	0.065899208	0.108343482	0.071416654	0.077403247	0.103903621	0.055787507	0.072050594	0.264528394	0.064700089	0.115967222
149	7	7	0.075418182	0.081567556	0.102957137	0.050604135	0.113264620	0.044920284	0.073659278	0.307309657	0.073856719	0.076442301
150	3	3	0.089737646	0.108072169	0.100389093	0.187222958	0.085532703	0.081063204	0.090993889	0.097572170	0.086652167	0.072764017
151	8	8	0.117608756	0.045360729	0.065906711	0.079165652	0.110261813	0.078491293	0.147086561	0.073353231	0.205016166	0.077749036
152	0	6	0.160236850	0.042198051	0.058901101	0.072447717	0.102399483	0.085465081	0.214075163	0.085052207	0.108605169	0.070619173
153	7	7	0.090065420	0.086289540	0.107342966	0.093025252	0.066509970	0.066005737	0.111283608	0.220895633	0.080835186	0.077746719
154	0	0	0.168918297	0.066247687	0.085166544	0.092686668	0.095671676	0.085066922	0.122439615	0.097991042	0.100462802	0.085348792
155	5	6	0.088221349	0.057576858	0.067434818	0.112934001	0.085747600	0.139189810	0.154506668	0.094561592	0.110301517	0.089525841
156	9	9	0.090207502	0.061705455	0.046634369	0.086245559	0.093950815	0.079577588	0.083876222	0.087767489	0.080894418	0.289140612
157	2	2	0.111574017	0.064136840	0.212687641	0.048060399	0.066069029	0.095992468	0.126067474	0.125388116	0.056488205	0.093535848
158	9	9	0.086497292	0.049990624	0.025163215	0.072194196	0.123770066	0.093327619	0.061649811	0.067993358	0.093533218	0.325880617
159	8	8	0.102069296	0.054994330	0.058754094	0.097917937	0.095977128	0.081534304	0.156130776	0.081699185	0.201094657	0.069828294
160	9	9	0.071367450	0.108733758	0.070839144	0.041184951	0.084117368	0.083381899	0.093217537	0.131600618	0.093369275	0.222187966
161	9	9	0.090479918	0.052039050	0.039563775	0.076296709	0.082156025	0.113499276	0.120022640	0.102016568	0.144675687	0.179250345
162	0	0	0.176573798	0.075722121	0.069427669	0.095468812	0.075013809	0.107837580	0.133552879	0.053169794	0.097475976	0.115757555
163	3	6	0.090458475	0.053051077	0.055957180	0.126679882	0.086090520	0.082025915	0.173696786	0.087789431	0.154842153	0.089408569
164	2	2	0.059843559	0.086565852	0.185662672	0.104859315	0.114083268	0.030797742	0.081462756	0.139629230	0.127153575	0.069941990
165	8	8	0.080484957	0.035226207	0.032985359	0.112903781	0.115046315	0.051708966	0.146714047	0.073804393	0.222332269	0.128793746
166	7	7	0.066523097	0.089172348	0.085773185	0.056079511	0.131109774	0.044785589	0.072012007	0.301132023	0.064643152	0.088769339
167	8	8	0.100022577	0.033748914	0.047642197	0.098750904	0.095025070	0.088920109	0.175193995	0.057068408	0.227373213	0.076254621
168	5	5	0.086128943	0.061877675	0.087814108	0.090730660	0.080865294	0.191936851	0.133773476	0.089734308	0.087231025	0.089907706
169	7	9	0.056863189	0.105328530	0.043539114	0.115805887	0.141828254	0.078433119	0.060358942	0.130240023	0.092400774	0.175202161
170	0	0	0.187223166	0.065128684	0.063083537	0.082834736	0.088531464	0.093816347	0.146493569	0.076421916	0.104184672	0.092281938
171	9	9	0.055401724	0.050701462	0.031523447	0.038960911	0.102747127	0.096072093	0.079043157	0.081235230	0.074596681	0.389718205
172	7	7	0.075344712	0.083254702	0.117791928	0.083076544	0.067917645	0.082264006	0.105906330	0.206572771	0.072358780	0.105512612
173	4	4	0.061926566	0.055700149	0.071924992	0.077731870	0.250818133	0.067353770	0.114357874	0.093449011	0.094332889	0.112404749
174	2	2	0.103220969	0.084071025	0.135704249	0.090876907	0.070493057	0.103457138	0.124423243	0.098359875	0.066923760	0.122469798
175	1	1	0.091912508	0.171786338	0.139082789	0.126101568	0.082132302	0.059114795	0.073162809	0.098992504	0.078754038	0.078960337
176	6	6	0.106809154	0.058213923	0.052468032	0.076218061	0.085928299	0.083034053	0.260349631	0.077639535	0.123426810	0.075912401
177	4	4	0.070403129	0.109389938	0.095621817	0.078054897	0.144731969	0.039065875	0.095712550	0.113982350	0.130244076	0.122793369
178	8	9	0.084496818	0.093578912	0.080175929	0.098256677	0.086304560	0.072140262	0.116003491	0.091739871	0.133363888	0.143939614
179	9	9	0.051701345	0.056550734	0.027917380	0.063448496	0.112855248	0.070163071	0.073684923	0.065657116	0.091105431	0.386916220
180	2	2	0.066180982	0.071040988	0.222053185	0.068218037	0.102955826	0.038269602	0.085137703	0.144172356	0.135204896	0.066766478
181	1	1	0.073101655	0.195733920	0.078735575	0.073881462	0.118497998	0.065041371	0.077447861	0.117784768	0.078667358	0.121108003
182	1	1	0.077947132	0.202284664	0.111557946	0.083709098	0.096924148	0.077167131	0.073858172	0.116849273	0.081106178	0.078596182
183	4	4	0.081156887	0.107893914	0.099397205	0.063903756	0.167378351	0.067478620	0.108656801	0.110371947	0.095159262	0.098603308
184	7	7	0.082938299	0.126355335	0.086871751	0.082695581	0.094779454	0.051438395	0.094342805	0.192320928	0.084727921	0.103529595
185	8	6	0.125375077	0.047661062	0.046208169	0.073556915	0.091758013	0.079559989	0.204135448	0.060266346	0.172260821	0.099218078
186	9	9	0.123668902	0.101258226	0.088549264	0.072449230	0.067404479	0.096818723	0.080130070	0.059570808	0.110438809	0.199711457
187	4	4	0.071415789	0.065068290	0.088014059	0.071346931	0.250920564	0.065327220	0.088941492	0.105275229	0.103747234	0.089943156
188	2	2	0.085716851	0.084593222	0.250932932	0.084762394	0.074626103	0.060331628	0.070975125	0.130820572	0.090971254	0.066269875
189	9	9	0.107223392	0.065760754	0.069310494	0.104467183	0.087855376	0.069019653	0.110476203	0.094901755	0.079068042	0.211917162
190	9	9	0.082066201	0.046739731	0.018672826	0.055473849	0.119267583	0.083286159	0.060880352	0.056118727	0.102266438	0.375228137
191	4	4	0.046742365	0.049048927	0.045697894	0.066811755	0.337813139	0.059148837	0.056137346	0.086902916	0.091043219	0.160653621
192	1	1	0.071420215	0.261104345	0.068355277	0.049080633	0.094521314	0.058085553	0.091340542	0.104475938	0.102560475	0.099055700
193	1	2	0.091567278	0.126593396	0.132078409	0.112844869	0.097069509	0.082250237	0.100165598	0.094512939	0.083542034	0.079375677
194	1	1	0.079878487	0.216445372	0.143590912	0.094122060	0.071136877	0.078307666	0.085824490	0.101928078	0.062780611	0.065985471
195	7	9	0.042894032	0.100584753	0.054880287	0.114160545	0.119707383	0.069808103	0.073308274	0.148878336	0.095713757	0.180064574
196	7	7	0.049703404	0.099264629	0.071393594	0.064243607	0.120459326	0.056320004	0.071670897	0.275403917	0.067935109	0.123605497
197	0	0	0.174318075	0.048807118	0.086394280	0.101561122	0.088826075	0.064655587	0.119654283	0.108443707	0.105580218	0.101759575
198	3	3	0.099025622	0.063785084	0.094312556	0.166596532	0.077154391	0.068961903	0.105415039	0.092316329	0.126909122	0.105523400
199	4	4	0.062548228	0.059605807	0.058646534	0.066044539	0.226660281	0.073196426	0.086880192	0.104072757	0.086743392	0.175601885
200	6	6	0.110422455	0.044219840	0.063031264	0.092886865	0.068513803	0.057130661	0.217785075	0.067277461	0.184435576	0.094296984
201	5	6	0.094212234	0.045086470	0.057592176	0.087989613	0.083000705	0.175761327	0.198741376	0.078317657	0.108252421	0.071046092
202	0	6	0.167485759	0.051228944	0.067670874	0.089909792	0.076936416	0.084480047	0.167694584	0.087113738	0.126511931	0.080967955
203	7	1	0.084906027	0.167278275	0.110444084	0.097676903	0.090413280	0.034472790	0.079345047	0.139479205	0.112245694	0.083738662
204	9	9	0.082672693	0.036460493	0.022475323	0.058412652	0.109274536	0.081704035	0.102466479	0.084678948	0.099819899	0.322034955
205	0	0	0.281990021	0.052613307	0.037636496	0.070131391	0.066500999	0.074548058	0.162245274	0.062273026	0.106664583	0.085396819
206	5	6	0.075211860	0.054503221	0.057912350	0.155127093	0.079459541	0.076815665	0.166002601	0.098108448	0.141957030	0.094902307
207	0	8	0.136856869	0.058352452	0.106267631	0.087033235	0.082205668	0.064182408	0.138589099	0.085484549	0.145976469	0.095051654
208	2	2	0.101458684	0.087899461	0.245496690	0.056194302	0.080867477	0.061501242	0.104960896	0.125158176	0.065531440	0.070931531
209	6	0	0.167725578	0.049758554	0.059879947	0.095197886	0.070995994	0.095929362	0.161896601	0.060658708	0.130442053	0.107515328
210	8	6	0.095169730	0.049670082	0.054836784	0.105897546	0.091241419	0.085391514	0.179871812	0.075902373	0.159082696	0.102936126
211	1	1	0.085497826	0.199520171	0.114982583	0.085487172	0.075294882	0.065676711	0.091198586	0.097162358	0.079654165	0.105525598
212	6	6	0.140347451	0.052690856	0.063219540	0.117923349	0.071756631	0.115055971	0.158382624	0.066431440	0.117622189	0.096569993
213	3	3	0.106900655	0.064954944	0.105574846	0.194420218	0.080838084	0.060476977	0.090268463	0.091304109	0.107306749	0.097955041
214	9	9	0.069257066	0.056562472	0.035788264	0.064340644	0.121045351	0.103034750	0.078174077	0.079215072	0.084381312	0.308200926
215	0	8	0.140533984	0.062582493	0.094428584	0.090186805	0.092531644	0.075693995	0.124087639	0.071599208	0.144347817	0.104007810
216	8	6	0.126069427	0.041505337	0.052964725	0.095188603	0.079883948	0.064892061	0.200226903	0.071300954	0.168371871	0.099596210
217	2	2	0.095544644	0.106815279	0.152411014	0.080377050	0.086731687	0.070496611	0.107089750	0.130496904	0.084421545	0.085615478
218	7	7	0.065126821	0.135529459	0.088521481	0.082735211	0.123481661	0.054829594	0.081021108	0.146378338	0.094700612	0.127675697
219	3	3	0.094620503	0.074032269	0.105783433	0.143714100	0.080172278	0.066262439	0.120553561	0.095524520	0.105161428	0.114175506
220	8	8	0.122777954	0.048980512	0.103145279	0.082282968	0.086256474	0.072629847	0.115546525	0.057564929	0.174815193	0.136000335
221	0	0	0.173052624	0.079243332	0.084550828	0.086334050	0.086563990	0.092022911	0.119066104	0.089030810	0.095836319	0.094299056
222	2	2	0.072189182	0.062022258	0.165399879	0.075537823	0.088054255	0.118339181	0.109943941	0.127832070	0.056219459	0.124461882
223	6	6	0.091372944	0.071454205	0.100423828	0.068010420	0.119467609	0.059542600	0.198928997	0.098208696	0.119144022	0.073446594
224	8	8	0.104068868	0.033353310	0.056683324	0.107215799	0.104183696	0.047715794	0.107278250	0.054794066	0.320881248	0.063825592
225	4	4	0.056281079	0.046378437	0.041652516	0.072989367	0.236145079	0.079237215	0.083679609	0.094020836	0.075873092	0.213742837
226	5	5	0.096843913	0.076951817	0.061260141	0.086468257	0.093726218	0.179006547	0.098064914	0.095009059	0.106044181	0.106624946
227	6	6	0.131432891	0.052170254	0.046505876	0.073706754	0.098594375	0.109322965	0.211575538	0.081720479	0.107023336	0.087947592
228	6	6	0.085282519	0.033640247	0.038796872	0.093443438	0.143625483	0.045785721	0.206818029	0.117379263	0.172280863	0.062947519
229	3	3	0.096897662	0.063513152	0.066123098	0.177074075	0.086194761	0.088689968	0.120925322	0.086944804	0.123357415	0.090279713
230	2	2	0.105389521	0.074890070	0.213739902	0.085905820	0.103578031	0.056347083	0.061657242	0.108866937	0.101917572	0.087707877
231	3	3	0.098212622	0.042501982	0.066273749	0.175985813	0.070360020	0.104185857	0.151810378	0.081999570	0.141297802	0.067372181
232	8	8	0.115659527	0.044174556	0.036868472	0.085689574	0.086393781	0.079548545	0.178026721	0.082825571	0.194212720	0.096600540
233	2	2	0.088927098	0.101679012	0.195788339	0.072072275	0.067592412	0.079580382	0.100418724	0.100437626	0.079272591	0.114231572
234	0	0	0.273092300	0.048683379	0.045120455	0.100449480	0.069088675	0.060105365	0.157138467	0.078529246	0.102626674	0.065165967
235	5	8	0.088303730	0.055415433	0.058031324	0.132690057	0.079017133	0.100042634	0.120224535	0.111042336	0.165028885	0.090203896
236	2	2	0.074176662	0.062320296	0.155426323	0.091218591	0.090115353	0.060839381	0.118265063	0.110615276	0.152974874	0.084048092
237	5	5	0.076225162	0.053728752	0.062896714	0.107749671	0.076549232	0.207710743	0.108440354	0.123774387	0.097116381	0.085808635
238	2	2	0.062565908	0.079119943	0.215841621	0.078816980	0.115648419	0.037585821	0.088420331	0.142139360	0.108782537	0.071079083
239	0	0	0.239271387	0.056947265	0.067740627	0.083609208	0.069676206	0.072554082	0.137786761	0.051196691	0.119424112	0.101793595
240	0	0	0.237085372	0.064976901	0.055967499	0.096545689	0.076505333	0.101706415	0.115567133	0.058855399	0.095817156	0.096973099
241	4	4	0.066977993	0.077025414	0.080598213	0.091939092	0.220088080	0.076980986	0.079145201	0.102747038	0.088582687	0.115915231
242	9	9	0.083119735	0.042472653	0.016587948	0.051928896	0.101469077	0.083878480	0.081743963	0.065943129	0.114831746	0.358024418
243	5	5	0.098245397	0.039038621	0.063774869	0.113591909	0.063063063	0.191421434	0.152343631	0.093393467	0.094441243	0.090686403
244	8	8	0.083114423	0.033464871	0.047990281	0.171616763	0.075860769	0.060680460	0.154827595	0.063508883	0.220935747	0.088000111
245	4	4	0.071442358	0.111791641	0.125332534	0.076094523	0.157623649	0.058012903	0.101886667	0.109486826	0.103390574	0.084938370
246	6	6	0.120178439	0.060859397	0.101140410	0.082155965	0.083214782	0.098979414	0.212453723	0.097365335	0.069982179	0.073670380
247	5	6	0.120654568	0.043320663	0.045322329	0.069309063	0.106285557	0.139822736	0.188908428	0.102516547	0.111559592	0.072300583
248	6	6	0.121317372	0.062052377	0.057889152	0.093346782	0.081197955	0.073913753	0.227458268	0.089723118	0.125202045	0.067899175
249	4	8	0.072962843	0.125068098	0.092975251	0.089634299	0.107630536	0.071121849	0.080636166	0.107232362	0.134427533	0.118310995
250	0	6	0.124642275	0.078652769	0.081996918	0.123606071	0.088003241	0.073249266	0.130179703	0.082760043	0.108596496	0.108313285
251	3	3	0.109986424	0.083815850	0.066214614	0.140318006	0.080833368	0.121543974	0.079297647	0.101613700	0.122256875	0.094119586
252	5	5	0.110360384	0.075495809	0.084394410	0.064461403	0.111651458	0.142550007	0.136782542	0.095532894	0.102079637	0.076691486
253	2	2	0.092355542	0.081900731	0.198721692	0.067700520	0.126778185	0.049338818	0.069872960	0.119250551	0.115342654	0.078738362
254	6	6	0.116478361	0.046932835	0.054067571	0.080206953	0.083551385	0.102298766	0.207121760	0.078099251	0.152321473	0.078921594
255	3	6	0.125641644	0.052662615	0.061760649	0.106235139	0.082496867	0.110281855	0.179047838	0.078785330	0.126986712	0.076101325
256	6	6	0.100313991	0.049719356	0.065741487	0.077933557	0.086932093	0.112270944	0.254686624	0.073096342	0.087280497	0.092025064
257	8	8	0.113253988	0.043488026	0.070932999	0.124239348	0.081353143	0.066004522	0.099675305	0.055522595	0.271342963	0.074187040
258	7	7	0.065782771	0.077618212	0.074412070	0.077194169	0.094546124	0.067960240	0.088109724	0.271855801	0.077419646	0.105101250
259	5	6	0.086405516	0.055145908	0.040206280	0.082630917	0.109084353	0.132477030	0.137485757	0.129293635	0.093543798	0.133726776
260	3	3	0.090354785	0.085189857	0.100264780	0.175579518	0.080976821	0.076975062	0.075015478	0.098699927	0.112133704	0.104810104
261	9	6	0.154531077	0.046793520	0.054341976	0.089489765	0.081399724	0.086754277	0.157146722	0.063588090	0.140865803	0.125089005
262	0	0	0.270064890	0.047797486	0.062784314	0.084049128	0.083409511	0.052344862	0.108906031	0.043255456	0.151832983	0.095555201
263	5	5	0.088630259	0.050897554	0.065542154	0.083908819	0.103344277	0.180941924	0.148253396	0.086718105	0.116323970	0.075439543
264	9	9	0.074003816	0.059610117	0.028663661	0.064302698	0.114165120	0.060767896	0.058114953	0.076186225	0.091738492	0.372446984
265	7	7	0.052076347	0.062183090	0.065215841	0.073524907	0.088811718	0.105937451	0.095176272	0.266354173	0.051625863	0.139094308
266	4	4	0.086628631	0.093242444	0.110459961	0.062112886	0.247648895	0.050626587	0.068762384	0.109986939	0.102895893	0.067635372
267	0	6	0.195947483	0.036591571	0.044093736	0.060424417	0.073720843	0.062573619	0.212670118	0.053367667	0.130125150	0.130485401
268	3	3	0.095881343	0.086822852	0.094175130	0.155447021	0.087306075	0.080635943	0.074973993	0.065230832	0.119996071	0.139530763
269	2	2	0.074698038	0.105528407	0.175036937	0.090210579	0.092161730	0.066975020	0.077309430	0.155368075	0.079048343	0.083663404
270	1	7	0.085554801	0.124485835	0.101205692	0.090776749	0.115564726	0.072556973	0.109394170	0.131678462	0.093265548	0.075517088
271	9	9	0.058595009	0.063971840	0.024946582	0.046443611	0.125238866	0.088428572	0.063332483	0.075732954	0.087368533	0.365941554
272	0	0	0.352194458	0.031724986	0.029357497	0.061161291	0.061903942	0.064833470	0.183587328	0.037342232	0.106050476	0.071844272
273	9	9	0.105295226	0.037323214	0.081515521	0.123160228	0.071792699	0.091521360	0.124663688	0.070506997	0.111384489	0.182836592
274	1	1	0.082704023	0.202273384	0.150702178	0.099802293	0.060611457	0.066330902	0.076939017	0.088748612	0.076558426	0.095329694
275	9	9	0.068307631	0.049265146	0.029466109	0.065619916	0.089272678	0.084357344	0.051757351	0.056235097	0.081719838	0.423998892
276	6	6	0.176604509	0.038802907	0.040539958	0.095122159	0.071851239	0.107014626	0.231237307	0.045697443	0.119819574	0.073310249
277	8	8	0.099243946	0.056423519	0.088890038	0.103936248	0.119718224	0.061613575	0.101945698	0.078696318	0.216659531	0.072872944
278	6	8	0.151286557	0.057809595	0.125677794	0.077537037	0.068451464	0.063489333	0.147530019	0.053871557	0.157376647	0.096969977
279	9	8	0.098491453	0.063776806	0.050944731	0.070733726	0.075476862	0.105549507	0.136744246	0.101979665	0.152170867	0.144132137
280	6	7	0.097784050	0.087625571	0.091880396	0.103472240	0.086238496	0.102135345	0.128354982	0.129853398	0.092250615	0.080404960
281	2	2	0.105173841	0.092241310	0.185618237	0.082909577	0.059403513	0.068099886	0.088128336	0.126051843	0.084585644	0.107787758
282	3	0	0.158889577	0.084471174	0.113736100	0.136969626	0.079907820	0.092944883	0.070217237	0.099555485	0.095934317	0.067373753
283	4	4	0.075748928	0.125474527	0.126944855	0.056938630	0.138398573	0.056846682	0.090175346	0.109000504	0.132220730	0.088251211
284	3	3	0.134539872	0.054577418	0.036848724	0.184562281	0.075429440	0.095335878	0.115049757	0.069988549	0.139939085	0.093728952
285	8	6	0.099855900	0.055568602	0.067557797	0.123457693	0.088279456	0.090203941	0.168803275	0.085154660	0.139457196	0.081661545
286	8	8	0.099411398	0.062907346	0.063159660	0.130285665	0.077827081	0.083395340	0.137300298	0.076947413	0.190987304	0.077778503
287	7	7	0.077901132	0.107641742	0.071100481	0.073934220	0.087677769	0.047618899	0.069878921	0.296729237	0.071442842	0.096074775
288	2	2	0.055598363	0.082768112	0.236151561	0.093563937	0.109905645	0.034999628	0.096618362	0.140045792	0.085456267	0.064892262
289	2	2	0.076251328	0.133454636	0.174540207	0.097809918	0.071432486	0.049479298	0.113326438	0.105286688	0.082268886	0.096150041
290	3	3	0.108027399	0.068986364	0.092569910	0.163864344	0.078002788	0.070951842	0.098936439	0.079662822	0.134279624	0.104718462
291	9	9	0.070960328	0.050638888	0.025341805	0.074916005	0.112860993	0.099762961	0.051339235	0.058615256	0.082700714	0.372863859
292	7	7	0.081141569	0.143503785	0.117571726	0.107920378	0.077527471	0.027607324	0.081631944	0.147635877	0.100394100	0.115065813
293	9	9	0.071760461	0.052205086	0.023629487	0.055510886	0.104630008	0.059198119	0.061633825	0.063927718	0.074818350	0.432686001
294	5	5	0.113911964	0.068142749	0.065154135	0.077394970	0.091014005	0.141816974	0.102947496	0.104210258	0.135132015	0.100275367
295	1	1	0.086072721	0.231128007	0.119250365	0.082372695	0.086416870	0.059175380	0.075969867	0.106364429	0.080813408	0.072436273
296	8	8	0.075209506	0.060324650	0.079429343	0.109067887	0.074222535	0.107188210	0.125068843	0.092481203	0.181075081	0.095932692
297	9	9	0.083061986	0.062497441	0.042752989	0.079764761	0.094726078	0.107155636	0.075934902	0.078438520	0.102003284	0.273664385
298	1	1	0.084706374	0.199334890	0.111580335	0.075192608	0.105700493	0.072818480	0.084950440	0.110138297	0.075130887	0.080447242
299	1	1	0.072213523	0.213798538	0.108268917	0.080608584	0.084523693	0.054502532	0.100286268	0.087928563	0.092856020	0.105013400
300	4	4	0.091334224	0.093179949	0.120764524	0.076631457	0.165228620	0.054093014	0.116097622	0.102833964	0.098187707	0.081649043
301	4	4	0.065461293	0.057846431	0.074324846	0.084153913	0.204080775	0.070162751	0.089105532	0.105311051	0.115145773	0.134407610
302	3	8	0.112427346	0.052678484	0.055690072	0.162460327	0.093291886	0.067256354	0.120716669	0.070656270	0.168925226	0.095897280
303	3	3	0.106538318	0.083233029	0.088913098	0.160149634	0.080360658	0.077105753	0.084593475	0.092587158	0.117380328	0.109138481
304	8	8	0.122579545	0.049484823	0.095924094	0.080992065	0.096618406	0.057862815	0.134831145	0.064497791	0.182341889	0.114867404
305	9	9	0.069215864	0.104314975	0.050142281	0.063376330	0.112115666	0.078003071	0.094035141	0.110469274	0.125353411	0.192973971
306	7	7	0.070503362	0.086055838	0.070103154	0.080595233	0.099060751	0.056700677	0.081108630	0.285405427	0.068348877	0.102117985
307	0	0	0.222982436	0.050960239	0.044587687	0.131397828	0.063197814	0.059198994	0.128753796	0.069065891	0.135299385	0.094555996
308	1	1	0.096313745	0.230607674	0.125094578	0.087456971	0.075733416	0.066645980	0.058980394	0.110159628	0.082404055	0.066603623
309	8	8	0.081028819	0.050898969	0.059145309	0.111441992	0.060486577	0.071162358	0.114316553	0.081567392	0.305206239	0.064745806
310	4	4	0.090749525	0.136642650	0.110044666	0.085321918	0.164014235	0.073345542	0.092375413	0.099502474	0.082674101	0.065329470
311	5	5	0.083095118	0.051206090	0.058657415	0.092416883	0.093532287	0.200964481	0.118635580	0.111538813	0.106499515	0.083453842
312	0	0	0.254336834	0.076595172	0.071429446	0.089612469	0.077102408	0.073350340	0.101330288	0.067607470	0.085000522	0.103635058
313	5	5	0.086625874	0.066957273	0.064435385	0.090444006	0.087153107	0.142865792	0.137401566	0.119810313	0.097756959	0.106549613
314	2	2	0.098799467	0.073147342	0.182426885	0.073079415	0.088833705	0.089150071	0.093826152	0.101715527	0.069882564	0.129138947
315	9	0	0.141849220	0.046495266	0.070069589	0.122816682	0.078672782	0.087079875	0.133867890	0.070036337	0.135422021	0.113690384
316	3	3	0.081809267	0.061208498	0.037342753	0.161295012	0.104903683	0.069780976	0.145008653	0.088581748	0.108157910	0.141911477
317	7	7	0.064182088	0.066138342	0.110178977	0.076262213	0.072130524	0.086022884	0.088352717	0.248769328	0.084980078	0.102982819
318	5	6	0.106413282	0.061870150	0.056296393	0.099518992	0.097607918	0.099890821	0.152069241	0.134873107	0.113178775	0.078281306
319	4	1	0.073613651	0.135123670	0.082196832	0.067929953	0.126593336	0.073982589	0.095288672	0.104513027	0.117799178	0.122959085
320	9	9	0.073629998	0.061139073	0.028824152	0.043730266	0.100196242	0.039697278	0.061990030	0.064195797	0.095159099	0.431438059
321	5	9	0.087642789	0.062549837	0.048769560	0.089982875	0.100226387	0.126707137	0.124360330	0.125897259	0.105155431	0.128708377
322	3	0	0.147980884	0.075331844	0.083773769	0.138655677	0.080576971	0.079101577	0.111133911	0.071028434	0.102201864	0.110215068
323	1	1	0.090715058	0.224181190	0.098140977	0.067903452	0.079321630	0.069013789	0.087258317	0.098283075	0.083077684	0.102104805
324	8	8	0.126044512	0.053919163	0.095856726	0.078148015	0.119001970	0.066724636	0.135443911	0.055368204	0.192689002	0.076803818
325	0	0	0.263853371	0.050540891	0.045578759	0.093001865	0.071081333	0.075771093	0.148043364	0.067463920	0.098851562	0.085813902
326	8	8	0.126160011	0.069383323	0.080963083	0.104992181	0.079147458	0.092680909	0.111669183	0.063034095	0.162275881	0.109693840
327	7	7	0.063974001	0.095447414	0.060518019	0.077007532	0.113069609	0.090156078	0.076835267	0.216768205	0.082320049	0.123903863
328	4	4	0.065275945	0.134873167	0.086665668	0.058323171	0.147393703	0.086765707	0.109899767	0.091012157	0.105728723	0.114062026
329	5	5	0.082042396	0.063617624	0.064870834	0.102470428	0.097611830	0.190740868	0.116512783	0.085650474	0.116226375	0.080256447
330	4	4	0.080594115	0.147763938	0.073329963	0.056594662	0.149286315	0.084283285	0.082022987	0.098239839	0.106763832	0.121121027
331	5	8	0.077196486	0.051658507	0.069534771	0.111728884	0.086214431	0.087908968	0.149970338	0.105710872	0.155142099	0.104934677
332	3	9	0.092569597	0.040572777	0.029553432	0.122768275	0.097458117	0.085024334	0.127743527	0.084724903	0.122877054	0.196707964
333	6	6	0.097221218	0.052187193	0.078008965	0.067985535	0.079242378	0.113619700	0.245990574	0.078498915	0.088051669	0.099193878
334	0	0	0.235624939	0.045703720	0.042876784	0.078713253	0.080786265	0.079242043	0.133607879	0.098118491	0.101699442	0.103627160
335	2	2	0.079079464	0.107428722	0.158859581	0.102628633	0.074854307	0.073708758	0.108516231	0.089067452	0.082625151	0.123231620
336	6	6	0.115018688	0.039007660	0.065342143	0.115753770	0.095906161	0.045431141	0.194003269	0.083084874	0.164947003	0.081505351
337	4	4	0.070610642	0.068641603	0.105969794	0.092206903	0.186612830	0.053680949	0.105633102	0.096017778	0.118228748	0.102397591
338	4	4	0.063576110	0.056078684	0.064922728	0.076066136	0.221101910	0.062179144	0.068207145	0.113481708	0.110328756	0.164057583
339	9	9	0.075434379	0.086683147	0.054893989	0.053778134	0.098570511	0.104824312	0.091844633	0.113521211	0.096841253	0.223608434
340	2	2	0.059466865	0.087292701	0.189239219	0.118745282	0.083700426	0.040214777	0.114124104	0.119799808	0.111846685	0.075570062
341	5	5	0.094412789	0.080490917	0.058039114	0.073417030	0.104642577	0.148132473	0.126484543	0.100639485	0.108325459	0.105415612
342	0	0	0.171365738	0.070697919	0.087902978	0.080786683	0.095100850	0.087154880	0.124050081	0.072462201	0.109795004	0.100683689
343	8	8	0.102867968	0.038924668	0.086317785	0.107701123	0.089905076	0.041061997	0.150549427	0.078331806	0.215732783	0.088607423
344	6	6	0.129919156	0.054060213	0.042709105	0.090086706	0.084605418	0.121686570	0.199495763	0.071122557	0.115281492	0.091032989
345	4	4	0.067943633	0.093022771	0.131247759	0.068438031	0.183169663	0.058171824	0.107402638	0.100717522	0.085437790	0.104448371
346	8	8	0.111105211	0.042907368	0.064942464	0.099210888	0.087232187	0.077258028	0.126426488	0.060929887	0.237580597	0.092406780
347	7	7	0.066716179	0.083881266	0.064041108	0.073986627	0.103253752	0.064592667	0.080894820	0.271825582	0.072889902	0.117918029
348	6	6	0.168619156	0.031134939	0.039921343	0.069223069	0.074948959	0.062609397	0.217132732	0.043632336	0.212653205	0.080124833
349	2	2	0.090602398	0.070384055	0.244278476	0.065610610	0.067905329	0.070955589	0.127885774	0.125535473	0.069797084	0.067045219
350	9	9	0.108149417	0.060030341	0.051048566	0.104535975	0.087244540	0.106626585	0.094552428	0.066405743	0.138029575	0.183376774
351	1	1	0.064536616	0.252749920	0.102292821	0.058471870	0.090707652	0.054131068	0.079103343	0.092627883	0.087054245	0.118324548
352	3	3	0.088524416	0.091295943	0.075654775	0.178893417	0.085438758	0.068729907	0.102041364	0.097438358	0.128504336	0.083478779
353	1	2	0.093692444	0.138761476	0.140768811	0.102248721	0.065130584	0.048769955	0.095199056	0.114115968	0.101594992	0.099718034
354	1	1	0.076783314	0.154890403	0.114611991	0.113406360	0.087457232	0.075966805	0.082100995	0.108414747	0.098913491	0.087454624
355	8	8	0.096333407	0.051249128	0.050904885	0.138764635	0.055739202	0.067879200	0.150623113	0.086658016	0.211380064	0.090468317
356	3	3	0.092339672	0.091330580	0.123248585	0.158553928	0.076919705	0.085118204	0.122146763	0.090769924	0.096057847	0.063514881
357	2	2	0.067103647	0.085987940	0.198716462	0.095501915	0.119422458	0.062927231	0.065407537	0.127103657	0.111111812	0.066717349
358	1	1	0.057646759	0.317186058	0.088490494	0.076621324	0.102573089	0.043956846	0.068561584	0.109915353	0.068744339	0.066304125
359	1	1	0.084461473	0.161210671	0.129485413	0.118284807	0.069225490	0.075207248	0.097145244	0.090283267	0.080707639	0.093988799
360	9	9	0.071661249	0.125985056	0.059443798	0.065612078	0.093157806	0.069829695	0.076287627	0.121215560	0.128528729	0.188278496
361	3	3	0.113350406	0.063281812	0.094578676	0.169355512	0.103300363	0.068279982	0.079405397	0.083042353	0.117971435	0.107434019
362	0	0	0.205486700	0.050682437	0.066782787	0.098732144	0.067120865	0.081031390	0.107838757	0.087283686	0.130433127	0.104608051
363	5	6	0.105852164	0.040440124	0.048326403	0.089433856	0.067390673	0.143947363	0.226758659	0.104725204	0.100745559	0.072379932
364	0	0	0.177714825	0.048230216	0.081582762	0.097067259	0.084909923	0.070385516	0.154090598	0.082024097	0.116003752	0.087991074
365	8	8	0.119978160	0.091924012	0.071999870	0.073785216	0.091515914	0.094207726	0.113688670	0.051661991	0.148176312	0.143062100
366	9	9	0.051919993	0.062224552	0.033584621	0.060415704	0.115402877	0.085004725	0.057103381	0.092814356	0.083931871	0.357597977
367	4	9	0.068027452	0.043234747	0.047226988	0.085210517	0.184839427	0.084895164	0.076832481	0.096472748	0.107281424	0.205979064
368	1	1	0.091034219	0.162927076	0.103916548	0.126555696	0.096520372	0.061548732	0.074319765	0.111519285	0.086663216	0.084995084
369	8	8	0.114251219	0.075572431	0.098921910	0.108279280	0.081352010	0.071332008	0.076576792	0.122239776	0.148981571	0.102492936
370	3	0	0.157149971	0.103066355	0.082804725	0.144435748	0.071031868	0.088579923	0.092218339	0.094675981	0.095611244	0.070425898
371	8	8	0.104587957	0.054830950	0.046410412	0.103774130	0.087370463	0.084919743	0.138739809	0.080388308	0.169826463	0.129151717
372	9	9	0.120663367	0.077175073	0.068383574	0.116511241	0.077500537	0.064569160	0.082888104	0.048463184	0.080664799	0.263180971
373	2	2	0.079784162	0.145157963	0.185935646	0.073038392	0.075595453	0.069339871	0.083713330	0.115988195	0.087064058	0.084382936
374	5	6	0.109484561	0.044518229	0.053482890	0.077871807	0.076394014	0.141635552	0.249352291	0.077774063	0.099155411	0.070331149
375	4	4	0.059581626	0.092923023	0.120790251	0.085474499	0.174854711	0.056296110	0.113206290	0.109870121	0.100350223	0.086653218
376	5	5	0.091507196	0.049337983	0.061985143	0.101767711	0.068303466	0.208196372	0.139519811	0.097844690	0.086159877	0.095377721
377	6	0	0.165536493	0.047306575	0.070846424	0.079526506	0.092476621	0.055764165	0.143050909	0.075230770	0.156739220	0.113522306
378	9	9	0.081405722	0.044359539	0.026467877	0.072569139	0.114835769	0.085124560	0.047609519	0.050484907	0.078423053	0.398719937
379	7	9	0.066671789	0.123686597	0.053498615	0.062072620	0.141239226	0.070781387	0.057209734	0.137062624	0.086380303	0.201397181
380	5	6	0.099054903	0.040844068	0.031357396	0.089287624	0.096530505	0.148683980	0.167344511	0.063970037	0.161845893	0.101081058
381	3	3	0.119742095	0.075875141	0.067495257	0.159056023	0.059556540	0.106689565	0.099035740	0.089433126	0.108671196	0.114445217
382	9	9	0.066296510	0.062685654	0.031394910	0.052644253	0.113645785	0.077146240	0.090671755	0.070763402	0.079234362	0.355517089
383	6	6	0.111721739	0.052171271	0.065930575	0.101663485	0.078638524	0.101824470	0.210167795	0.080796286	0.131192774	0.065893009
384	7	7	0.066320315	0.090192020	0.150364548	0.068900846	0.075718425	0.044687897	0.069997504	0.210271180	0.097073108	0.126474187
385	9	9	0.113650724	0.083131485	0.066775538	0.133757904	0.084936805	0.071876846	0.104122311	0.056127675	0.122613579	0.163007274
386	6	6	0.125493288	0.057197820	0.046071015	0.074887432	0.071364693	0.090822838	0.236573130	0.066277742	0.146353111	0.084958889
387	7	7	0.048212681	0.080744453	0.114240438	0.057035644	0.070293382	0.073537193	0.086731546	0.319006145	0.062964141	0.087234356
388	6	6	0.157039613	0.057569310	0.061462957	0.099953674	0.069321871	0.093086235	0.189677894	0.064643942	0.121957615	0.085286811
389	5	8	0.076595768	0.064793445	0.055143580	0.119273700	0.076732479	0.078506082	0.136779398	0.105237521	0.162878171	0.124059804
390	0	7	0.109855764	0.102450594	0.087510511	0.099687651	0.079216108	0.098586947	0.107020043	0.111631431	0.104244068	0.099796876
391	5	7	0.094192408	0.090719499	0.065661728	0.091994375	0.100588687	0.136587292	0.102355093	0.137371287	0.105517700	0.075011976
392	2	2	0.079300359	0.089914598	0.157001674	0.090980485	0.075649031	0.096013181	0.119230814	0.096330531	0.075042181	0.120537147
393	5	5	0.097958304	0.062398035	0.087890558	0.106332004	0.066098489	0.181022197	0.105444871	0.083688959	0.090845369	0.118321247
394	1	1	0.052478414	0.284878016	0.160977006	0.076466613	0.074584655	0.043364611	0.087268345	0.097281136	0.055596281	0.067104802
395	3	3	0.092322551	0.079332255	0.053060360	0.180311978	0.069313809	0.081436239	0.088042840	0.081088036	0.112155005	0.162936896
396	4	4	0.057038337	0.081363082	0.112250745	0.082401246	0.200490087	0.041666020	0.077351160	0.119114332	0.138553843	0.089771159
397	3	5	0.081818096	0.081414878	0.060352076	0.118618473	0.095682003	0.130374044	0.102056116	0.119897857	0.091796562	0.117989786
398	9	6	0.095532082	0.083878629	0.120212972	0.104650080	0.081390336	0.108176105	0.125845790	0.093985878	0.086926810	0.099401288
399	7	7	0.100313328	0.111154243	0.102581412	0.073035367	0.117768638	0.046466328	0.080814682	0.183439776	0.102812044	0.081614085
400	3	3	0.105940633	0.067675978	0.042466488	0.145920664	0.090149544	0.105435856	0.106434375	0.080756456	0.132854223	0.122365788
401	9	9	0.086289041	0.056569029	0.038690235	0.083020858	0.111429870	0.073982045	0.060795151	0.044658244	0.072852746	0.371712744
402	3	3	0.120706767	0.086227641	0.095465630	0.190887392	0.082672924	0.096687555	0.083068714	0.085418679	0.090705760	0.068158932
403	9	9	0.089416862	0.069485046	0.050482146	0.061799478	0.113411635	0.064311288	0.054670304	0.086688139	0.094035044	0.315700054
404	7	7	0.070940949	0.102098912	0.070349351	0.088749856	0.108916834	0.049572073	0.077045076	0.201736778	0.099159338	0.131430745
405	9	9	0.137651026	0.051917139	0.050978154	0.119597316	0.087801628	0.089954235	0.096289858	0.064369544	0.144223571	0.157217503
406	9	9	0.065226354	0.071074024	0.040119380	0.054020554	0.117694184	0.049857467	0.054698911	0.106816448	0.114073291	0.326419383
407	5	6	0.126620442	0.072093338	0.049980216	0.070281520	0.090503767	0.135246903	0.154491916	0.085846193	0.113833278	0.101102471
408	7	7	0.083883934	0.138402373	0.102503113	0.097903222	0.073367834	0.029407596	0.082581654	0.169240907	0.104892455	0.117816873
409	2	2	0.090398520	0.098245956	0.223324552	0.071236819	0.081530429	0.082913026	0.088066928	0.120474428	0.072479889	0.071329422
410	9	9	0.082543656	0.072204947	0.081218258	0.099259712	0.092389435	0.104754247	0.118719004	0.112898201	0.081534401	0.154478192
411	7	7	0.090388171	0.113753557	0.095881298	0.097037330	0.091212399	0.043777280	0.092939407	0.216436774	0.071516238	0.087057546
412	7	7	0.059698027	0.074093632	0.103282690	0.074229345	0.079340138	0.066291198	0.065618515	0.282050550	0.084091872	0.111304075
413	7	7	0.083435364	0.088731661	0.110500515	0.076008134	0.073098324	0.052151509	0.077501208	0.288364589	0.071631901	0.078576803
414	6	6	0.115731284	0.058664296	0.052131459	0.088136181	0.108753793	0.084699482	0.208069995	0.104064152	0.103380181	0.076369129
415	0	0	0.195965201	0.040406071	0.060870159	0.087661259	0.072321497	0.077097788	0.181212395	0.079077661	0.119860657	0.085527293
416	1	1	0.071061820	0.164782688	0.098404527	0.086476415	0.114690870	0.055632025	0.088430338	0.106659099	0.111398362	0.102463797
417	3	3	0.117611259	0.081807576	0.074669309	0.134771168	0.094574362	0.101328254	0.106804870	0.081604712	0.111770734	0.095057808
418	0	0	0.126088306	0.083689332	0.081586957	0.123067267	0.098526128	0.099972680	0.097597606	0.082357958	0.087850682	0.119263098
419	8	6	0.105626233	0.061444715	0.043705404	0.113673978	0.093400784	0.085031427	0.162022308	0.081308179	0.136062369	0.117724657
420	2	2	0.093628205	0.080840141	0.227972984	0.095034398	0.067882828	0.058586318	0.077379033	0.121594593	0.094846904	0.082234524
421	8	8	0.105488673	0.066270865	0.096554779	0.101439178	0.090292536	0.070293225	0.103752382	0.074573815	0.204825610	0.086509034
422	7	7	0.103463635	0.081142753	0.103131682	0.065079011	0.098337844	0.037963886	0.084250025	0.276357561	0.089608401	0.060665160
423	7	7	0.047240339	0.074770972	0.057777911	0.069081999	0.103203364	0.062180568	0.059761837	0.332717836	0.068138406	0.125126719
424	9	9	0.066692397	0.048287146	0.045517221	0.046710066	0.093267255	0.093155466	0.090785332	0.081824280	0.076631434	0.357129455
425	6	6	0.106203742	0.051442910	0.061673474	0.098745808	0.076673001	0.072738983	0.194415689	0.080398604	0.158778980	0.098928817
426	7	7	0.077014439	0.074862100	0.088870831	0.055180114	0.088370338	0.043470662	0.062606417	0.346114278	0.077195317	0.086315513
427	5	5	0.121379718	0.075534984	0.053242587	0.067114040	0.105021521	0.166408062	0.128431857	0.084525421	0.089982241	0.108359553
428	4	4	0.080607034	0.081832148	0.094027393	0.080056384	0.204707325	0.063897558	0.077083573	0.107452467	0.108124487	0.102211691
429	8	8	0.114773534	0.047167987	0.067594498	0.112281948	0.091115817	0.059608746	0.158108413	0.081652015	0.201553971	0.066143051
430	8	8	0.120406091	0.046364080	0.064923711	0.113896087	0.096766464	0.072537072	0.132769480	0.067464694	0.202204198	0.082668066
431	9	9	0.062470045	0.092316926	0.039069135	0.034020644	0.106645063	0.081236549	0.069685251	0.109017171	0.087300219	0.318239033
432	4	4	0.078999862	0.106902771	0.069080912	0.063166559	0.151881322	0.097479038	0.103727221	0.097665191	0.090206370	0.140890643
433	6	6	0.117718443	0.037268892	0.055409867	0.107105702	0.074335583	0.036362488	0.219916031	0.076507777	0.183756337	0.091618918
434	8	8	0.095638059	0.047387406	0.060050469	0.118158720	0.064895712	0.070361696	0.154696897	0.075748876	0.245302230	0.067760028
435	8	8	0.108326294	0.042430568	0.052478172	0.084834687	0.094404891	0.054826625	0.171957284	0.088605687	0.204754874	0.097380951
436	9	9	0.097485065	0.094941363	0.099010870	0.090727404	0.076662801	0.111914240	0.091841608	0.062068556	0.112335324	0.163012773
437	2	2	0.095306352	0.115777291	0.147514477	0.066030361	0.104421467	0.076129414	0.097332984	0.134716660	0.083732240	0.079038739
438	7	7	0.092862427	0.131578818	0.082972936	0.054200925	0.075759225	0.082072236	0.074423857	0.214452043	0.104998291	0.086679280
439	6	6	0.113415472	0.054341357	0.056687456	0.086512394	0.117449850	0.076283485	0.213409051	0.096166939	0.113874428	0.071859583
440	4	9	0.075527348	0.070074826	0.064162239	0.086725459	0.149590001	0.094037592	0.125495970	0.101714700	0.082998782	0.149673134
441	1	1	0.086015500	0.225502983	0.066905133	0.059424594	0.080266908	0.072669253	0.087318994	0.097175926	0.109839909	0.114880882
442	0	0	0.167289332	0.053327806	0.040198669	0.075901657	0.087290622	0.082927875	0.147149920	0.091855712	0.114465974	0.139592499
443	7	7	0.061183006	0.166034698	0.117700972	0.098519698	0.080332458	0.046420489	0.095290311	0.182473972	0.069231950	0.082812443
444	9	9	0.085207067	0.045554798	0.020741174	0.060570925	0.100261874	0.090221778	0.072287418	0.059399333	0.096765332	0.368990362
445	0	0	0.223353267	0.053389356	0.043669403	0.060548011	0.075994104	0.078729942	0.186896488	0.090125568	0.100984357	0.086309537
446	6	6	0.166401431	0.047536567	0.044852268	0.076325752	0.082040131	0.095667064	0.213026375	0.060923941	0.125296265	0.087930225
447	8	8	0.100903042	0.031296410	0.064709567	0.084025033	0.116036989	0.056608520	0.142867535	0.062621072	0.264570266	0.076361597
448	0	0	0.187598705	0.049969032	0.063387588	0.072421595	0.080609575	0.071731023	0.167804688	0.083071612	0.137983665	0.085422575
449	5	5	0.096272931	0.060432225	0.091442615	0.101943135	0.080032870	0.166229695	0.129159003	0.098960109	0.089342900	0.086184457
450	2	2	0.083595522	0.060366280	0.250605494	0.068518318	0.052901264	0.064873546	0.127615675	0.133218214	0.060575508	0.097730227
451	4	4	0.065843336	0.150905058	0.123959512	0.083044343	0.165197998	0.056913964	0.078059524	0.115796119	0.089065969	0.071214229
452	2	2	0.101807199	0.068019532	0.164522886	0.066598341	0.075254373	0.115493700	0.127813086	0.103179760	0.078972511	0.098338611
453	9	9	0.064627744	0.077618748	0.042602714	0.081254393	0.116907194	0.077522732	0.066899121	0.089997113	0.077110633	0.305459589
454	1	1	0.082278281	0.170962527	0.108038448	0.079895951	0.088747680	0.075241596	0.076870881	0.128634423	0.093118995	0.096211165
455	1	1	0.067829728	0.188242808	0.167858779	0.110107064	0.072459824	0.058503781	0.082137533	0.101896375	0.060316682	0.090647392
456	3	3	0.122732721	0.080251738	0.099693522	0.127717972	0.071382239	0.094785027	0.097493306	0.074988112	0.113778286	0.117177099
457	8	8	0.089481503	0.049034122	0.065626055	0.087655470	0.130369455	0.054194190	0.146445975	0.092104718	0.223764047	0.061324503
458	9	9	0.060892928	0.039967440	0.037251163	0.045289658	0.075862601	0.105849601	0.102025658	0.082752787	0.062865488	0.387242705
459	8	8	0.096495494	0.037364785	0.063777909	0.106172398	0.090505071	0.044308383	0.174221158	0.069356941	0.227139503	0.090658233
460	5	5	0.079625748	0.072884381	0.050395098	0.100222789	0.106840581	0.150889546	0.102884106	0.130039394	0.092209168	0.114009216
461	0	0	0.121679246	0.079825863	0.103113301	0.106709987	0.109154083	0.072106689	0.096395835	0.094735466	0.115484729	0.100794747
462	8	8	0.115091041	0.031975962	0.051974416	0.111869752	0.076878861	0.058791228	0.147748768	0.064749382	0.258390695	0.082529888
463	6	8	0.127377272	0.056739911	0.049215198	0.094697185	0.082289688	0.059450831	0.162463337	0.080384277	0.203990236	0.083392128
464	4	4	0.058464795	0.062369160	0.086313896	0.081626065	0.229146972	0.059051756	0.095229335	0.114414699	0.099361919	0.114021406
465	5	5	0.104692981	0.054529268	0.059773803	0.090359874	0.097205147	0.162648097	0.151837856	0.094622836	0.107650317	0.076679766
466	0	0	0.226616681	0.038123138	0.052977078	0.072774105	0.077602997	0.067059115	0.157758743	0.091660164	0.110857919	0.104570031
467	0	0	0.177242532	0.050950464	0.035349131	0.093405947	0.105781175	0.093658671	0.134453833	0.089277409	0.099580407	0.120300382
468	7	7	0.079637595	0.113452241	0.102325656	0.113687143	0.098126508	0.054205835	0.076640666	0.157963559	0.122240283	0.081720561
469	7	7	0.068298295	0.066717848	0.091990329	0.077774823	0.063988157	0.062324047	0.076716885	0.328275353	0.064816289	0.099098004
470	3	7	0.127533957	0.083381593	0.069072805	0.112991452	0.078667864	0.122266158	0.107068688	0.135640353	0.092374593	0.071002565
471	5	6	0.115158677	0.046325896	0.039416816	0.097160645	0.083361469	0.127551094	0.207829297	0.102633022	0.115493380	0.065069653
472	1	1	0.069745369	0.233423486	0.102553450	0.065990195	0.086923517	0.059768129	0.090700895	0.089241333	0.086158909	0.115494698
473	0	0	0.180506095	0.052379232	0.057413526	0.122628450	0.064044140	0.060812682	0.121994279	0.084039703	0.176494062	0.079687923
474	8	8	0.116824351	0.051876605	0.074458167	0.084401824	0.068916984	0.083178706	0.121249452	0.088506214	0.251131266	0.059456356
475	8	8	0.104786485	0.043885484	0.052549500	0.126995996	0.097073175	0.087062262	0.114442259	0.062440347	0.197013095	0.113751471
476	5	6	0.110455409	0.058512498	0.066166751	0.096760221	0.077211477	0.130449072	0.184513584	0.090270892	0.098010927	0.087649159
477	0	0	0.171265155	0.066871300	0.069782034	0.112757325	0.084526956	0.073639758	0.120012686	0.061814249	0.130847156	0.108483464
478	9	9	0.090641782	0.038769417	0.023774125	0.067835242	0.121186644	0.099083677	0.081506692	0.070393264	0.100746013	0.306063145
479	3	8	0.118052728	0.088531569	0.101742171	0.122603141	0.087654129	0.093670607	0.083899327	0.083671026	0.126693279	0.093482025
480	1	1	0.104545452	0.166066557	0.139697090	0.097358204	0.069335058	0.059439201	0.079923287	0.108786955	0.083575495	0.091272697
481	9	9	0.066871755	0.061081372	0.027706485	0.045718722	0.109280609	0.076608360	0.059960652	0.084215939	0.086964652	0.381591439
482	4	4	0.072625816	0.081686556	0.083217792	0.078775331	0.215451598	0.084251508	0.093204640	0.102672406	0.085926235	0.102188118
483	9	8	0.143603027	0.040920168	0.067090273	0.087484993	0.088107839	0.077627197	0.134987310	0.097896680	0.170798376	0.091484100
484	9	9	0.154621094	0.078169659	0.088397883	0.115396537	0.093680665	0.068128437	0.098876499	0.049422972	0.096500173	0.156806171
485	5	5	0.095105700	0.066988520	0.084159963	0.128493413	0.066469140	0.145683870	0.118177325	0.072140589	0.100640252	0.122141257
486	6	8	0.124663927	0.044023726	0.043472368	0.094577819	0.075519934	0.045155030	0.156221747	0.068316601	0.237988770	0.110060021
487	4	4	0.076705180	0.078666814	0.077837609	0.082928702	0.183745682	0.063969426	0.097350948	0.100606099	0.115773097	0.122416377
488	5	5	0.131007284	0.075643256	0.061451547	0.064520806	0.099339463	0.151316673	0.150021315	0.098023705	0.085952900	0.082723074
489	4	4	0.077374727	0.111317053	0.108907729	0.092435472	0.162539110	0.059301957	0.078011654	0.114901215	0.111364961	0.083846115
490	9	6	0.100509718	0.064501226	0.090325005	0.093089566	0.096925050	0.091024093	0.140137821	0.101000033	0.082361445	0.140126005
491	4	9	0.066651948	0.059258845	0.044901758	0.079999655	0.139638379	0.110671572	0.071324661	0.111015022	0.085332215	0.231206030
492	1	1	0.091511093	0.242764413	0.074589796	0.044930827	0.084421642	0.065210484	0.089720957	0.098283820	0.100853026	0.107714005
493	4	9	0.056399230	0.036771391	0.041858934	0.070347957	0.233989716	0.066768996	0.081726186	0.089511253	0.086012721	0.236613631
494	8	8	0.097353429	0.048514199	0.064810030	0.126368001	0.066475883	0.095701598	0.123211317	0.076319665	0.233570665	0.067675114
495	0	0	0.193720266	0.043002646	0.056778301	0.079321057	0.078255102	0.073987037	0.187423289	0.075559333	0.134542257	0.077410750
496	0	0	0.251144767	0.061925508	0.075011283	0.103048876	0.088490732	0.063784264	0.123489879	0.056302194	0.099656731	0.077145822
497	3	3	0.083848998	0.073841989	0.099833995	0.175810903	0.088296212	0.085569933	0.082812555	0.092153557	0.100419380	0.117412470
498	6	6	0.130558208	0.072169833	0.087743945	0.074197620	0.088828564	0.092715926	0.226724476	0.070104115	0.086486898	0.070470475
499	4	4	0.074685775	0.138994277	0.070928894	0.051085982	0.157163233	0.094508469	0.126937360	0.089374386	0.087344170	0.108977482
500	8	8	0.129687652	0.054103650	0.055876970	0.103925645	0.061223306	0.044692922	0.113389708	0.057353672	0.249476075	0.130270407
501	7	7	0.078597397	0.109308153	0.103982292	0.106662467	0.068734847	0.054158233	0.092510961	0.254821301	0.066936463	0.064287886
502	4	4	0.074296936	0.076008700	0.079046272	0.085302696	0.166694298	0.063740849	0.082334302	0.129467607	0.107985221	0.135123178
503	9	9	0.060709354	0.072485305	0.045347024	0.047119342	0.073150635	0.103576690	0.094807506	0.094517082	0.093705669	0.314581454
504	9	9	0.098442204	0.076756977	0.050322749	0.078276947	0.086075239	0.091262050	0.068577528	0.049524710	0.117156811	0.283604831
505	5	5	0.093061440	0.050422784	0.061708074	0.102006145	0.075781807	0.195167542	0.141163290	0.104687482	0.088939115	0.087062314
506	1	1	0.082996696	0.210157141	0.119628705	0.078066938	0.083419196	0.078576550	0.079654999	0.098084778	0.072569236	0.096845873
507	9	9	0.076003112	0.060903400	0.021102970	0.066399857	0.093720570	0.097228318	0.056576908	0.061929416	0.101987220	0.364148289
508	3	3	0.094693199	0.076754108	0.086464562	0.171439603	0.077225566	0.067058288	0.082879014	0.091149636	0.129501551	0.122834437
509	3	0	0.142848566	0.094055384	0.082392514	0.134681091	0.064337365	0.099830702	0.095332220	0.094491310	0.105970562	0.086060293
510	0	0	0.240110010	0.048717771	0.055940606	0.101021498	0.067807682	0.069582038	0.112564787	0.082997046	0.143709034	0.077549621
511	6	6	0.121163465	0.046318170	0.063020922	0.089251116	0.084246002	0.101659663	0.205234379	0.086889431	0.132069722	0.070147105
512	2	2	0.070697494	0.072236530	0.190082356	0.082622923	0.120373823	0.061506741	0.099474773	0.110537581	0.129411906	0.063055940
513	5	5	0.085270844	0.103675298	0.087854937	0.080299370	0.080095194	0.148525327	0.090528123	0.093267493	0.095048562	0.135434896
514	5	6	0.117529325	0.071869880	0.063028134	0.089628249	0.085659482	0.129277796	0.145724371	0.108830266	0.093253687	0.095198795
515	6	6	0.157935843	0.046261273	0.055618662	0.094832323	0.085243978	0.106319763	0.174795330	0.063349113	0.115419574	0.100224249
516	2	2	0.079359293	0.121136740	0.146419391	0.112775393	0.096194088	0.060819425	0.093455128	0.120049186	0.087191172	0.082600117
517	6	8	0.127325743	0.057089616	0.088110529	0.075134531	0.085766532	0.062246140	0.135686025	0.073581316	0.191637084	0.103422403
518	7	7	0.090279654	0.148752794	0.094474517	0.092391938	0.088201061	0.035247274	0.081459448	0.191785827	0.086554363	0.090853088
519	8	8	0.103696570	0.044455688	0.057041649	0.121978194	0.074784264	0.078982897	0.161743850	0.076368697	0.210656747	0.070291340
520	8	8	0.100907333	0.043506011	0.059367284	0.136603668	0.104080014	0.052033629	0.124828711	0.066348478	0.250258982	0.062065896
521	9	9	0.129291117	0.045275118	0.054361109	0.112124324	0.103589736	0.084340908	0.106623165	0.071621805	0.116138369	0.176634401
522	1	1	0.050040331	0.184094578	0.066944830	0.092002183	0.111361496	0.076012768	0.061576575	0.119920321	0.083953619	0.154093370
523	6	6	0.122524872	0.062255092	0.101872265	0.082390502	0.092439570	0.090446278	0.220924929	0.087364726	0.065145425	0.074636333
524	4	4	0.063119963	0.041787371	0.045634080	0.063736774	0.323521823	0.057987075	0.060815383	0.085475549	0.074906215	0.183015764
525	3	3	0.140011504	0.076712251	0.042622797	0.143261120	0.072293386	0.084171668	0.115396768	0.077868171	0.110487401	0.137174949
526	0	0	0.218490914	0.055455755	0.056101106	0.104736730	0.082786053	0.053734645	0.161185563	0.067868635	0.132189512	0.067451052
527	8	8	0.115265869	0.053011198	0.062630318	0.144590691	0.082544714	0.082341887	0.124334991	0.067590065	0.175094798	0.092595451
528	9	9	0.057354473	0.078030378	0.053338494	0.052958708	0.099390157	0.077617705	0.075051427	0.133656353	0.118001990	0.254600286
529	4	9	0.079481661	0.086134113	0.055931237	0.065020196	0.152989075	0.059015878	0.083234042	0.112256438	0.129794583	0.176142752
530	8	8	0.092967510	0.043730989	0.055940058	0.102098756	0.080392107	0.079240479	0.165674701	0.077378146	0.227658048	0.074919209
531	0	0	0.235966474	0.051235236	0.063477404	0.095336780	0.062947363	0.062873989	0.148573607	0.075829089	0.114027679	0.089732431
532	1	1	0.081430480	0.233406052	0.078339688	0.082018420	0.099043272	0.057936069	0.080540299	0.105773181	0.085197121	0.096315466
533	0	0	0.273054779	0.064718820	0.072743177	0.085629292	0.096694425	0.058551870	0.114391916	0.059183106	0.097776257	0.077256329
534	8	8	0.093174376	0.073132597	0.080696560	0.132067934	0.085672699	0.066389076	0.123866528	0.094587266	0.160053805	0.090359174
535	9	9	0.058474030	0.083656870	0.035481568	0.041010484	0.105583571	0.069978863	0.063393593	0.112440631	0.104992919	0.324987441
536	6	6	0.175599039	0.046575807	0.050948679	0.085263558	0.088421687	0.088748410	0.201373577	0.063232467	0.118927062	0.080909640
537	9	9	0.063717790	0.045156460	0.025854845	0.049183384	0.107044064	0.075842306	0.068249948	0.064769737	0.086350515	0.413831025
538	7	7	0.067659333	0.068097666	0.088297315	0.081030942	0.104246430	0.078737877	0.082111381	0.208479911	0.079316676	0.142022505
539	5	7	0.078669496	0.088667192	0.075215064	0.098102309	0.093227804	0.119218878	0.106028490	0.122689113	0.102535598	0.115646072
540	0	0	0.279103160	0.047086578	0.050007608	0.074470088	0.071349740	0.078944050	0.137173787	0.055238511	0.120707303	0.085919142
541	1	1	0.066199385	0.261265963	0.066050000	0.050493140	0.105117284	0.067105278	0.088443473	0.105478533	0.087022588	0.102824293
542	3	3	0.089623958	0.050490960	0.091835685	0.166186139	0.078106701	0.063158736	0.144450605	0.065569907	0.152385011	0.098192252
543	8	8	0.115142919	0.043411531	0.056336135	0.080677047	0.080607571	0.063889779	0.169713914	0.077644117	0.206092551	0.106484488
544	5	6	0.092315592	0.064986527	0.088450722	0.090276405	0.094574079	0.137291625	0.154234171	0.083838448	0.103614219	0.090418160
545	4	4	0.060519461	0.046894949	0.069680884	0.075849950	0.255174994	0.059032418	0.087289117	0.098270051	0.104001038	0.143287137
546	9	9	0.114174627	0.048188154	0.043454688	0.109038673	0.079334579	0.113362037	0.091679990	0.068211950	0.122179605	0.210375682
547	5	5	0.083823465	0.048192263	0.045919973	0.101214081	0.091559365	0.145685643	0.140756145	0.116534039	0.127924412	0.098390631
548	3	3	0.148931131	0.072787546	0.071272209	0.149474442	0.060918275	0.113715410	0.081570968	0.112537302	0.099934310	0.088858306
549	1	1	0.080740415	0.201377511	0.084895164	0.063132167	0.108622603	0.049102746	0.088771813	0.142151818	0.086369291	0.094836444
550	5	5	0.083002359	0.083494917	0.059521504	0.073638245	0.128487781	0.152301624	0.102634549	0.121243931	0.088102378	0.107572705
551	1	1	0.078261226	0.183074802	0.135785997	0.118856288	0.087263204	0.061313003	0.088187307	0.101388820	0.071544074	0.074325256
552	1	1	0.066172145	0.211236656	0.154007837	0.078674845	0.081830055	0.060510855	0.106439441	0.101732157	0.062914945	0.076481059
553	8	8	0.119007751	0.052933294	0.088533446	0.111455426	0.097352959	0.080007061	0.136830211	0.060363729	0.163617209	0.089898899
554	7	7	0.076044902	0.099348538	0.092032157	0.054016199	0.119236715	0.039163265	0.075190179	0.229580849	0.130989403	0.084397808
555	4	4	0.076254949	0.072937794	0.102685124	0.089666933	0.256637156	0.051645864	0.061287761	0.095877759	0.113308936	0.079697646
556	5	6	0.083472297	0.055023100	0.059731562	0.101887800	0.086981535	0.116625428	0.158170283	0.104666591	0.136788934	0.096652441
557	1	1	0.072939418	0.206853613	0.103554770	0.094687261	0.106763840	0.037932459	0.088097192	0.145076543	0.074998580	0.069096349
558	8	8	0.122817874	0.022051858	0.039999437	0.104175568	0.073449232	0.056743283	0.165247351	0.044507571	0.299978316	0.071029454
559	0	0	0.179910332	0.049342446	0.048656408	0.074644431	0.069068536	0.097020172	0.175503880	0.079016618	0.119944729	0.106892385
560	1	1	0.072003156	0.235238299	0.134937048	0.100888565	0.083071209	0.050264563	0.084667899	0.086749487	0.063260235	0.088919595
561	4	9	0.057439417	0.053360499	0.040994339	0.074842706	0.217412353	0.070429891	0.065833099	0.100067765	0.088814236	0.230805695
562	4	9	0.056596473	0.057967767	0.063645571	0.084846668	0.143814638	0.078784391	0.159836173	0.103818238	0.066277288	0.184412763
563	5	6	0.091764979	0.034910761	0.064140528	0.067652449	0.075934187	0.178704932	0.233668223	0.074544743	0.089232594	0.089446649
564	1	1	0.091440924	0.233597353	0.115966819	0.095091023	0.077002302	0.056453459	0.067176349	0.104017012	0.082597397	0.076657414
565	9	9	0.077202357	0.052179642	0.057798181	0.076398544	0.092898689	0.116278224	0.102251939	0.117359631	0.074348167	0.233284697
566	1	1	0.065106682	0.250523537	0.070502087	0.055411726	0.077489018	0.069431007	0.073511593	0.116176479	0.110280477	0.111567326
567	1	1	0.060559090	0.222374991	0.106357194	0.089055121	0.086749233	0.073753342	0.069689356	0.118642204	0.087619044	0.085200600
568	3	7	0.111829221	0.048481598	0.046315461	0.122466832	0.082626328	0.122071721	0.103705123	0.157869980	0.129721209	0.074912533
569	1	1	0.070512027	0.267504662	0.117982164	0.088775426	0.087586142	0.048109926	0.059896860	0.106684193	0.088011853	0.064936750
570	2	2	0.079176754	0.078330986	0.193626717	0.075111330	0.086307161	0.064197771	0.077532895	0.164266914	0.091218814	0.090230644
571	9	9	0.095430367	0.047554623	0.022705209	0.065316848	0.136799052	0.095720321	0.065628313	0.059674852	0.082474552	0.328695923
572	1	1	0.079797663	0.195007071	0.122891448	0.099720858	0.088960379	0.070555754	0.082374677	0.097558998	0.078452758	0.084680505
573	7	7	0.081904963	0.109659843	0.090635419	0.081318490	0.088501729	0.067563504	0.082089566	0.183613315	0.092264496	0.122448795
574	1	1	0.106714450	0.189372897	0.115894742	0.062563293	0.110683687	0.070710570	0.081685349	0.114293508	0.077592514	0.070489027
575	0	8	0.152880147	0.047611605	0.090176731	0.095520303	0.083306536	0.057126354	0.132119149	0.070520207	0.178191662	0.092547357
576	9	9	0.134991318	0.073184840	0.074766152	0.114093445	0.078135602	0.075482175	0.081850246	0.053146087	0.105799064	0.208551094
577	9	9	0.116596885	0.053097762	0.064917319	0.074542269	0.085962288	0.106860362	0.141657665	0.092045225	0.080472313	0.183847919
578	7	7	0.094857588	0.134453163	0.098071538	0.097444922	0.078936562	0.050540518	0.135241941	0.152441487	0.085947745	0.072064564
579	0	0	0.160859630	0.070414484	0.056187384	0.098109335	0.099001721	0.093177080	0.110299535	0.095579229	0.091196202	0.125175476
580	3	3	0.113243803	0.049601573	0.078137062	0.161257580	0.079132631	0.082722709	0.119984403	0.119145311	0.118514232	0.078260645
581	7	7	0.053935699	0.072638683	0.125193849	0.074308336	0.086738594	0.046523109	0.075841419	0.286778212	0.078752734	0.099289350
582	5	5	0.099889152	0.055863921	0.097929478	0.090110905	0.052344427	0.238948271	0.099724390	0.082233816	0.086274162	0.096681491
583	8	6	0.101455733	0.056547243	0.061732803	0.135619774	0.073331475	0.077067606	0.185896173	0.077776097	0.152734101	0.077839062
584	1	1	0.063853286	0.275145680	0.064396292	0.050394583	0.081775896	0.073620848	0.067985810	0.105716601	0.101005018	0.116106033
585	4	4	0.076264448	0.051949456	0.087854341	0.064091995	0.260020047	0.074258804	0.075714581	0.092593014	0.097625770	0.119627543
586	0	0	0.171221152	0.072556555	0.072389275	0.102780059	0.091743588	0.077911489	0.089886062	0.079709359	0.148381084	0.093421392
587	6	6	0.140282586	0.059193179	0.060213137	0.083592243	0.074220225	0.115361199	0.199035034	0.076277465	0.131896362	0.059928577
588	4	1	0.090586290	0.137335703	0.073037490	0.044243164	0.136197701	0.103815556	0.113824233	0.098053560	0.093355320	0.109550916
589	7	7	0.078728557	0.110305227	0.106551826	0.072987109	0.111136235	0.065805316	0.066708595	0.206960663	0.088269271	0.092547268
590	3	3	0.086130291	0.098464735	0.110511228	0.139783889	0.073859118	0.078605704	0.089170016	0.098317042	0.138159275	0.086998709
591	6	6	0.098633185	0.064430952	0.089825094	0.077707477	0.086930498	0.112274617	0.193896681	0.084114663	0.098940276	0.093246587
592	1	1	0.094363518	0.185974315	0.145960748	0.102327511	0.075738288	0.063698329	0.091308333	0.103324212	0.066296197	0.071008436
593	6	6	0.152635932	0.042244919	0.034666311	0.088463940	0.066651717	0.096010260	0.261600554	0.047597617	0.122605897	0.087522842
594	2	2	0.086005859	0.096436128	0.170571759	0.085287094	0.091115169	0.061314255	0.118271515	0.123566054	0.073920980	0.093511179
595	7	7	0.074545376	0.110218436	0.091958568	0.129661500	0.101229303	0.060399685	0.066313721	0.196404055	0.076027445	0.093241937
596	1	1	0.064190470	0.311290085	0.063160978	0.042985231	0.087650292	0.064726241	0.076100431	0.090835094	0.088050000	0.111011185
597	8	8	0.118697330	0.065770283	0.036190782	0.093458205	0.090787634	0.076455437	0.122606359	0.057717755	0.191424549	0.146891654
598	7	7	0.101444826	0.113836624	0.097923264	0.052441739	0.098398432	0.052077286	0.100446783	0.170798451	0.115583502	0.097049072
599	2	1	0.069155470	0.138022333	0.135441899	0.108865611	0.073236175	0.046741739	0.098944381	0.105245091	0.092679344	0.131668001
600	7	9	0.051131379	0.122719735	0.050779469	0.092354774	0.137714535	0.052678123	0.054288708	0.157218501	0.103732266	0.177382633
601	9	9	0.121604420	0.049003992	0.069511503	0.120583318	0.074497007	0.087505519	0.121348456	0.076383151	0.120187305	0.159375295
602	4	4	0.048988562	0.053150076	0.048573893	0.071740828	0.290063679	0.047822189	0.068975300	0.120055839	0.108388081	0.142241567
603	2	2	0.065771013	0.078062944	0.235967591	0.076579601	0.121358700	0.037658762	0.087181009	0.141282141	0.094206199	0.061932102
604	8	8	0.097045876	0.056724269	0.074433640	0.144970894	0.085688822	0.072922379	0.090891428	0.065295100	0.213084236	0.098943427
605	4	4	0.066214234	0.093199879	0.109551318	0.079815350	0.236156970	0.053922378	0.065339014	0.110353172	0.102279536	0.083168231
606	4	3	0.089466877	0.099770755	0.108900718	0.110240214	0.084678851	0.107841432	0.093684986	0.102970406	0.099120133	0.103325635
607	3	3	0.117851764	0.093026973	0.090921119	0.149208844	0.070881814	0.084123529	0.116745800	0.056913789	0.114415444	0.105910905
608	7	7	0.070056558	0.105182655	0.084678397	0.079604551	0.105909161	0.037134513	0.083172292	0.250312120	0.087744139	0.096205547
609	4	4	0.052905828	0.041556459	0.041971903	0.056240182	0.297547579	0.049040381	0.060767621	0.095745169	0.095066085	0.209158838
610	5	7	0.093938172	0.072825424	0.083137855	0.109015971	0.084450804	0.113637716	0.106197335	0.119874984	0.108724944	0.108196810
611	2	2	0.071354806	0.093218811	0.189339072	0.080853619	0.090368353	0.058686875	0.078351006	0.148294494	0.111501180	0.078031786
612	8	9	0.092150643	0.050690729	0.032437399	0.114372894	0.121420480	0.072840326	0.090550430	0.084912568	0.165423945	0.175200567
613	3	3	0.096199945	0.067675918	0.089227751	0.200282738	0.074225508	0.057551939	0.093602657	0.075789616	0.160056576	0.085387327
614	1	1	0.081941649	0.173453435	0.083064526	0.061270058	0.119078934	0.073944420	0.073368870	0.114310697	0.086507186	0.133060202
615	7	7	0.063249901	0.084840029	0.056053091	0.074010767	0.100623138	0.059371985	0.058436867	0.322535276	0.069002919	0.111876048
616	9	9	0.087258689	0.059363771	0.049791951	0.133411974	0.084976263	0.113949828	0.076027647	0.085677706	0.128703520	0.180838659
617	9	9	0.056235973	0.048697103	0.045256063	0.059857868	0.117958762	0.085683636	0.079999037	0.098725706	0.080019645	0.327566236
618	9	9	0.048298787	0.036351305	0.020711176	0.042378366	0.082092278	0.077995859	0.064129621	0.064563572	0.059755437	0.503723562
619	7	7	0.089213222	0.100093007	0.083659507	0.086599529	0.081942409	0.041302785	0.094213143	0.268539727	0.072519273	0.081917390
620	1	1	0.054840766	0.304966927	0.066720232	0.053586934	0.092241235	0.060783640	0.086360216	0.096474126	0.092385300	0.091640651
621	3	3	0.096606612	0.075032152	0.085291527	0.179940701	0.077418551	0.102056824	0.117993608	0.088603199	0.089592226	0.087464683
622	9	9	0.046181101	0.070054136	0.029954040	0.043812718	0.115403943	0.085107133	0.056444142	0.080322944	0.074148893	0.398570955
623	6	6	0.109786637	0.070339203	0.101316355	0.095754735	0.097586125	0.090633526	0.171127513	0.106883191	0.072617039	0.083955713
624	0	0	0.171209991	0.070926830	0.079974003	0.113579325	0.089495495	0.064593136	0.102943659	0.086399764	0.117253035	0.103624716
625	0	8	0.119046658	0.066353537	0.067169830	0.112114713	0.101121426	0.068043597	0.120067269	0.109597735	0.123626649	0.112858631
626	9	9	0.076682538	0.059883472	0.025392978	0.069114834	0.110102579	0.090739749	0.062594444	0.072886027	0.095467448	0.337135911
627	0	0	0.194093019	0.094457358	0.075002976	0.107215501	0.071454346	0.073147424	0.068922646	0.078065090	0.109077498	0.128564239
628	6	8	0.153105855	0.051163975	0.042928543	0.073081210	0.073884308	0.070284881	0.165294379	0.064195283	0.173854768	0.132206768
629	1	2	0.087881580	0.151263952	0.152479589	0.113355502	0.075888112	0.078909270	0.087152682	0.088411696	0.076639242	0.088018410
630	4	4	0.052159302	0.074228376	0.092686214	0.090925276	0.207991406	0.051842585	0.073729411	0.115358368	0.150457025	0.090622008
631	4	4	0.061619423	0.081309892	0.124972813	0.068912245	0.216189176	0.055971067	0.120701499	0.095322944	0.091382027	0.083618984
632	0	0	0.333341539	0.053239778	0.052968971	0.080004923	0.077250533	0.068679959	0.114719756	0.049969137	0.093189627	0.076635785
633	9	9	0.085169360	0.051451366	0.026897116	0.065644249	0.103422321	0.090678073	0.148535535	0.066911347	0.117411889	0.243878797
634	3	6	0.119051605	0.050885618	0.083993107	0.127436057	0.075749554	0.102104105	0.152067795	0.108792588	0.111850664	0.068068944
635	4	4	0.064182244	0.074180230	0.083408512	0.069785170	0.176679090	0.050716460	0.097344525	0.113193057	0.122571081	0.147939608
636	6	6	0.094792083	0.081227623	0.040719695	0.062313158	0.102473125	0.100073501	0.190453872	0.098417997	0.131686375	0.097842619
637	0	0	0.161559492	0.073416434	0.052617669	0.115551189	0.090285532	0.085628606	0.120939888	0.072707996	0.104202665	0.123090595
638	6	6	0.108841687	0.052433182	0.063263781	0.094190545	0.083328843	0.134525135	0.179462612	0.079274110	0.128698170	0.075981952
639	3	3	0.093829811	0.054699413	0.031270482	0.198659211	0.097589530	0.080409333	0.085177086	0.110707581	0.088855781	0.158801690
640	0	0	0.193480045	0.043103591	0.051419724	0.069276191	0.082499057	0.084367171	0.183374584	0.074408069	0.138539806	0.079531655
641	1	1	0.074826494	0.212269723	0.132997021	0.093231454	0.085974708	0.062845141	0.078291476	0.107887626	0.067322589	0.084353782
642	4	4	0.061467018	0.052925456	0.059120819	0.048963424	0.325726092	0.039186213	0.061927374	0.097314641	0.120873056	0.132495910
643	8	8	0.105250716	0.067656457	0.088473991	0.103811681	0.084580414	0.054692820	0.099017091	0.057234596	0.223820761	0.115461476
644	8	8	0.096372351	0.041874286	0.037128925	0.118962556	0.090663761	0.068515211	0.147689313	0.084035732	0.184341028	0.130416840
645	2	2	0.096424505	0.108983807	0.178932637	0.080139607	0.071698010	0.077260897	0.080880113	0.129457131	0.098342568	0.077880658
646	5	5	0.112352476	0.061567228	0.066580527	0.098709747	0.073319256	0.157951117	0.149247378	0.094739407	0.095508419	0.090024546
647	1	1	0.101509422	0.207100451	0.108443126	0.070662662	0.112792946	0.063570626	0.077467956	0.104693070	0.079242073	0.074517719
648	1	1	0.071286775	0.218956932	0.143081382	0.101507209	0.076759495	0.064472206	0.077534266	0.096635379	0.067989439	0.081776895
649	0	0	0.339240789	0.054720797	0.046221111	0.094854221	0.074616134	0.059239689	0.100481004	0.051797032	0.101654150	0.077175036
650	8	8	0.121836528	0.077277981	0.073253565	0.094122477	0.092462674	0.084122986	0.095317110	0.065634288	0.161786631	0.134185791
651	0	0	0.257049590	0.051360816	0.033589825	0.064820617	0.073380329	0.081456043	0.183085144	0.053702749	0.108684607	0.092870250
652	2	2	0.089526251	0.067279592	0.201098904	0.067930512	0.069552593	0.103943959	0.140736759	0.100905120	0.060240109	0.098786183
653	4	4	0.062296707	0.093065001	0.118448853	0.090636306	0.210436940	0.050124209	0.073309273	0.119959399	0.109967329	0.071756043
654	7	7	0.063443363	0.115491934	0.061432455	0.101995736	0.121233746	0.064310208	0.077085838	0.162364081	0.090328984	0.142313585
655	5	5	0.113440618	0.053775366	0.045074578	0.103810184	0.084018193	0.175215304	0.126315624	0.102992117	0.116403520	0.078954384
656	2	2	0.095910408	0.076835997	0.210895672	0.077986091	0.069258228	0.081888489	0.089136846	0.163708031	0.068240419	0.066139787
657	3	3	0.109758556	0.078875221	0.047944546	0.175869495	0.069381505	0.083981588	0.064425468	0.090504803	0.115248337	0.164010495
658	6	6	0.157845169	0.048767097	0.055689428	0.077524401	0.090636484	0.105578169	0.203307256	0.057123277	0.121934608	0.081594191
659	5	5	0.075290397	0.078613453	0.063161366	0.082566381	0.088105097	0.158708975	0.116451889	0.110959589	0.120627075	0.105515726
660	8	8	0.116497345	0.081138909	0.088500321	0.105954170	0.075169884	0.068760566	0.092533782	0.067867137	0.165310502	0.138267398
661	6	6	0.140953690	0.049078420	0.053301379	0.078830644	0.071314529	0.103048466	0.227293000	0.074608169	0.138297692	0.063273966
662	3	3	0.085602358	0.058468372	0.056317389	0.151667044	0.094779938	0.083015114	0.135405302	0.134469718	0.118439019	0.081835687
663	9	9	0.086554550	0.101033896	0.066323929	0.082946718	0.087403260	0.052050594	0.084088139	0.096044905	0.114449412	0.229104593
664	1	1	0.091901578	0.198072389	0.168275237	0.083511785	0.073890649	0.067958042	0.074753985	0.090026245	0.071825624	0.079784527
665	8	8	0.118000373	0.053001951	0.064522237	0.077020623	0.086809643	0.061418582	0.128739074	0.065896146	0.200443178	0.144148201
666	6	8	0.130888999	0.047230601	0.083807252	0.081385218	0.088329472	0.071589001	0.144705161	0.100016393	0.170907766	0.081140094
667	0	0	0.210827634	0.119043104	0.102520466	0.094829753	0.066529848	0.071243420	0.079461880	0.097170122	0.088990204	0.069383562
668	6	6	0.103304833	0.041579533	0.060095169	0.094576895	0.086211897	0.041569136	0.200083628	0.081019320	0.191912517	0.099647053
669	4	4	0.060515013	0.092991501	0.070915937	0.068217091	0.166291922	0.052737866	0.110276140	0.105322570	0.126941681	0.145790294
670	4	4	0.070542768	0.092490859	0.096982837	0.061226830	0.265783608	0.054275647	0.111214295	0.096172966	0.076691128	0.074619032
671	1	1	0.077147201	0.217993319	0.160833895	0.072522797	0.081727080	0.057838164	0.081861630	0.104008131	0.072418556	0.073649265
672	7	7	0.039087407	0.088163294	0.052404843	0.083552405	0.128155693	0.052392222	0.067547388	0.254300058	0.065833174	0.168563560
673	4	4	0.061281852	0.051875528	0.050307658	0.065733902	0.276197851	0.066808783	0.100347623	0.089024156	0.078073151	0.160349399
674	7	7	0.074512936	0.110624805	0.101732962	0.089343391	0.086676717	0.035600297	0.079540640	0.235116273	0.085769162	0.101082854
675	0	0	0.222630113	0.044277150	0.041464422	0.071648799	0.093919940	0.089394219	0.184681520	0.076080687	0.101235420	0.074667722
676	8	8	0.124201246	0.081643485	0.076643303	0.083060056	0.087439366	0.091350868	0.092917494	0.061548635	0.166557834	0.134637699
677	0	0	0.186993569	0.052238595	0.057245139	0.082165889	0.081680663	0.105134256	0.133303002	0.075071484	0.145207345	0.080960132
678	7	7	0.068125345	0.146631703	0.098135568	0.108977892	0.095282584	0.072501376	0.075660415	0.148345903	0.114367142	0.071972102
679	7	7	0.091080621	0.096299313	0.104828700	0.098648027	0.096785150	0.049831111	0.066908851	0.217574060	0.104920186	0.073124021
680	0	0	0.212910026	0.056228612	0.048226461	0.123299800	0.077562310	0.084423162	0.130352333	0.080376998	0.108420148	0.078200154
681	9	6	0.144935325	0.047229439	0.054508582	0.090220496	0.088770881	0.101617470	0.154030889	0.076989911	0.123826474	0.117870562
682	8	8	0.101822294	0.053702835	0.060438372	0.143410772	0.079708658	0.071896911	0.124259286	0.079754062	0.196042612	0.088964202
683	2	2	0.099965192	0.077698685	0.204573914	0.067076683	0.084397495	0.080231458	0.133549809	0.113592222	0.063867517	0.075047016
684	6	6	0.105788372	0.056077633	0.101464629	0.080169946	0.090393841	0.117041543	0.199229926	0.081297241	0.086339526	0.082197428
685	8	8	0.107471153	0.062672906	0.082791716	0.103847869	0.103190526	0.070907541	0.107937835	0.104260571	0.168383479	0.088536434
686	7	7	0.074660420	0.121073924	0.106342338	0.071249165	0.108609512	0.047378413	0.077330843	0.234964162	0.086016878	0.072374389
687	3	3	0.085334331	0.091601491	0.060677174	0.257434428	0.065379776	0.065720029	0.083618850	0.090485610	0.122751333	0.076996930
688	3	3	0.101368532	0.090948656	0.095781952	0.178674400	0.072140425	0.090486102	0.092561267	0.125641569	0.086829722	0.065567419
689	3	3	0.101314440	0.093948044	0.105819985	0.147518411	0.098320350	0.073631629	0.074935973	0.090125263	0.110068887	0.104317069
690	7	1	0.065099195	0.151715606	0.090856642	0.105490632	0.121992521	0.040752083	0.077612504	0.135620773	0.098972969	0.111887038
691	6	6	0.084991150	0.057542715	0.102984436	0.092713408	0.064226016	0.098833859	0.215695933	0.084736347	0.076646589	0.121629559
692	9	9	0.073269360	0.031457350	0.020722363	0.071368724	0.116478115	0.085697189	0.114893161	0.073285855	0.106837876	0.305989981
693	4	4	0.055333313	0.059527740	0.085279845	0.083704934	0.277967870	0.062400065	0.063109502	0.087813430	0.102069154	0.122794077
694	6	6	0.130864292	0.041196220	0.077465773	0.082275793	0.094971776	0.056646880	0.168212026	0.113924950	0.146889508	0.087552726
695	3	3	0.111182444	0.074224234	0.085842177	0.143131554	0.077984296	0.095809497	0.080415249	0.094802201	0.133745760	0.102862611
696	1	1	0.100146465	0.178838238	0.144460067	0.097044937	0.072367176	0.053085674	0.080307908	0.115074463	0.084165446	0.074509576
697	5	6	0.074792407	0.063994549	0.117640927	0.105280630	0.061575439	0.144066676	0.153135493	0.095015571	0.077538088	0.106960237
698	9	9	0.057554588	0.042913247	0.030495176	0.063011229	0.097646199	0.097969674	0.061045151	0.085387304	0.082572557	0.381404907
699	5	5	0.116237812	0.062168688	0.104547054	0.082986929	0.060636383	0.165999234	0.126761332	0.089974038	0.085698441	0.104990095
700	0	0	0.145890117	0.071342103	0.075849600	0.087567635	0.095666416	0.081014030	0.126629353	0.085639097	0.116912134	0.113489538
701	7	7	0.075814128	0.152533486	0.091348171	0.137103632	0.100015543	0.057232708	0.067292623	0.160130501	0.079091355	0.079437815
702	5	5	0.111696161	0.075972654	0.064108439	0.105483383	0.070816286	0.182582021	0.085100755	0.108473204	0.107300915	0.088466212
703	1	1	0.062335577	0.207636178	0.153189018	0.107588127	0.083938271	0.058064662	0.077352054	0.102101915	0.076917186	0.070877045
704	5	9	0.118694782	0.085250556	0.057947416	0.082062408	0.089783475	0.106487922	0.120383024	0.090740040	0.123276472	0.125373945
705	0	0	0.240740344	0.068863258	0.077085614	0.111695699	0.081550643	0.066813342	0.105853193	0.057976149	0.096257180	0.093164474
706	3	3	0.115215115	0.054277487	0.083063148	0.177482620	0.070293278	0.066645041	0.117421746	0.087166764	0.126149058	0.102285698
707	2	2	0.077574208	0.094037890	0.234867409	0.082959615	0.069351487	0.039808840	0.096590936	0.130993620	0.093520544	0.080295496
708	7	9	0.046966575	0.109661549	0.043814462	0.077674344	0.146009982	0.069681585	0.062197879	0.150185481	0.078167550	0.215640709
709	1	1	0.054564573	0.228888631	0.078594744	0.117109478	0.099092394	0.048524812	0.068163589	0.113267623	0.088711880	0.103082381
710	5	5	0.095376134	0.041325387	0.062122334	0.103641115	0.078677244	0.197453186	0.155130416	0.083229519	0.110704057	0.072340570
711	7	3	0.076305203	0.130269870	0.110159785	0.143933564	0.093784072	0.064160757	0.078496449	0.143931746	0.091426939	0.067531660
712	6	6	0.121006452	0.055730749	0.051820103	0.079847865	0.079237886	0.075309813	0.270046800	0.081999578	0.118115745	0.066885032
713	1	1	0.073710024	0.229850620	0.061147124	0.057907183	0.097937949	0.070959128	0.080864660	0.095874980	0.119764730	0.111983560
714	5	6	0.097042188	0.064508997	0.050690688	0.091450050	0.086564124	0.133011028	0.165840834	0.120832860	0.108050190	0.082009017
715	4	9	0.059929617	0.047671489	0.043271434	0.068281054	0.210336506	0.062902242	0.076354735	0.101522081	0.098331712	0.231399149
716	8	8	0.110981621	0.063496232	0.102783628	0.098581374	0.121168301	0.062009174	0.098113626	0.066780418	0.211122245	0.064963371
717	5	5	0.093233116	0.084137641	0.099547036	0.088593632	0.102015845	0.148106158	0.113410473	0.095577687	0.092880569	0.082497880
718	0	0	0.176224962	0.066894576	0.075343736	0.130248278	0.080295041	0.065340675	0.124811232	0.085251711	0.106604196	0.088985592
719	8	8	0.126416892	0.056967340	0.068514384	0.094266012	0.075136326	0.108690701	0.151050076	0.085752308	0.162998527	0.070207432
720	0	0	0.158901885	0.098537773	0.104380697	0.109964594	0.076807268	0.085252203	0.090550169	0.095999740	0.092650741	0.086954914
721	2	2	0.064729489	0.076351501	0.166843787	0.063134953	0.124224402	0.068698443	0.105794273	0.118774578	0.135092735	0.076355770
722	9	9	0.075265869	0.059548948	0.025781658	0.052431017	0.101511739	0.066988595	0.059659351	0.076160759	0.087452427	0.395199656
723	3	3	0.108784653	0.050313611	0.078966819	0.157595441	0.089285120	0.063916825	0.138085246	0.068678863	0.131027371	0.113346063
724	8	8	0.113765344	0.048705284	0.052677002	0.101924561	0.079111300	0.102106288	0.130744085	0.082519174	0.224956930	0.063489966
725	5	5	0.066573933	0.099289209	0.075681373	0.099336289	0.119949169	0.151267990	0.075359724	0.116906442	0.094434835	0.101200886
726	3	4	0.101569019	0.073777862	0.052151814	0.123130322	0.130667791	0.090405919	0.100939326	0.096778311	0.110949151	0.119630456
727	9	9	0.055978302	0.080330193	0.034703258	0.042865057	0.100779198	0.075933762	0.060918670	0.145609900	0.082781315	0.320100367
728	4	4	0.063359916	0.077811837	0.083426617	0.076368377	0.212654561	0.051674269	0.087128416	0.127913982	0.118519895	0.101142190
729	8	8	0.082028180	0.032780044	0.031100795	0.109551437	0.105985887	0.061632782	0.134489030	0.069039792	0.258972287	0.114419736
730	4	4	0.076008089	0.079018421	0.110352531	0.086197630	0.211859062	0.042486202	0.118051916	0.110505827	0.094070084	0.071450196
731	6	6	0.103247866	0.065199889	0.089997187	0.096448787	0.077074572	0.123428307	0.140248641	0.080597848	0.120981544	0.102775358
732	6	6	0.136023670	0.058566608	0.084697463	0.094446518	0.104843795	0.092498854	0.141043961	0.076011874	0.095459372	0.116407849
733	5	5	0.124613479	0.064587541	0.063180126	0.096622072	0.092257142	0.153733179	0.112008922	0.061312843	0.136745691	0.094938993
734	2	2	0.100112453	0.068056688	0.161744967	0.081656463	0.055227991	0.067612462	0.106795110	0.099327922	0.126186430	0.133279532
735	9	9	0.143943354	0.045173228	0.044604387	0.098466307	0.088001974	0.087610826	0.097631671	0.050980940	0.118799917	0.224787414
736	4	4	0.056402616	0.040632922	0.037496563	0.062756546	0.346145183	0.052055053	0.054167122	0.085285448	0.084811062	0.180247501
737	4	4	0.062114313	0.089120768	0.111231767	0.062055495	0.254394233	0.063798167	0.076567732	0.095560186	0.093211442	0.091945887
738	0	0	0.254795015	0.064015947	0.042515159	0.070559472	0.082228802	0.100945599	0.125401318	0.049642194	0.125448972	0.084447525
739	6	6	0.130825460	0.060767107	0.087581910	0.063479573	0.141846821	0.074716754	0.169693366	0.079322793	0.116783902	0.074982353
740	8	8	0.118659005	0.060190149	0.073638029	0.110455148	0.092525579	0.060656935	0.089010820	0.074624263	0.239024207	0.081215896
741	8	8	0.085153975	0.092924081	0.078727350	0.068595529	0.094239682	0.062774688	0.097394675	0.105308421	0.168620527	0.146261051
742	3	9	0.082542852	0.043932278	0.033460449	0.124690697	0.120120995	0.098989069	0.139876649	0.119480908	0.092694789	0.144211382
743	5	6	0.083672822	0.061567578	0.045502216	0.081427291	0.102112696	0.143344283	0.154812753	0.123183675	0.101505503	0.102871098
744	7	7	0.063188516	0.078272022	0.115631007	0.061240099	0.086672105	0.041597344	0.074022375	0.329456866	0.079499528	0.070420139
745	1	1	0.066404693	0.218252704	0.120268166	0.087075233	0.090419419	0.049972352	0.089689732	0.108851410	0.083581127	0.085485145
746	1	1	0.077681459	0.151781291	0.119975805	0.097407222	0.083829246	0.054230686	0.087301478	0.098600656	0.095784850	0.133407280
747	8	8	0.107339188	0.048553646	0.058656007	0.124020807	0.100014679	0.079795063	0.128872618	0.082584247	0.198500350	0.071663454
748	0	0	0.292342633	0.049543899	0.056227345	0.073192976	0.068197280	0.068289518	0.138227224	0.081523590	0.099928468	0.072527044
749	4	9	0.070968688	0.048138358	0.052727949	0.096203394	0.158804387	0.077961512	0.073672868	0.121366657	0.085239954	0.214916244
750	7	7	0.075309128	0.141305506	0.088389508	0.088010676	0.085647799	0.046195224	0.114431515	0.200178489	0.083031066	0.077500977
751	8	8	0.119598277	0.043084141	0.047092263	0.089593276	0.092633530	0.060279526	0.149891287	0.061500877	0.237644330	0.098682597
752	2	2	0.078596100	0.067078166	0.244690895	0.059036639	0.104435340	0.046566091	0.102076761	0.129130304	0.090610571	0.077779114
753	5	6	0.103280455	0.044394393	0.079898357	0.100615278	0.069939516	0.134861946	0.212311551	0.082962707	0.082926460	0.088809319
754	9	9	0.055770379	0.042338688	0.033597045	0.057490122	0.105437793	0.091576681	0.067668192	0.081160776	0.071561642	0.393398672
755	3	3	0.099361859	0.084934637	0.093624368	0.146539465	0.091891684	0.083981119	0.072716415	0.081278995	0.117734015	0.127937496
756	4	9	0.066972889	0.053708151	0.049926281	0.069681384	0.196092755	0.057743840	0.079858109	0.101276346	0.104202859	0.220537320
757	8	8	0.115890115	0.082276173	0.067204267	0.089409366	0.085783899	0.088178851	0.089606412	0.061900992	0.160224870	0.159525052
758	1	1	0.069420628	0.216976762	0.089682959	0.078853860	0.118816413	0.062119380	0.082991116	0.110362552	0.094120502	0.076655872
759	0	0	0.276782632	0.046235349	0.039307524	0.091468006	0.067669235	0.081265509	0.138181731	0.047947418	0.105151407	0.105991133
760	8	8	0.110258989	0.049731266	0.055714566	0.080548301	0.080198035	0.060638197	0.159069642	0.085587583	0.192543834	0.125709608
761	0	0	0.249038294	0.056441806	0.050460503	0.073132701	0.076777652	0.069631100	0.176103652	0.082635432	0.102336407	0.063442446
762	9	9	0.055843011	0.040028039	0.029715102	0.065667138	0.105951250	0.085532092	0.090185568	0.064371899	0.065948412	0.396757483
763	7	7	0.065483473	0.095208108	0.096250728	0.079338945	0.083044872	0.042996731	0.061704613	0.305216163	0.085130997	0.085625350
764	7	7	0.074348181	0.112481900	0.104817174	0.087577611	0.073197916	0.080376409	0.097471155	0.170831338	0.091831021	0.107067205
765	7	7	0.065289482	0.104517736	0.072884701	0.087692179	0.105310820	0.083435379	0.104710199	0.175985828	0.089736268	0.110437453
766	5	5	0.101613238	0.068336062	0.064361982	0.078273304	0.096384399	0.186209455	0.125274912	0.082158655	0.085441805	0.111946091
767	4	4	0.049981147	0.076129064	0.133933768	0.074579738	0.224575609	0.037871588	0.086330093	0.110351488	0.136327118	0.069920428
768	5	9	0.098955967	0.074139185	0.083112977	0.104580157	0.079677947	0.109619699	0.116487294	0.102469988	0.108048096	0.122908682
769	5	5	0.085225888	0.050268948	0.053341784	0.106581092	0.088208996	0.195481330	0.120691136	0.095727317	0.124250986	0.080222465
770	6	6	0.107990369	0.054543041	0.081501171	0.063621625	0.076609991	0.106694572	0.253668219	0.070890591	0.078956537	0.105523862
771	4	4	0.054834507	0.090582348	0.123202041	0.078804307	0.222224146	0.038467214	0.080887251	0.104549929	0.138446376	0.068001881
772	7	7	0.060116880	0.079059795	0.123547971	0.061940972	0.085486367	0.065624870	0.091896378	0.272014201	0.077557869	0.082754746
773	9	9	0.058238111	0.076548651	0.029203976	0.032576703	0.095476285	0.061721105	0.059043862	0.090328120	0.086074494	0.410788685
774	3	6	0.123351000	0.061362758	0.066525348	0.096882813	0.083465546	0.098113760	0.154591918	0.100357309	0.126481548	0.088868029
775	2	2	0.090359949	0.071263738	0.210935354	0.064322419	0.112616479	0.061245438	0.088516548	0.128375545	0.106175557	0.066189028
776	2	2	0.091906063	0.105968624	0.200786501	0.057200145	0.073596656	0.077342927	0.108712040	0.117237426	0.070907645	0.096341968
777	8	9	0.071006455	0.073965706	0.074270666	0.072245769	0.082376927	0.075980663	0.136158928	0.092888132	0.149858907	0.171247870
778	5	3	0.103835568	0.083914019	0.069590315	0.135089129	0.086750478	0.129655153	0.082960442	0.125281200	0.102044262	0.080879457
779	6	6	0.145160511	0.058042318	0.054399718	0.059203945	0.101555713	0.095541321	0.225986809	0.081925072	0.114542350	0.063642241
780	9	9	0.109051287	0.036523759	0.036020037	0.091402754	0.079988599	0.081390530	0.077643722	0.050817166	0.103188612	0.333973467
781	7	7	0.083855681	0.105226263	0.130439356	0.087840386	0.094963416	0.055474143	0.105033778	0.136613280	0.095332034	0.105221622
782	2	2	0.073367730	0.056914531	0.223149016	0.064864166	0.130752876	0.048323624	0.123813018	0.128257647	0.092475578	0.058081813
783	6	6	0.082839608	0.046440620	0.086073697	0.068919629	0.072272040	0.089899637	0.292595863	0.070885003	0.085603386	0.104470514
784	3	5	0.114019752	0.074061371	0.078940541	0.132893533	0.067520872	0.141295552	0.105288878	0.092307195	0.110464633	0.083207645
785	4	4	0.061451770	0.108575553	0.126623124	0.062446315	0.218163103	0.044090558	0.085472964	0.098576449	0.112051912	0.082548194
786	5	5	0.084967576	0.074617498	0.066840403	0.081473507	0.078804485	0.170336425	0.110769220	0.108597711	0.101742335	0.121850818
787	4	4	0.064995632	0.061099693	0.103107139	0.076684028	0.237777352	0.056810424	0.084437296	0.096096098	0.126172125	0.092820227
788	7	7	0.061045982	0.112923048	0.109652482	0.103374675	0.085058160	0.073813416	0.112603962	0.187271655	0.068357110	0.085899465
789	4	4	0.108718656	0.113827839	0.118141249	0.065823652	0.119273670	0.084639736	0.115244538	0.097616866	0.100759141	0.075954653
790	1	1	0.068944134	0.211974695	0.193264127	0.065917380	0.077200815	0.068776354	0.074121833	0.099275947	0.069176376	0.071348362
791	8	8	0.121713594	0.025076706	0.023198068	0.094498277	0.079697132	0.077861570	0.153735384	0.048880097	0.236750305	0.138588831
792	0	0	0.198818341	0.061554000	0.062794581	0.078457236	0.078947052	0.105098598	0.153020248	0.078346141	0.102878451	0.080085397
793	0	0	0.231458992	0.049372960	0.063929148	0.095681690	0.071079887	0.053679511	0.166693851	0.076777078	0.101990610	0.089336291
794	4	4	0.085310049	0.081750751	0.117199540	0.080837935	0.183978066	0.062923700	0.106060468	0.097781852	0.100946218	0.083211415
795	3	3	0.108372889	0.104617581	0.083919004	0.172586828	0.071493089	0.084774993	0.091424525	0.109346882	0.099196047	0.074268132
796	3	0	0.151734993	0.070930526	0.065377511	0.123235270	0.067752399	0.097339392	0.134912297	0.067537472	0.104778364	0.116401777
797	2	2	0.064930521	0.072977670	0.200065881	0.095702536	0.107662283	0.066157073	0.089621596	0.111641027	0.117503978	0.073737413
798	0	0	0.211398944	0.057492826	0.049405988	0.078238882	0.073899060	0.085498288	0.165154710	0.071655929	0.112706020	0.094549395
799	4	4	0.061168358	0.056759153	0.069751322	0.083275728	0.209261060	0.075088874	0.103163801	0.108131006	0.090402655	0.142998084
800	0	0	0.304582298	0.047997095	0.038502358	0.097223461	0.056065984	0.089023545	0.104997978	0.059352819	0.108084917	0.094169587
801	5	6	0.088975295	0.070423976	0.063270532	0.077669188	0.114807725	0.127685264	0.156792760	0.086591117	0.128033936	0.085750200
802	7	7	0.067181192	0.070358776	0.104717284	0.072406195	0.075830892	0.096671991	0.093015328	0.249054775	0.082832716	0.087930843
803	5	5	0.082229264	0.060898967	0.095039606	0.066157110	0.072559297	0.204479858	0.113343455	0.118068710	0.086052790	0.101170897
804	9	9	0.118111417	0.041125245	0.069593355	0.138622224	0.074705526	0.086683474	0.129551589	0.068771891	0.112899125	0.159936100
805	6	6	0.121477552	0.045866333	0.042809498	0.051195864	0.080544800	0.048992909	0.222035840	0.067235462	0.197397098	0.122444592
806	5	5	0.083387852	0.061712950	0.083578452	0.128718108	0.074157275	0.169501260	0.095121257	0.104196146	0.097226791	0.102399923
807	5	5	0.087095730	0.058952220	0.053332336	0.124079116	0.071937129	0.163295761	0.150604084	0.092041768	0.112055346	0.086606503
808	8	8	0.110933162	0.053188954	0.081972651	0.126453310	0.095277056	0.060757913	0.092579156	0.060633305	0.232729599	0.085474819
809	3	3	0.109006338	0.080230393	0.081103973	0.179488227	0.066697046	0.112758391	0.084059402	0.104114510	0.096732289	0.085809454
810	2	2	0.073101796	0.056636482	0.255190462	0.061439138	0.127768487	0.044748716	0.102457523	0.137080818	0.088288814	0.053287763
811	2	2	0.113717280	0.062565520	0.191269964	0.063569583	0.078674756	0.107783124	0.134554699	0.102007538	0.056702670	0.089154907
812	5	5	0.086143516	0.059105661	0.084717274	0.088141114	0.076461755	0.194219440	0.125179112	0.094835266	0.081915446	0.109281361
813	6	6	0.096836351	0.039013218	0.071820483	0.080344789	0.080692276	0.103667259	0.276231289	0.070999444	0.095942602	0.084452286
814	8	6	0.120155908	0.072084352	0.082202695	0.082675628	0.088902600	0.085172325	0.138731584	0.082105011	0.130118117	0.117851689
815	5	6	0.107246831	0.046208516	0.057296991	0.085663669	0.081259206	0.138239294	0.190835193	0.102458976	0.104828618	0.085962683
816	0	0	0.142991856	0.086862460	0.085053258	0.079212353	0.094989896	0.105305918	0.117361091	0.090941459	0.088476494	0.108805217
817	3	3	0.128483653	0.098900460	0.071931034	0.129812509	0.080316216	0.101136446	0.093445137	0.091068342	0.114491805	0.090414464
818	2	2	0.085386232	0.110822722	0.188113555	0.083969362	0.083945744	0.064526007	0.078681454	0.147328898	0.082468987	0.074757069
819	3	3	0.103914857	0.075348511	0.098104089	0.203806505	0.063023090	0.092421964	0.102152549	0.065665871	0.109945215	0.085617349
820	7	1	0.075256735	0.159324810	0.122868866	0.098383054	0.085668519	0.058026243	0.077196337	0.149473920	0.079698294	0.094103329
821	7	7	0.084899366	0.104242027	0.117744960	0.059013844	0.130039558	0.037431791	0.077604420	0.210369095	0.108307339	0.070347697
822	4	4	0.077722348	0.089413621	0.097320855	0.099149756	0.172130525	0.082145445	0.098865800	0.099609837	0.091204166	0.092437670
823	0	0	0.218477771	0.045538433	0.064863920	0.076064758	0.064848289	0.092575893	0.166636541	0.081440695	0.111868359	0.077685393
824	8	8	0.115680531	0.047916014	0.061281607	0.083664969	0.094252527	0.096119314	0.147869065	0.084069543	0.194036424	0.075109959
825	0	0	0.271384358	0.071499668	0.070979513	0.094777860	0.072679497	0.072361119	0.092820615	0.062478289	0.081883118	0.109135985
826	0	0	0.231293425	0.048766993	0.057489868	0.111440279	0.064163364	0.066026285	0.127068341	0.064778604	0.127720371	0.101252496
827	5	5	0.118135691	0.067745045	0.071744353	0.107094117	0.076277450	0.160611257	0.113399930	0.084589966	0.101430625	0.098971449
828	5	3	0.096990488	0.084316231	0.073942743	0.127665341	0.084914051	0.097740866	0.092462927	0.124162227	0.111342333	0.106462799
829	4	9	0.081031650	0.124487422	0.075564362	0.073206820	0.115376055	0.089049608	0.090618886	0.104091719	0.118351303	0.128222123
830	6	6	0.096596591	0.067217194	0.066180296	0.088613838	0.085236043	0.134466156	0.144161746	0.084224127	0.139606580	0.093697429
831	7	7	0.067655340	0.159666285	0.094924510	0.081121586	0.105756216	0.067369908	0.066566199	0.162672386	0.096361533	0.097905993
832	4	4	0.057653047	0.068178117	0.059063394	0.060986906	0.214451462	0.061483730	0.074524872	0.116449840	0.105821289	0.181387305
833	6	6	0.129150748	0.060116418	0.070945978	0.071289532	0.078521349	0.099048644	0.254396111	0.075366303	0.092194460	0.068970464
834	9	9	0.108019792	0.067111529	0.042244960	0.068351194	0.099602573	0.073934466	0.055046812	0.048649572	0.082876533	0.354162604
835	8	8	0.108951263	0.057155106	0.070373461	0.113458246	0.079737306	0.066543497	0.096446946	0.062256459	0.243457854	0.101619832
836	7	7	0.074868642	0.108484477	0.090758085	0.078772478	0.115084887	0.046486434	0.080193654	0.259351879	0.064713210	0.081286259
837	7	7	0.094735786	0.084311217	0.101186506	0.094201289	0.056266837	0.102303416	0.087963864	0.227047533	0.076529622	0.075453907
838	0	0	0.223333776	0.036232229	0.067445926	0.070221014	0.081432238	0.069755077	0.168302938	0.052229702	0.129144534	0.101902589
839	8	8	0.093885861	0.046568204	0.040258128	0.085358821	0.089138336	0.047238540	0.120941356	0.058536965	0.290835828	0.127237976
840	4	9	0.059740763	0.056368645	0.047810961	0.090062886	0.160566688	0.083301768	0.076491676	0.100128062	0.077777177	0.247751355
841	4	4	0.056167666	0.043510631	0.039365821	0.064178817	0.284025282	0.068707235	0.060053706	0.094714426	0.091090582	0.198185816
842	3	3	0.078490131	0.068979174	0.109184034	0.223657191	0.058940880	0.100364953	0.094742708	0.130364180	0.069808617	0.065468103
843	0	0	0.225520223	0.067225248	0.106526472	0.103108376	0.071046613	0.059514191	0.108387351	0.062918037	0.109452680	0.086300775
844	2	2	0.073302366	0.055972040	0.214653149	0.068883292	0.097301334	0.052638453	0.105725974	0.155213073	0.112089016	0.064221233
845	9	9	0.060335208	0.053425033	0.019135473	0.035116572	0.101243839	0.079229571	0.067438751	0.060311146	0.096156470	0.427607983
846	7	7	0.043160815	0.069526970	0.043662474	0.058508143	0.113381565	0.055209175	0.060123682	0.300198227	0.060922008	0.195306972
847	9	9	0.049957499	0.049545310	0.025360078	0.038753934	0.101426743	0.085813984	0.063928217	0.079078510	0.069354162	0.436781555
848	2	2	0.107796103	0.100065276	0.186111048	0.086583212	0.077788405	0.076482363	0.116402298	0.097700015	0.079177916	0.071893409
849	3	3	0.114431441	0.086482167	0.065341383	0.176961020	0.098753773	0.073674403	0.064863697	0.093084216	0.103519358	0.122888498
850	0	0	0.195827290	0.051345825	0.061176728	0.113692433	0.084617704	0.076877609	0.118091196	0.083023362	0.128695309	0.086652607
851	0	0	0.212770715	0.049622025	0.078298934	0.098881856	0.081478663	0.074794263	0.110936657	0.093230441	0.106966086	0.093020350
852	9	9	0.070094660	0.055733114	0.026838407	0.051173516	0.108399197	0.072279193	0.054577712	0.073576435	0.083495155	0.403832644
853	1	1	0.067042567	0.240986750	0.103051640	0.099653371	0.111589707	0.044860486	0.070104457	0.111990079	0.080564812	0.070156023
854	6	6	0.172564313	0.048618179	0.050104216	0.075760275	0.071562931	0.114282079	0.208535582	0.049383402	0.125854313	0.083334722
855	5	5	0.066629522	0.071988076	0.052777972	0.091123618	0.114085406	0.143315867	0.087328270	0.136796147	0.095541678	0.140413359
856	6	6	0.081902571	0.048589393	0.043361858	0.103892788	0.136847347	0.061594404	0.191099614	0.126697153	0.138300031	0.067714907
857	6	0	0.177669451	0.054599017	0.082204215	0.089851096	0.079215057	0.097646020	0.141417176	0.068165191	0.098499432	0.110733382
858	2	2	0.065343462	0.136225536	0.175993651	0.100783527	0.070154086	0.047913164	0.075295702	0.103692129	0.107068211	0.117530555
859	2	2	0.075027689	0.066434316	0.243265077	0.067316055	0.096164219	0.059459317	0.088678844	0.137786672	0.106163040	0.059704822
860	0	0	0.182979301	0.048401937	0.066686392	0.079272278	0.077844039	0.081477888	0.170138121	0.084744215	0.127541408	0.080914408
861	1	1	0.073545642	0.176279619	0.101465724	0.094821550	0.099115431	0.058243249	0.083468020	0.125722811	0.109194495	0.078143455
862	5	5	0.087539315	0.103191108	0.062900595	0.076767832	0.094370656	0.122187719	0.104256652	0.113792576	0.113385312	0.121608280
863	9	9	0.066900991	0.051114075	0.021493135	0.050847039	0.114836447	0.085322060	0.059292465	0.063735165	0.095349632	0.391109020
864	5	6	0.093411401	0.054230854	0.040455472	0.091016531	0.108045563	0.142094657	0.183213338	0.094503336	0.105941102	0.087087698
865	5	5	0.065750815	0.071840905	0.046739601	0.085434623	0.121331863	0.148881286	0.093283139	0.134646788	0.089781284	0.142309725
866	1	1	0.087371610	0.207339406	0.149718150	0.083331481	0.076490276	0.061811410	0.078262374	0.097075686	0.076399632	0.082199872
867	1	1	0.082700863	0.177055895	0.142944738	0.091573454	0.085929953	0.073536485	0.079198495	0.097113542	0.090965621	0.078980990
868	3	0	0.153788567	0.074616261	0.045552883	0.138932809	0.074449673	0.086291440	0.112514213	0.066318259	0.135841489	0.111694396
869	0	0	0.233556688	0.068050541	0.064507671	0.128445402	0.064142041	0.075340092	0.096001223	0.048871454	0.123144172	0.097940713
870	3	0	0.149285868	0.080006942	0.090839058	0.121790238	0.071451232	0.071132265	0.134003401	0.055944912	0.098361321	0.127184823
871	1	1	0.085805751	0.170511335	0.158452600	0.114414126	0.083109953	0.063847966	0.085498489	0.099148653	0.068793632	0.070417427
872	9	9	0.083127223	0.044022068	0.027121577	0.078765012	0.098348059	0.106178477	0.078065991	0.085819453	0.126256138	0.272295982
873	9	9	0.085271873	0.050879136	0.026733236	0.077092282	0.123928480	0.070409849	0.055796552	0.070376262	0.080040999	0.359471291
874	5	5	0.083318755	0.075254820	0.105464861	0.091733158	0.078444503	0.202014193	0.081785426	0.103680067	0.081380486	0.096923664
875	3	6	0.127627984	0.057257727	0.059535790	0.084248312	0.104858667	0.110627286	0.160988748	0.083181366	0.120922863	0.090751179
876	9	9	0.109578401	0.064265169	0.063832045	0.106813692	0.079957806	0.111702830	0.078541510	0.082980022	0.143989667	0.158338904
877	7	7	0.079335846	0.120108671	0.097573720	0.071052045	0.106444500	0.065738350	0.111556768	0.131570235	0.116653010	0.099966906
878	0	0	0.182537019	0.047329549	0.066545643	0.079973452	0.064766079	0.071786202	0.153478622	0.077414148	0.107664220	0.148505092
879	4	4	0.058108330	0.088492095	0.106281951	0.072484501	0.178451791	0.039937429	0.085674711	0.120306075	0.158040166	0.092222936
880	3	8	0.108253382	0.062208772	0.092119299	0.132644698	0.075462379	0.076164015	0.112464115	0.087203830	0.171873078	0.081606433
881	6	6	0.083485462	0.051698681	0.055173475	0.073744640	0.104527988	0.074338883	0.236670241	0.107934371	0.126312047	0.086114138
882	6	6	0.072825640	0.052875314	0.107740909	0.085959725	0.077440418	0.075980768	0.262406230	0.083386421	0.075842857	0.105541714
883	9	9	0.096602812	0.054248620	0.029343003	0.056481827	0.086941600	0.098820150	0.112943783	0.093029983	0.127429888	0.244158432
884	7	7	0.080897607	0.120956942	0.091487728	0.088565521	0.087929189	0.052233633	0.086649321	0.241701156	0.077540562	0.072038293
885	0	0	0.171717942	0.079941496	0.070623748	0.136506289	0.074895680	0.064969204	0.103039771	0.070381388	0.095513470	0.132411093
886	0	0	0.281320184	0.047765482	0.043426927	0.084154204	0.073498756	0.066018790	0.161211908	0.079405107	0.091749333	0.071449339
887	0	0	0.182181776	0.080644257	0.062851280	0.076420002	0.089899123	0.089329489	0.117787085	0.063694879	0.107686862	0.129505277
888	9	9	0.077618964	0.046150677	0.022692921	0.052988213	0.095638886	0.077875450	0.055830725	0.052270189	0.100665919	0.418268114
889	4	9	0.067448601	0.055400033	0.048196662	0.076716296	0.161442772	0.086587369	0.089090236	0.104293406	0.075872660	0.234952062
890	8	8	0.103875354	0.051117912	0.054471817	0.095008343	0.077795036	0.071355380	0.125404522	0.080103591	0.272964001	0.067903996
891	4	4	0.042448089	0.042160384	0.040513173	0.065629907	0.297891349	0.049458090	0.065750770	0.112796552	0.096248947	0.187102765
892	6	6	0.121156238	0.042689882	0.060335681	0.091197938	0.087954208	0.100697711	0.202384651	0.080861621	0.147674128	0.065047897
893	8	8	0.095388606	0.046325333	0.072087623	0.086877145	0.101464838	0.056683443	0.156248510	0.080843844	0.181157440	0.122923262
894	3	8	0.141386881	0.072622642	0.076034158	0.136990085	0.081186689	0.072264083	0.104962587	0.089782149	0.143740460	0.081030235
895	1	1	0.072741196	0.174030185	0.142297015	0.125537068	0.089648105	0.061517805	0.078608252	0.095855638	0.083089106	0.076675646
896	6	6	0.089191191	0.051000010	0.097076483	0.094842404	0.084378727	0.090311125	0.177968428	0.090041734	0.125806719	0.099383198
897	7	7	0.057831381	0.082066126	0.045373004	0.074903615	0.159848735	0.073150098	0.065701887	0.181716725	0.089392088	0.170016289
898	9	9	0.077987969	0.052876450	0.039405175	0.083466202	0.109009542	0.076007731	0.081790812	0.084223628	0.081765667	0.313466787
899	8	8	0.093165115	0.045522939	0.029870316	0.096609347	0.093008325	0.077930644	0.165748432	0.076256119	0.173359618	0.148529172
900	2	2	0.069073983	0.066175930	0.248053238	0.059722152	0.117624395	0.057500266	0.085229293	0.121338449	0.106372833	0.068909466
901	9	9	0.053108271	0.072050467	0.035792846	0.092110261	0.120882288	0.087517336	0.051467191	0.096485510	0.091001756	0.299584091
902	3	6	0.112454452	0.073097058	0.073303029	0.120908141	0.084933169	0.085788891	0.163255736	0.119718850	0.095821075	0.070719585
903	0	0	0.171986014	0.059322342	0.033161234	0.102158181	0.102729179	0.094717056	0.121101864	0.067436486	0.087958880	0.159428820
904	6	6	0.101780914	0.041322846	0.070471257	0.090669386	0.119114980	0.037553601	0.195525870	0.084519543	0.170409605	0.088632077
905	6	6	0.133880541	0.047482692	0.032056674	0.051287264	0.065285452	0.089181341	0.308316678	0.054227207	0.141312286	0.076969765
906	1	1	0.097356416	0.158060491	0.131715521	0.093570851	0.073896967	0.067599490	0.093582943	0.093769610	0.083014905	0.107432775
907	3	3	0.138782650	0.083211914	0.073746830	0.157443509	0.077306516	0.074073903	0.117648348	0.057712734	0.118617833	0.101455800
908	5	7	0.089990072	0.058973607	0.049163200	0.094832540	0.105155036	0.112801991	0.129712805	0.142321661	0.122935042	0.094113976
909	0	0	0.185561210	0.053540397	0.067546450	0.084511846	0.080876969	0.074088469	0.157651484	0.087152541	0.125379086	0.083691627
910	7	7	0.068922676	0.119355835	0.092847645	0.089875139	0.102009475	0.051704567	0.074718684	0.196286649	0.073452942	0.130826324
911	7	7	0.081044286	0.137780502	0.099432416	0.102781095	0.098271519	0.041404273	0.086585328	0.170917735	0.087366894	0.094415948
912	1	1	0.060434807	0.272592485	0.063381195	0.041440111	0.082227670	0.072989203	0.069598056	0.097073711	0.118716836	0.121545874
913	0	0	0.227977470	0.057867199	0.047792859	0.108603291	0.073261224	0.079770625	0.135907605	0.072903819	0.114248477	0.081667386
914	2	2	0.107600518	0.094177477	0.220270932	0.070257977	0.078072190	0.063818067	0.102979958	0.112577744	0.063631944	0.086613141
915	7	1	0.094434895	0.153605253	0.133888826	0.089702472	0.063703291	0.034711298	0.095491126	0.139749840	0.083132811	0.111580171
916	9	9	0.065841965	0.052791063	0.028962351	0.072499901	0.104563415	0.110538580	0.057870187	0.065997414	0.079437047	0.361498088
917	3	3	0.085750282	0.087777898	0.092019767	0.153126836	0.073462978	0.089822710	0.094698921	0.100537017	0.136394978	0.086408593
918	2	2	0.062065121	0.083517425	0.209226713	0.104671173	0.088385083	0.049944557	0.067204878	0.136790663	0.133592889	0.064601474
919	8	8	0.102699295	0.066071071	0.058704980	0.109723546	0.085388131	0.054941166	0.107592657	0.064974397	0.190173730	0.159731030
920	7	7	0.085186057	0.096997507	0.092218034	0.095712274	0.089909889	0.057903729	0.097428501	0.234082386	0.080420144	0.070141435
921	3	6	0.114323989	0.065628618	0.077780612	0.115617938	0.090363868	0.101366207	0.154697672	0.085611455	0.120775416	0.073834307
922	4	4	0.073999986	0.149301216	0.102789655	0.043589927	0.155507892	0.055109940	0.124621868	0.110507727	0.095643379	0.088928327
923	7	7	0.057125214	0.143093809	0.073180996	0.091190666	0.118268080	0.066595234	0.072957881	0.153414607	0.094406664	0.129766881
924	0	0	0.237238333	0.064496078	0.075906791	0.106619552	0.069587961	0.058893297	0.094046019	0.072482198	0.111841403	0.108888321
925	3	8	0.105940968	0.074201815	0.081538744	0.126532182	0.094104789	0.057054210	0.096055433	0.068851918	0.162474051	0.133245856
926	1	1	0.078771941	0.181064248	0.139419407	0.115270175	0.079048447	0.059233218	0.089752018	0.097084738	0.075901926	0.084453821
927	6	6	0.158785805	0.044009332	0.050773554	0.069725826	0.088350266	0.076650560	0.229666591	0.061209314	0.148139432	0.072689250
928	2	2	0.068465889	0.092569105	0.143653333	0.084543683	0.104555711	0.053962260	0.099774301	0.097840376	0.141724840	0.112910472
929	2	2	0.055957571	0.059816532	0.239229217	0.071780421	0.131876409	0.030606329	0.096233688	0.150363520	0.104645327	0.059490941
930	7	7	0.089186661	0.092385016	0.106335565	0.076235540	0.098600820	0.038842198	0.083534203	0.258324683	0.087418698	0.069136567
931	1	1	0.083053015	0.206428543	0.067054115	0.055168197	0.090797640	0.057427026	0.109010480	0.120932624	0.117785551	0.092342742
932	1	1	0.078224279	0.202921942	0.160019949	0.100098014	0.065016687	0.064415768	0.069272853	0.099528156	0.077942736	0.082559749
933	9	9	0.085008942	0.076108702	0.040406216	0.056695953	0.090158001	0.055871688	0.067349881	0.072110057	0.094494529	0.361796051
934	6	6	0.132385373	0.048284996	0.046135690	0.056615222	0.072036020	0.061391041	0.243655086	0.073546231	0.181040555	0.084909767
935	6	6	0.108977847	0.035793267	0.071213625	0.070386030	0.062744513	0.119869418	0.290170193	0.071260929	0.075406089	0.094178088
936	8	8	0.109549209	0.080949537	0.099381402	0.089510143	0.086988412	0.075866379	0.075564332	0.061607335	0.175957590	0.144625694
937	8	8	0.100567736	0.046745114	0.087089710	0.091277212	0.075723313	0.054463152	0.101740405	0.077226639	0.280535549	0.084631145
938	2	2	0.077482194	0.063032992	0.191018105	0.074225746	0.107320070	0.049131155	0.093558066	0.124595016	0.147589862	0.072046883
939	0	0	0.217349857	0.047475956	0.052519750	0.091831289	0.074682154	0.061310772	0.167734891	0.080749564	0.130395219	0.075950518
940	0	0	0.284448057	0.049417909	0.037387960	0.108239278	0.061246708	0.071473613	0.115665719	0.054221753	0.134223759	0.083675146
941	5	5	0.076611198	0.047734518	0.031238807	0.070934393	0.120181084	0.154362813	0.144682854	0.102819793	0.102475002	0.148959547
942	8	8	0.093952365	0.041536462	0.034797624	0.114106812	0.090016671	0.059237078	0.134061366	0.083301619	0.216360763	0.132629141
943	8	8	0.100510985	0.049100727	0.100886382	0.118906558	0.094952241	0.050332699	0.129010260	0.086369805	0.160608262	0.109322079
944	0	0	0.261582673	0.062076777	0.067501061	0.102130130	0.077115148	0.066400141	0.090047620	0.065556161	0.118937813	0.088652477
945	5	6	0.074266464	0.055321686	0.055111665	0.095556088	0.114370458	0.100519016	0.179056838	0.093944110	0.143249005	0.088604696
946	5	6	0.118858851	0.065585211	0.052862857	0.083028585	0.089221239	0.126389906	0.174581245	0.122875229	0.097984768	0.068612158
947	7	7	0.056766536	0.076996811	0.097474031	0.078859776	0.092072286	0.074056581	0.080014922	0.266281933	0.081291661	0.096185461
948	5	8	0.144061863	0.059908561	0.056417510	0.093205050	0.087931596	0.115922637	0.140035287	0.058403797	0.147106722	0.097006969
949	0	0	0.281676203	0.046379272	0.057606164	0.114330135	0.065284185	0.057653595	0.105546571	0.054216612	0.112695865	0.104611345
950	8	8	0.104133040	0.040682074	0.045411818	0.124129087	0.071300685	0.039170813	0.142110303	0.056235339	0.303915292	0.072911546
951	1	1	0.068774857	0.195250675	0.113114037	0.096902102	0.074906647	0.055945318	0.083498813	0.100764506	0.103026696	0.107816391
952	3	3	0.137114570	0.086859733	0.075782306	0.141869307	0.085352518	0.107263789	0.099306330	0.088714398	0.099499419	0.078237645
953	7	7	0.060170818	0.078461677	0.091085635	0.062442236	0.126436219	0.089295328	0.086415246	0.203599602	0.096955575	0.105137691
954	9	9	0.061265986	0.100454174	0.046861462	0.042391345	0.092085913	0.091961831	0.067801766	0.102041058	0.095002457	0.300134003
955	9	9	0.076993831	0.044942994	0.021635987	0.053102601	0.118925281	0.080898218	0.069578111	0.064317979	0.089429460	0.380175531
956	4	4	0.080495916	0.107202396	0.103013583	0.061875205	0.181800038	0.083073966	0.089529738	0.100298747	0.088468634	0.104241826
957	3	6	0.123243950	0.072898991	0.064320266	0.101376064	0.076710343	0.124936253	0.143362656	0.094480075	0.104083218	0.094588153
958	3	3	0.061355602	0.063607618	0.033177759	0.228395388	0.090665169	0.064815640	0.081838198	0.098292127	0.104504868	0.173347577
959	9	9	0.107700765	0.049747445	0.037817203	0.062794633	0.079824977	0.101048648	0.129392013	0.076531596	0.141562417	0.213580281
960	6	6	0.116994105	0.060040586	0.074310645	0.088524617	0.070104145	0.132989481	0.159925669	0.074424319	0.117129587	0.105556846
961	2	2	0.090301685	0.080552913	0.185667366	0.107732207	0.110196821	0.047470078	0.077606298	0.123991534	0.113574341	0.062906712
962	4	4	0.080263756	0.120247275	0.115550615	0.087611966	0.199698091	0.045736440	0.077242494	0.113555007	0.092913359	0.067181043
963	0	0	0.173605636	0.099866942	0.051467426	0.083863378	0.082931392	0.085058950	0.079381011	0.102000982	0.088549130	0.153275266
964	6	6	0.114347421	0.058298003	0.068595521	0.083685197	0.093317971	0.108527988	0.176602960	0.084179640	0.144921735	0.067523532
965	0	0	0.128135622	0.100388035	0.075077713	0.121073276	0.080139935	0.099499136	0.084715880	0.091175474	0.117811687	0.101983190
966	7	7	0.075694285	0.138838559	0.094560720	0.099671155	0.086128198	0.039621588	0.092997834	0.142622471	0.131452665	0.098412529
967	2	2	0.082645245	0.079277724	0.242390990	0.067816481	0.075480394	0.058611654	0.096839882	0.134579107	0.082352825	0.080005713
968	5	5	0.076600082	0.069695964	0.078105316	0.102178372	0.089749448	0.180736110	0.116743587	0.101994850	0.101305455	0.082890727
969	7	7	0.066780709	0.078456342	0.073124290	0.066601656	0.105209455	0.051457446	0.072267175	0.316688389	0.068853945	0.100560501
970	9	9	0.084244780	0.060843486	0.051234536	0.098919615	0.106430188	0.103798911	0.086164899	0.089718044	0.103044748	0.215600818
971	0	6	0.200090781	0.038000368	0.033086885	0.081753977	0.087133974	0.068618596	0.232014924	0.071343519	0.085818186	0.102138802
972	2	2	0.061089613	0.096797250	0.181963906	0.073651925	0.117533371	0.038563501	0.092693567	0.113731585	0.121309698	0.102665678
973	4	9	0.067032561	0.042542294	0.066495225	0.092411697	0.136148110	0.099211089	0.090494938	0.123148918	0.103773631	0.178741515
974	8	8	0.096516199	0.060981091	0.076719873	0.107795700	0.080063522	0.079230413	0.143492028	0.089242384	0.198989481	0.066969387
975	0	0	0.301893651	0.038510308	0.048099458	0.084992558	0.053301889	0.067891665	0.119097263	0.050795432	0.145026028	0.090391740
976	6	6	0.124296881	0.051073190	0.060277756	0.080250382	0.090348251	0.123569869	0.199486047	0.076536924	0.119542189	0.074618541
977	3	8	0.091892935	0.045605324	0.046147645	0.145507172	0.088836968	0.080293566	0.157025367	0.084053911	0.165001556	0.095635578
978	8	8	0.089207999	0.039365798	0.041016437	0.082334653	0.092992701	0.075489156	0.185551599	0.104217552	0.193590432	0.096233547
979	4	4	0.076875553	0.096009046	0.108952835	0.083959624	0.183703423	0.070448093	0.092982568	0.101883955	0.102550447	0.082634456
980	5	5	0.098442025	0.066157080	0.051061708	0.103393048	0.092154220	0.145427361	0.131258726	0.123067558	0.106269464	0.082768798
981	3	6	0.119455680	0.062347792	0.064344764	0.126585260	0.083985396	0.088120207	0.149631202	0.091375589	0.130373433	0.083780706
982	0	6	0.150402099	0.039719485	0.038326666	0.084728867	0.088262789	0.081665717	0.203057706	0.084177166	0.111285329	0.118374147
983	7	7	0.064107679	0.093030922	0.105238236	0.087141052	0.082571141	0.063786216	0.076731563	0.265782803	0.069962636	0.091647685
984	9	9	0.077573098	0.047821671	0.017126426	0.060294434	0.099077255	0.095400453	0.054361947	0.052391022	0.104582757	0.391370952
985	8	8	0.077240855	0.056947220	0.074079104	0.150254264	0.083071984	0.062496681	0.083084092	0.088164754	0.255899459	0.068761550
986	7	9	0.047630120	0.107525021	0.050007012	0.068716012	0.142026708	0.073836967	0.063586190	0.127203047	0.079646610	0.239822298
987	1	1	0.104057148	0.223638177	0.118572511	0.077166237	0.089231104	0.059420761	0.080068894	0.105898008	0.077159658	0.064787589
988	4	4	0.075264841	0.072635353	0.104685485	0.090570264	0.237572476	0.053163990	0.084166527	0.107704513	0.097395539	0.076840937
989	0	0	0.152142704	0.079609618	0.099842504	0.070510142	0.087578110	0.106651440	0.126529127	0.095721543	0.074712873	0.106701933
990	0	0	0.158631325	0.106127702	0.082550339	0.126031131	0.079564877	0.087855063	0.069516361	0.082314946	0.117366135	0.090042226
991	0	0	0.269509315	0.073262639	0.076624133	0.094496489	0.075101241	0.063270256	0.092544697	0.067418881	0.096592531	0.091179743
992	4	4	0.050668281	0.040012736	0.045171056	0.087072328	0.305031449	0.045928705	0.072543047	0.091477185	0.086140826	0.175954327
993	3	0	0.145204484	0.079144470	0.068609089	0.117964469	0.085197307	0.090739988	0.125136897	0.072319761	0.115925431	0.099758096
994	7	7	0.071873330	0.136938825	0.075763904	0.055961341	0.112844214	0.055728242	0.135618642	0.153163984	0.090913780	0.111193657
995	8	8	0.099047311	0.057712972	0.056192338	0.109471343	0.075134926	0.075719237	0.128091097	0.094154723	0.243988231	0.060487773
996	6	6	0.099243827	0.062814288	0.082767822	0.079694062	0.132641092	0.086918510	0.170559168	0.087523863	0.121888526	0.075948879
997	3	3	0.104784489	0.089157186	0.067830287	0.145938560	0.092322856	0.097174503	0.066670895	0.105720520	0.108057961	0.122342721
998	9	9	0.146513075	0.084406406	0.089737251	0.117792889	0.088322595	0.061483275	0.100256510	0.049957529	0.104554906	0.156975538
999	1	1	0.072125405	0.164071232	0.103809401	0.101651400	0.103206351	0.071856730	0.100891836	0.116321519	0.086524203	0.079541937
1000	1	1	0.073415443	0.157136127	0.146943510	0.118655436	0.090461239	0.065611236	0.086841501	0.105383761	0.081702933	0.073848777
1001	7	1	0.086372063	0.164862454	0.098410770	0.105021514	0.088291988	0.034668401	0.083803706	0.148640543	0.102956980	0.086971603
1002	1	1	0.117198683	0.159936652	0.122978725	0.088947654	0.092644341	0.068032339	0.082682364	0.122977644	0.079407834	0.065193713
1003	3	8	0.087073810	0.068242304	0.108741365	0.148126379	0.084787108	0.094436154	0.074721150	0.089352109	0.151452690	0.093066968
1004	5	8	0.084248565	0.052029662	0.060759403	0.095163941	0.088025644	0.087214373	0.160985127	0.095064655	0.182867587	0.093641035
1005	9	9	0.080285706	0.052295245	0.028130103	0.072298028	0.110945895	0.088968560	0.052925155	0.059876226	0.082524590	0.371750534
1006	3	6	0.104597300	0.065034509	0.075664259	0.151923820	0.081266940	0.096000805	0.158042952	0.094170883	0.103129223	0.070169315
1007	8	8	0.085117698	0.052950859	0.074588560	0.111924298	0.096345976	0.075414896	0.099748693	0.106229737	0.151554599	0.146124765
1008	5	5	0.082098357	0.065773815	0.064908847	0.099781483	0.098114416	0.189526156	0.102796674	0.111061379	0.096497029	0.089441776
1009	8	8	0.118128359	0.052415438	0.054336417	0.082549207	0.085823692	0.078948341	0.159257159	0.098683804	0.199698895	0.070158660
1010	5	5	0.083291933	0.078587390	0.083961919	0.093777843	0.088787615	0.194531724	0.070939764	0.115801573	0.099314012	0.091006212
1011	6	6	0.082884625	0.042935684	0.046063811	0.063109905	0.132585123	0.059172228	0.285679668	0.083848476	0.142262489	0.061458010
1012	8	8	0.104635708	0.068501584	0.078100353	0.116186976	0.079676077	0.079021446	0.089364827	0.067458428	0.233894125	0.083160408
1013	9	9	0.092369705	0.055336721	0.021900328	0.064004600	0.103431895	0.096645243	0.064685993	0.058966413	0.121413998	0.321245104
1014	6	6	0.137160733	0.049167357	0.054986633	0.086088024	0.081663705	0.129209206	0.193882808	0.072938867	0.130852416	0.064050145
1015	9	9	0.103475012	0.067931980	0.049900368	0.073540352	0.091704421	0.117701188	0.084008865	0.063711591	0.115579396	0.232446849
1016	2	2	0.094422579	0.096424267	0.179728910	0.077138893	0.088513628	0.069396257	0.095444687	0.140576288	0.074872963	0.083481491
1017	8	8	0.114838459	0.055392824	0.047852717	0.071861058	0.085596576	0.078104958	0.171504810	0.085974485	0.200997129	0.087876923
1018	9	9	0.067033783	0.072492726	0.037645608	0.062041868	0.109627806	0.061881565	0.073094383	0.079457819	0.097229645	0.339494824
1019	4	4	0.042579111	0.036466885	0.044268303	0.051446360	0.339579552	0.051055174	0.063777417	0.092504777	0.093262702	0.185059667
1020	3	3	0.096979707	0.082719758	0.065400533	0.138525039	0.105229251	0.069319904	0.082241058	0.095488422	0.134154186	0.129942089
1021	7	7	0.068037249	0.136236057	0.104485586	0.119444393	0.105512679	0.054534741	0.052021347	0.200260535	0.088578679	0.070888773
1022	2	2	0.081634313	0.069027804	0.206240922	0.093153283	0.068906881	0.056918297	0.081258699	0.113218822	0.127880454	0.101760544
1023	8	8	0.096529290	0.033172969	0.027724320	0.100042142	0.094268456	0.086556830	0.172544912	0.080523014	0.193682864	0.114955232
1024	0	0	0.171121329	0.049023867	0.060894135	0.105271310	0.072113000	0.067766845	0.165731266	0.075839758	0.145173296	0.087065145
1025	3	6	0.102986537	0.046602618	0.055123784	0.140532494	0.094930559	0.085044280	0.162968457	0.126439899	0.116355821	0.069015630
1026	8	8	0.139979154	0.065248631	0.071451187	0.111419491	0.073026419	0.073858641	0.097679354	0.062611945	0.173205033	0.131520152
1027	3	3	0.116947517	0.096659981	0.090779386	0.154834956	0.066360898	0.072010510	0.098765768	0.073545180	0.113359891	0.116735846
1028	2	2	0.093772531	0.071468219	0.224895343	0.079682887	0.067678094	0.066156693	0.107700132	0.101673827	0.085418046	0.101554267
1029	8	8	0.099524237	0.042486869	0.051425632	0.116299376	0.091612920	0.070183925	0.146195665	0.065477274	0.227736786	0.089057304
1030	6	6	0.100948691	0.058398239	0.082115911	0.114447631	0.069365032	0.066543862	0.176448449	0.070587710	0.167318389	0.093826123
1031	9	9	0.085406549	0.083791003	0.059269451	0.074879020	0.092550866	0.061305169	0.070140637	0.088592544	0.124642856	0.259421885
1032	7	7	0.082423709	0.126545772	0.115214974	0.100875497	0.081155211	0.069094256	0.104428276	0.156147912	0.090013213	0.074101150
1033	1	1	0.070922181	0.146355078	0.127317786	0.092422925	0.101685643	0.090971015	0.097510301	0.117242463	0.086947955	0.068624653
1034	8	8	0.119259417	0.057607733	0.047320314	0.084425345	0.110167056	0.089927167	0.158106953	0.077569067	0.175769880	0.079847038
1035	1	1	0.101988837	0.164729536	0.140792474	0.097005732	0.076539993	0.050549403	0.084130473	0.112125784	0.084641889	0.087495856
1036	7	9	0.049542062	0.052909814	0.041807026	0.062296364	0.108990125	0.074592620	0.084755346	0.212156311	0.075723216	0.237227067
1037	6	6	0.147117972	0.040366471	0.048952155	0.073470198	0.069273390	0.066959068	0.284465402	0.060309045	0.133634210	0.075452097
1038	2	2	0.094264716	0.073671050	0.171371266	0.074797384	0.080549881	0.107764363	0.145292044	0.098679930	0.064793848	0.088815518
1039	7	7	0.069029309	0.073225796	0.081022508	0.070960790	0.076239251	0.084147863	0.075790137	0.272230536	0.079704612	0.117649205
1040	4	4	0.061408576	0.056756057	0.058161125	0.068946704	0.237932414	0.072528295	0.083354272	0.110582657	0.082088180	0.168241739
1041	2	2	0.082519233	0.084206626	0.212089643	0.084673993	0.071597822	0.067547426	0.123658516	0.128233999	0.068744622	0.076728068
1042	7	1	0.069108792	0.152848378	0.087897919	0.126535520	0.074864224	0.079026625	0.080526479	0.152398020	0.101838283	0.074955858
1043	4	4	0.082989015	0.116450623	0.091026939	0.061915770	0.178521976	0.065127835	0.094834790	0.097764559	0.105630554	0.105737992
1044	0	0	0.212079316	0.061705101	0.103034377	0.108047448	0.069337651	0.046724584	0.134415999	0.053636849	0.106527686	0.104490951
1045	2	2	0.084798634	0.125698268	0.142841950	0.104123473	0.085449465	0.060936701	0.091777019	0.124951318	0.091524534	0.087898649
1046	2	2	0.089176081	0.092083074	0.168268800	0.065224573	0.083072402	0.093305096	0.105135798	0.128611311	0.087648086	0.087474719
1047	8	8	0.101780578	0.052120015	0.076314323	0.074378140	0.095074311	0.055769525	0.144693732	0.081460878	0.191287339	0.127121195
1048	5	5	0.092024788	0.068848968	0.079652540	0.083818786	0.088069610	0.188722417	0.101316161	0.100046776	0.094977841	0.102522098
1049	8	8	0.119818904	0.040975563	0.057203114	0.099669695	0.084819153	0.080932744	0.171186000	0.069653638	0.195998877	0.079742305
1050	4	4	0.106441371	0.095443279	0.111965530	0.079301238	0.127241284	0.120002195	0.100910023	0.085837260	0.084015258	0.088842496
1051	8	8	0.110098198	0.037087034	0.066592187	0.102465816	0.093774669	0.066675499	0.164749354	0.092021488	0.179657698	0.086878009
1052	2	2	0.107787840	0.090161338	0.186120316	0.060382064	0.092572436	0.063129894	0.109112017	0.105953492	0.093566194	0.091214359
1053	3	3	0.095003314	0.079257764	0.086144499	0.201122195	0.075167939	0.075131312	0.070530869	0.080981895	0.125463769	0.111196496
1054	7	7	0.077974729	0.131819367	0.113912508	0.092266686	0.073711321	0.039719149	0.080884233	0.236302033	0.064954922	0.088454977
1055	4	9	0.057569183	0.083208255	0.049885184	0.065884538	0.180286899	0.068007588	0.079018548	0.107386805	0.080357015	0.228396013
1056	3	3	0.138230965	0.069742940	0.053301781	0.159141704	0.061102744	0.094493389	0.126657069	0.075309649	0.100614831	0.121404909
1057	6	0	0.158735693	0.067030877	0.070136227	0.103857927	0.085293420	0.116725497	0.125524506	0.062686518	0.095267005	0.114742391
1058	5	5	0.122412972	0.059996177	0.058554702	0.099785857	0.078790218	0.137932211	0.131744996	0.101733916	0.102795064	0.106253937
1059	9	9	0.074803054	0.045633789	0.027929595	0.063829243	0.129309550	0.085017651	0.054478094	0.052612226	0.093833707	0.372553021
1060	9	0	0.168937355	0.046463434	0.062049266	0.089911923	0.084592655	0.091209568	0.124848060	0.067542441	0.146062255	0.118383043
1061	9	9	0.077967696	0.036980797	0.023007406	0.081851132	0.096422918	0.085256837	0.101713806	0.068409204	0.099654526	0.328735769
1062	9	9	0.076989509	0.066957742	0.023742454	0.057067048	0.113011651	0.076449916	0.059052810	0.069992855	0.092116773	0.364619285
1063	2	2	0.091493644	0.088593811	0.173515067	0.095595568	0.079657808	0.054814853	0.097291470	0.112342924	0.117167771	0.089527033
1064	3	3	0.076025210	0.063983165	0.119527198	0.162529022	0.072504789	0.096740328	0.125814572	0.106795155	0.086803786	0.089276753
1065	8	8	0.088803165	0.035391863	0.026955094	0.098563418	0.098824486	0.069586255	0.164922461	0.067515314	0.205746710	0.143691301
1066	8	8	0.095689237	0.042777818	0.030781485	0.101274990	0.107102349	0.077234231	0.159221083	0.076360077	0.164294034	0.145264730
1067	4	4	0.048422810	0.043239396	0.043165617	0.061355956	0.298110127	0.060783904	0.059195541	0.092588082	0.088066615	0.205071986
1068	5	6	0.095745116	0.059125263	0.090705112	0.100168586	0.085390247	0.134480387	0.190843120	0.087480918	0.088200644	0.067860611
1069	8	8	0.119082406	0.061342686	0.066464208	0.098397754	0.089971565	0.077239573	0.126055941	0.097305417	0.178159013	0.085981354
1070	2	2	0.084084436	0.076886512	0.193276763	0.087886371	0.127920344	0.067977205	0.075375691	0.115342475	0.106280610	0.064969614
1071	5	5	0.101569265	0.074809141	0.081322007	0.093921274	0.084453948	0.192963392	0.096306294	0.086814664	0.095680989	0.092159063
1072	1	1	0.056416087	0.248325199	0.186571777	0.074876554	0.077390619	0.051186331	0.091994420	0.092215158	0.057941042	0.063082770
1073	5	5	0.083137065	0.077975743	0.062053047	0.088393033	0.058996346	0.221316144	0.105639018	0.105221145	0.092883013	0.104385354
1074	1	1	0.059537195	0.231376380	0.151814997	0.119860925	0.075345755	0.053563945	0.072071142	0.096748792	0.072064728	0.067616180
1075	7	7	0.064152442	0.108624376	0.118563719	0.053702820	0.098388933	0.048928872	0.069138996	0.249372452	0.089372143	0.099755235
1076	8	3	0.120571233	0.075420208	0.068683796	0.146703362	0.083202623	0.086991817	0.102169678	0.074990280	0.130000681	0.111266345
1077	7	1	0.057449795	0.168380812	0.078310564	0.103301801	0.100543179	0.051782764	0.061948523	0.145152658	0.081606187	0.151523679
1078	5	7	0.101098381	0.073052511	0.068507776	0.113983877	0.095615178	0.113817722	0.104777858	0.133632094	0.098209031	0.097305588
1079	6	6	0.128562361	0.064822108	0.073785543	0.078823797	0.086542957	0.095063627	0.189396635	0.080880366	0.134828284	0.067294344
1080	7	7	0.057374340	0.067558013	0.067315862	0.049193285	0.092932157	0.058142610	0.063281342	0.381797433	0.053731386	0.108673610
1081	5	5	0.096075252	0.040179737	0.065321945	0.097316094	0.075736105	0.192149535	0.156691939	0.084417716	0.113986492	0.078125037
1082	1	1	0.101249032	0.172734722	0.101755857	0.092782237	0.113277473	0.059253640	0.069939479	0.133630946	0.087527893	0.067848720
1083	5	5	0.096636496	0.047483698	0.057816885	0.096047640	0.085967816	0.179954827	0.163952515	0.076659046	0.109526582	0.085954458
1084	2	2	0.102073446	0.109854460	0.169010133	0.086502492	0.072628550	0.075806983	0.100447178	0.101992294	0.095510840	0.086173572
1085	3	3	0.125999153	0.082117602	0.091135055	0.156837597	0.065319195	0.096627697	0.101876788	0.077372745	0.102646373	0.100067742
1086	0	0	0.150243744	0.057828758	0.095205434	0.083942495	0.092767082	0.072281882	0.139750555	0.095269099	0.100250438	0.112460516
1087	8	8	0.117814153	0.046430990	0.044565652	0.070766971	0.079966247	0.062796190	0.186300829	0.073459297	0.217999414	0.099900171
1088	0	0	0.237939328	0.036682308	0.062002294	0.105705902	0.083494008	0.054803409	0.154316694	0.052384838	0.122519575	0.090151638
1089	8	8	0.120674215	0.046941936	0.061290499	0.089614511	0.104872368	0.056659210	0.100627527	0.047289208	0.283990145	0.088040464
1090	1	1	0.066525787	0.199449971	0.109233707	0.105908677	0.104908943	0.042384006	0.073509388	0.155612975	0.078484423	0.063982211
1091	8	8	0.104139298	0.060044952	0.063301578	0.104492940	0.075506791	0.077439070	0.144376263	0.110201709	0.197030738	0.063466668
1092	9	9	0.050568592	0.051336329	0.035353348	0.045979798	0.104138277	0.074521981	0.062100276	0.096830077	0.076416239	0.402755052
1093	2	2	0.090308964	0.072957270	0.229503766	0.082787484	0.056485478	0.062495936	0.117694698	0.096135020	0.090416819	0.101214454
1094	9	9	0.091939270	0.029568996	0.024590774	0.066504687	0.136466980	0.084607609	0.082135007	0.073100507	0.105648659	0.305437505
1095	2	2	0.086367384	0.069604151	0.214026064	0.096609682	0.053666823	0.059002012	0.113657579	0.115257293	0.087118544	0.104690433
1096	0	0	0.214428306	0.047730736	0.051802333	0.073059283	0.086594127	0.091358721	0.176513165	0.077169031	0.107094288	0.074249983
1097	4	4	0.087112963	0.114452615	0.086685941	0.079948343	0.179190308	0.074781500	0.101289287	0.099902250	0.099042714	0.077594094
1098	5	6	0.111434348	0.073825173	0.067541018	0.089184195	0.089827321	0.148933545	0.149170861	0.071524270	0.084229663	0.114329562
1099	1	1	0.070480525	0.217301473	0.124564573	0.085702948	0.080421031	0.072592758	0.069320716	0.115394086	0.086799748	0.077422090
1100	9	9	0.110144995	0.038558591	0.056056075	0.132713839	0.076793373	0.086848736	0.114580087	0.071172282	0.129483044	0.183649004
1101	8	9	0.092060179	0.082821578	0.078167088	0.102413930	0.092414878	0.084855303	0.080833405	0.101035938	0.135410964	0.149986684
1102	1	9	0.055524692	0.138449416	0.067600347	0.086144909	0.121509559	0.076249771	0.072345041	0.114521272	0.085972071	0.181682944
1103	3	3	0.126104400	0.087804414	0.079976574	0.138266861	0.085055977	0.071183115	0.117249548	0.061445795	0.108670644	0.124242671
1104	4	9	0.062670670	0.076840416	0.045075025	0.061622381	0.189184815	0.054437548	0.091135196	0.096785508	0.099760436	0.222487926
1105	4	8	0.094983317	0.103871793	0.095443800	0.084011428	0.116375580	0.093606472	0.115519822	0.089123666	0.120567121	0.086496912
1106	4	1	0.068792917	0.151301712	0.070659503	0.055217288	0.112193801	0.103332117	0.106048778	0.099663146	0.090279721	0.142510965
1107	6	6	0.094194233	0.042995237	0.096705377	0.076201543	0.071254931	0.106654428	0.253258884	0.085485667	0.055114735	0.118135035
1108	4	4	0.065764740	0.095633842	0.105121143	0.102328666	0.188143522	0.050693031	0.073071845	0.110336445	0.135301039	0.073605835
1109	1	9	0.061088149	0.112790547	0.046063602	0.097914957	0.144781917	0.076986745	0.062469471	0.126435012	0.076824725	0.194644928
1110	0	9	0.153496742	0.071998127	0.034970757	0.084307112	0.109446362	0.086395964	0.104943864	0.087641686	0.101605780	0.165193588
1111	4	4	0.065160424	0.079327077	0.085282624	0.089429379	0.199375957	0.056700017	0.099788494	0.091238186	0.125197694	0.108500183
1112	5	7	0.087496921	0.082179710	0.083940178	0.106076449	0.081933700	0.122705065	0.109129556	0.133954033	0.095945619	0.096638776
1113	6	6	0.109208874	0.077015027	0.065839350	0.081500813	0.074336350	0.092795700	0.163718969	0.091893107	0.158866838	0.084825017
1114	6	8	0.141181782	0.064023823	0.063481621	0.096377827	0.074371904	0.107773088	0.136014000	0.075081490	0.151962444	0.089732066
1115	4	4	0.077941880	0.092923678	0.075638570	0.060834754	0.242433637	0.049967378	0.093652867	0.109704398	0.094950639	0.101952225
1116	7	7	0.063355751	0.087389089	0.067314297	0.074502274	0.113811813	0.061821546	0.066466436	0.274893731	0.068184331	0.122260757
1117	6	6	0.125815049	0.047526710	0.045895267	0.098084830	0.069255777	0.088890508	0.251903027	0.068535343	0.131808162	0.072285272
1118	7	7	0.080854587	0.125155970	0.113344193	0.079760648	0.101378679	0.042149201	0.097024873	0.177932054	0.083548933	0.098850802
1119	5	5	0.080415137	0.062018935	0.084264047	0.086200073	0.056877740	0.204867199	0.130800143	0.083964102	0.080259167	0.130333513
1120	9	9	0.080610991	0.047199752	0.025279837	0.065106094	0.108132504	0.064249016	0.056125086	0.069342643	0.098560371	0.385393739
1121	2	2	0.106227770	0.080400862	0.188164338	0.067918554	0.079863064	0.074437417	0.116980992	0.138777599	0.068474784	0.078754701
1122	5	6	0.095745243	0.046397474	0.049488496	0.082553960	0.074494466	0.156156957	0.221990168	0.093393579	0.104821704	0.074957915
1123	6	6	0.123227529	0.042968374	0.047159072	0.112814002	0.071298949	0.065412685	0.208594799	0.087692447	0.145893320	0.094938867
1124	0	0	0.256830603	0.056438379	0.062738329	0.111169532	0.062734246	0.063500270	0.126895547	0.071115680	0.101571791	0.087005645
1125	0	0	0.225334853	0.060913853	0.065486372	0.094752729	0.086205952	0.058761384	0.139330253	0.083754130	0.105738856	0.079721645
1126	1	1	0.113906518	0.162680089	0.144074231	0.083999440	0.086893015	0.059313767	0.087385722	0.124407709	0.068040639	0.069298856
1127	2	2	0.075552948	0.121243626	0.131008536	0.106235206	0.089756571	0.072125018	0.094840348	0.102316707	0.093998961	0.112922102
1128	8	8	0.104863331	0.064383276	0.088678762	0.095485382	0.092906512	0.054552067	0.109711930	0.059890639	0.243972421	0.085555710
1129	5	5	0.108206540	0.060386796	0.055212624	0.089293160	0.084719323	0.168224767	0.124409549	0.095605977	0.098806724	0.115134560
1130	8	8	0.114856921	0.047618978	0.057244480	0.087999463	0.091234669	0.056510776	0.130126253	0.086700298	0.218337744	0.109370485
1131	3	8	0.133016288	0.069373176	0.072489150	0.120239303	0.108377822	0.083046153	0.101351172	0.075718604	0.139598519	0.096789844
1132	0	0	0.221150652	0.052175790	0.052190926	0.069348522	0.085041590	0.105210476	0.159970418	0.073757917	0.107665114	0.073488496
1133	4	4	0.056765597	0.047848895	0.044913571	0.073297381	0.228787020	0.071067296	0.091895036	0.091968402	0.094729871	0.198726892
1134	9	9	0.071374685	0.107485697	0.047066599	0.044962011	0.099809207	0.085030369	0.090552785	0.102806017	0.127043292	0.223869294
1135	0	0	0.225447461	0.068471298	0.046566516	0.076067775	0.074502029	0.088129491	0.145223424	0.050353706	0.104520336	0.120717935
1136	2	2	0.084437855	0.083585918	0.205085292	0.062791608	0.105665267	0.071025498	0.090839148	0.125299871	0.107533395	0.063736156
1137	3	9	0.091536582	0.072208717	0.071760565	0.177135006	0.071670093	0.057256691	0.069406763	0.066672757	0.134473920	0.187878907
1138	6	6	0.118290283	0.045484599	0.050386500	0.166248649	0.055508647	0.054946396	0.219203472	0.068855286	0.139485344	0.081590876
1139	0	0	0.147717685	0.087329119	0.103047773	0.117105946	0.073910691	0.085478142	0.094721921	0.115990661	0.090331420	0.084366567
1140	7	7	0.054490585	0.078396089	0.067295238	0.058110796	0.105155744	0.046600219	0.063015044	0.346473128	0.070079312	0.110383838
1141	3	6	0.104529060	0.055759043	0.059560861	0.101399511	0.105409570	0.104680508	0.197050378	0.080493659	0.111069798	0.080047615
1142	1	1	0.098265916	0.191322282	0.137223333	0.100114919	0.070401721	0.070967168	0.078205496	0.106761768	0.074953333	0.071784116
1143	5	5	0.085459732	0.053623550	0.061946690	0.101502605	0.086570293	0.207443923	0.115197562	0.102259211	0.105149195	0.080847219
1144	0	0	0.311782807	0.039314520	0.036621146	0.102137327	0.058311265	0.084288135	0.114933625	0.050492346	0.101347111	0.100771673
1145	6	6	0.151692048	0.048185118	0.061884925	0.094462983	0.112575226	0.067349732	0.181750864	0.058857381	0.156500757	0.066740997
1146	3	3	0.099393182	0.066071130	0.082232982	0.181315407	0.068604201	0.088129595	0.122714937	0.092784740	0.118822969	0.079930887
1147	0	6	0.150755122	0.049830642	0.076233506	0.074803919	0.086594805	0.079363473	0.163394570	0.078182727	0.104248390	0.136592880
1148	0	0	0.253759146	0.059201531	0.045583017	0.084709115	0.062660985	0.076685444	0.137550697	0.053490303	0.111173868	0.115185939
1149	9	8	0.114420928	0.062768161	0.074684732	0.093961090	0.065949969	0.111983664	0.091303080	0.071825646	0.164177075	0.148925662
1150	8	8	0.114566021	0.060649227	0.062160220	0.139003292	0.094649307	0.070706144	0.101723872	0.063246146	0.202672318	0.090623394
1151	6	6	0.140186161	0.057556894	0.075132877	0.080890253	0.076302543	0.115562581	0.193879426	0.086842567	0.111236937	0.062409781
1152	4	2	0.081155889	0.071009338	0.135431588	0.087168030	0.124703020	0.058129542	0.115605712	0.100247294	0.127004549	0.099545084
1153	8	9	0.084703058	0.092279121	0.078925900	0.101968177	0.095096774	0.075209416	0.080390356	0.093469173	0.143668860	0.154289111
1154	1	1	0.089762904	0.197810546	0.143515810	0.104190983	0.080453679	0.068360083	0.081391349	0.103713408	0.057625718	0.073175415
1155	6	6	0.088952392	0.041445546	0.039292663	0.084372610	0.130277738	0.063869424	0.254138678	0.100308508	0.137206316	0.060136098
1156	0	6	0.122537106	0.078190960	0.094185866	0.099669255	0.083576091	0.103424154	0.137232527	0.089743152	0.102434494	0.089006342
1157	7	7	0.045487188	0.065086931	0.075606249	0.070955448	0.085813090	0.108751394	0.081795156	0.281365603	0.074287452	0.110851415
1158	4	4	0.073775657	0.077914424	0.113950767	0.090395518	0.218688577	0.052110359	0.085907869	0.096340939	0.104037449	0.086878315
1159	2	2	0.088863038	0.101713374	0.159570977	0.091395788	0.068072282	0.054279152	0.079879023	0.094726540	0.154057458	0.107442409
1160	6	6	0.139301687	0.049600597	0.066467926	0.072436363	0.073220357	0.107251629	0.230241835	0.070983596	0.122397549	0.068098418
1161	8	3	0.130724043	0.074014127	0.071233347	0.150423363	0.085548550	0.084085137	0.094237767	0.069759220	0.148572370	0.091402061
1162	6	6	0.113545313	0.076894738	0.096789546	0.098357685	0.085169204	0.094323933	0.186230630	0.084593438	0.075530864	0.088564552
1163	5	5	0.084287971	0.081539623	0.076186046	0.110121883	0.084454976	0.175325260	0.089727350	0.123552158	0.082502589	0.092302158
1164	5	5	0.098816276	0.045913141	0.064182132	0.072722554	0.070395611	0.216517583	0.162134662	0.080912217	0.088070825	0.100335047
1165	7	7	0.062289562	0.073625706	0.104782224	0.076073483	0.077604577	0.078915931	0.077680796	0.266824365	0.082021944	0.100181423
1166	8	8	0.093186729	0.075145356	0.072239049	0.106012583	0.092625059	0.088510260	0.087282598	0.090514444	0.147488937	0.146994933
1167	5	5	0.088683337	0.074259929	0.102649398	0.082081065	0.087861963	0.173503384	0.118545510	0.092658736	0.080447733	0.099308997
1168	8	8	0.108549684	0.075673476	0.086812459	0.120006554	0.072254546	0.058670409	0.098099820	0.056663208	0.177875772	0.145394072
1169	8	8	0.118490025	0.082262427	0.083900101	0.093343139	0.074130744	0.063356109	0.106330141	0.060910225	0.178652525	0.138624564
1170	4	4	0.088755980	0.084874593	0.111497357	0.092777416	0.139694259	0.086693242	0.115356646	0.103400081	0.091755390	0.085195102
1171	8	8	0.125959978	0.055976346	0.060501438	0.083188266	0.078969769	0.064560637	0.163029283	0.086848751	0.190956846	0.090008639
1172	3	3	0.146231219	0.076328196	0.063794725	0.169107676	0.057322334	0.095583275	0.105420716	0.086773641	0.105225310	0.094212934
1173	3	3	0.140683398	0.076478183	0.068500832	0.160739526	0.071651503	0.098219939	0.091791175	0.068988398	0.124268003	0.098678969
1174	5	6	0.103143305	0.057633478	0.047938891	0.092749991	0.087551072	0.142047659	0.164548829	0.113487847	0.101936564	0.088962369
1175	0	0	0.227447107	0.061784346	0.062959492	0.092911839	0.070137165	0.072767280	0.128933787	0.077325799	0.113233000	0.092500061
1176	7	7	0.059498135	0.068926446	0.090885192	0.078341544	0.082593478	0.054535389	0.071363434	0.360944480	0.062915206	0.069996744
1177	7	7	0.076062560	0.100739002	0.105306327	0.076148927	0.107540056	0.040632486	0.084206045	0.245860845	0.083024852	0.080478944
1178	5	5	0.093871348	0.061079424	0.071490802	0.100874647	0.068735808	0.219234720	0.088523984	0.111285910	0.092440680	0.092462659
1179	6	6	0.097093433	0.050910641	0.081730865	0.069248796	0.113560744	0.068689235	0.236160293	0.064537898	0.113896236	0.104171902
1180	4	4	0.064855598	0.066429153	0.063431054	0.062997401	0.199105084	0.095784992	0.100655302	0.095991701	0.085366003	0.165383667
1181	8	8	0.094761141	0.056909669	0.060371742	0.095673136	0.074358530	0.080657229	0.143721327	0.092959017	0.206268802	0.094319403
1182	9	8	0.123165362	0.046535503	0.065302104	0.112560168	0.104471087	0.089381598	0.112499140	0.064440459	0.143782824	0.137861744
1183	9	9	0.105428107	0.080348566	0.052306548	0.079636261	0.086790115	0.110802092	0.097783282	0.066565856	0.151166782	0.169172317
1184	0	0	0.180982411	0.038106013	0.029424606	0.063414924	0.102017932	0.087472498	0.174974814	0.072602995	0.105846047	0.145157844
1185	3	3	0.122821480	0.087320134	0.079382174	0.149104998	0.083083436	0.085353583	0.091113493	0.091690429	0.121296152	0.088834152
1186	5	0	0.138838083	0.085313618	0.066750646	0.067702390	0.081225082	0.128564686	0.124688283	0.107725330	0.109030701	0.090161115
1187	3	3	0.110581741	0.088300049	0.083054259	0.184537843	0.059775993	0.083173417	0.092699863	0.083561316	0.123406120	0.090909384
1188	5	5	0.080030166	0.057537459	0.032682806	0.086683005	0.122096576	0.174532264	0.086703889	0.116845325	0.094007850	0.148880720
1189	4	4	0.058984134	0.067361005	0.072979011	0.076480269	0.209085688	0.069988802	0.116131604	0.108768284	0.085545987	0.134675369
1190	1	1	0.092925757	0.187024444	0.163432002	0.107316583	0.074129470	0.066537872	0.081601143	0.086212225	0.071560420	0.069260016
1191	4	4	0.057523761	0.039597951	0.049519796	0.067898527	0.306269884	0.055489846	0.089758933	0.100354627	0.091816969	0.141769752
1192	2	7	0.060259029	0.084631093	0.140221372	0.086551949	0.097242825	0.063613512	0.091573127	0.175885350	0.065080896	0.134940788
1193	0	0	0.202907234	0.045474451	0.066366673	0.105774194	0.072168395	0.062703535	0.134315506	0.080678530	0.124234073	0.105377465
1194	9	9	0.062472254	0.069312371	0.025736937	0.051226109	0.115756601	0.069928326	0.061130151	0.070458509	0.086385846	0.387592971
1195	3	6	0.118079796	0.061309401	0.077062108	0.123376541	0.100114331	0.083648756	0.164530292	0.078334011	0.116324395	0.077220336
1196	6	6	0.091018885	0.049106032	0.082164340	0.133007199	0.109428734	0.036935136	0.171500981	0.083861955	0.151778743	0.091197997
1197	6	6	0.137367487	0.064381152	0.080184944	0.072276495	0.086919561	0.087132193	0.243219063	0.079848252	0.087107070	0.061563797
1198	2	2	0.103153534	0.104435429	0.157868192	0.083284661	0.079241879	0.099334709	0.111074083	0.094700821	0.080517791	0.086389005
1199	6	6	0.107533880	0.043641441	0.044465315	0.075658992	0.107323207	0.068818755	0.341297120	0.073266968	0.084161058	0.053833205
1200	4	4	0.104093194	0.105751723	0.115491077	0.064003788	0.147535950	0.057113953	0.116296194	0.096202165	0.110725462	0.082786426
1201	0	0	0.301472276	0.040670499	0.036600683	0.097595669	0.067193307	0.066214733	0.126915321	0.053456519	0.130524978	0.079356067
1202	9	6	0.123671070	0.041837078	0.060630534	0.105386280	0.096421674	0.105694510	0.138155237	0.088195913	0.119825460	0.120182268
1203	0	0	0.276935279	0.080407605	0.073974267	0.084965199	0.068088889	0.073819816	0.085484549	0.057581548	0.092745177	0.105997644
1204	2	2	0.088144548	0.060698763	0.195995584	0.076169200	0.082859300	0.099590108	0.142684445	0.108056054	0.062223755	0.083578303
1205	9	9	0.059453614	0.056386173	0.039128706	0.056977112	0.109168693	0.118740194	0.075144164	0.085012719	0.080493920	0.319494754
1206	1	1	0.082436979	0.246213257	0.124826126	0.076422311	0.075269349	0.057206511	0.092258446	0.088626780	0.065701798	0.091038413
1207	7	7	0.063999668	0.064168550	0.082790256	0.075710252	0.102631114	0.042018719	0.067361645	0.334118575	0.076254703	0.090946525
1208	0	0	0.228901744	0.052842341	0.042256519	0.068389311	0.071478002	0.087946735	0.160585195	0.067614242	0.112244286	0.107741706
1209	1	1	0.094147213	0.184156716	0.110509224	0.112070084	0.093540549	0.064061366	0.078809626	0.096513189	0.082720742	0.083471403
1210	8	8	0.091048218	0.051313616	0.047219589	0.111413211	0.090864852	0.101664566	0.122627541	0.078374393	0.205641180	0.099832863
1211	2	2	0.064963371	0.092225023	0.155519173	0.086018421	0.129879147	0.037509438	0.098404579	0.133747786	0.124651812	0.077081375
1212	5	5	0.095869467	0.073228873	0.062133599	0.080659367	0.100654297	0.162440673	0.096246466	0.097120769	0.123687722	0.107958764
1213	0	0	0.174356595	0.068204820	0.087362856	0.124389328	0.070371829	0.064867966	0.123138547	0.102277257	0.099091791	0.085938923
1214	7	7	0.074575700	0.132072926	0.113459535	0.102878608	0.094419561	0.039408997	0.078694209	0.165722713	0.105760649	0.093007118
1215	8	8	0.123648047	0.076932199	0.088342510	0.120554619	0.093915381	0.082474999	0.090909198	0.066129118	0.143670633	0.113423288
1216	8	8	0.104172990	0.051183078	0.051234737	0.087215506	0.090325765	0.085994743	0.155455932	0.078655161	0.204500705	0.091261491
1217	6	6	0.137423381	0.052101888	0.052286759	0.086680911	0.067815952	0.052632954	0.203336298	0.079373293	0.173606604	0.094741940
1218	1	1	0.068233967	0.237740636	0.086344317	0.066603206	0.107335806	0.058801472	0.083939075	0.124375805	0.082232267	0.084393375
1219	8	8	0.107812591	0.023846878	0.025453212	0.106392451	0.101256460	0.055665236	0.143332586	0.054893121	0.250866890	0.130480587
1220	4	4	0.073882446	0.067433961	0.115423106	0.094581813	0.197123349	0.056608722	0.067541011	0.104505718	0.136530980	0.086368911
1221	3	3	0.109894492	0.086890794	0.069314048	0.142995358	0.091438293	0.072069108	0.105390213	0.087958850	0.142620131	0.091428682
1222	8	8	0.137381315	0.055592887	0.058897126	0.098490104	0.063812740	0.053737424	0.129840344	0.069095381	0.204077631	0.129075035
1223	9	9	0.097750016	0.059011351	0.046504706	0.057860091	0.098944947	0.082084708	0.099436924	0.078441851	0.085228294	0.294737220
1224	6	6	0.108052924	0.053644538	0.056138374	0.066751018	0.096495107	0.097132862	0.242046654	0.068101481	0.113723762	0.097913280
1225	4	9	0.057732720	0.061950125	0.044905283	0.068002552	0.181272909	0.068119779	0.084160805	0.101154588	0.089745604	0.242955670
1226	9	9	0.097017445	0.053136669	0.052480772	0.067086369	0.092453726	0.121338218	0.122226991	0.104913510	0.068909861	0.220436484
1227	9	9	0.060663968	0.049358502	0.033349868	0.065710939	0.119181603	0.106568612	0.073850237	0.080976568	0.077011950	0.333327770
1228	8	8	0.099929221	0.071056448	0.064521790	0.072861299	0.069003791	0.066330239	0.141304538	0.085276589	0.204187661	0.125528425
1229	9	9	0.116214022	0.071863614	0.095233768	0.069775008	0.090357311	0.107373081	0.118309863	0.105806187	0.078716323	0.146350861
1230	0	0	0.162234783	0.070949219	0.083021030	0.099936143	0.077168137	0.067442089	0.120668180	0.101379663	0.103874512	0.113326259
1231	0	0	0.335718185	0.049533349	0.050761171	0.085782580	0.070411235	0.070803575	0.100020349	0.075202264	0.094584070	0.067183293
1232	0	0	0.177879617	0.052690227	0.062942274	0.087542787	0.088713519	0.081077084	0.159568518	0.086624078	0.116033822	0.086928092
1233	8	8	0.099484645	0.060167365	0.059435301	0.107143894	0.069418617	0.085191198	0.114184812	0.081724972	0.270035118	0.053214096
1234	9	9	0.100302421	0.071152441	0.056896463	0.130522832	0.094420046	0.082106456	0.061949663	0.054864168	0.109394960	0.238390535
1235	9	9	0.109342106	0.038267795	0.035249624	0.088949330	0.094041243	0.109273173	0.106602564	0.085667476	0.143885776	0.188720867
1236	5	6	0.099504374	0.073445700	0.047197498	0.072699696	0.123275593	0.135661855	0.152028039	0.099409960	0.107893780	0.088883452
1237	3	3	0.139867991	0.088558413	0.097841330	0.145645097	0.078767188	0.065193340	0.087704532	0.062378962	0.117368005	0.116675168
1238	8	8	0.095286988	0.061806172	0.067671165	0.126339287	0.093498230	0.061537977	0.099727571	0.087700032	0.199970797	0.106461778
1239	1	1	0.101754397	0.151427254	0.133924499	0.091456160	0.098278791	0.080692008	0.081069894	0.108232029	0.075103685	0.078061320
1240	9	9	0.072773300	0.050340187	0.053001270	0.093207210	0.106667481	0.070802897	0.094294727	0.095422626	0.082016468	0.281473815
1241	9	1	0.094827212	0.149467677	0.101251870	0.040735755	0.085876137	0.092974499	0.101837210	0.100437738	0.101956107	0.130635858
1242	0	0	0.160100713	0.086580306	0.091256641	0.121572442	0.083081387	0.084336929	0.091654584	0.091785841	0.095758237	0.093872882
1243	6	6	0.122841552	0.063493505	0.082390428	0.082865424	0.090905286	0.088573754	0.219521970	0.097060598	0.072005115	0.080342375
1244	1	1	0.074040614	0.209829912	0.168714628	0.078076273	0.090387322	0.057582937	0.094851203	0.091623902	0.064584278	0.070308834
1245	9	9	0.083730839	0.076964773	0.074471779	0.061490282	0.085886195	0.098988578	0.128857329	0.096851386	0.087578729	0.205179989
1246	3	0	0.162813082	0.070273429	0.052241690	0.146841258	0.064418487	0.116670094	0.096365415	0.090946145	0.103071950	0.096358486
1247	9	8	0.113271013	0.057769299	0.048406869	0.074410886	0.083152272	0.120355614	0.117992885	0.086702876	0.149130911	0.148807436
1248	5	5	0.073409781	0.049182709	0.038944174	0.084635317	0.117920555	0.154902205	0.120629363	0.109917879	0.115903869	0.134554148
1249	7	7	0.069477789	0.124937452	0.106027208	0.067544065	0.106447563	0.086841658	0.075551189	0.161964282	0.101861417	0.099347331
1250	3	7	0.102613471	0.071116216	0.101962775	0.112481043	0.078000411	0.097047783	0.127009541	0.130351350	0.105204195	0.074213192
1251	0	0	0.229978740	0.054986175	0.065218791	0.119588122	0.067651816	0.076190054	0.094359368	0.060117960	0.137662396	0.094246536
1252	9	9	0.126632184	0.068814412	0.084862396	0.122264735	0.084850147	0.074836604	0.085969158	0.051095273	0.103472143	0.197202981
1253	9	9	0.067245290	0.058214940	0.021619149	0.048424829	0.111002542	0.075769626	0.064033650	0.062412564	0.097861215	0.393416137
1254	6	6	0.150501117	0.050812669	0.058274243	0.114144586	0.066492908	0.111243531	0.162039205	0.062980704	0.129729196	0.093781859
1255	6	6	0.083354898	0.043066621	0.056785729	0.071115837	0.104890645	0.083215877	0.289582700	0.102206074	0.098068178	0.067713469
1256	3	7	0.110080943	0.046384223	0.042822015	0.101504497	0.092461526	0.116210945	0.133055255	0.143449664	0.111726820	0.102304079
1257	3	3	0.090278305	0.061766684	0.116037644	0.144595638	0.059366394	0.112554535	0.108746834	0.143868625	0.088059708	0.074725598
1258	1	1	0.092258871	0.137632713	0.136607930	0.109211825	0.079453126	0.071832024	0.092171088	0.106412612	0.093245894	0.081173934
1259	3	8	0.113742508	0.048735928	0.054130629	0.129211053	0.085123859	0.080490783	0.144303530	0.086029194	0.194732189	0.063500360
1260	8	8	0.100919090	0.053978480	0.056809362	0.099627256	0.100070775	0.094054580	0.150566936	0.074760653	0.170430124	0.098782755
1261	0	0	0.210948259	0.063972220	0.081047475	0.083275884	0.082145862	0.084034845	0.121606514	0.058341686	0.115470871	0.099156439
1262	1	1	0.070844918	0.241107941	0.067542501	0.049513575	0.087401085	0.067974940	0.082600668	0.100312471	0.109578587	0.123123243
1263	3	0	0.145521119	0.083390415	0.078297682	0.132902250	0.064608149	0.104559615	0.095592156	0.111783721	0.098827787	0.084517121
1264	0	0	0.295974910	0.068242952	0.063055761	0.088544853	0.076690592	0.071199290	0.093765020	0.058282528	0.097599164	0.086644933
1265	8	8	0.095748276	0.065034255	0.067258455	0.118955426	0.068340257	0.057613082	0.156208649	0.093181916	0.163298786	0.114360876
1266	0	0	0.186339766	0.072597370	0.112985186	0.124006763	0.067830369	0.046247017	0.112132125	0.074267335	0.111267634	0.092326477
1267	2	2	0.086087935	0.090531334	0.191361174	0.097045444	0.083070114	0.062523454	0.094544128	0.147980005	0.064508989	0.082347535
1268	3	0	0.190469027	0.081682719	0.072433680	0.105623335	0.064594641	0.089462861	0.115889892	0.076335877	0.115895182	0.087612845
1269	5	5	0.075408354	0.072034836	0.077458307	0.101325400	0.070167951	0.201192230	0.099789798	0.118935540	0.080305420	0.103382155
1270	1	9	0.054516032	0.135548994	0.056920182	0.076580629	0.111609049	0.072612159	0.067274898	0.125306100	0.071852490	0.227779478
1271	3	6	0.118689723	0.056401037	0.065903008	0.104450606	0.095858097	0.088181399	0.190710291	0.107504658	0.108122103	0.064179108
1272	1	1	0.079112165	0.171765342	0.140599668	0.107765041	0.074997306	0.066456988	0.072880402	0.104910359	0.089855425	0.091657244
1273	9	0	0.165151790	0.040893883	0.057456546	0.089076869	0.079430334	0.087542564	0.149312019	0.079924814	0.119070999	0.132140145
1274	2	2	0.092247829	0.127688542	0.155086994	0.082849525	0.086293392	0.056640696	0.110453613	0.122046843	0.077648640	0.089043863
1275	5	6	0.070111342	0.046563726	0.040335339	0.068639785	0.143392041	0.131466329	0.162291199	0.095112473	0.130451009	0.111636743
1276	4	9	0.070008777	0.042110924	0.047567755	0.081322119	0.190927267	0.080588423	0.072986484	0.099587694	0.086076394	0.228824213
1277	4	4	0.072160311	0.089587376	0.108884640	0.110791408	0.207007036	0.075697154	0.072676942	0.094168611	0.091620386	0.077406146
1278	8	6	0.111327775	0.065386035	0.070631139	0.094003715	0.093474627	0.077780753	0.161448643	0.080059454	0.121479414	0.124408491
1279	1	1	0.108820558	0.151911020	0.139515102	0.110123560	0.074947119	0.057352152	0.082808696	0.120453008	0.081074953	0.072993807
1280	7	7	0.058131486	0.071745127	0.107276909	0.064149193	0.087410264	0.088414095	0.074522935	0.229485884	0.062927797	0.155936241
1281	2	2	0.084654085	0.099129677	0.156699702	0.085548908	0.080863200	0.065625533	0.098578259	0.155156448	0.101407290	0.072336890
1282	1	1	0.082319707	0.187496826	0.127786845	0.117786780	0.071556523	0.073545270	0.091185592	0.090158932	0.073569790	0.084593661
1283	0	0	0.198546007	0.036636077	0.070269600	0.083857812	0.074857682	0.057607610	0.155865461	0.051481768	0.167885259	0.102992743
1284	0	0	0.218097925	0.065236323	0.098765142	0.097540237	0.083191112	0.051863395	0.116130717	0.056791145	0.120310858	0.092073143
1285	9	9	0.104556948	0.056150515	0.071031474	0.074523367	0.094409116	0.108022563	0.125746146	0.115481623	0.068487599	0.181590617
1286	5	5	0.081437826	0.086441904	0.051566675	0.076257825	0.112811081	0.167240843	0.087481514	0.111047171	0.098990314	0.126724854
1287	1	1	0.093887493	0.215838969	0.118164286	0.099035099	0.085758746	0.049529478	0.060191698	0.113302350	0.087735295	0.076556534
1288	9	9	0.163233221	0.081635520	0.089062214	0.093956962	0.072247989	0.068858065	0.073510192	0.050511260	0.100314990	0.206669629
1289	5	5	0.093152381	0.078502029	0.063730620	0.112285361	0.088508338	0.158670366	0.094528541	0.105103143	0.109865159	0.095654048
1290	3	3	0.087237187	0.087485664	0.115511648	0.170947313	0.068051688	0.097430475	0.115906864	0.099360198	0.084709004	0.073360048
1291	2	2	0.076388851	0.070675977	0.224467188	0.092796043	0.067469947	0.052418090	0.087830871	0.116828173	0.099433780	0.111691169
1292	7	7	0.065931760	0.084016539	0.070800930	0.071797617	0.117402583	0.068178326	0.085598692	0.237347424	0.075281061	0.123645097
1293	1	1	0.098699309	0.141698077	0.135240644	0.112070791	0.089871787	0.078136861	0.077743530	0.112409987	0.077854425	0.076274656
1294	2	2	0.095694609	0.095109567	0.186165422	0.069828011	0.070409484	0.067469448	0.104338832	0.118390821	0.084527209	0.108066596
1295	4	4	0.061016634	0.076047711	0.093235686	0.071160153	0.209669024	0.047081538	0.100475729	0.104399338	0.117119037	0.119795106
1296	3	3	0.099061936	0.101988561	0.097805075	0.205331862	0.064552441	0.077722006	0.081223562	0.107269272	0.087116309	0.077928983
1297	7	7	0.058084555	0.072321467	0.092505440	0.071876459	0.078465469	0.061351374	0.089210086	0.272821546	0.098503485	0.104860142
1298	2	2	0.090139553	0.096588776	0.176984906	0.087312937	0.073242091	0.057364523	0.080534503	0.110132672	0.140099153	0.087600961
1299	6	6	0.093342744	0.066904753	0.047618881	0.062337983	0.090512529	0.085737713	0.222248077	0.087140262	0.158601567	0.085555524
1300	2	2	0.089571349	0.097079962	0.173624262	0.082755312	0.089465760	0.063300334	0.099572107	0.142620832	0.076412179	0.085598044
1301	4	4	0.068779387	0.058624741	0.115370892	0.096010558	0.227052525	0.053939532	0.111304775	0.085771918	0.108277097	0.074868537
1302	8	8	0.104031995	0.076500565	0.067534678	0.105071925	0.100339986	0.074359499	0.113857307	0.099333733	0.180711523	0.078258768
1303	8	8	0.083907805	0.062032431	0.092812724	0.109431967	0.093568638	0.070056051	0.112200111	0.091302708	0.146001458	0.138686091
1304	0	0	0.203055099	0.049048658	0.062441058	0.084178604	0.080609724	0.066514641	0.178495035	0.051900230	0.122053035	0.101703867
1305	3	8	0.109930061	0.051572703	0.060343999	0.113825068	0.090427831	0.068324372	0.166465178	0.085757807	0.171655446	0.081697598
1306	4	4	0.072729044	0.083569415	0.097825356	0.066966288	0.255226940	0.060336266	0.093923777	0.108973585	0.076474272	0.083975106
1307	5	5	0.102592647	0.041908678	0.052432593	0.097713716	0.086433709	0.192578435	0.155826956	0.079877891	0.108360954	0.082274422
1308	3	3	0.092944734	0.088953629	0.105284825	0.154349685	0.085354246	0.077674039	0.071915790	0.086016364	0.110592827	0.126913875
1309	4	4	0.057195369	0.049301222	0.061245423	0.083784044	0.237972647	0.057762429	0.093366690	0.091929995	0.082119823	0.185322344
1310	0	0	0.173365995	0.050224483	0.089334413	0.092949674	0.062081367	0.071852513	0.129658893	0.092646033	0.109211907	0.128674701
1311	0	0	0.217595309	0.096607223	0.056650396	0.075016968	0.085346341	0.073334783	0.114266515	0.072822586	0.108751699	0.099608175
1312	5	5	0.075420089	0.051820088	0.030260647	0.075112179	0.129482076	0.157434151	0.104599208	0.124772295	0.098699369	0.152399883
1313	1	1	0.103196226	0.166536704	0.152594998	0.102584124	0.077690810	0.062681630	0.086262763	0.108758539	0.071683548	0.068010651
1314	2	2	0.083533399	0.094321951	0.213220134	0.077076934	0.073586717	0.071352296	0.109647773	0.125219658	0.071022503	0.081018619
1315	8	8	0.122583844	0.053109448	0.052332822	0.078603804	0.077986449	0.075885326	0.131827101	0.057087552	0.213207930	0.137375668
1316	6	6	0.116129085	0.044380639	0.055301711	0.085166566	0.085970215	0.103542134	0.246302292	0.070850804	0.123491079	0.068865418
1317	1	1	0.093878701	0.172065556	0.141097188	0.111977234	0.075506724	0.069243446	0.076135203	0.110172398	0.071276248	0.078647286
1318	7	7	0.078973986	0.120914854	0.090202145	0.090343855	0.093683049	0.067474179	0.081615850	0.200612083	0.083131082	0.093048967
1319	1	1	0.077750199	0.182574257	0.079421565	0.088329829	0.120935135	0.076590925	0.069547810	0.111805528	0.083301023	0.109743759
1320	5	6	0.089979894	0.043863080	0.067807481	0.091819830	0.070796579	0.165292054	0.216957882	0.081152126	0.082446933	0.089884095
1321	6	6	0.112490691	0.044025179	0.053474985	0.096523456	0.084600352	0.052048009	0.206685558	0.075804070	0.197270021	0.077077702
1322	1	1	0.066400208	0.233572841	0.083835103	0.073528789	0.110584334	0.061841890	0.057406578	0.132832542	0.070868716	0.109128922
1323	7	7	0.074024893	0.102260500	0.062556952	0.082225285	0.123073421	0.076029480	0.085271038	0.157159373	0.089071736	0.148327321
1324	3	7	0.101473786	0.054140769	0.042828634	0.111801855	0.084161721	0.126064345	0.119477890	0.148656085	0.114264786	0.097130112
1325	4	4	0.064493060	0.079744793	0.127129704	0.086831883	0.215581477	0.048540000	0.079787582	0.111364432	0.119870417	0.066656709
1326	2	2	0.095090389	0.078643329	0.180221573	0.076326370	0.082444526	0.084495224	0.129873380	0.127292246	0.067075998	0.078536890
1327	6	6	0.180221066	0.038537420	0.040026341	0.070478447	0.051969551	0.127096534	0.201894820	0.043882944	0.131744906	0.114148028
1328	8	8	0.090628184	0.073119156	0.075074695	0.103562646	0.096884817	0.092387892	0.118271716	0.094399579	0.132965624	0.122705728
1329	4	4	0.058623072	0.063663527	0.088722616	0.075769782	0.232173815	0.066630393	0.112894073	0.096971929	0.088575393	0.115975462
1330	6	6	0.093784884	0.052973147	0.097096004	0.085911192	0.067767471	0.093520120	0.250417858	0.078678578	0.088043198	0.091807507
1331	0	0	0.241630062	0.045058489	0.049818978	0.087638885	0.063555375	0.061963797	0.164371386	0.073321439	0.116016462	0.096625187
1332	1	1	0.060068678	0.214769855	0.069543473	0.073807165	0.133065969	0.062850170	0.063948967	0.119601153	0.082843684	0.119500823
1333	6	0	0.185036525	0.047684718	0.063733943	0.104064010	0.073312216	0.061567087	0.160527572	0.060653392	0.151390329	0.092030250
1334	2	2	0.076844364	0.092946567	0.276530236	0.056628872	0.060875040	0.061322693	0.099703290	0.146832377	0.064766347	0.063550189
1335	6	6	0.100486390	0.059929293	0.061253835	0.061518651	0.075391494	0.135673866	0.223370656	0.063304372	0.089118443	0.129953027
1336	4	4	0.073090643	0.070447676	0.081165403	0.085163064	0.150987148	0.067145661	0.130599424	0.107203968	0.113649920	0.120547019
1337	1	1	0.076198548	0.215968251	0.153176308	0.111619167	0.073335744	0.054993883	0.089919381	0.086120643	0.063242838	0.075425230
1338	2	2	0.119009644	0.103811264	0.136072159	0.081553914	0.078328885	0.098135866	0.106486551	0.100262418	0.088794447	0.087544821
1339	7	9	0.057346217	0.108866341	0.055562805	0.093222633	0.130763724	0.067974389	0.076072440	0.145767227	0.080662854	0.183761463
1340	9	9	0.086873837	0.058987580	0.057483930	0.083719678	0.073036045	0.120433658	0.131300062	0.096796677	0.141305998	0.150062487
1341	0	0	0.194603115	0.080573246	0.092021555	0.089593187	0.074760176	0.069783330	0.122049175	0.070582651	0.107438542	0.098594978
1342	7	7	0.067290433	0.081100896	0.115239955	0.057547532	0.095532075	0.083224125	0.092841923	0.247623593	0.066520199	0.093079299
1343	0	0	0.192508996	0.060161971	0.067427516	0.082643546	0.075218387	0.064070776	0.152124405	0.093140751	0.119676784	0.093026854
1344	1	1	0.106324978	0.228681445	0.113844596	0.061163682	0.099133350	0.071949631	0.077039979	0.091732614	0.077727690	0.072402045
1345	2	2	0.099605963	0.079941891	0.189917207	0.091298923	0.074197136	0.061376337	0.075794943	0.105455205	0.130168721	0.092243738
1346	5	5	0.097032309	0.074277245	0.071268924	0.090811431	0.091824085	0.191908434	0.077567816	0.104810819	0.104246520	0.096252479
1347	6	6	0.080619015	0.049615365	0.094224237	0.091712296	0.082074896	0.073984906	0.238535210	0.078382865	0.104456984	0.106394239
1348	0	0	0.202194005	0.058170214	0.061922397	0.077224381	0.124969281	0.076807424	0.121124543	0.054890424	0.123449162	0.099248052
1349	0	0	0.214575306	0.058920991	0.089015283	0.092197716	0.062258244	0.062115483	0.110526450	0.073167272	0.124295548	0.112927571
1350	2	2	0.069518350	0.129794970	0.192394003	0.084697835	0.060468163	0.033815358	0.094252557	0.105715424	0.112851478	0.116491884
1351	2	2	0.081802562	0.088958457	0.171915025	0.065928511	0.105836391	0.064023890	0.092498049	0.121682145	0.127329156	0.080025785
1352	8	8	0.112418510	0.027171446	0.034375355	0.086118802	0.089204364	0.036312278	0.148449838	0.042900652	0.344255656	0.078793138
1353	5	5	0.103109576	0.062475141	0.085123532	0.085511602	0.096309654	0.159153640	0.148604780	0.089987762	0.098277196	0.071447149
1354	4	4	0.080958642	0.075418644	0.068262003	0.069944732	0.169827253	0.070978239	0.093310833	0.117975026	0.101967879	0.151356801
1355	2	2	0.070711225	0.076858342	0.208104491	0.088280067	0.106557429	0.051264759	0.095678203	0.139386356	0.099072576	0.064086512
1356	2	2	0.075673774	0.081613801	0.195411757	0.060078222	0.083466001	0.063902132	0.117826864	0.147365943	0.085567407	0.089094110
1357	4	4	0.073514491	0.121155538	0.119670764	0.074001990	0.169872403	0.069830693	0.094474874	0.105402440	0.084926076	0.087150700
1358	3	3	0.101396576	0.067235202	0.106897391	0.130778283	0.084619857	0.083535850	0.111844279	0.105799213	0.113400787	0.094492666
1359	9	0	0.146118790	0.041264668	0.077776536	0.125009269	0.084805913	0.087564252	0.110107884	0.070682310	0.138421744	0.118248731
1360	3	8	0.119891800	0.073440380	0.094401352	0.124827214	0.090171538	0.065543860	0.094007239	0.092388347	0.151565641	0.093762614
1361	7	7	0.081929103	0.097916074	0.118629128	0.051389810	0.087070622	0.053330358	0.070513286	0.288082153	0.072716191	0.078423366
1362	5	9	0.078776494	0.061657183	0.041100591	0.077941619	0.111778937	0.169184521	0.082832500	0.096486010	0.105303474	0.174938664
1363	9	9	0.077793539	0.045597725	0.014434670	0.045850463	0.093585148	0.075297028	0.059655219	0.045700990	0.102824710	0.439260453
1364	9	9	0.089048579	0.065342650	0.037243873	0.063633397	0.097641349	0.086443216	0.045289267	0.057176322	0.072511874	0.385669500
1365	2	2	0.095628440	0.080158964	0.184464380	0.062364709	0.124979891	0.070683144	0.096837841	0.123786040	0.098394148	0.062702425
1366	9	9	0.085050195	0.031273313	0.022347577	0.053358983	0.137461171	0.082812257	0.084863305	0.072341003	0.107629299	0.322862893
1367	0	0	0.210799813	0.058818419	0.057966705	0.104445182	0.073682159	0.096627302	0.126263589	0.053978756	0.106641278	0.110776782
1368	4	9	0.057224505	0.059707630	0.043166675	0.076832801	0.179120600	0.080812596	0.076913431	0.097885691	0.076404758	0.251931310
1369	8	8	0.108572453	0.071520209	0.091979645	0.107392520	0.080424868	0.060840804	0.100530840	0.067290433	0.206346139	0.105102099
1370	2	2	0.080375254	0.091593273	0.156219706	0.085566297	0.067464635	0.058493793	0.096495658	0.119099900	0.136281535	0.108409993
1371	4	4	0.077644862	0.048391838	0.043830916	0.087957352	0.241111949	0.086234286	0.052980438	0.103888214	0.097876996	0.160083205
1372	5	5	0.077562280	0.060471877	0.060475737	0.087011278	0.092217803	0.201640561	0.103091806	0.118780300	0.110599697	0.088148594
1373	4	4	0.056318849	0.073391758	0.080572873	0.079585440	0.241963327	0.050042428	0.076545045	0.128480807	0.125422597	0.087676831
1374	2	2	0.084570326	0.077743217	0.230721518	0.054287899	0.106970176	0.064004235	0.111700237	0.128926292	0.075302146	0.065773956
1375	3	3	0.092662178	0.097240150	0.091430850	0.207820207	0.079831101	0.083381839	0.082800910	0.084909439	0.098060682	0.081862666
1376	7	7	0.066899128	0.082949899	0.076085575	0.068836495	0.103218295	0.065046877	0.077883996	0.274799109	0.065993704	0.118286900
1377	9	0	0.157957822	0.046736244	0.063010380	0.099482499	0.078789160	0.102053665	0.117468484	0.068776242	0.148595259	0.117130302
1378	0	0	0.167602748	0.057677247	0.109925628	0.096260190	0.071125798	0.077869482	0.095159061	0.095410980	0.124686889	0.104281999
1379	5	6	0.100594230	0.040133704	0.051654082	0.080128901	0.068030834	0.183754385	0.211480796	0.103447385	0.083441451	0.077334262
1380	1	1	0.077014133	0.217401132	0.094694555	0.071725838	0.104726173	0.044127539	0.084974997	0.129853532	0.084813267	0.090668857
1381	2	2	0.093226776	0.068259619	0.245693818	0.076283917	0.068563744	0.056215465	0.090846695	0.109589413	0.100127280	0.091193207
1382	4	4	0.085059077	0.126920819	0.060239624	0.043871082	0.170004845	0.096954383	0.119372390	0.088885233	0.087261952	0.121430591
1383	6	6	0.109263651	0.061745301	0.081739098	0.062371049	0.114048108	0.075818956	0.194344923	0.067976505	0.139263421	0.093428999
1384	5	8	0.087874338	0.062349875	0.064681880	0.080080189	0.110564820	0.091879964	0.147777081	0.098791309	0.157478690	0.098521918
1385	8	8	0.086351968	0.084670350	0.106139593	0.124628142	0.102569185	0.069954246	0.095802255	0.091208749	0.155804962	0.082870513
1386	7	7	0.054530922	0.134933576	0.082683705	0.124832258	0.107458524	0.069227360	0.077711709	0.138457432	0.091686651	0.118477911
1387	7	7	0.091496728	0.082106918	0.102100790	0.081084393	0.068839408	0.069887035	0.089550965	0.241476148	0.094019428	0.079438157
1388	3	3	0.121766984	0.075460508	0.093498126	0.136774957	0.076215521	0.112931438	0.109236918	0.089821793	0.094489597	0.089804128
1389	6	6	0.118192956	0.051792841	0.058318354	0.071117327	0.094614401	0.072735332	0.223132983	0.082922161	0.160507292	0.066666305
1390	3	0	0.147612795	0.090666287	0.082208082	0.120246701	0.091676854	0.091333769	0.107956737	0.086432293	0.085738443	0.096127972
1391	2	2	0.086225353	0.087626077	0.207715318	0.087676205	0.063519292	0.053915314	0.099134274	0.101813115	0.113067709	0.099307373
1392	4	4	0.096136898	0.064979516	0.106733888	0.070729449	0.257337958	0.065073207	0.082251571	0.084950477	0.098758489	0.073048584
1393	9	9	0.059427775	0.084680453	0.048539098	0.039592806	0.097448625	0.067557909	0.070543699	0.133281544	0.100585662	0.298342407
1394	4	4	0.068557523	0.087936886	0.117795706	0.077783689	0.191089585	0.047706779	0.073069945	0.108246990	0.150053397	0.077759512
1395	5	5	0.084321350	0.045848344	0.096466236	0.092907459	0.058794513	0.181796700	0.158307210	0.089446634	0.095325477	0.096786104
1396	5	5	0.089004032	0.063774630	0.041900184	0.086338758	0.105904475	0.158485964	0.143569574	0.111869983	0.107388243	0.091764100
1397	8	8	0.115012370	0.051836394	0.074908845	0.102448300	0.096835315	0.070338108	0.118127525	0.059412941	0.208001107	0.103079148
1398	5	5	0.095092244	0.083903186	0.091551200	0.111833334	0.075244732	0.145712271	0.095616162	0.086395949	0.104143739	0.110507146
1399	9	6	0.138510451	0.042049810	0.071975566	0.092158720	0.080571987	0.062955521	0.177897871	0.072044909	0.174060047	0.087775044
1400	2	2	0.065916568	0.125870883	0.198881194	0.085552983	0.068547048	0.030491326	0.084206335	0.176617607	0.084409848	0.079506159
1401	5	6	0.095761232	0.047536194	0.037296597	0.065982252	0.114841960	0.140404075	0.197462574	0.093345858	0.108813107	0.098556161
1402	4	4	0.057635825	0.082501158	0.067495994	0.075513080	0.249273419	0.048310425	0.091899365	0.112363897	0.103921942	0.111084811
1403	1	1	0.082940578	0.207845986	0.126463056	0.078203164	0.084664173	0.068771854	0.073726527	0.116577931	0.082952872	0.077853799
1404	7	7	0.059049305	0.109625980	0.090726122	0.088630289	0.094184346	0.065142117	0.063527279	0.278827786	0.067779288	0.082507446
1405	8	8	0.115053661	0.038948048	0.067755990	0.103580661	0.073204406	0.044256233	0.135550141	0.071910538	0.248332396	0.101407960
1406	4	4	0.069573730	0.073436454	0.104177363	0.074346706	0.254455656	0.054819923	0.086438879	0.092879236	0.094323903	0.095548086
1407	5	5	0.072957307	0.057510108	0.044059251	0.082782425	0.119951673	0.160996556	0.112235554	0.120918214	0.110675231	0.117913611
1408	9	8	0.117121287	0.056867443	0.061747737	0.085596405	0.071473852	0.115228735	0.116942234	0.107190304	0.153221145	0.114610881
1409	8	8	0.093584724	0.049843360	0.063520826	0.087858602	0.104361594	0.051869426	0.142721593	0.082734779	0.197887704	0.125617400
1410	3	3	0.108327292	0.086649939	0.082224086	0.129347518	0.087230593	0.114690788	0.096230462	0.098922811	0.103311189	0.093065277
1411	3	3	0.113744415	0.060101058	0.066501662	0.144861132	0.078364290	0.058864530	0.119006626	0.105034977	0.136372253	0.117149107
1412	4	4	0.078134224	0.137245253	0.111905083	0.107502654	0.145288855	0.064923950	0.085077584	0.114717759	0.083143942	0.072060592
1413	1	1	0.080646425	0.279339164	0.065333992	0.048871875	0.086306937	0.054879654	0.068661228	0.097658940	0.112598032	0.105703741
1414	9	9	0.059576649	0.055187389	0.021832401	0.037038483	0.099062666	0.055683240	0.054713521	0.070540354	0.093267649	0.453097731
1415	8	8	0.114284597	0.051836044	0.067121148	0.089068547	0.074480817	0.103624836	0.150673330	0.092206389	0.188490763	0.068213508
1416	8	8	0.103078023	0.037575524	0.047479942	0.116021007	0.076464020	0.065774985	0.187265471	0.085222207	0.200964719	0.080154076
1417	7	7	0.100859933	0.123547070	0.109661110	0.081419177	0.085520245	0.045547619	0.082853660	0.169049799	0.108793162	0.092748232
1418	0	0	0.192439333	0.070585869	0.054773133	0.076460019	0.097223997	0.095298104	0.135535717	0.077291742	0.079696931	0.120695159
1419	4	4	0.046066664	0.070036598	0.077069670	0.072486512	0.278890640	0.043519054	0.080880441	0.118956491	0.098389320	0.113704480
1420	1	1	0.062702388	0.274981439	0.119482413	0.087107904	0.071443908	0.054208156	0.090436965	0.082953811	0.070713826	0.085969232
1421	3	3	0.146975294	0.077420972	0.058938928	0.167506903	0.073438324	0.081308633	0.137986317	0.086639687	0.080751412	0.089033596
1422	1	1	0.068408877	0.225980148	0.083869703	0.095885105	0.104056947	0.058610145	0.084673814	0.126296997	0.075283840	0.076934472
1423	9	9	0.051229786	0.044581588	0.025552068	0.044308051	0.089158826	0.098713517	0.062376384	0.074056827	0.063800961	0.446222007
1424	9	9	0.055485670	0.068700626	0.024645858	0.039682880	0.108229719	0.064912632	0.053874817	0.079826042	0.107340522	0.397301286
1425	0	0	0.243094876	0.049967494	0.069733627	0.092713512	0.070730701	0.061208941	0.145561337	0.084295452	0.091333821	0.091360196
1426	9	8	0.133011296	0.048652817	0.063193649	0.084187709	0.074980848	0.089027911	0.143617645	0.086546086	0.204085395	0.072696738
1427	8	8	0.110364698	0.059226420	0.099586688	0.090445086	0.101701327	0.062802747	0.116554722	0.065266445	0.224449098	0.069602773
1428	5	5	0.127576500	0.045627229	0.057814084	0.081639342	0.065096319	0.195912451	0.154758796	0.063258618	0.111190379	0.097126380
1429	4	4	0.057772372	0.052671138	0.069257885	0.105879217	0.258495778	0.067428306	0.057497341	0.102480106	0.093081564	0.135436326
1430	8	8	0.117011204	0.075065188	0.093294598	0.085307270	0.082953297	0.062262908	0.110550106	0.062234350	0.213841617	0.097479470
1431	0	0	0.274467975	0.055325426	0.069129713	0.097389832	0.076066151	0.081800401	0.100618593	0.064666741	0.095348738	0.085186496
1432	9	9	0.117842831	0.051239952	0.084296547	0.078788042	0.082895443	0.119582504	0.116076760	0.097449727	0.086760834	0.165067360
1433	1	1	0.074473217	0.307591081	0.064159147	0.048052955	0.079776399	0.064995795	0.062435236	0.112251379	0.092804141	0.093460642
1434	1	1	0.068625428	0.163948193	0.092557967	0.085918128	0.113884449	0.083007395	0.072902091	0.124429524	0.088529445	0.106197417
1435	7	7	0.059086006	0.076030299	0.111621752	0.081006609	0.079063870	0.084994264	0.077307470	0.236366123	0.084102280	0.110421382
1436	9	9	0.105130151	0.080559507	0.072752088	0.100489646	0.089778513	0.088762157	0.096020572	0.068533733	0.113845110	0.184128508
1437	6	6	0.104287528	0.052467328	0.058200888	0.078037068	0.120769791	0.077193275	0.225137308	0.096446224	0.112120815	0.075339802
1438	2	2	0.048354447	0.079624802	0.271422148	0.070719354	0.104342654	0.039566077	0.093236193	0.136516988	0.091459341	0.064757966
1439	5	5	0.113360211	0.081038527	0.071800210	0.076920196	0.082750097	0.196417212	0.068977520	0.068742186	0.142163783	0.097829983
1440	7	7	0.073557749	0.133633509	0.079273492	0.065871373	0.093715951	0.051039401	0.074087918	0.250229001	0.091259651	0.087331913
1441	7	7	0.069369055	0.080217429	0.092525594	0.045193821	0.139030755	0.056136567	0.090278961	0.253762275	0.082142323	0.091343217
1442	7	7	0.101944104	0.132308230	0.097318940	0.074666612	0.111115038	0.061322592	0.093820661	0.150956303	0.089363530	0.087184049
1443	1	1	0.071830139	0.207482755	0.074702822	0.063256055	0.101701155	0.054856710	0.084128760	0.133247852	0.101117976	0.107675731
1444	3	0	0.151896998	0.075782880	0.085377321	0.108287148	0.088996567	0.081666969	0.117404476	0.084253162	0.133458197	0.072876297
1445	3	4	0.095093228	0.066794515	0.058974694	0.115632311	0.139195278	0.093636841	0.133676335	0.093364246	0.106013224	0.097619236
1446	7	7	0.073953569	0.096701294	0.064699247	0.117259845	0.079031572	0.067277409	0.076375216	0.232588828	0.088543415	0.103569552
1447	4	4	0.081853859	0.090539224	0.116695665	0.095900349	0.151994660	0.057739008	0.118844226	0.115068026	0.091614805	0.079750195
1448	2	2	0.085446864	0.093099989	0.185159013	0.062517479	0.076540090	0.079650231	0.127498642	0.126578465	0.087201342	0.076307856
1449	9	9	0.054063074	0.057323422	0.024651136	0.044870906	0.104561418	0.083838224	0.060445316	0.072630294	0.075484015	0.422132224
1450	1	9	0.064809851	0.133826301	0.063845687	0.096243232	0.115442172	0.064840443	0.066395484	0.135407701	0.104260951	0.154928118
1451	5	6	0.105640605	0.043286763	0.043416824	0.073343426	0.110220395	0.122605927	0.214034081	0.089344770	0.118722491	0.079384737
1452	0	0	0.313855231	0.031266268	0.030220937	0.092371412	0.060411688	0.065671720	0.158562452	0.045489699	0.121523581	0.080627002
1453	4	4	0.071506269	0.106478982	0.093868777	0.071196817	0.191042721	0.087569155	0.088391237	0.106551841	0.081541240	0.101852827
1454	9	8	0.130182594	0.048171241	0.073120229	0.127360344	0.072816551	0.099184088	0.100874744	0.080625035	0.135358527	0.132306576
1455	4	4	0.068596043	0.061052561	0.081649594	0.092791080	0.201299608	0.074840695	0.080473527	0.107396185	0.102292441	0.129608288
1456	4	6	0.098581128	0.108019896	0.115053602	0.073055975	0.120329387	0.060601290	0.132370323	0.104712807	0.107413135	0.079862393
1457	5	5	0.128978923	0.081617430	0.069882795	0.090019152	0.093455143	0.143754750	0.117490791	0.064911984	0.095515564	0.114373438
1458	5	5	0.084746391	0.052128073	0.056704335	0.100191176	0.101779692	0.188041657	0.129314885	0.097236536	0.112098068	0.077759199
1459	0	0	0.290253401	0.050537147	0.052902732	0.088682719	0.076168641	0.071582094	0.119540170	0.071446359	0.100090116	0.078796722
1460	9	9	0.092575021	0.078706659	0.074603230	0.088950828	0.082689658	0.091261081	0.114205703	0.075223729	0.132422596	0.169361532
1461	0	0	0.167357445	0.068535581	0.073251761	0.088207074	0.087020457	0.089669131	0.133222550	0.062271271	0.107524358	0.122940414
1462	1	1	0.065355681	0.210291415	0.149586126	0.127726570	0.070822507	0.054415446	0.067227617	0.099973641	0.064275049	0.090325855
1463	5	5	0.105926588	0.063105203	0.056664027	0.103752591	0.080609985	0.166875914	0.124920689	0.105208047	0.097335309	0.095601588
1464	0	0	0.206963658	0.066161640	0.066202529	0.079384856	0.080950066	0.112949237	0.111731179	0.091178380	0.080124781	0.104353689
1465	2	2	0.100003742	0.072526589	0.208816335	0.085627191	0.054884091	0.061216008	0.117545865	0.111042120	0.083724938	0.104613222
1466	2	2	0.078792378	0.076395914	0.189844757	0.079839639	0.090954348	0.089592904	0.111708649	0.142262518	0.070968464	0.069640420
1467	0	0	0.229097515	0.048466515	0.058062397	0.097138032	0.081595793	0.052141257	0.166312262	0.072360292	0.120583013	0.074243002
1468	4	4	0.084696732	0.080977067	0.119823374	0.068368182	0.225466758	0.044229317	0.074083179	0.109024249	0.122121274	0.071209863
1469	7	7	0.066709563	0.133251011	0.079138026	0.121035151	0.106215641	0.064292327	0.072354987	0.166224256	0.092751831	0.098027356
1470	0	0	0.145476371	0.098510452	0.080165118	0.096864305	0.098396540	0.083140194	0.095294178	0.079098180	0.130075485	0.092979155
1471	7	7	0.072792225	0.089269854	0.140214756	0.076920100	0.096891664	0.045541544	0.078046292	0.228473485	0.102704681	0.069145299
1472	9	9	0.098407589	0.063584559	0.038668241	0.072926976	0.102494098	0.057866391	0.102499574	0.073885173	0.089016624	0.300650835
1473	9	9	0.077621453	0.049117174	0.023138177	0.065033317	0.108208954	0.102185048	0.065363444	0.072979800	0.095744938	0.340607733
1474	7	7	0.086515144	0.119500361	0.120940879	0.079023726	0.108565979	0.045398571	0.078567840	0.197322592	0.081714809	0.082450166
1475	6	6	0.091032349	0.047983877	0.086975582	0.067181289	0.062802330	0.129396081	0.243728653	0.071230263	0.087612391	0.112057157
1476	5	5	0.091459662	0.047743496	0.069281250	0.099094510	0.079797924	0.196527988	0.141055435	0.085805126	0.112149738	0.077084847
1477	9	8	0.119732194	0.053891551	0.059811965	0.079764269	0.075046532	0.108758338	0.140368432	0.091528229	0.143310025	0.127788395
1478	4	4	0.063606068	0.074566767	0.099525183	0.094893351	0.210961327	0.050640400	0.078051724	0.106445812	0.141913980	0.079395346
1479	8	8	0.111545935	0.054266609	0.053059474	0.084113285	0.071150973	0.079459347	0.159155175	0.066761538	0.208372697	0.112115100
1480	8	8	0.083855532	0.054375280	0.048926730	0.115126841	0.069467120	0.059740204	0.119389899	0.083158500	0.296667486	0.069292367
1481	2	4	0.075931169	0.090012558	0.138048753	0.075073116	0.149126768	0.051855672	0.085415311	0.123244599	0.138771996	0.072520122
1482	3	6	0.102003798	0.066436872	0.082221471	0.108757414	0.083252683	0.097629271	0.130792946	0.106915809	0.130344346	0.091645390
1483	7	7	0.097617820	0.108862162	0.112819254	0.086827502	0.090272933	0.061099648	0.103197098	0.165159807	0.103713214	0.070430540
1484	6	6	0.115624674	0.073863313	0.076853827	0.066536538	0.074985310	0.129345238	0.174056888	0.076893918	0.089423120	0.122417182
1485	0	3	0.134997979	0.088170990	0.091727808	0.154863536	0.097517751	0.065433599	0.076351807	0.109096855	0.095235370	0.086604334
1486	9	9	0.074657783	0.047289975	0.036762673	0.080089346	0.114782289	0.076546542	0.081793033	0.079912394	0.098475672	0.309690297
1487	6	6	0.123755082	0.039164402	0.026930710	0.061303712	0.065552607	0.083267584	0.310350895	0.056195986	0.141532257	0.091946743
1488	4	4	0.085029222	0.101656005	0.115362443	0.065255821	0.170062900	0.065514386	0.105113350	0.105821364	0.093373075	0.092811406
1489	4	4	0.055814594	0.052027050	0.037030544	0.079046622	0.249413908	0.065682456	0.086228736	0.105015434	0.076182313	0.193558320
1490	6	0	0.154566899	0.052134905	0.080991149	0.088841423	0.101590469	0.078566059	0.150888413	0.063725308	0.150196820	0.078498609
1491	2	2	0.065811574	0.129851133	0.177854523	0.101833209	0.070573419	0.043178380	0.095733181	0.107385889	0.098432161	0.109346606
1492	8	8	0.102073953	0.038624972	0.046951957	0.090310559	0.120708503	0.047485784	0.159354523	0.074421495	0.250158578	0.069909692
1493	1	1	0.085875534	0.207960039	0.123014629	0.102811590	0.084921971	0.053288624	0.052968327	0.113730066	0.095038086	0.080391191
1494	4	9	0.067920551	0.113500938	0.106304385	0.079383023	0.113330469	0.062353935	0.120590538	0.104738936	0.097603068	0.134274229
1495	2	2	0.092794575	0.075383380	0.167590305	0.068848766	0.113953717	0.091223225	0.101525515	0.121989205	0.097925939	0.068765379
1496	9	9	0.130574986	0.068142369	0.073974319	0.105652794	0.094188578	0.085922763	0.110748783	0.042037286	0.095847860	0.192910209
1497	2	2	0.092781901	0.093092926	0.228823200	0.068301298	0.073384233	0.071286902	0.090967305	0.125325710	0.080548339	0.075488195
1498	1	1	0.090425029	0.182411700	0.105791129	0.073552132	0.097350813	0.095498696	0.076028429	0.099623427	0.082793541	0.096525155
1499	8	9	0.124347657	0.074072435	0.096679516	0.113704547	0.075604580	0.066811398	0.077055134	0.063666649	0.151055604	0.157002464
1500	5	5	0.097251624	0.052540019	0.057770163	0.096589588	0.077478677	0.172027424	0.137138978	0.084779605	0.136800617	0.087623328
1501	4	4	0.064014360	0.090523571	0.096048906	0.069979183	0.223517329	0.068730630	0.108967036	0.096212536	0.090879917	0.091126569
1502	8	8	0.094324686	0.045184202	0.051499255	0.096805833	0.078423135	0.077238716	0.159703121	0.074552618	0.239141405	0.083126999
1503	7	1	0.060095180	0.163965568	0.108333685	0.115476027	0.101193860	0.036058020	0.097031668	0.150987625	0.088848338	0.078009963
1504	9	9	0.118403994	0.051238775	0.050314661	0.115929335	0.076877952	0.070221528	0.125944197	0.065336972	0.135903627	0.189828917
1505	3	6	0.095070362	0.062584750	0.063851774	0.155410230	0.077800199	0.076765127	0.155787960	0.096165143	0.132168442	0.084395990
1506	6	6	0.123729587	0.049209729	0.073088512	0.100276783	0.090998195	0.059261866	0.179911777	0.077915311	0.154119924	0.091488272
1507	0	0	0.201735556	0.036347434	0.032425236	0.064762034	0.096904784	0.084542006	0.201175898	0.076000415	0.096655771	0.109450884
1508	8	8	0.101677977	0.046429563	0.054942049	0.089556158	0.075114474	0.075860702	0.139899120	0.073640749	0.277397066	0.065482147
1509	3	3	0.121697076	0.091875516	0.079385333	0.154419705	0.062837243	0.079027861	0.109513447	0.080470040	0.107215025	0.113558739
1510	5	5	0.088649489	0.051328462	0.067156762	0.103631511	0.089884549	0.173614874	0.118580513	0.090927869	0.134727538	0.081498407
1511	1	1	0.068599164	0.181615815	0.127661228	0.135293707	0.085380487	0.070230633	0.071968488	0.104976587	0.073069848	0.081204072
1512	8	8	0.102091014	0.069833234	0.079768367	0.119481169	0.091191098	0.076661333	0.077488869	0.077070624	0.212839261	0.093575031
1513	5	5	0.091825984	0.050469059	0.051974513	0.126058877	0.065999866	0.200391263	0.101968654	0.102749527	0.115466148	0.093096189
1514	3	6	0.121660165	0.049745936	0.085558236	0.104084641	0.071178831	0.093318716	0.163265362	0.155105010	0.089719914	0.066363126
1515	0	9	0.137213230	0.071597703	0.078319333	0.105990887	0.074375927	0.079476297	0.105083011	0.074324660	0.133391514	0.140227377
1516	2	2	0.088347316	0.083616845	0.185411468	0.076605998	0.078506917	0.067629993	0.111743413	0.100905791	0.099602193	0.107630022
1517	1	1	0.078945346	0.230487093	0.180624172	0.088485867	0.060998172	0.049227923	0.079757407	0.081416957	0.067516476	0.082540624
1518	5	5	0.094839960	0.087039091	0.070103094	0.078168288	0.081386738	0.205799952	0.080880627	0.084079631	0.110626735	0.107075863
1519	0	0	0.213673681	0.066906013	0.066298679	0.096513122	0.071145229	0.101149879	0.150211290	0.051177882	0.085425735	0.097498529
1520	4	4	0.056456160	0.081540085	0.100163475	0.085719436	0.265561670	0.049832530	0.068887800	0.109195143	0.116237961	0.066405714
1521	7	7	0.053332802	0.049161293	0.041347567	0.053846661	0.116459280	0.056687523	0.060833871	0.322132528	0.056850601	0.189347848
1522	1	1	0.070705771	0.263797313	0.058572344	0.048700247	0.082624160	0.057234541	0.125750452	0.095023260	0.094688624	0.102903299
1523	0	0	0.223117039	0.044247288	0.067541212	0.071958274	0.074691556	0.069577247	0.152137861	0.052496646	0.132623196	0.111609668
1524	0	6	0.145399019	0.048033528	0.064973645	0.113142878	0.077917360	0.072295852	0.154109836	0.081301674	0.112288550	0.130537629
1525	9	9	0.064048745	0.053437695	0.053674739	0.094181873	0.135422900	0.107402459	0.082186460	0.089634612	0.092327341	0.227683187
1526	5	5	0.081844546	0.079989657	0.104530632	0.094603345	0.105801910	0.142739341	0.129503474	0.100885600	0.076941974	0.083159558
1527	4	4	0.069551677	0.080177858	0.099125162	0.091230378	0.138440803	0.067184225	0.129006222	0.111864746	0.105402835	0.108016133
1528	9	9	0.084699377	0.064517021	0.035381712	0.059644628	0.090190247	0.086073406	0.054693300	0.055851977	0.078357205	0.390591115
1529	8	8	0.128399178	0.051758282	0.063157193	0.095142134	0.074303098	0.066811815	0.166111901	0.071603209	0.181699231	0.101013906
1530	9	0	0.167252600	0.041095078	0.062070232	0.099854961	0.088521279	0.078787468	0.162032783	0.072762370	0.125556141	0.102067061
1531	7	9	0.070633240	0.132753372	0.076029405	0.090346120	0.107436843	0.055009365	0.076931246	0.147851527	0.085800998	0.157207891
1532	7	7	0.081379071	0.107474089	0.073675424	0.072850175	0.085014999	0.050884195	0.104844399	0.254889578	0.079679467	0.089308545
1533	1	1	0.063859865	0.249456316	0.137848869	0.098645337	0.070538886	0.046483848	0.105472386	0.095954433	0.056722451	0.075017512
1534	6	6	0.159867272	0.038515780	0.029985785	0.059420493	0.063664332	0.091587506	0.286635458	0.047886003	0.145047665	0.077389710
1535	4	4	0.073164970	0.085565083	0.136051938	0.074003436	0.197881028	0.056421291	0.072106741	0.105447337	0.111895978	0.087462164
1536	9	9	0.065868139	0.070801750	0.055562064	0.073410794	0.102686547	0.099040903	0.081910692	0.085287221	0.082042217	0.283389688
1537	3	3	0.068089709	0.047791723	0.036117412	0.230543211	0.086219087	0.062793054	0.074239142	0.117038369	0.119083486	0.158084705
1538	8	8	0.105668567	0.047039974	0.054904088	0.106763795	0.106682800	0.070937239	0.161979616	0.088364817	0.181179821	0.076479331
1539	7	7	0.057155147	0.060150251	0.069225408	0.050364699	0.097933628	0.065487653	0.068983860	0.360428900	0.057661712	0.112608805
1540	5	5	0.094136588	0.055800721	0.045725714	0.105444781	0.086906411	0.195665509	0.103785053	0.104347870	0.128453806	0.079733528
1541	3	6	0.126818508	0.052991144	0.056318644	0.102591373	0.097580694	0.110868156	0.164131582	0.081981711	0.135392755	0.071325317
1542	4	6	0.083522804	0.088741489	0.101259023	0.096911795	0.111706696	0.085266583	0.130814984	0.104151733	0.083595127	0.114029676
1543	9	0	0.153437033	0.048158891	0.075897589	0.122103430	0.073206455	0.093426406	0.104731798	0.067377791	0.142398164	0.119262524
1544	5	5	0.091399126	0.050445359	0.075987272	0.102366522	0.053950910	0.202640861	0.141521797	0.081872933	0.109277457	0.090537749
1545	9	9	0.140865535	0.049397714	0.064802073	0.124814153	0.082115665	0.100287542	0.105888784	0.058074746	0.114671506	0.159082264
1546	5	6	0.116179228	0.077219874	0.079487778	0.085253157	0.081313081	0.122776046	0.131097168	0.104578219	0.103151105	0.098944344
1547	8	8	0.087615624	0.052607995	0.033364754	0.116805717	0.092315972	0.069354832	0.127961189	0.088466346	0.206156015	0.125351548
1548	1	1	0.087086223	0.192878917	0.083042443	0.060861826	0.095217898	0.070904151	0.079516150	0.122427180	0.104352631	0.103712626
1549	5	6	0.115196042	0.057927195	0.063086621	0.071883641	0.107507110	0.130008265	0.164689422	0.089759521	0.130733818	0.069208279
1550	0	0	0.295198858	0.039490964	0.041721132	0.079406492	0.072826877	0.074103780	0.145720288	0.047477528	0.121536404	0.082517758
1551	7	7	0.084914126	0.156490341	0.107512198	0.091392443	0.083498530	0.044499975	0.079954132	0.173101619	0.089857914	0.088778801
1552	5	5	0.124798127	0.076570682	0.060854431	0.076410875	0.086725540	0.158240154	0.129212946	0.086989678	0.096425332	0.103772223
1553	6	6	0.094714299	0.037212200	0.074482642	0.102078944	0.090597875	0.071128733	0.275405258	0.083744660	0.100502916	0.070132561
1554	7	7	0.085057020	0.130809769	0.101575308	0.098970026	0.081685878	0.056879684	0.073138975	0.178954855	0.090454988	0.102473535
1555	3	8	0.111884534	0.070378855	0.089040838	0.119019553	0.069811270	0.063338406	0.092995904	0.063352853	0.192891836	0.127285972
1556	7	7	0.091949217	0.099076785	0.103880756	0.052285429	0.109017193	0.044348702	0.097161181	0.194098279	0.121251941	0.086930603
1557	5	5	0.078031398	0.051707592	0.058341909	0.109597281	0.074695654	0.191400185	0.141348034	0.124167897	0.085981578	0.084728472
1558	7	9	0.067013316	0.075937785	0.064691938	0.101003915	0.116409674	0.107807323	0.072005421	0.144022763	0.078957446	0.172150478
1559	7	7	0.065028764	0.090980791	0.063515015	0.092635959	0.136858970	0.068830147	0.058298450	0.206585661	0.087813236	0.129453048
1560	9	9	0.070552751	0.054840278	0.021463396	0.048005778	0.101571895	0.062501028	0.056440506	0.065807380	0.101177201	0.417639762
1561	7	7	0.088935792	0.131890222	0.108687669	0.093948565	0.079373732	0.058309719	0.079490438	0.191703871	0.091049053	0.076610878
1562	1	1	0.111441880	0.249424145	0.107919045	0.075414166	0.070074774	0.059254151	0.076049894	0.104915969	0.071558952	0.073946968
1563	4	4	0.066573508	0.101616047	0.118317194	0.079403199	0.190260693	0.050725330	0.093017459	0.117729500	0.108911209	0.073445812
1564	7	7	0.051043492	0.096128322	0.076983139	0.059421707	0.092959531	0.047626898	0.066891342	0.335234374	0.058788147	0.114923030
1565	1	1	0.067222662	0.308565646	0.085787095	0.076386854	0.083996855	0.049425516	0.061052095	0.108225688	0.084830739	0.074506901
1566	6	6	0.183244377	0.031009397	0.042605937	0.063875228	0.065736949	0.074843079	0.245509699	0.043974355	0.164622769	0.084578201
1567	0	0	0.234029278	0.075656131	0.061310053	0.096332118	0.072213322	0.074493133	0.122935846	0.065546617	0.107338749	0.090144783
1568	3	6	0.095470212	0.039610106	0.034446374	0.111906841	0.099697575	0.097344100	0.163389176	0.079522789	0.127392963	0.151219860
1569	5	5	0.073058039	0.053184047	0.033420805	0.080631256	0.125686899	0.160131231	0.100131556	0.117131352	0.099560812	0.157064006
1570	8	8	0.089645430	0.054242443	0.051486004	0.104741715	0.077027299	0.070782579	0.148560151	0.088705227	0.238063246	0.076745845
1571	7	7	0.062206630	0.057974640	0.082148813	0.066599041	0.068387717	0.079688430	0.105865359	0.325794548	0.061866213	0.089468598
1572	3	9	0.066960789	0.068146542	0.030908160	0.185039014	0.110407896	0.067631505	0.063561156	0.100555673	0.109792478	0.196996823
1573	2	2	0.104916379	0.101743393	0.169028193	0.071652174	0.087055027	0.072023578	0.093496382	0.132136106	0.090634391	0.077314436
1574	5	9	0.091758892	0.073032267	0.072925285	0.103609636	0.085515141	0.110096738	0.112212002	0.108680308	0.106687732	0.135481954
1575	6	8	0.156682119	0.039856009	0.066314757	0.093012579	0.083028428	0.050146490	0.152676538	0.064359769	0.194539204	0.099384122
1576	6	5	0.088198334	0.050870385	0.090690196	0.087674357	0.074089050	0.154528871	0.149657696	0.091080837	0.091117360	0.122092895
1577	8	8	0.103733681	0.051043302	0.050917115	0.114536695	0.082178861	0.087017126	0.123471774	0.084246531	0.187540188	0.115314767
1578	1	1	0.078595109	0.182863235	0.100255385	0.082576953	0.088083409	0.087642133	0.067932956	0.119184881	0.106752247	0.086113766
1579	8	8	0.107058100	0.044268724	0.049906395	0.092565179	0.090894066	0.058294985	0.139011562	0.064856321	0.265794307	0.087350368
1580	3	6	0.106701836	0.074980564	0.078314573	0.126021028	0.090107165	0.112515256	0.126639009	0.102909476	0.107876182	0.073934890
1581	4	4	0.076172777	0.099610128	0.125526443	0.071742125	0.196207076	0.039607514	0.089809224	0.104366072	0.122810327	0.074148245
1582	2	2	0.075230621	0.117567033	0.172019675	0.097032681	0.069879241	0.047906119	0.087981820	0.084134616	0.122510694	0.125737444
1583	4	4	0.075392760	0.087710805	0.090540513	0.092021167	0.197100759	0.081605792	0.098025508	0.101160809	0.077183850	0.099258095
1584	8	8	0.083263338	0.056687459	0.055986688	0.104432851	0.061512209	0.067818068	0.127766311	0.078362480	0.248608068	0.115562506
1585	6	6	0.121802807	0.049639847	0.060830545	0.081081748	0.092334114	0.105130509	0.198682800	0.076469302	0.144287825	0.069740534
1586	5	6	0.086659938	0.044336129	0.081679724	0.106447488	0.067916259	0.164504126	0.186101109	0.080401607	0.094540097	0.087413564
1587	8	8	0.135827065	0.053826146	0.039756335	0.104734048	0.082710169	0.088086389	0.137609303	0.058523178	0.163599387	0.135328025
1588	3	7	0.115547135	0.044814695	0.053137001	0.106481470	0.085045256	0.103212103	0.146650836	0.158699751	0.117528550	0.068883151
1589	5	5	0.089573935	0.074282564	0.129633948	0.084007166	0.084056824	0.167159289	0.083097696	0.105108880	0.080335535	0.102744207
1590	1	1	0.093489453	0.192260712	0.101558886	0.090338804	0.088535652	0.058951411	0.106434993	0.086812548	0.090476550	0.091141008
1591	5	5	0.095497310	0.044762053	0.094037823	0.079375468	0.077200204	0.179300413	0.161101297	0.084077232	0.108072780	0.076575369
1592	6	6	0.114461109	0.045729253	0.058040980	0.082415745	0.105062336	0.107085399	0.206548616	0.076028354	0.128733709	0.075894445
1593	7	7	0.054147590	0.064343773	0.073379353	0.069155969	0.085537598	0.048552506	0.056719318	0.351149648	0.078265138	0.118749246
1594	2	2	0.069473498	0.088154584	0.156520352	0.071123146	0.096641667	0.062646873	0.110658877	0.133489758	0.127496988	0.083794206
1595	7	7	0.074116006	0.136200860	0.090798214	0.059161346	0.085133210	0.056382854	0.095273226	0.213953793	0.093178175	0.095802270
1596	0	0	0.195472628	0.047901656	0.031464551	0.083851464	0.098545447	0.075894423	0.180608273	0.062286507	0.095523246	0.128451809
1597	2	2	0.099858321	0.090583414	0.196374372	0.076569930	0.070492186	0.045685172	0.068277173	0.133323625	0.113155372	0.105680414
1598	3	3	0.082666397	0.086611509	0.102986239	0.157364964	0.081413262	0.099061400	0.099766538	0.097517833	0.096644260	0.095967613
1599	1	1	0.080535136	0.277882218	0.071047626	0.041821308	0.079861462	0.061913617	0.068084061	0.111309454	0.104234867	0.103310235
1600	8	9	0.105524443	0.073154174	0.087526619	0.119212195	0.079879895	0.073859788	0.092163615	0.058848232	0.150467589	0.159363478
1601	1	1	0.061877452	0.141833037	0.071234636	0.099338822	0.106669217	0.059609171	0.088315241	0.131399959	0.109982774	0.129739702
1602	7	7	0.081638172	0.098837465	0.137494490	0.085647754	0.111448854	0.044005502	0.089288637	0.175296143	0.096251659	0.080091350
1603	8	8	0.094235688	0.049143940	0.041915029	0.089449152	0.101780973	0.078752123	0.153467104	0.082463011	0.209425107	0.099367879
1604	4	4	0.068192035	0.091368072	0.076634318	0.067406066	0.236010283	0.091642678	0.097862430	0.089092262	0.065364979	0.116426893
1605	5	6	0.115997285	0.059203506	0.054161802	0.098549671	0.086942732	0.135977477	0.148023501	0.116118476	0.119194046	0.065831587
1606	9	9	0.079483584	0.053589758	0.032703087	0.065551564	0.103981368	0.094231710	0.051131312	0.058077246	0.081518166	0.379732221
1607	0	0	0.257312298	0.053763423	0.064488120	0.081487030	0.062482961	0.062296212	0.143148020	0.071419038	0.119283810	0.084319033
1608	1	1	0.074747354	0.198378891	0.139282182	0.092247814	0.070787758	0.067396708	0.087138444	0.088635400	0.084133036	0.097252406
1609	2	2	0.090696849	0.077960670	0.173320845	0.127114117	0.057078697	0.073321648	0.126244083	0.102567218	0.077817082	0.093878821
1610	1	1	0.063950248	0.234143540	0.074690782	0.057461619	0.082464881	0.068920016	0.079273440	0.096916519	0.126987711	0.115191288
1611	5	6	0.123196267	0.057816144	0.061096050	0.069224522	0.080419160	0.146047905	0.177556500	0.089818418	0.099513717	0.095311306
1612	3	6	0.137848884	0.056336701	0.056896765	0.157541558	0.067645170	0.058787640	0.160962924	0.073518299	0.125516430	0.104945682
1613	7	7	0.077944547	0.049178287	0.083007850	0.051929303	0.084829137	0.032165974	0.060926802	0.406191081	0.073555887	0.080271073
1614	0	0	0.350462496	0.031870451	0.034182116	0.081445821	0.053695146	0.076180413	0.140458554	0.043630268	0.100271225	0.087803565
1615	9	9	0.100492865	0.051837318	0.033028554	0.062561862	0.095513687	0.103258491	0.097415283	0.099930272	0.134221271	0.221740410
1616	3	3	0.095408365	0.082703590	0.046735350	0.151553988	0.103694074	0.100006171	0.072529636	0.078461558	0.129008532	0.139898703
1617	9	8	0.136303797	0.046890538	0.058349621	0.071105845	0.088864893	0.103281803	0.121151738	0.112829752	0.140287846	0.120934203
1618	8	8	0.110455498	0.029281851	0.037276294	0.107279100	0.075618885	0.065945670	0.184255570	0.056507532	0.248119980	0.085259624
1619	7	7	0.102576874	0.090664782	0.094318047	0.059992582	0.069459386	0.055752769	0.094423823	0.253358334	0.092443809	0.087009616
1620	8	8	0.109800778	0.051136568	0.061781231	0.120333821	0.084429286	0.058631267	0.133877859	0.086747229	0.229475439	0.063786447
1621	8	8	0.090389684	0.065865852	0.084431186	0.163415581	0.088163048	0.070449464	0.082927033	0.083958320	0.191490009	0.078909822
1622	5	5	0.077045292	0.065651990	0.055236995	0.095955431	0.105280556	0.172988102	0.096535303	0.116770595	0.109928884	0.104606867
1623	2	2	0.091159277	0.083808735	0.197601438	0.079321131	0.078419171	0.050366301	0.108508922	0.107399456	0.115298033	0.088117450
1624	6	6	0.124783948	0.048571486	0.065510616	0.090090044	0.073043033	0.060761224	0.194752738	0.089209892	0.165528402	0.087748632
1625	8	8	0.106315494	0.050761260	0.046704728	0.071457081	0.113915168	0.075659685	0.167945638	0.077389501	0.200762406	0.089089096
1626	4	4	0.062485237	0.079034023	0.064836070	0.066635229	0.210346624	0.063747548	0.098075151	0.099395543	0.080122836	0.175321713
1627	6	7	0.077577874	0.060542729	0.064691864	0.109405570	0.137868449	0.068062499	0.136071369	0.149772123	0.114591487	0.081415966
1628	9	9	0.075921983	0.047461618	0.016089158	0.064259924	0.099600844	0.073347598	0.070736945	0.047753245	0.092705749	0.412122935
1629	2	2	0.075506106	0.058779344	0.219874546	0.057739530	0.132792026	0.058732562	0.092066020	0.144548327	0.102549814	0.057411719
1630	7	7	0.058452770	0.091130473	0.061219066	0.070387371	0.164608985	0.069779478	0.072834738	0.178471863	0.084537946	0.148577273
1631	7	7	0.089794740	0.142811209	0.101104647	0.097536795	0.093006618	0.049142893	0.108020224	0.148272857	0.087837271	0.082472734
1632	4	4	0.061009943	0.092815325	0.081569985	0.088275634	0.156602293	0.096156016	0.096011765	0.114063479	0.086608946	0.126886696
1633	4	4	0.100845776	0.099168643	0.113782696	0.051213909	0.132525459	0.066845074	0.122438110	0.099442251	0.120518647	0.093219414
1634	8	8	0.118746988	0.045893878	0.059969489	0.137045994	0.085001469	0.053906042	0.145910114	0.072767444	0.189925343	0.090833269
1635	0	0	0.264684081	0.050956506	0.053050723	0.099711284	0.068045057	0.075545304	0.131835908	0.080200836	0.095618963	0.080351271
1636	1	1	0.083028786	0.187008321	0.110543184	0.082676761	0.078225024	0.060225055	0.086522035	0.168334827	0.064536124	0.078899860
1637	3	3	0.089798860	0.080979876	0.096679136	0.134265989	0.093915269	0.084495097	0.088634543	0.103070050	0.099748284	0.128412828
1638	4	9	0.070930310	0.072277538	0.059232425	0.057458609	0.196625710	0.060014691	0.065714367	0.113587543	0.101686403	0.202472419
1639	8	6	0.120176867	0.050281558	0.060184963	0.123390667	0.080339126	0.086229742	0.181652948	0.071912088	0.155569524	0.070262522
1640	4	4	0.069203667	0.105728202	0.124100335	0.051191848	0.152503446	0.087657727	0.118772082	0.093664549	0.103387929	0.093790174
1641	4	4	0.081741676	0.095914356	0.112496659	0.070804998	0.217240810	0.065744802	0.093535244	0.106095403	0.087217040	0.069209062
1642	2	2	0.090190478	0.077486023	0.192489058	0.094080746	0.067758307	0.073665105	0.092066765	0.172819883	0.078247949	0.061195705
1643	8	8	0.130951464	0.056051157	0.068977438	0.089470536	0.086592212	0.085541263	0.110779159	0.054478228	0.216621220	0.100537419
1644	9	9	0.082444511	0.049339470	0.027164401	0.066777088	0.132983521	0.092753388	0.058558315	0.060156666	0.083506390	0.346316308
1645	2	2	0.075272419	0.099394299	0.242786825	0.070625529	0.069455557	0.053876765	0.107821621	0.152604192	0.059419472	0.068743393
1646	1	1	0.072355695	0.250708163	0.068751857	0.044752415	0.096968979	0.055583376	0.091356106	0.113506585	0.093605772	0.112411134
1647	2	2	0.069860041	0.102131151	0.197575226	0.084941439	0.102606751	0.042133328	0.083462670	0.170199648	0.078900650	0.068189129
1648	1	1	0.105951652	0.199146196	0.114871025	0.074065663	0.092585042	0.061365742	0.076804437	0.110236913	0.085031711	0.079941660
1649	6	6	0.090538368	0.101610869	0.078875430	0.107126832	0.097146980	0.099891149	0.135211289	0.104413286	0.103519127	0.081666656
1650	6	6	0.103056796	0.072473653	0.073796041	0.083233833	0.129979610	0.086444005	0.162586540	0.101054035	0.109990671	0.077384815
1651	7	7	0.104325958	0.107866511	0.082990304	0.075940929	0.095041379	0.050074432	0.072662205	0.258800566	0.075994611	0.076303124
1652	5	6	0.098124839	0.056486573	0.052156504	0.072693080	0.131705776	0.133529603	0.171110854	0.091157354	0.108927526	0.084107891
1653	4	4	0.054074559	0.068274684	0.102945350	0.100609414	0.179941192	0.043985549	0.088813424	0.123713650	0.137430504	0.100211538
1654	0	0	0.212754026	0.047154002	0.056229386	0.098614715	0.079311609	0.061964091	0.155467063	0.083971478	0.133249745	0.071283847
1655	3	8	0.107171811	0.063969135	0.065858319	0.132674903	0.091693327	0.087936148	0.130214423	0.086431421	0.166094705	0.067955807
1656	9	9	0.062696137	0.035819862	0.027403565	0.050522100	0.111034952	0.084140711	0.073089339	0.084754817	0.059930645	0.410607845
1657	5	5	0.109400839	0.072665475	0.066629462	0.085254304	0.083648421	0.165884480	0.115334757	0.100998387	0.092822067	0.107361861
1658	0	0	0.157312348	0.081549719	0.111033909	0.087552287	0.083323821	0.069290563	0.115029633	0.096713357	0.098911852	0.099282496
1659	9	9	0.123281814	0.091624416	0.074347377	0.097590737	0.076375782	0.060808372	0.072842509	0.059039775	0.085528515	0.258560687
1660	1	1	0.073355928	0.278623998	0.094529979	0.079821542	0.101181380	0.056705337	0.068674266	0.107993782	0.072329260	0.066784628
1661	7	7	0.059555784	0.130934760	0.081535853	0.084850967	0.117152534	0.060758241	0.065522730	0.204269513	0.079605021	0.115814626
1662	1	1	0.076769173	0.203157604	0.092814833	0.071989328	0.101842284	0.055423040	0.093007728	0.144050658	0.081898078	0.079047337
1663	5	6	0.112963982	0.047168031	0.041936073	0.074136741	0.109031118	0.138591483	0.185050771	0.086547397	0.115130506	0.089444004
1664	5	5	0.091695935	0.053689111	0.080028825	0.079048127	0.088668518	0.174814716	0.167662457	0.087971143	0.086543038	0.089878209
1665	8	8	0.106771469	0.043412499	0.052855249	0.092662469	0.093274899	0.068054982	0.168628260	0.078719288	0.218926534	0.076694287
1666	0	0	0.241253972	0.061413337	0.087543488	0.106071368	0.069065474	0.059178766	0.094764270	0.063946672	0.113121785	0.103640936
1667	5	5	0.100898631	0.073614553	0.069281489	0.082598187	0.103105411	0.195338532	0.099980026	0.088453449	0.084924541	0.101805173
1668	1	1	0.087747134	0.185576782	0.131422624	0.094973460	0.079698555	0.062875435	0.081175163	0.098757356	0.081737459	0.096035950
1669	5	6	0.089626588	0.037199665	0.063232780	0.091248795	0.071656100	0.186614320	0.190853789	0.079441309	0.096892081	0.093234584
1670	7	7	0.054756030	0.048985094	0.083336256	0.068947405	0.081022762	0.056889489	0.053552881	0.401350170	0.065798067	0.085361861
1671	3	3	0.146518812	0.069261402	0.079268180	0.155544132	0.064115502	0.128859326	0.098270006	0.077772290	0.095859692	0.084530652
1672	6	6	0.195332259	0.038655154	0.039020084	0.077939168	0.069564074	0.109115206	0.215182826	0.046925317	0.122222356	0.086043544
1673	6	6	0.124931127	0.047229566	0.050540809	0.077979892	0.071624063	0.114590585	0.253088385	0.057990626	0.114204735	0.087820165
1674	2	2	0.081587739	0.078505792	0.266318202	0.059455533	0.087548301	0.059959356	0.077003561	0.149844006	0.075856820	0.063920677
1675	8	8	0.096706271	0.042992435	0.057429243	0.098340318	0.095057331	0.077756979	0.156057313	0.077029213	0.227148280	0.071482666
1676	0	0	0.270848036	0.046664998	0.057944681	0.090577751	0.071807891	0.059623159	0.147911638	0.079377048	0.092120238	0.083124511
1677	7	7	0.070277460	0.123519957	0.097324461	0.077521235	0.094291992	0.070580199	0.073181808	0.196855426	0.082380965	0.114066482
1678	4	4	0.067942940	0.073941790	0.058180939	0.083371572	0.195801273	0.054888129	0.064955421	0.136209056	0.088593870	0.176114976
1679	5	6	0.119583704	0.074367985	0.073892578	0.094788812	0.082134709	0.112263456	0.152211025	0.100865930	0.102951564	0.086940244
1680	4	8	0.112261482	0.104537375	0.131896198	0.067611955	0.104984947	0.058179855	0.097636707	0.096366487	0.158108279	0.068416722
1681	7	7	0.081414834	0.115092516	0.105690449	0.079932533	0.072126575	0.049514033	0.069549277	0.297360152	0.061367448	0.067952245
1682	1	1	0.072516233	0.169748574	0.066080563	0.062024884	0.146048397	0.069160230	0.058213405	0.118383534	0.085904449	0.151919708
1683	6	6	0.118486889	0.062875099	0.057807438	0.094047792	0.100458324	0.086307518	0.185120881	0.093238257	0.118094519	0.083563328
1684	7	7	0.082093671	0.122094177	0.096044332	0.089448310	0.081955470	0.056060161	0.102851696	0.194262281	0.096377507	0.078812435
1685	8	6	0.102552272	0.062529899	0.074388459	0.094714902	0.078549393	0.084257387	0.179821551	0.075617611	0.144458950	0.103109553
1686	0	0	0.171494454	0.058718130	0.040338621	0.123436421	0.078976408	0.062575519	0.159161747	0.084580906	0.092825480	0.127892286
1687	6	6	0.125917152	0.043674890	0.052376345	0.103639364	0.063919388	0.068251483	0.239429280	0.065272525	0.158857033	0.078662470
1688	6	6	0.116927840	0.071641341	0.044294953	0.055625126	0.082105234	0.113704123	0.242886558	0.075864844	0.105950527	0.090999454
1689	1	1	0.076887161	0.198522404	0.127771795	0.087453216	0.077017374	0.078306384	0.082937494	0.093437269	0.103670754	0.073996186
1690	1	1	0.065278083	0.287155718	0.065704785	0.047289509	0.075686455	0.056971755	0.089254588	0.110265650	0.082431629	0.119961850
1691	4	4	0.070617013	0.065702215	0.086119309	0.081559144	0.240949348	0.068968348	0.089858629	0.105883963	0.096174277	0.094167754
1692	7	7	0.071632162	0.111053102	0.093379930	0.064361811	0.106444202	0.056495290	0.084872343	0.220157996	0.082599014	0.109004125
1693	5	5	0.110374965	0.052523933	0.076099023	0.093367204	0.055920552	0.210567370	0.126989946	0.083859317	0.085153446	0.105144188
1694	4	4	0.055137970	0.038644429	0.040007088	0.072292447	0.245710433	0.064876691	0.061432857	0.093677767	0.087979339	0.240240961
1695	7	7	0.088330284	0.121404812	0.083692469	0.060001880	0.091145419	0.061638046	0.103173517	0.204412535	0.087944426	0.098256603
1696	8	8	0.089568615	0.067842372	0.104206406	0.108265668	0.084445775	0.079027258	0.130268380	0.086752251	0.134008333	0.115614928
1697	6	6	0.105360851	0.065797962	0.074990794	0.076554336	0.092110097	0.088198051	0.197206587	0.074583352	0.126221955	0.098976068
1698	9	9	0.067852914	0.093210325	0.058635645	0.043055765	0.076969437	0.088077374	0.079325505	0.103562795	0.103662774	0.285647362
1699	0	9	0.152617112	0.038571630	0.020393245	0.072324984	0.119213559	0.086982466	0.121457011	0.061594140	0.096514769	0.230331078
1700	0	0	0.234942377	0.057867527	0.091836229	0.107070483	0.086622715	0.069305912	0.107003182	0.058186729	0.106779434	0.080385484
1701	9	9	0.062068876	0.051624864	0.033306539	0.053132787	0.109117508	0.081280313	0.076892368	0.087309316	0.088852525	0.356414914
1702	4	4	0.077309586	0.095633537	0.131474018	0.068356246	0.178316712	0.059714720	0.105002083	0.114291750	0.092801072	0.077100351
1703	3	6	0.147470966	0.049277302	0.085169710	0.112917498	0.083794087	0.084439881	0.157805607	0.073828906	0.117766425	0.087529548
1704	7	7	0.089276806	0.120090827	0.091439880	0.069113165	0.106904984	0.057450067	0.107601196	0.195122674	0.085518904	0.077481411
1705	3	3	0.115099639	0.072783686	0.058525838	0.156125546	0.077340357	0.108679593	0.138276413	0.078776538	0.107903264	0.086489089
1706	2	2	0.103153527	0.076983266	0.197233662	0.058630817	0.086890817	0.074212365	0.106912777	0.151736319	0.063000858	0.081245631
1707	1	1	0.065901175	0.195392177	0.147449940	0.111130610	0.079336390	0.065064408	0.089567564	0.094781876	0.071284950	0.080090880
1708	1	1	0.079766728	0.201727957	0.135563746	0.078461207	0.081534006	0.073289372	0.078495942	0.111331217	0.080467351	0.079362378
1709	2	2	0.093735032	0.099152029	0.169173658	0.079975858	0.079088479	0.076224431	0.110256702	0.123443589	0.087561071	0.081389070
1710	1	1	0.063837849	0.162496150	0.068418495	0.090672895	0.127672583	0.066128008	0.073147066	0.112625249	0.103104033	0.131897703
1711	4	4	0.069206707	0.086933263	0.111405931	0.076378442	0.202961311	0.032624975	0.081534266	0.101545513	0.154415131	0.082994409
1712	1	1	0.066574231	0.222012118	0.090411901	0.113311917	0.092389196	0.050898485	0.062351115	0.114496410	0.096242137	0.091312431
1713	9	9	0.129126966	0.060380846	0.079627030	0.108149745	0.070628777	0.103914231	0.093878724	0.054952934	0.101510361	0.197830379
1714	2	2	0.063802332	0.086316533	0.175225377	0.104956195	0.108226143	0.051304892	0.079663344	0.132193998	0.113356784	0.084954396
1715	8	8	0.122844301	0.088221058	0.095039047	0.100051634	0.084238686	0.074324340	0.096358642	0.068094045	0.162703007	0.108125180
1716	2	2	0.094860330	0.097036757	0.175604567	0.072179206	0.092744984	0.088858724	0.097036339	0.137310654	0.074086815	0.070281595
1717	3	0	0.165963843	0.084573127	0.059903026	0.112148024	0.084571816	0.090516411	0.140536323	0.069019996	0.092026949	0.100740537
1718	2	2	0.099853784	0.075730123	0.161853641	0.091743514	0.074268937	0.095586292	0.131566033	0.100171335	0.068255685	0.100970671
1719	9	9	0.087206803	0.033341564	0.020242145	0.083037801	0.108529277	0.094154947	0.085536420	0.066647768	0.097959749	0.323343515
1720	3	3	0.133860156	0.082198717	0.077222869	0.149343282	0.081233211	0.102376714	0.105686754	0.075054593	0.108473927	0.084549725
1721	6	6	0.133036241	0.063145623	0.059026230	0.102821171	0.077753641	0.111586094	0.179001719	0.069915622	0.114733733	0.088979989
1722	1	1	0.079776913	0.195447326	0.141500950	0.083201118	0.081992164	0.067081317	0.074327745	0.115088522	0.083210327	0.078373551
1723	7	7	0.123459853	0.102137208	0.097775750	0.054012250	0.087866530	0.047940738	0.095481761	0.196468845	0.116706021	0.078151122
1724	5	5	0.071129635	0.057385907	0.050808523	0.090018757	0.116809584	0.162151903	0.111807786	0.114954926	0.107945606	0.116987422
1725	3	9	0.134645715	0.073107734	0.082212858	0.129396319	0.073382825	0.070352741	0.130664825	0.058209434	0.107389368	0.140638232
1726	1	1	0.059281584	0.236061826	0.153386191	0.096658103	0.085760459	0.065001316	0.075010858	0.095146507	0.062994242	0.070698887
1727	8	8	0.100766055	0.042337030	0.037410378	0.083634280	0.097798929	0.076647438	0.157505140	0.066170588	0.241053730	0.096676409
1728	5	6	0.095812842	0.052813023	0.042934336	0.079661973	0.091993339	0.142087340	0.177418709	0.120650701	0.102791138	0.093836635
1729	5	5	0.084800400	0.086102642	0.059968587	0.133967996	0.100164063	0.139364332	0.081942827	0.117925026	0.097430453	0.098333649
1730	1	1	0.087264411	0.194823191	0.135154933	0.094475634	0.094650976	0.063059710	0.081091940	0.099886134	0.068001993	0.081591092
1731	0	0	0.186341554	0.053487964	0.103323601	0.067232497	0.069840565	0.066773444	0.131629899	0.078973122	0.111832075	0.130565241
1732	5	6	0.106085196	0.049098764	0.057416305	0.090832524	0.097097419	0.112314954	0.202227071	0.084998570	0.126563609	0.073365584
1733	6	6	0.163983136	0.042234115	0.045992628	0.075185716	0.071356542	0.074043423	0.211082548	0.065002345	0.157577813	0.093541786
1734	6	0	0.168639496	0.037278008	0.053291660	0.104482248	0.104867958	0.050835166	0.153433576	0.076133013	0.165523350	0.085515596
1735	0	0	0.186234400	0.056286328	0.049178738	0.072338983	0.092232913	0.072400697	0.156416073	0.099952526	0.100277312	0.114682034
1736	7	7	0.055871811	0.073919632	0.061756473	0.071044035	0.098877676	0.092555597	0.089520507	0.211568370	0.085044362	0.159841493
1737	3	9	0.090246491	0.048818003	0.028065747	0.098160759	0.132023141	0.086261690	0.132852688	0.078792438	0.131585941	0.173193187
1738	7	7	0.051643606	0.069174334	0.080961160	0.087305099	0.076187506	0.056817967	0.065215372	0.307167917	0.085606143	0.119920932
1739	1	1	0.085469581	0.190209851	0.130612269	0.072907612	0.094535835	0.071200758	0.097387344	0.087382950	0.077108361	0.093185335
1740	9	9	0.081493855	0.059625678	0.051323850	0.084729522	0.103382967	0.104494475	0.104515567	0.132733777	0.073373109	0.204327181
1741	2	2	0.067675643	0.088436581	0.188297912	0.093742840	0.110429324	0.049855206	0.101335689	0.114157423	0.115433104	0.070636287
1742	1	1	0.056626014	0.234588087	0.161497161	0.091990165	0.071626350	0.057102919	0.098476812	0.090637639	0.052275658	0.085179292
1743	4	4	0.073822550	0.085158631	0.111295074	0.082995400	0.199682415	0.060684536	0.094389834	0.105478510	0.114369683	0.072123334
1744	9	8	0.149697691	0.047824759	0.072458528	0.086181231	0.069722190	0.074574217	0.143120140	0.096979193	0.160379678	0.099062383
1745	7	7	0.087091193	0.103010572	0.115095094	0.057173066	0.107798085	0.052181173	0.073891059	0.236045107	0.093854994	0.073859692
1746	8	8	0.112289414	0.093649291	0.084631532	0.113032125	0.092178762	0.091049507	0.113892756	0.081249058	0.145843133	0.072184406
1747	8	8	0.150760666	0.072602510	0.071707241	0.086715482	0.091521308	0.104717709	0.120389730	0.054352004	0.154361248	0.092872135
1748	0	0	0.178391457	0.035842970	0.027412722	0.065509401	0.114173584	0.097353965	0.135458559	0.084346272	0.105904110	0.155606970
1749	3	3	0.084235594	0.089703530	0.112443395	0.158624589	0.084114976	0.069556653	0.078703970	0.093718670	0.100281812	0.128616780
1750	7	7	0.067148000	0.072614059	0.094850853	0.080515876	0.082639873	0.089641877	0.087830395	0.199170783	0.090664603	0.134923726
1751	1	1	0.069313206	0.259577960	0.094964467	0.077956833	0.073371068	0.045246672	0.093119234	0.083184890	0.091373019	0.111892745
1752	2	2	0.074865930	0.073928267	0.199398726	0.093990400	0.095018044	0.056432210	0.087644689	0.121944152	0.100382209	0.096395425
1753	5	5	0.085043088	0.051173221	0.059549168	0.099213384	0.090044290	0.193773687	0.125139698	0.092779048	0.118337870	0.084946476
1754	8	8	0.141029358	0.033071622	0.048412565	0.077218361	0.088444605	0.064368978	0.171343744	0.068830311	0.227322608	0.079957768
1755	7	7	0.085475773	0.121780552	0.102223277	0.089654773	0.101041876	0.051091067	0.084589973	0.196697727	0.080681704	0.086763307
1756	3	6	0.136108980	0.056542609	0.062520720	0.121713996	0.086348623	0.070591807	0.187114701	0.075602286	0.119218402	0.084237933
1757	5	6	0.107591413	0.047779661	0.046001535	0.121019632	0.070726693	0.167109206	0.168655962	0.090588629	0.115282349	0.065244839
1758	1	1	0.061842881	0.284972012	0.064434476	0.061056603	0.089908481	0.058911737	0.082984470	0.097753040	0.097805835	0.100330457
1759	6	6	0.121440448	0.040123358	0.068344474	0.082626320	0.083690323	0.113455527	0.195771873	0.085786469	0.141490743	0.067270547
1760	2	2	0.063846648	0.103023842	0.233225003	0.081781350	0.070029572	0.051160816	0.104030460	0.158333197	0.058531430	0.076037779
1761	5	5	0.069765404	0.076386794	0.051124386	0.089665025	0.104098096	0.144859895	0.128180161	0.137218550	0.090243019	0.108458713
1762	7	7	0.061399937	0.075083539	0.114223361	0.100523777	0.078369342	0.107686870	0.076125167	0.220546499	0.064719088	0.101322494
1763	9	9	0.066575751	0.065385610	0.027819443	0.067525223	0.121659949	0.063002512	0.059026092	0.068905167	0.082185879	0.377914399
1764	3	9	0.117469870	0.077924229	0.082018510	0.128136322	0.082023628	0.082822502	0.094299629	0.071570128	0.120824933	0.142910227
1765	4	6	0.076134145	0.103734687	0.106115684	0.102342196	0.090667620	0.053762887	0.135635301	0.105308883	0.121344097	0.104954481
1766	4	8	0.068341002	0.068292297	0.113338590	0.080680028	0.148355454	0.045850653	0.089276575	0.121039577	0.155732870	0.109092921
1767	6	8	0.124470524	0.061081089	0.068644375	0.084777422	0.078873813	0.090569630	0.155801341	0.088492148	0.159145251	0.088144355
1768	1	1	0.089764535	0.168362826	0.096923515	0.097684696	0.099494390	0.044119615	0.076705299	0.126201257	0.118068144	0.082675725
1769	3	3	0.119543903	0.076830439	0.087620050	0.157340422	0.074813932	0.104797900	0.100538746	0.102454692	0.097135156	0.078924745
1770	2	2	0.085450031	0.101516493	0.134786546	0.131825611	0.067734316	0.060030047	0.095869750	0.094014838	0.095671035	0.133101270
1771	8	9	0.125493884	0.073408797	0.055093542	0.101525404	0.086571038	0.097670361	0.103079215	0.076127253	0.139850378	0.141180113
1772	8	8	0.134502947	0.033706050	0.038008768	0.119216017	0.065636173	0.060551617	0.131605685	0.050796732	0.290918827	0.075057194
1773	0	0	0.214107186	0.069736056	0.099088117	0.098623849	0.072047085	0.063868292	0.109387897	0.062473353	0.109506123	0.101162001
1774	3	3	0.091519639	0.098774195	0.088939451	0.168706998	0.079462491	0.091390602	0.092951611	0.096896343	0.095076837	0.096281804
1775	4	4	0.088144250	0.060532372	0.094063103	0.100296073	0.167313918	0.065573759	0.116042569	0.094050944	0.125562385	0.088420652
1776	5	5	0.098696113	0.082233772	0.067337632	0.074510887	0.108530127	0.153516546	0.103753082	0.095573187	0.111331157	0.104517519
1777	9	9	0.089824826	0.068917520	0.040350314	0.079073638	0.117466494	0.091504633	0.073862948	0.068172686	0.124173120	0.246653825
1778	1	1	0.091732755	0.218780339	0.147202373	0.100102440	0.071767911	0.051645767	0.075457878	0.109756917	0.062789835	0.070763819
1779	2	2	0.102605410	0.100052796	0.170888245	0.096081227	0.081301242	0.061899312	0.087686673	0.139687270	0.087066494	0.072731234
1780	7	7	0.077006109	0.173987985	0.125085667	0.111542746	0.072574735	0.036751568	0.071540013	0.176055700	0.087919936	0.067535475
1781	0	0	0.179418638	0.058290556	0.067374885	0.109739825	0.065989427	0.075284280	0.104791671	0.099786133	0.148553520	0.090771079
1782	3	3	0.111200780	0.086521544	0.081107162	0.125573725	0.079957701	0.107948981	0.105437033	0.111250602	0.101978198	0.089024320
1783	5	5	0.090353131	0.057673410	0.065243624	0.085412197	0.103176288	0.170437858	0.144019008	0.086042963	0.117771737	0.079869837
1784	5	6	0.096331634	0.042488202	0.064253807	0.125071630	0.068974808	0.149680510	0.176562250	0.092819832	0.095592700	0.088224612
1785	9	6	0.132732719	0.054769505	0.061004020	0.129231438	0.088492833	0.072592691	0.133691519	0.069736294	0.129842058	0.127906963
1786	1	1	0.066659585	0.165697053	0.094617061	0.085218385	0.115235262	0.051994570	0.103928946	0.141947240	0.082273863	0.092427976
1787	8	8	0.137274429	0.074888743	0.040361669	0.065004207	0.086555727	0.087781660	0.125864968	0.056246586	0.188361645	0.137660399
1788	8	8	0.111003116	0.057856571	0.053998776	0.095852055	0.077628568	0.080740497	0.123517431	0.084657341	0.230526969	0.084218681
1789	4	6	0.099585682	0.096653618	0.094460346	0.095373027	0.114210114	0.094593890	0.127062708	0.100239389	0.081907414	0.095913820
1790	0	0	0.175048664	0.092750803	0.096712239	0.118452363	0.071060307	0.079469256	0.092034161	0.109112509	0.081757650	0.083601974
1791	6	6	0.111617744	0.057728723	0.059712030	0.096148998	0.110917404	0.059035882	0.204370499	0.106733911	0.124814875	0.068919919
1792	0	0	0.228855684	0.063733891	0.073114954	0.116725370	0.067650519	0.088844158	0.091144189	0.053670753	0.114087358	0.102173164
1793	9	9	0.069825098	0.077730350	0.032080684	0.051804468	0.128404468	0.083571233	0.056398761	0.093838573	0.108569823	0.297776550
1794	1	1	0.067226298	0.175071523	0.139560744	0.134211078	0.086506650	0.056903031	0.077214614	0.122190647	0.075504549	0.065610811
1795	3	3	0.121853694	0.055079971	0.064016409	0.196365595	0.067062333	0.077996492	0.141209200	0.086429425	0.142748445	0.047238346
1796	2	2	0.075329207	0.092887297	0.174149260	0.076169319	0.115365714	0.039371110	0.085612856	0.137183934	0.117366672	0.086564593
1797	7	7	0.065924905	0.091388270	0.083014064	0.061173134	0.081003956	0.062170535	0.077042885	0.302453071	0.077075996	0.098753147
1798	1	1	0.072495393	0.189407364	0.164753228	0.105385974	0.063697301	0.064396933	0.086795233	0.092430919	0.072480328	0.088157244
1799	0	9	0.136824921	0.043998055	0.034167685	0.082430542	0.122350901	0.094565727	0.132825643	0.079875998	0.102260530	0.170699924
1800	6	6	0.116688371	0.058983907	0.073836654	0.102522112	0.099946313	0.074611783	0.189821437	0.103696354	0.107054703	0.072838321
1801	4	9	0.060342513	0.080563411	0.054065939	0.061388761	0.166151941	0.051493395	0.085850775	0.112524785	0.122199684	0.205418766
1802	8	8	0.098607153	0.044773132	0.075117648	0.093283318	0.076160036	0.095162548	0.165245801	0.083593786	0.188627794	0.079428747
1803	4	4	0.065088697	0.095376939	0.061607279	0.059604924	0.190445051	0.045893397	0.091160141	0.093231328	0.113798611	0.183793679
1804	1	1	0.088690236	0.217703030	0.097524904	0.056952983	0.086315840	0.062373277	0.100164346	0.087956354	0.083878770	0.118440345
1805	8	9	0.081041932	0.109585918	0.073502377	0.121640369	0.094563372	0.080035493	0.075852767	0.091495089	0.133922353	0.138360336
1806	5	6	0.095761642	0.061975304	0.072410300	0.114552431	0.077649087	0.128015950	0.149476290	0.106658816	0.104272582	0.089227632
1807	3	7	0.104884967	0.068068415	0.092597544	0.121910185	0.088492557	0.106690697	0.110557124	0.134013474	0.090034954	0.082750127
1808	8	8	0.081425056	0.052941374	0.035026036	0.100978337	0.111279331	0.070266150	0.115356572	0.087588735	0.195646718	0.149491668
1809	6	6	0.077234767	0.049593724	0.100810595	0.092028104	0.072320506	0.095767990	0.244897917	0.088672109	0.067338087	0.111336105
1810	8	8	0.115191765	0.050543021	0.098022304	0.100831531	0.090074502	0.092000321	0.128414243	0.063573226	0.177961588	0.083387546
1811	6	0	0.178242803	0.061784282	0.060383670	0.102028467	0.086548313	0.104559913	0.115667239	0.071017295	0.126609236	0.093158759
1812	3	3	0.087662041	0.093340769	0.091224924	0.138025597	0.102442473	0.085010476	0.075970344	0.086010136	0.118336126	0.121977083
1813	8	6	0.104925796	0.051595189	0.050956655	0.074827969	0.108032249	0.077964284	0.194257587	0.069310255	0.187751517	0.080378562
1814	9	9	0.117531434	0.064716227	0.046433687	0.078140467	0.079051562	0.115147695	0.091142751	0.061501112	0.127757803	0.218577221
1815	6	6	0.081942789	0.042608514	0.080520891	0.083977439	0.121859528	0.075005397	0.247240707	0.071585305	0.119087651	0.076171756
1816	2	2	0.060413081	0.086905554	0.198296338	0.087627642	0.117223911	0.031735841	0.076073661	0.162921757	0.109415479	0.069386803
1817	8	8	0.117208831	0.066131227	0.076603949	0.107029639	0.089503273	0.072706982	0.101697199	0.062331799	0.214579836	0.092207298
1818	2	2	0.069757603	0.095593534	0.195948780	0.091104522	0.086211957	0.038681868	0.125840902	0.139674500	0.085874908	0.071311414
1819	8	8	0.078139290	0.063500717	0.059514645	0.096716695	0.067218892	0.074541792	0.126031458	0.075876012	0.227118254	0.131342307
1820	8	8	0.120773941	0.052026812	0.065339692	0.087915063	0.088099226	0.068507157	0.159271538	0.084761493	0.179980367	0.093324721
1821	2	2	0.094498947	0.072884716	0.150597200	0.077294163	0.097874649	0.109896511	0.124867253	0.091412857	0.077378742	0.103294909
1822	5	5	0.085903950	0.060773674	0.086665638	0.103487946	0.076094300	0.212478220	0.085932203	0.121956103	0.082745224	0.083962724
1823	0	0	0.168570817	0.079928182	0.073406823	0.080752403	0.092221610	0.082950860	0.126656756	0.063782446	0.118425921	0.113304108
1824	7	4	0.075505733	0.115883432	0.067139566	0.089533642	0.139395937	0.082902156	0.088937737	0.120268501	0.102469407	0.117963888
1825	1	1	0.082059227	0.201728046	0.088746816	0.094379425	0.109120145	0.080558509	0.088625431	0.091259956	0.077466041	0.086056367
1826	6	6	0.077580869	0.047306117	0.098697476	0.088488646	0.077516034	0.087527819	0.241471589	0.083130337	0.087561905	0.110719211
1827	9	9	0.122445762	0.045557141	0.043909706	0.070742518	0.114259966	0.101609752	0.102709472	0.105777673	0.125974506	0.167013511
1828	4	1	0.088446759	0.130224943	0.098261297	0.068809681	0.126446947	0.089980222	0.113171354	0.090342745	0.089125440	0.105190590
1829	7	7	0.070069015	0.079429485	0.111005254	0.083532535	0.092019908	0.042324301	0.087921605	0.248283342	0.104619607	0.080794990
1830	1	1	0.101000540	0.166286618	0.105969988	0.078286126	0.132240668	0.072079398	0.079312086	0.113335259	0.078536674	0.072952598
1831	1	1	0.083981030	0.228297651	0.133686140	0.069181204	0.082151920	0.052656639	0.116637491	0.074830323	0.062124275	0.096453428
1832	8	8	0.097684279	0.057072807	0.051776946	0.075554542	0.072455436	0.085869819	0.152858630	0.086080156	0.228805244	0.091842078
1833	9	9	0.126650780	0.043275431	0.086214878	0.109673679	0.078259319	0.093042739	0.136575133	0.067663625	0.119358189	0.139286190
1834	7	7	0.072562888	0.094611332	0.095700368	0.077133276	0.092550978	0.047454793	0.088237174	0.227114096	0.083103456	0.121531688
1835	6	6	0.088539675	0.037761066	0.085463606	0.079301439	0.078341946	0.098645404	0.279157698	0.079602376	0.084733665	0.088453121
1836	1	1	0.063843749	0.262095273	0.152606353	0.105943471	0.068950512	0.053189438	0.073915258	0.094660819	0.051489227	0.073305890
1837	7	7	0.050316062	0.070049770	0.063270681	0.063360572	0.107437395	0.062277824	0.064279258	0.325004995	0.060111508	0.133891895
1838	3	6	0.111227021	0.039723348	0.060896598	0.112855971	0.064661995	0.119711965	0.164508298	0.117143899	0.133289352	0.075981461
1839	2	2	0.084607922	0.088164300	0.139898568	0.093013637	0.074628785	0.042907733	0.102828629	0.104668900	0.136604145	0.132677421
1840	4	4	0.066817313	0.055859189	0.071300752	0.087875709	0.228123367	0.074477069	0.079446815	0.106060944	0.093476884	0.136561945
1841	7	7	0.045516327	0.085844569	0.054637071	0.061127409	0.114828028	0.052927304	0.057375263	0.309858799	0.061110083	0.156775117
1842	4	4	0.063858025	0.081668742	0.113013245	0.078324981	0.248278603	0.038740072	0.064556479	0.107145078	0.122968197	0.081446491
1843	9	9	0.098726153	0.038884811	0.020469977	0.056078479	0.078343511	0.093377024	0.092436835	0.058962394	0.130072758	0.332648098
1844	8	8	0.108863719	0.045137532	0.065079488	0.079720318	0.086900026	0.068050444	0.168017551	0.079838410	0.225938484	0.072454050
1845	1	1	0.080198050	0.187553465	0.077942446	0.072359100	0.110974729	0.074805297	0.069659598	0.113192074	0.084229380	0.129085839
1846	6	8	0.136269405	0.047882140	0.047499310	0.073391311	0.087229453	0.054899808	0.142953157	0.076684967	0.200415671	0.132774740
1847	1	1	0.082200490	0.264435947	0.115359500	0.082244292	0.079574525	0.059771974	0.062325038	0.102794252	0.083138265	0.068155691
1848	0	0	0.190880731	0.051178280	0.074571125	0.107551984	0.095437735	0.072729453	0.122689277	0.068633422	0.130707443	0.085620627
1849	1	1	0.064041547	0.205412984	0.085048959	0.092520513	0.121294498	0.049017519	0.072721913	0.135764673	0.087277666	0.086899735
1850	2	2	0.110585578	0.082346223	0.233388007	0.056632038	0.075479329	0.065394297	0.132499903	0.106639944	0.064022429	0.073012210
1851	8	8	0.117761709	0.041598424	0.079650827	0.106725164	0.099468783	0.057268519	0.153546989	0.085701518	0.161756530	0.096521497
1852	9	9	0.093547560	0.051344965	0.025959557	0.090101078	0.108189784	0.076910011	0.066374950	0.051676150	0.087204993	0.348690987
1853	7	7	0.072565444	0.092868134	0.092172064	0.070943125	0.118850514	0.050898384	0.077061020	0.251235187	0.088964604	0.084441535
1854	4	4	0.065565445	0.074730970	0.104989633	0.067581750	0.232799396	0.049264390	0.078386016	0.113773026	0.118336380	0.094573013
1855	2	2	0.088807523	0.077587791	0.233191162	0.068657152	0.105345681	0.048978858	0.083914898	0.116333291	0.103832804	0.073350906
1856	6	6	0.093504332	0.030209076	0.057186913	0.074569352	0.070856661	0.101942964	0.322453469	0.063571356	0.096784979	0.088920876
1857	0	0	0.259136289	0.037654009	0.039994728	0.077258162	0.064523317	0.063556455	0.196242258	0.055015713	0.114552490	0.092066519
1858	8	8	0.095219053	0.051132157	0.050552994	0.111230016	0.078209974	0.077989243	0.160669059	0.079727419	0.213213518	0.082056500
1859	8	8	0.129283324	0.061254591	0.057527568	0.095902465	0.093929075	0.064944923	0.113349393	0.053294953	0.212219417	0.118294388
1860	9	9	0.070622556	0.039852038	0.024007946	0.056401357	0.129827932	0.106143154	0.077668473	0.066934966	0.087859489	0.340682119
1861	6	6	0.152585372	0.046959486	0.053229999	0.095486425	0.069897041	0.052667014	0.183549166	0.072205834	0.175631806	0.097787865
1862	0	0	0.220580146	0.047471751	0.057679746	0.106809027	0.070089892	0.068841182	0.139251426	0.075963594	0.110155597	0.103157729
1863	6	6	0.126042739	0.070569649	0.056245744	0.068210296	0.077629723	0.138030827	0.158148274	0.059126880	0.127601504	0.118394330
1864	9	9	0.092290722	0.086405724	0.041863944	0.062571086	0.088603608	0.045955084	0.065814152	0.066766955	0.099645175	0.350083530
1865	4	1	0.088563204	0.138598233	0.072750606	0.047008879	0.113071948	0.101263933	0.129360676	0.083263114	0.094107181	0.132012248
1866	7	7	0.072175279	0.146331504	0.112967126	0.085106403	0.092088453	0.061749972	0.087356597	0.172081396	0.096014716	0.074128486
1867	5	6	0.089601986	0.038572151	0.081372954	0.099454261	0.056908239	0.175806940	0.190870345	0.086044930	0.093415685	0.087952584
1868	9	9	0.091283105	0.061307151	0.063656174	0.089882664	0.089718200	0.111944549	0.110595204	0.111870319	0.084446825	0.185295805
1869	1	1	0.101979107	0.192288831	0.120143555	0.081900232	0.067603536	0.075159974	0.117848329	0.084112741	0.079618290	0.079345472
1870	1	1	0.075105712	0.247340217	0.062924661	0.063334949	0.090738185	0.062652789	0.065865085	0.099406227	0.116839677	0.115792528
1871	4	4	0.071935467	0.047879163	0.068099998	0.064688966	0.305511296	0.054136347	0.072407484	0.089972280	0.100616388	0.124752611
1872	5	5	0.071845427	0.046899959	0.095779277	0.080778114	0.075262703	0.190470219	0.157049254	0.090706535	0.085294671	0.105913758
1873	0	0	0.156314284	0.071012869	0.085644320	0.074674867	0.098763444	0.094844662	0.141859367	0.088284113	0.089446642	0.099155404
1874	5	5	0.067424580	0.064780571	0.048574340	0.083726466	0.133150965	0.144320101	0.096743956	0.124753438	0.099877007	0.136648595
1875	3	6	0.113939404	0.049298592	0.074942030	0.148367167	0.076477721	0.103900813	0.149563640	0.085878998	0.127116740	0.070514895
1876	8	8	0.117118500	0.050242424	0.081029378	0.132159621	0.082857944	0.065519482	0.123828113	0.080771796	0.168777525	0.097695276
1877	6	6	0.099882573	0.052320611	0.097197615	0.102501020	0.080702834	0.095531397	0.201720476	0.092234097	0.084881574	0.093027741
1878	8	8	0.091496900	0.039430231	0.040451694	0.105985016	0.101911813	0.055474132	0.150471479	0.063004054	0.233527452	0.118247181
1879	5	5	0.091856048	0.047861785	0.039937455	0.091500677	0.102525063	0.205752820	0.115670882	0.100374117	0.133617878	0.070903257
1880	3	6	0.099289663	0.059676081	0.049505997	0.150046319	0.085226893	0.088222578	0.176928535	0.075322919	0.105892532	0.109888494
1881	1	1	0.065894969	0.174131483	0.062853523	0.074940376	0.131782681	0.076238796	0.076944739	0.110562831	0.075186543	0.151463956
1882	4	9	0.056233224	0.054523263	0.047780953	0.087723576	0.158596605	0.082682297	0.077305272	0.105190054	0.080830954	0.249133825
1883	8	8	0.103207797	0.037785571	0.073146492	0.106693901	0.078438371	0.041856710	0.135922298	0.067441024	0.244179934	0.111327849
1884	1	1	0.075008146	0.228683591	0.098261774	0.061706800	0.085126668	0.052075088	0.091184817	0.097228885	0.096386969	0.114337243
1885	9	9	0.104407281	0.065292053	0.059539165	0.092738137	0.091792658	0.055536631	0.090228207	0.080476739	0.096505716	0.263483316
1886	5	8	0.092212185	0.097731382	0.080641598	0.110318050	0.097319163	0.098845430	0.105022289	0.101927683	0.126470685	0.089511536
1887	6	6	0.155123457	0.042907946	0.039821293	0.111400761	0.073217668	0.090224631	0.252016395	0.048342921	0.104591511	0.082353435
1888	6	6	0.111937366	0.052738711	0.082735233	0.076949731	0.094845101	0.107153557	0.200376764	0.095076546	0.089925781	0.088261239
1889	6	6	0.088156566	0.073431998	0.074139386	0.063698284	0.096954465	0.078241780	0.173841700	0.085656181	0.143187314	0.122692235
1890	8	8	0.113995150	0.079799242	0.078031145	0.076585047	0.071016729	0.061570417	0.140700594	0.102520965	0.167571604	0.108209118
1891	9	9	0.068311051	0.062688135	0.017884109	0.041478962	0.106259063	0.091727175	0.067009665	0.058061007	0.086668164	0.399912655
1892	3	3	0.120029733	0.076807052	0.089302376	0.214188576	0.082325920	0.078877375	0.100067087	0.078707747	0.089899816	0.069794402
1893	7	7	0.071236573	0.093811318	0.119027220	0.066536546	0.098813310	0.074484520	0.078921363	0.213858455	0.094136223	0.089174397
1894	9	9	0.084663965	0.083576538	0.054106001	0.064706892	0.109410964	0.116053589	0.093196340	0.091404445	0.100125208	0.202756122
1895	8	8	0.091881156	0.038503811	0.049925108	0.095823802	0.104080178	0.049974699	0.137312651	0.078018397	0.282392740	0.072087482
1896	5	6	0.092021547	0.035128254	0.073979035	0.077981018	0.086322039	0.168395549	0.210225254	0.085857362	0.090148024	0.079941936
1897	5	5	0.099453673	0.081436813	0.076590121	0.100117363	0.089869246	0.124716550	0.102253489	0.112584181	0.106656007	0.106322490
1898	3	6	0.109029867	0.079842426	0.068029620	0.107794024	0.102276653	0.103082664	0.130859509	0.079816617	0.105228834	0.114039741
1899	5	5	0.095270455	0.034797300	0.063995413	0.107057422	0.067122936	0.201593146	0.161780819	0.076001160	0.114430606	0.077950843
1900	2	2	0.091944784	0.067929119	0.169196457	0.091050133	0.069075681	0.069812216	0.092460610	0.109237559	0.099933811	0.139359698
1901	5	7	0.101673968	0.067892969	0.063448869	0.107984036	0.087843865	0.114981316	0.109838240	0.127843991	0.117486693	0.101006001
1902	7	7	0.076763883	0.095549360	0.124743551	0.068261810	0.101969585	0.061327308	0.074249730	0.223416314	0.084307872	0.089410610
1903	1	1	0.060403109	0.303849101	0.069763333	0.060183667	0.084133483	0.054912686	0.078834951	0.114588976	0.087478705	0.085851990
1904	6	6	0.098660178	0.059686080	0.082241334	0.070318334	0.074644163	0.132166177	0.223405272	0.068792365	0.081893548	0.108192511
1905	7	7	0.053663660	0.069039628	0.067185178	0.057130203	0.079591624	0.042490143	0.051007453	0.408257365	0.060079388	0.111555420
1906	5	5	0.088367321	0.054460935	0.070773236	0.101183236	0.068692371	0.182674468	0.157914847	0.071124375	0.101772003	0.103037253
1907	8	8	0.085793413	0.043837614	0.045176633	0.091382578	0.111212648	0.060088173	0.143218756	0.084766820	0.228555337	0.105967999
1908	2	2	0.066590473	0.102721632	0.150730819	0.101178996	0.094598413	0.054666929	0.089090250	0.123082913	0.128614530	0.088725045
1909	3	8	0.111849137	0.045801137	0.056997947	0.106459588	0.085825592	0.109383628	0.146041363	0.073347710	0.184855238	0.079438619
1910	4	4	0.069218159	0.107808925	0.117697641	0.069120713	0.166801170	0.061823599	0.079124480	0.122087434	0.107096687	0.099221162
1911	5	5	0.071572073	0.067291334	0.051309142	0.094426021	0.120482355	0.192512870	0.095985621	0.112819105	0.097034566	0.096566796
1912	9	9	0.060887702	0.104461022	0.070138969	0.053889222	0.106184341	0.053286131	0.074106641	0.130589768	0.140787318	0.205668852
1913	8	8	0.094836734	0.065263897	0.055717994	0.156215712	0.082432829	0.064318471	0.106395297	0.084522173	0.215855196	0.074441552
1914	3	3	0.120067701	0.077225998	0.091062404	0.124501765	0.077270210	0.104001179	0.092668675	0.085554622	0.115706667	0.111940809
1915	8	8	0.101323411	0.045218132	0.059393149	0.106688343	0.100571424	0.052950617	0.138508871	0.079199448	0.233075500	0.083071068
1916	5	6	0.104184516	0.057606891	0.048813913	0.105032749	0.077134848	0.125597179	0.195428446	0.092466339	0.107348472	0.086386643
1917	6	0	0.168068603	0.053945947	0.085740574	0.075354807	0.083063193	0.079608805	0.160813913	0.054948371	0.145695359	0.092760392
1918	1	1	0.076012693	0.226631224	0.120565370	0.076734349	0.078902110	0.076218426	0.079542495	0.083494321	0.084257834	0.097641125
1919	9	9	0.069247238	0.052599590	0.026127756	0.073479772	0.108642161	0.054359809	0.071552061	0.059406772	0.073007680	0.411577135
1920	8	8	0.114642061	0.059513655	0.054438166	0.126561135	0.083093546	0.075594783	0.121385969	0.074468441	0.206063360	0.084238797
1921	7	7	0.087890953	0.092380531	0.098636501	0.074016944	0.107022107	0.051754475	0.084530585	0.245158240	0.078456596	0.080153167
1922	6	8	0.162132084	0.045919001	0.072036512	0.113104820	0.089184366	0.047333859	0.128781974	0.072714180	0.165656909	0.103136264
1923	7	7	0.096864000	0.111453578	0.118368931	0.061947092	0.080168128	0.043209113	0.061455585	0.284665912	0.080277696	0.061589912
1924	5	5	0.086797081	0.072355099	0.074302070	0.100811519	0.086461797	0.200071171	0.073515832	0.119465895	0.084769413	0.101450063
1925	8	8	0.103114881	0.059594035	0.090238005	0.089881837	0.095927402	0.071330793	0.077602305	0.062445823	0.276981205	0.072883680
1926	4	4	0.081075989	0.064908512	0.113917798	0.074194998	0.243477523	0.053377274	0.093819126	0.099043243	0.100977346	0.075208254
1927	2	2	0.069921009	0.088491261	0.175206676	0.092287704	0.097415231	0.048944741	0.114935733	0.154854566	0.086701594	0.071241580
1928	2	2	0.081909850	0.073776305	0.214538559	0.065509722	0.106906161	0.057817966	0.085785463	0.125625089	0.116126388	0.072004460
1929	8	6	0.112559736	0.045277495	0.051471438	0.104547970	0.102065876	0.081104822	0.186797515	0.069335803	0.175173134	0.071666181
1930	5	5	0.084320746	0.055547051	0.072910056	0.101366751	0.068051562	0.212543756	0.128328875	0.087370880	0.090166770	0.099393539
1931	5	5	0.091108292	0.038638107	0.081173308	0.083043389	0.078398034	0.213269114	0.150405094	0.082745194	0.097428933	0.083790526
1932	4	4	0.075475343	0.057832874	0.078135617	0.081438355	0.178386256	0.085841104	0.125787199	0.107042700	0.080945425	0.129115060
1933	6	6	0.092049107	0.065188259	0.055528227	0.070406102	0.120327413	0.084144443	0.197369441	0.126055002	0.129949227	0.058982845
1934	3	3	0.123739876	0.070637450	0.072808549	0.185989231	0.083003365	0.066019915	0.111379541	0.083130047	0.117553286	0.085738763
1935	5	5	0.084674940	0.069391444	0.048967909	0.076920159	0.111916184	0.163618177	0.096498847	0.106299236	0.093970232	0.147742793
1936	4	4	0.061995037	0.083327077	0.118722476	0.080835335	0.212820530	0.044587310	0.090122946	0.112067103	0.118267730	0.077254482
1937	3	3	0.081237689	0.058875121	0.086659469	0.187749207	0.077689499	0.058637992	0.101040795	0.081791081	0.149761096	0.116558000
1938	1	1	0.051697649	0.241202280	0.069418900	0.082369938	0.113045484	0.048648305	0.068521708	0.132613808	0.090068012	0.102413930
1939	4	4	0.053070039	0.045591790	0.063727982	0.066213168	0.260583282	0.071616277	0.080719769	0.100073554	0.091234215	0.167169884
1940	0	0	0.278249234	0.054145478	0.057669204	0.073946446	0.080003351	0.071919195	0.140240923	0.074799389	0.099835888	0.069190934
1941	1	1	0.070446171	0.192629784	0.109256133	0.071546353	0.078205079	0.055481169	0.079902306	0.109533094	0.120518900	0.112480983
1942	6	6	0.096460268	0.075409971	0.053775538	0.099351622	0.074708574	0.101101495	0.166247517	0.086776562	0.145131007	0.101037480
1943	5	6	0.092805073	0.072514184	0.057894588	0.095280819	0.095522657	0.092031278	0.156341463	0.105387010	0.147227809	0.084995151
1944	2	7	0.093717195	0.078915618	0.157758221	0.073499307	0.083381444	0.090080373	0.102895752	0.177876577	0.071428843	0.070446678
1945	3	0	0.166089177	0.072049335	0.064540580	0.130246431	0.073620386	0.090153188	0.110198274	0.065633595	0.116616353	0.110852756
1946	5	5	0.088781752	0.069250450	0.050788868	0.073007770	0.118997529	0.167801276	0.102070451	0.097541146	0.101455152	0.130305633
1947	3	3	0.094920769	0.087582961	0.094471209	0.152810708	0.089687772	0.061923135	0.078163505	0.077454865	0.122556202	0.140428871
1948	7	7	0.071972080	0.055468898	0.101814672	0.081727982	0.071671918	0.059730764	0.089198634	0.276199967	0.094652258	0.097562768
1949	3	0	0.133278698	0.076248467	0.090662383	0.109356888	0.089896396	0.071732692	0.121868417	0.061666671	0.112989403	0.132300004
1950	3	3	0.085753821	0.088787198	0.104520425	0.136666641	0.103871457	0.077191629	0.084991746	0.074130513	0.112314790	0.131771788
1951	8	8	0.097526871	0.053194404	0.060262389	0.099307775	0.067601994	0.066008016	0.157361642	0.094488330	0.214642689	0.089605846
1952	1	1	0.094228663	0.258536279	0.111122966	0.061450675	0.083708853	0.059221014	0.055461723	0.121966921	0.078566931	0.075735942
1953	3	0	0.127685115	0.098203212	0.107478857	0.089937136	0.085170522	0.102960423	0.093168698	0.104006261	0.109492123	0.081897639
1954	6	6	0.130824611	0.054908808	0.038103919	0.074110352	0.079822168	0.089264020	0.231298730	0.072203428	0.151025221	0.078438826
1955	6	6	0.130340263	0.035005234	0.054613616	0.080074348	0.074276648	0.039706919	0.239394352	0.082983345	0.179048851	0.084556453
1956	2	2	0.058352068	0.070013508	0.189848498	0.095736563	0.146198362	0.044853583	0.071417026	0.131776199	0.125810832	0.065993294
1957	4	4	0.078774475	0.076260947	0.111114673	0.117982358	0.176479205	0.053867824	0.077190876	0.113562629	0.115239985	0.079526991
1958	3	9	0.080995567	0.058068771	0.041740302	0.151739582	0.081181169	0.087584630	0.082265653	0.102844723	0.115983948	0.197595656
1959	8	6	0.132675052	0.058489040	0.071519099	0.088346131	0.082840189	0.068447046	0.164748251	0.073707797	0.152586088	0.106641233
1960	2	2	0.073320664	0.071731985	0.243947804	0.072773822	0.097858205	0.037813473	0.094222680	0.157267779	0.081997067	0.069066539
1961	9	9	0.128953382	0.080701508	0.087684698	0.148053780	0.081763640	0.078887880	0.077604674	0.058344707	0.107192345	0.150813416
1962	9	0	0.163147777	0.087607779	0.098386504	0.116053976	0.081645757	0.050171997	0.098911226	0.050738372	0.097922288	0.155414358
1963	8	8	0.106518209	0.050039209	0.071753524	0.111721553	0.099580154	0.059575994	0.079699956	0.059901427	0.282430977	0.078778975
1964	2	2	0.092933483	0.086229108	0.208018348	0.066919066	0.088071555	0.069151804	0.095317557	0.132809654	0.088018872	0.072530456
1965	4	4	0.079952992	0.125868976	0.069815308	0.047334373	0.130611867	0.124082893	0.125029147	0.089925393	0.094118297	0.113260731
1966	0	0	0.204056472	0.061270922	0.070782073	0.112522453	0.074711382	0.070957832	0.104793295	0.056888290	0.148046479	0.095970765
1967	7	7	0.039472926	0.059393097	0.055033121	0.057433546	0.086391531	0.052347690	0.055293858	0.420001805	0.057859499	0.116772883
1968	7	9	0.060930651	0.115669973	0.050286297	0.076443858	0.140670687	0.061942011	0.059927538	0.137377650	0.079050124	0.217701316
1969	9	9	0.099927306	0.055411495	0.095534272	0.060430180	0.081890523	0.115719207	0.144453064	0.087426677	0.076554693	0.182652608
1970	4	4	0.073746569	0.066986084	0.072122194	0.065271623	0.303163350	0.056404971	0.083501354	0.083977684	0.102935471	0.091890678
1971	1	1	0.090179704	0.216356054	0.123998098	0.072700948	0.093829088	0.072391212	0.071061097	0.103607312	0.079626724	0.076249741
1972	5	5	0.098942302	0.066232175	0.075476550	0.109840311	0.075170912	0.185438558	0.092738375	0.086986020	0.107563242	0.101611480
1973	1	1	0.072257794	0.184741691	0.120550863	0.128458351	0.080890819	0.046743594	0.110472314	0.087458126	0.075550273	0.092876226
1974	9	9	0.091395266	0.064185463	0.049134094	0.099070780	0.107040301	0.084277503	0.067572340	0.051691812	0.112626784	0.273005724
1975	6	6	0.124403730	0.048178550	0.057192255	0.087197565	0.079131916	0.076596133	0.245816439	0.078054428	0.138792366	0.064636633
1976	6	6	0.143230438	0.052881759	0.058052197	0.077811517	0.078218222	0.089101069	0.240767434	0.078410901	0.115171611	0.066354878
1977	6	6	0.095716655	0.040824544	0.056998961	0.118530475	0.093841106	0.063744642	0.260773808	0.073830612	0.132855460	0.062883683
1978	7	7	0.083611518	0.132046357	0.112105109	0.116006069	0.082149923	0.063678317	0.095803045	0.146736518	0.085869133	0.081994012
1979	0	0	0.217985347	0.074994035	0.069948949	0.072292671	0.088647000	0.062630259	0.120231867	0.066342548	0.132458761	0.094468519
1980	5	6	0.114525206	0.067170598	0.063031860	0.089279257	0.095208086	0.129114941	0.154086471	0.089613333	0.096104920	0.101865277
1981	1	1	0.088168196	0.197833329	0.104893476	0.104290172	0.083183579	0.063808367	0.065605819	0.110812172	0.108019866	0.073384956
1982	8	8	0.130014703	0.055174999	0.048899207	0.087659992	0.079023577	0.088907048	0.143800735	0.055969991	0.209448054	0.101101704
1983	9	9	0.062498093	0.095465273	0.047623523	0.057545934	0.084246740	0.074869551	0.085765965	0.092517428	0.158651084	0.240816459
1984	6	8	0.103159055	0.054183446	0.091578171	0.100907870	0.090407953	0.064603999	0.162332222	0.085648611	0.162873983	0.084304668
1985	4	6	0.078430377	0.120921180	0.114693604	0.084789090	0.095761932	0.050869841	0.131356284	0.098471567	0.127651870	0.097054295
1986	8	8	0.126329646	0.061244439	0.127065018	0.086592846	0.118949622	0.060102895	0.102930553	0.056275126	0.171406478	0.089103423
1987	1	1	0.098289467	0.169406593	0.141777098	0.097082853	0.071024679	0.061010379	0.091050074	0.115033992	0.078961924	0.076362871
1988	0	0	0.238693878	0.035868291	0.033144079	0.077134073	0.094003230	0.086076401	0.146331832	0.091392674	0.098126799	0.099228702
1989	6	6	0.115914226	0.058405917	0.056982912	0.064553767	0.077204019	0.130596235	0.179991856	0.061194230	0.110274933	0.144881874
1990	7	7	0.065431915	0.127876163	0.074031100	0.066748999	0.098559842	0.047349047	0.068814240	0.275699735	0.076513804	0.098975062
1991	8	8	0.114235945	0.037589882	0.061020810	0.103795290	0.067582242	0.060255010	0.111850090	0.051916715	0.318148136	0.073605917
1992	9	9	0.121503264	0.069824360	0.075756632	0.130623117	0.086368456	0.068624228	0.085103683	0.055923682	0.106555909	0.199716613
1993	8	6	0.087594703	0.055749878	0.042519197	0.129964620	0.082658574	0.079680167	0.142483428	0.101412497	0.141641453	0.136295483
1994	3	9	0.109266706	0.064104289	0.087607920	0.130499199	0.073441960	0.074875936	0.111530408	0.100445390	0.115415536	0.132812679
1995	1	1	0.078253604	0.221595064	0.158838674	0.096606985	0.060762271	0.063320890	0.081942685	0.083916180	0.071596459	0.083167262
1996	8	8	0.122725628	0.039698407	0.034829136	0.056052264	0.071935154	0.054636542	0.200308889	0.058823679	0.242374897	0.118615419
1997	4	4	0.051776316	0.047688555	0.068340413	0.073580228	0.290525913	0.071323112	0.061590336	0.109086372	0.100120857	0.125967905
1998	2	2	0.074821107	0.073873520	0.186343119	0.083647758	0.082322665	0.063606851	0.101853631	0.109732933	0.108726837	0.115071550
1999	7	7	0.079853222	0.127108768	0.102819957	0.065216877	0.076839305	0.076467611	0.100111671	0.196297154	0.086637251	0.088648207
