index	true	predicted	p0	p1	p2	p3	p4	p5	p6	p7	p8	p9
0	6	0	0.342697978	0.061647683	0.081639782	0.068647750	0.105064452	0.021127129	0.143676415	0.069804579	0.072401732	0.033292521
1	6	6	0.107195824	0.084818587	0.075390279	0.075996138	0.090097040	0.076579221	0.171072945	0.099841274	0.112815797	0.106192976
2	6	6	0.106045373	0.086088568	0.134376243	0.049994748	0.147529274	0.040746935	0.231934831	0.055251986	0.071271494	0.076760478
3	9	9	0.075641692	0.059755698	0.085128695	0.050902504	0.115350805	0.124717563	0.086568326	0.057288472	0.161090836	0.183555320
4	0	0	0.302772403	0.055882495	0.083439074	0.034464229	0.059335925	0.106323086	0.071830548	0.148751169	0.096664689	0.040536411
5	7	7	0.051810391	0.108475216	0.053817250	0.052014608	0.054785419	0.144504011	0.049074125	0.352557600	0.080238178	0.052723147
6	4	4	0.052559596	0.078196518	0.151836485	0.027015425	0.351365596	0.031914957	0.148314223	0.037078805	0.055344399	0.066374019
7	4	4	0.080936000	0.061635144	0.188965663	0.046635345	0.260648668	0.038032740	0.139346495	0.049718823	0.066605255	0.067475855
8	0	0	0.419420928	0.059869323	0.075074285	0.050826691	0.087389715	0.026069982	0.089082606	0.072025232	0.071560904	0.048680320
9	0	0	0.389047801	0.053726595	0.077832595	0.046644811	0.127276868	0.027795983	0.109454706	0.066842481	0.053790301	0.047587961
10	0	0	0.329667181	0.059323378	0.103992984	0.061692722	0.068179794	0.046924997	0.106164530	0.088924132	0.075603269	0.059526976
11	3	3	0.114474840	0.110888138	0.071787514	0.265197963	0.136571929	0.027066352	0.102319658	0.054667894	0.068157069	0.048868593
12	5	5	0.067290016	0.094158657	0.068275779	0.048534747	0.054674514	0.221220613	0.060465172	0.216449127	0.111607246	0.057324126
13	3	1	0.073668599	0.254541814	0.044485491	0.129794002	0.083374918	0.076275438	0.086463295	0.074461699	0.097638041	0.079296671
14	5	7	0.058678348	0.089807607	0.061976518	0.050394058	0.056989044	0.201423302	0.047797814	0.260143906	0.097818077	0.074971326
15	6	6	0.085460693	0.077176943	0.095563672	0.110516682	0.164508626	0.050651990	0.175298557	0.110917933	0.066951349	0.062953494
16	9	9	0.057216890	0.060063340	0.101175264	0.055309292	0.091345437	0.084473521	0.078591302	0.070950001	0.120171927	0.280703068
17	5	7	0.051988572	0.076940432	0.066426836	0.045446653	0.050893918	0.230894029	0.045831274	0.269065380	0.101628058	0.060884889
18	9	9	0.063069575	0.072504781	0.072011359	0.075651176	0.073267318	0.104937203	0.066197239	0.103695706	0.107277103	0.261388600
19	0	0	0.264849991	0.046033256	0.102610663	0.035481595	0.115371004	0.062004179	0.119396083	0.118043058	0.096702240	0.039507907
20	2	2	0.074976332	0.099719286	0.275935203	0.041161269	0.141042098	0.041020021	0.117184043	0.057413850	0.062057152	0.089490741
21	1	1	0.061096475	0.389924854	0.066303067	0.089470401	0.078058288	0.057713080	0.066519372	0.067160703	0.070391074	0.053362634
22	0	0	0.366932243	0.056055404	0.095906235	0.062492393	0.102444403	0.019819995	0.100452721	0.086200416	0.056337997	0.053358100
23	2	2	0.095096409	0.063546702	0.230178982	0.048897430	0.120560594	0.053358335	0.153845102	0.105303951	0.073988527	0.055223860
24	1	1	0.056522984	0.424815416	0.061690677	0.088770010	0.080489069	0.056358468	0.068515703	0.065060884	0.053249344	0.044527363
25	9	9	0.050221872	0.068454757	0.068404868	0.067731194	0.072439410	0.086110018	0.060738474	0.094745785	0.113162786	0.317990810
26	0	0	0.353975564	0.059572522	0.080893055	0.064656444	0.096930645	0.044456985	0.084769137	0.084001079	0.079067990	0.051676508
27	9	9	0.049506404	0.050679822	0.061552342	0.060390249	0.061471712	0.083945699	0.063144043	0.114638232	0.082987458	0.371684015
28	9	9	0.048439290	0.054952644	0.073257588	0.097686291	0.054526716	0.137015328	0.061037507	0.103800967	0.113587484	0.255696148
29	0	0	0.308411449	0.055926416	0.102244481	0.059625734	0.139765352	0.031255953	0.119427845	0.080324806	0.059722863	0.043295182
30	2	4	0.079447165	0.146200597	0.085293531	0.117966674	0.259554714	0.030153953	0.102055527	0.080470204	0.048876304	0.049981363
31	4	4	0.070930436	0.119352087	0.072845280	0.131888717	0.246147081	0.036072001	0.103756934	0.097707689	0.064614244	0.056685504
32	6	2	0.080975465	0.084094137	0.209001049	0.048795179	0.192541584	0.045640033	0.149759889	0.045294527	0.063587569	0.080310605
33	9	9	0.066581756	0.055341784	0.092086673	0.052499373	0.102811232	0.105683267	0.077163905	0.081536770	0.103285789	0.263009489
34	8	8	0.091585666	0.068334788	0.077221744	0.041518647	0.081910975	0.079400741	0.092112906	0.075289503	0.253393561	0.139231384
35	6	6	0.167031556	0.075227924	0.058833599	0.077953257	0.059270803	0.059287176	0.170877069	0.134185970	0.110567741	0.086764835
36	3	3	0.093385771	0.125081152	0.073260091	0.263770550	0.088432305	0.062822469	0.081727579	0.076787934	0.070708655	0.064023450
37	2	4	0.086312108	0.091832139	0.158540800	0.059784181	0.174434885	0.068277925	0.093362339	0.117114909	0.082554862	0.067785800
38	4	4	0.074048348	0.063420482	0.110137895	0.040745705	0.225483105	0.056823339	0.173940122	0.090468980	0.078517526	0.086414538
39	4	4	0.081908464	0.061503809	0.123805769	0.055993848	0.308980316	0.042876743	0.153238058	0.054836836	0.076037318	0.040818866
40	3	3	0.090926282	0.192220509	0.055459399	0.217206270	0.096555077	0.064617462	0.073710933	0.072270781	0.070518911	0.066514403
41	5	9	0.060879491	0.073744036	0.084508270	0.111638702	0.062470842	0.146027073	0.073208645	0.110080980	0.115878142	0.161563858
42	6	6	0.178126290	0.075837590	0.072737560	0.061098196	0.085997179	0.059592735	0.202656358	0.085039601	0.085204564	0.093709894
43	4	9	0.093601845	0.081803463	0.108316772	0.051443085	0.124530300	0.080076434	0.128358036	0.068474576	0.121645547	0.141749889
44	7	7	0.057492625	0.059319265	0.078826495	0.047265027	0.070193417	0.102433868	0.062237356	0.268640578	0.115228683	0.138362661
45	2	0	0.155814752	0.066914484	0.085876085	0.053823490	0.087120339	0.104791738	0.111879036	0.110141441	0.094554439	0.129084200
46	3	3	0.089737520	0.086509086	0.080605708	0.310237437	0.124583997	0.038319968	0.082777999	0.060276236	0.074596763	0.052355345
47	4	4	0.078333043	0.062168743	0.144921675	0.026393620	0.281591833	0.058349192	0.122048169	0.054619107	0.086381987	0.085192613
48	9	9	0.063534260	0.060803190	0.078338139	0.103408135	0.064807869	0.091410451	0.101134956	0.120287456	0.109586775	0.206688747
49	2	6	0.171592981	0.075193904	0.108946294	0.087827608	0.123988621	0.034302987	0.179732352	0.096024819	0.055909466	0.066480897
50	9	9	0.059792738	0.054141469	0.106984489	0.055201463	0.083745755	0.126721799	0.063455991	0.098702036	0.111374736	0.239879578
51	2	2	0.070438705	0.086274482	0.286523253	0.030554973	0.177987501	0.029391954	0.132499799	0.066529296	0.068979964	0.050820094
52	4	4	0.078391634	0.076705746	0.161182851	0.057244837	0.218763426	0.059906077	0.126981050	0.053108677	0.073904574	0.093811102
53	0	0	0.286468863	0.072839603	0.068980739	0.055475790	0.068660192	0.071075574	0.084111325	0.146208435	0.095763594	0.050415885
54	1	1	0.072537817	0.376989245	0.068563066	0.101425558	0.101463035	0.041858282	0.078545123	0.066997968	0.047797211	0.043822642
55	2	2	0.110739306	0.079820544	0.265611112	0.072377697	0.101474345	0.036974419	0.139937192	0.090925872	0.055056665	0.047082860
56	5	7	0.050627828	0.084428735	0.075088188	0.047832157	0.073250912	0.145129204	0.055971906	0.300545245	0.098103717	0.069022186
57	6	2	0.067899644	0.076105393	0.248295292	0.043690450	0.202935010	0.032792706	0.166369334	0.056663614	0.050948765	0.054299731
58	4	4	0.066867515	0.080235921	0.161366895	0.031805713	0.270347446	0.050677452	0.117649794	0.092074595	0.067969419	0.061005253
59	5	5	0.067277625	0.073666327	0.073414713	0.093116634	0.073554330	0.183896512	0.081391923	0.096386366	0.110972844	0.146322682
60	1	6	0.096462078	0.117270343	0.084743254	0.122205265	0.130124375	0.038789663	0.198551506	0.091642715	0.057755709	0.062455095
61	4	2	0.068705454	0.077987373	0.245150670	0.045186322	0.216201574	0.032647710	0.134877995	0.044982705	0.063186437	0.071073800
62	5	7	0.048166301	0.088819683	0.052353237	0.040747065	0.056581192	0.235554352	0.045041140	0.278683901	0.091267101	0.062786035
63	9	9	0.070382968	0.048351895	0.074795417	0.063051902	0.097073831	0.095240563	0.081984527	0.115262747	0.143464819	0.210391313
64	7	9	0.061194312	0.068921424	0.075677447	0.070629865	0.097795643	0.097268552	0.064564392	0.149702936	0.090410933	0.223834544
65	0	0	0.335042447	0.062440809	0.080229916	0.084768303	0.085169256	0.029905703	0.134228334	0.067150488	0.060782459	0.060282301
66	9	9	0.063795164	0.052261245	0.099847846	0.040201128	0.094108008	0.090984106	0.069221526	0.069087021	0.096794672	0.323699266
67	6	4	0.060763169	0.084078640	0.139946729	0.043109406	0.310483664	0.019800358	0.164537013	0.040285006	0.071002416	0.065993562
68	9	9	0.054143973	0.061629612	0.103537679	0.053806491	0.064753525	0.077575989	0.056317326	0.067851074	0.091715440	0.368668884
69	3	3	0.102588758	0.133886561	0.074443698	0.210714996	0.120868757	0.046733845	0.100865252	0.071546115	0.080889665	0.057462327
70	7	9	0.058852587	0.061760090	0.091919661	0.082139425	0.089308567	0.127187997	0.077716120	0.137357160	0.093355134	0.180403262
71	7	7	0.053809825	0.057564542	0.055978689	0.040003408	0.054563876	0.077371262	0.050613515	0.459682107	0.090217814	0.060194872
72	2	2	0.088852838	0.086888850	0.195232973	0.134683982	0.082564905	0.071754023	0.108207770	0.083020650	0.071958192	0.076835789
73	1	1	0.074561521	0.422337472	0.062526174	0.098409563	0.100133993	0.030765090	0.071023867	0.056192778	0.044373654	0.039675765
74	9	9	0.055275328	0.067414232	0.074785583	0.064971752	0.057984751	0.109018572	0.068593211	0.104487672	0.090111651	0.307357192
75	5	7	0.059650522	0.098591000	0.057311978	0.054604564	0.056380827	0.225621954	0.055579361	0.235576108	0.104939759	0.051743869
76	2	2	0.091887906	0.090303607	0.198068723	0.048702352	0.079152927	0.081164353	0.094933830	0.161709681	0.085570447	0.068506196
77	8	8	0.079958282	0.066559114	0.075449869	0.087746851	0.074808791	0.078004695	0.083531305	0.075367726	0.277062744	0.101510540
78	5	5	0.049884085	0.074863702	0.088397160	0.085511759	0.127881691	0.186404616	0.084952272	0.106112033	0.073870480	0.122122183
79	6	6	0.075117640	0.122481160	0.088580377	0.131826282	0.076695673	0.079184249	0.149433166	0.077742025	0.103146277	0.095793113
80	8	8	0.112943999	0.065452851	0.087494917	0.072829448	0.084855296	0.072813459	0.123037644	0.086259775	0.165304527	0.129008114
81	9	9	0.081799209	0.062023439	0.060161520	0.093977645	0.084718302	0.091988787	0.080590189	0.116574615	0.152904361	0.175261930
82	1	1	0.062170438	0.432868868	0.052335326	0.105059281	0.081696533	0.042199545	0.066105679	0.059109531	0.052683361	0.045771495
83	5	5	0.066728644	0.084192447	0.064419404	0.072231203	0.136367083	0.177869931	0.107150316	0.078338750	0.095191613	0.117510684
84	1	1	0.059710752	0.468533188	0.052927062	0.091790549	0.076153204	0.035706472	0.067494258	0.058268845	0.047449958	0.041965794
85	3	3	0.096479252	0.184172228	0.058508482	0.216680571	0.129675552	0.054491144	0.075605430	0.062790938	0.063621737	0.057974614
86	4	2	0.079141192	0.118687451	0.127820283	0.080256499	0.112481870	0.099358089	0.119735129	0.080387123	0.094133660	0.087998629
87	2	2	0.080253668	0.103219926	0.250485420	0.076357089	0.131869972	0.037271094	0.156912595	0.058994710	0.050497003	0.054138530
88	7	7	0.043681312	0.100272611	0.060952730	0.049936019	0.048995782	0.164455831	0.047241282	0.338338912	0.086460643	0.059664808
89	1	1	0.080924548	0.355076790	0.063051298	0.088517979	0.114876390	0.046525721	0.078736156	0.061808106	0.054731205	0.055751819
90	2	6	0.092164129	0.120539770	0.076320469	0.117467560	0.117528453	0.044647034	0.206415176	0.082610466	0.082986332	0.059320580
91	1	1	0.058110870	0.479773849	0.059793439	0.085918114	0.077758767	0.026360694	0.064766198	0.051846728	0.052705299	0.042965963
92	9	9	0.065936111	0.060104091	0.097195633	0.057290297	0.080465041	0.121836849	0.072052233	0.091964222	0.128240526	0.224914998
93	3	3	0.081071578	0.085310511	0.082587525	0.186224028	0.145905286	0.038016424	0.182725668	0.095604002	0.052482322	0.050072677
94	5	5	0.059348844	0.094110221	0.056584314	0.110752761	0.090504624	0.160011262	0.079032950	0.146743208	0.094258167	0.108653635
95	7	7	0.051253520	0.086329959	0.069176100	0.044010803	0.053730343	0.107580312	0.043771878	0.402053714	0.081996895	0.060096491
96	5	5	0.062875085	0.072017200	0.082151957	0.078266777	0.104944676	0.204014063	0.092473365	0.092882127	0.096398257	0.113976546
97	7	7	0.052262161	0.062375076	0.057093099	0.035724677	0.062368229	0.119666524	0.055607315	0.422403157	0.081344731	0.051155072
98	1	1	0.082051188	0.304162294	0.052570570	0.098603271	0.099566780	0.064257421	0.098121643	0.081053995	0.067461103	0.052151810
99	7	9	0.068656236	0.063392974	0.076305926	0.073424958	0.098118179	0.096453860	0.070924647	0.125829965	0.081061162	0.245832115
100	7	7	0.049334247	0.083566360	0.073077850	0.072196960	0.066632017	0.112648226	0.066305161	0.237666711	0.083063051	0.155509397
101	0	6	0.116153404	0.063863382	0.138958380	0.067748562	0.124005809	0.040366512	0.229111925	0.066986784	0.061569814	0.091235414
102	5	9	0.066196151	0.064459279	0.080587551	0.081861556	0.079963006	0.159021482	0.063780271	0.119437173	0.121327952	0.163365602
103	3	3	0.143879995	0.119985543	0.058767267	0.151400670	0.127257019	0.052981537	0.130841032	0.075468004	0.077196807	0.062222019
104	1	1	0.056307640	0.486654401	0.054592650	0.084949203	0.072016671	0.029342584	0.071642026	0.051570553	0.052486949	0.040437281
105	9	9	0.063676775	0.070442572	0.075866386	0.077293962	0.064666376	0.124282703	0.064564042	0.109031245	0.099514455	0.250661433
106	4	4	0.082743019	0.092591524	0.140537873	0.060853112	0.143924564	0.081272051	0.119013995	0.084155351	0.102893420	0.092015088
107	1	1	0.097918808	0.180923551	0.064607024	0.105873197	0.129170567	0.053798124	0.155342117	0.101237364	0.056234125	0.054895032
108	9	9	0.035716306	0.046631783	0.094098128	0.042418219	0.069603674	0.087173797	0.055092126	0.065617144	0.094977394	0.408671379
109	6	4	0.070251524	0.075932853	0.132891148	0.043575760	0.288231522	0.033715267	0.152466163	0.041654006	0.078697495	0.082584225
110	6	0	0.300861448	0.092467517	0.077479936	0.106718138	0.077609904	0.047517069	0.113837272	0.064559892	0.057695579	0.061253294
111	5	5	0.060091045	0.060317345	0.052755360	0.072659418	0.061307374	0.264702350	0.074619748	0.109440237	0.095691018	0.148416102
112	0	0	0.163425326	0.146162406	0.055084061	0.121026918	0.068175539	0.105902493	0.108282760	0.072674990	0.081245929	0.078019574
113	5	5	0.085464515	0.082286730	0.104773097	0.075751923	0.092941321	0.157167345	0.089375943	0.101719268	0.095471404	0.115048476
114	9	9	0.060146585	0.048334688	0.079987317	0.053100854	0.072575241	0.116893604	0.062834471	0.079768695	0.087333895	0.339024663
115	5	7	0.076496638	0.059790455	0.063231185	0.067004018	0.093888715	0.122963175	0.093653828	0.151029512	0.138267726	0.133674696
116	9	9	0.067616135	0.059526853	0.081874393	0.072127573	0.086763032	0.088680588	0.076699644	0.110743001	0.099952057	0.256016761
117	7	7	0.053001020	0.060007181	0.074204728	0.066841349	0.060416326	0.091102630	0.083349623	0.257245094	0.107439697	0.146392375
118	5	5	0.078525856	0.089140758	0.064744741	0.076364040	0.095568307	0.163995758	0.083702967	0.121216208	0.085401900	0.141339496
119	3	3	0.088382229	0.138203606	0.061798498	0.276206762	0.095482036	0.058698259	0.074735232	0.080560721	0.069435112	0.056497518
120	8	4	0.069000147	0.071854420	0.105977662	0.045029782	0.175849378	0.074238226	0.121019788	0.058046028	0.126658052	0.152326539
121	5	5	0.061995149	0.101610430	0.065242894	0.058236983	0.108090423	0.175680801	0.073971815	0.172927544	0.090018392	0.092225693
122	4	4	0.076004080	0.068947941	0.140697509	0.069414318	0.257342160	0.045929857	0.165161952	0.048099980	0.067704163	0.060698006
123	6	0	0.353108019	0.055621337	0.082417816	0.063725807	0.100516617	0.026013270	0.148816630	0.061442792	0.056991071	0.051346555
124	3	0	0.157760978	0.144668981	0.059259627	0.132785633	0.120615669	0.069501586	0.124865957	0.068340965	0.062960073	0.059240561
125	2	2	0.098257042	0.099712469	0.250454038	0.036252860	0.140549749	0.049425770	0.116081819	0.065122403	0.076080263	0.068063602
126	2	2	0.079817936	0.104420856	0.146965533	0.092968829	0.130045891	0.085448332	0.089651078	0.090311423	0.091805749	0.088564284
127	3	1	0.096829973	0.201762959	0.057393167	0.144356310	0.127507433	0.064630203	0.087455809	0.089199282	0.066893153	0.063971601
128	7	7	0.059697408	0.084874660	0.061010115	0.051087894	0.060867965	0.144673854	0.050764762	0.327326119	0.099851251	0.059845917
129	9	9	0.049020778	0.064678095	0.071246758	0.079207271	0.060791712	0.108489811	0.048711523	0.136852592	0.077832177	0.303169280
130	1	1	0.072416306	0.291159362	0.069908239	0.075657733	0.107945591	0.091410927	0.087762676	0.071336620	0.070769154	0.061633319
131	0	0	0.364468485	0.061491676	0.107625373	0.049714815	0.086896628	0.030874956	0.095190957	0.099022098	0.065936476	0.038778517
132	8	8	0.067234546	0.094112255	0.098286301	0.061046116	0.080661297	0.059066765	0.088715009	0.106869742	0.235679805	0.108328171
133	5	5	0.066197313	0.069901593	0.046514064	0.046322078	0.077140070	0.310273170	0.058344383	0.146568805	0.100133009	0.078605548
134	8	8	0.061826933	0.095440388	0.070353113	0.105873629	0.073884554	0.048355754	0.101081952	0.080845371	0.260619342	0.101718903
135	1	1	0.062948048	0.439947248	0.059748124	0.088329159	0.076033667	0.035695206	0.067001037	0.060393672	0.061087187	0.048816696
136	7	7	0.071948014	0.072144069	0.080150642	0.052635677	0.056706291	0.158453703	0.091089375	0.224954858	0.124156617	0.067760803
137	5	5	0.070392728	0.074180916	0.063118160	0.057198919	0.088306725	0.216856480	0.073654942	0.161272526	0.100218855	0.094799757
138	5	5	0.058073569	0.064816594	0.084412433	0.084770739	0.078061022	0.193900675	0.064897701	0.110932864	0.104708627	0.155425817
139	7	7	0.064224131	0.078476436	0.090981580	0.065780267	0.078656860	0.125326544	0.075495467	0.214780360	0.096265525	0.110012822
140	6	6	0.072473608	0.064683452	0.094268888	0.070546776	0.148383111	0.062482972	0.182304516	0.097047158	0.080608949	0.127200648
141	1	1	0.068527326	0.365312517	0.064829901	0.093503281	0.096774630	0.059973590	0.069944195	0.072752245	0.054591980	0.053790320
142	8	8	0.061109584	0.097003847	0.094044998	0.066734269	0.074379064	0.067526318	0.110920034	0.090916723	0.215998426	0.121366799
143	7	7	0.053644981	0.102778561	0.055427678	0.045874599	0.057303715	0.126757577	0.045701131	0.378372550	0.079287946	0.054851260
144	0	0	0.342263281	0.054330386	0.099905223	0.074171022	0.125273317	0.026480367	0.089884751	0.056616068	0.062355630	0.068719909
145	1	1	0.101614982	0.206203476	0.065554209	0.115360811	0.119654693	0.045827392	0.150555879	0.081537008	0.063187093	0.050504483
146	9	9	0.077617452	0.066364072	0.077213213	0.072532550	0.083186671	0.085242420	0.078707561	0.105765991	0.162858084	0.190511957
147	2	4	0.076903515	0.102416672	0.144100785	0.072591238	0.237126529	0.047904473	0.115369141	0.077556051	0.063331746	0.062699817
148	8	8	0.066821598	0.055917300	0.063493229	0.054158218	0.070639446	0.075451583	0.065462664	0.072507605	0.351187140	0.124361239
149	1	1	0.069768675	0.329978794	0.062338598	0.113662571	0.091000192	0.062132787	0.065980025	0.073186398	0.079865441	0.052086521
150	8	8	0.061403535	0.075756744	0.113760456	0.061300352	0.091060638	0.076473877	0.089638203	0.090413481	0.198381767	0.141810864
151	3	1	0.071685113	0.224330276	0.052527141	0.208990097	0.085876122	0.065446712	0.075543910	0.066361375	0.082173951	0.067065276
152	7	7	0.043536969	0.045529954	0.061282106	0.044176295	0.065298975	0.083318233	0.066781454	0.417148709	0.090763576	0.082163833
153	4	4	0.086574480	0.085262261	0.143548191	0.061467756	0.267323792	0.053993348	0.112166047	0.090819947	0.060197312	0.038646922
154	9	9	0.048014808	0.057993647	0.061338052	0.069447070	0.052163836	0.093340866	0.054851666	0.095582880	0.090737469	0.376529664
155	7	7	0.056374114	0.078168347	0.066692494	0.046124898	0.054531917	0.160717383	0.049166802	0.331201583	0.100542143	0.056480341
156	0	0	0.307901829	0.055986095	0.073987633	0.085718289	0.102788150	0.026176352	0.171667859	0.068176717	0.053878058	0.053719047
157	0	0	0.318250507	0.098433435	0.051767886	0.075296924	0.083800472	0.066897728	0.094727181	0.070111044	0.081975378	0.058739476
158	0	4	0.112317599	0.082814403	0.095795803	0.113878444	0.138819471	0.085037984	0.106205337	0.106117524	0.085523978	0.073489450
159	2	2	0.076631822	0.084350020	0.264871806	0.041413166	0.158057168	0.037883550	0.120113194	0.066842638	0.084357083	0.065479681
160	9	9	0.054974079	0.057076972	0.071386196	0.063507073	0.072965793	0.089751214	0.077130243	0.114125982	0.095918670	0.303163797
161	7	7	0.049522828	0.073284306	0.050482050	0.037438966	0.057658501	0.129408538	0.054013692	0.414920717	0.079437748	0.053832740
162	7	7	0.062180560	0.046484787	0.060924757	0.051671881	0.056390155	0.102394029	0.066460423	0.354847044	0.113174498	0.085471965
163	7	5	0.049565651	0.076323122	0.070741653	0.074299738	0.070591576	0.234824151	0.052439615	0.202265903	0.094549067	0.074399501
164	7	7	0.052449800	0.067752786	0.068244174	0.041488368	0.062019549	0.118286513	0.054727159	0.378672421	0.094737202	0.061622143
165	7	9	0.060646687	0.072395593	0.084027573	0.071080655	0.092702463	0.111149728	0.069883876	0.115918785	0.101227738	0.220966876
166	3	4	0.087068111	0.105349168	0.080838248	0.139913976	0.212916568	0.040076960	0.129254222	0.077902220	0.061030764	0.065649785
167	6	3	0.096855484	0.138774887	0.068772845	0.169568449	0.126085803	0.079470202	0.105915390	0.077101700	0.076348796	0.061106525
168	6	4	0.083258517	0.113731533	0.099929169	0.106738359	0.157794729	0.091650635	0.136632770	0.076844066	0.066807583	0.066612713
169	4	4	0.075715110	0.078179985	0.177474335	0.047212385	0.201609761	0.046259373	0.164663777	0.050679989	0.082592405	0.075612925
170	6	7	0.094785303	0.070806965	0.065464340	0.079861678	0.084474400	0.114806890	0.144930601	0.156873181	0.103793956	0.084202647
171	7	7	0.050093621	0.087176710	0.057179160	0.041595008	0.053347856	0.103074834	0.044038698	0.429173201	0.080746241	0.053574689
172	3	0	0.241080850	0.058641799	0.051919717	0.065716535	0.093047231	0.051764604	0.186204270	0.068866514	0.117773168	0.064985223
173	2	4	0.089163050	0.079099312	0.148864806	0.148427933	0.207408115	0.046535555	0.093077138	0.073895387	0.060389198	0.053139526
174	7	7	0.045112394	0.059114505	0.052592732	0.035871293	0.048973862	0.111205526	0.046346236	0.454553664	0.086205013	0.060024649
175	5	9	0.100207299	0.068559609	0.068206817	0.058403011	0.099390313	0.157007232	0.078992702	0.101990148	0.104520902	0.162721977
176	1	1	0.089661941	0.229418755	0.050095808	0.109899916	0.106019400	0.057887103	0.149964198	0.099280916	0.054701440	0.053070590
177	6	4	0.123413995	0.087519191	0.112192094	0.148523137	0.166448459	0.043864798	0.113556556	0.070662171	0.074397877	0.059421699
178	0	0	0.336155355	0.057512976	0.082308903	0.081806898	0.125795051	0.022804812	0.123710148	0.060412437	0.057357807	0.052135672
179	5	5	0.062726602	0.109496631	0.056227725	0.055227973	0.094871193	0.220975101	0.058220763	0.186273739	0.079340518	0.076639824
180	8	3	0.079345621	0.123335958	0.073796302	0.160473347	0.076683082	0.106517188	0.077779278	0.098196387	0.106542885	0.097329967
181	9	9	0.058258098	0.065373503	0.092245527	0.063679650	0.074131265	0.099142410	0.063200653	0.065590523	0.118215621	0.300162733
182	9	9	0.046846911	0.056581937	0.100415267	0.061227798	0.075218476	0.103241920	0.059307337	0.078183703	0.097312011	0.321664661
183	1	1	0.095202796	0.232147723	0.053373814	0.099194892	0.103901051	0.072990865	0.105292991	0.093657814	0.075976312	0.068261757
184	9	9	0.047595005	0.060878057	0.070824847	0.067132711	0.083637796	0.099343345	0.054288182	0.092184156	0.091784723	0.332331181
185	1	1	0.065265536	0.446152717	0.058682114	0.100862600	0.090704396	0.023893464	0.076931477	0.051489044	0.045897681	0.040121105
186	7	7	0.050257791	0.066231176	0.052038882	0.038136378	0.055285059	0.120592438	0.050845388	0.427723914	0.090158820	0.048730168
187	7	7	0.061903838	0.071380213	0.071845695	0.053302918	0.077132128	0.111816965	0.060538981	0.264078826	0.098047823	0.129952595
188	7	7	0.052232232	0.068719298	0.065399870	0.043876093	0.053996973	0.111072883	0.047502324	0.418343127	0.084495574	0.054361615
189	6	6	0.110615820	0.086297922	0.097310133	0.142431185	0.121863961	0.023170348	0.177622661	0.104101047	0.071103975	0.065483056
190	4	4	0.063429788	0.086596377	0.130396798	0.053386431	0.267687052	0.022313962	0.165038809	0.053134307	0.085167669	0.072848894
191	3	3	0.070138440	0.157945797	0.068053767	0.201770484	0.073173791	0.119905241	0.066111110	0.086246133	0.077268951	0.079386316
192	4	4	0.071082421	0.075677335	0.188948631	0.040317722	0.263152629	0.043405060	0.112792052	0.055521265	0.075624749	0.073478177
193	7	7	0.063744903	0.066029437	0.079665430	0.067629851	0.068121403	0.092737719	0.072439484	0.272831380	0.072367914	0.144432500
194	3	4	0.102655947	0.097391471	0.098346062	0.147073463	0.186616138	0.038769905	0.116432697	0.080930598	0.062421322	0.069362350
195	1	1	0.052317116	0.432273686	0.054758485	0.095281363	0.058476642	0.051867694	0.056533910	0.075731277	0.067495562	0.055264212
196	7	9	0.053915840	0.064369239	0.069244176	0.094833292	0.077155799	0.113119878	0.097388498	0.173708275	0.075901642	0.180363342
197	2	7	0.079833306	0.124097347	0.098925747	0.108234234	0.075307079	0.089912757	0.129657030	0.132223397	0.063854761	0.097954303
198	2	4	0.071964033	0.087386727	0.200797454	0.043232493	0.225367799	0.039280597	0.152467996	0.058676943	0.060743868	0.060082093
199	7	7	0.044253208	0.081808977	0.056721497	0.037537299	0.046601512	0.127720013	0.037855014	0.433429152	0.079336338	0.054737005
200	8	8	0.080221847	0.064745761	0.084647022	0.074627079	0.082800098	0.071401268	0.101599663	0.084556252	0.242999211	0.112401731
201	2	2	0.093520351	0.094072528	0.262918979	0.044888891	0.143757671	0.041436426	0.116066970	0.065432101	0.068463266	0.069442742
202	4	4	0.097908318	0.078046456	0.086641610	0.082518250	0.227534056	0.034505740	0.202129751	0.071950883	0.064024165	0.054740779
203	5	9	0.049866062	0.052570269	0.096316129	0.128593519	0.055022929	0.140965983	0.071787387	0.128032297	0.110872366	0.165972993
204	4	4	0.055478912	0.076157406	0.211165234	0.026218785	0.329387009	0.031996988	0.114972018	0.049714256	0.052281909	0.052627470
205	8	8	0.055038769	0.064718641	0.088804983	0.041223105	0.084885694	0.067348532	0.073627412	0.092558198	0.325957328	0.105837367
206	4	4	0.080172837	0.074799426	0.164461866	0.078229822	0.188247457	0.049055941	0.151016846	0.068045780	0.079480216	0.066489846
207	4	4	0.079941355	0.080057301	0.101368278	0.119500354	0.253870964	0.031509288	0.143484339	0.072458908	0.064134918	0.053674251
208	9	9	0.066873558	0.066050358	0.081233978	0.099633023	0.082615122	0.127135545	0.073534906	0.106030799	0.118538350	0.178354397
209	7	7	0.050176963	0.089336164	0.055520695	0.042899143	0.054973602	0.122158818	0.049197551	0.402265608	0.080811158	0.052660234
210	5	5	0.063525818	0.072045870	0.087067433	0.098417848	0.069458768	0.197442636	0.077037938	0.105141833	0.098744258	0.131117553
211	9	9	0.050576862	0.061072301	0.060757954	0.067796774	0.090328686	0.095172308	0.067985445	0.080210395	0.088939942	0.337159395
212	3	0	0.236121863	0.087099463	0.070189714	0.104977570	0.128198683	0.052731648	0.128295317	0.078276187	0.061251879	0.052857589
213	8	0	0.181095466	0.096206695	0.100068659	0.036886171	0.098241456	0.065117285	0.085424319	0.078688353	0.168175235	0.090096295
214	3	6	0.082333930	0.082177952	0.074464902	0.145742580	0.158328027	0.035310075	0.194762543	0.104779698	0.066755012	0.055345353
215	2	0	0.185216993	0.080620378	0.166796446	0.047031272	0.160554677	0.052233554	0.114067532	0.035299104	0.072410032	0.085770138
216	0	0	0.343440980	0.057182755	0.099980675	0.078965649	0.092512444	0.039717477	0.101992808	0.066183388	0.058468677	0.061555184
217	8	8	0.100140505	0.066998132	0.119100951	0.088265859	0.083647661	0.051644582	0.098478340	0.135114506	0.183987215	0.072622187
218	5	5	0.066746026	0.089383200	0.076250114	0.069457807	0.103032254	0.164789245	0.068705395	0.078430429	0.136917248	0.146288320
219	0	6	0.122521058	0.057762597	0.161435321	0.055571452	0.128949776	0.029550238	0.213467777	0.106556617	0.062098023	0.062087167
220	6	6	0.086982720	0.074486017	0.116659455	0.099558346	0.147082344	0.049859580	0.243699744	0.062750295	0.062408742	0.056512721
221	7	7	0.050740317	0.085903615	0.071684137	0.044106260	0.056751572	0.083121352	0.051495485	0.406795651	0.093122609	0.056279056
222	7	9	0.067037672	0.074460626	0.080232605	0.077800430	0.068419874	0.099067755	0.076648243	0.119161293	0.093869500	0.243302047
223	4	4	0.085001923	0.072662063	0.145990655	0.042338762	0.226051435	0.034811500	0.204788730	0.051337227	0.073259763	0.063757993
224	8	8	0.068913579	0.070550099	0.074253760	0.042128723	0.083112530	0.066797897	0.072800845	0.060011663	0.326084018	0.135346815
225	0	0	0.379989594	0.059551302	0.088065676	0.062352173	0.091741398	0.032570202	0.089572176	0.080368526	0.070522442	0.045266535
226	8	0	0.203842461	0.062169444	0.069526613	0.043954797	0.119489364	0.075319231	0.096223429	0.040298242	0.172411010	0.116765402
227	4	4	0.096446931	0.070700154	0.129060566	0.082215942	0.161345571	0.088829070	0.134319171	0.071787097	0.084417701	0.080877841
228	4	4	0.083051510	0.085030310	0.098399103	0.097304054	0.316289902	0.024065921	0.108707152	0.065916255	0.065607511	0.055628195
229	3	4	0.091404215	0.126340285	0.054794930	0.160157233	0.180302918	0.048523661	0.126693085	0.087303169	0.064855754	0.059624717
230	3	6	0.135363415	0.072979420	0.083295867	0.113326229	0.080737971	0.074543774	0.151523128	0.113185264	0.094987884	0.080057032
231	5	5	0.110358395	0.073006034	0.107195832	0.065425828	0.082058795	0.150754601	0.078412279	0.105249606	0.111295372	0.116243310
232	0	6	0.105804957	0.086751617	0.082098052	0.124264695	0.164582551	0.031032680	0.204454780	0.072345160	0.073911875	0.054753620
233	5	5	0.116729535	0.073890269	0.083392136	0.089778639	0.084368035	0.165351361	0.089811914	0.093098082	0.096311808	0.107268259
234	9	9	0.053340182	0.053552043	0.076888479	0.065857142	0.103957504	0.120615266	0.084291466	0.110282965	0.123577721	0.207637191
235	3	3	0.103350274	0.124611385	0.074712627	0.216368645	0.118146203	0.040245935	0.121164702	0.075626194	0.071170628	0.054603454
236	1	1	0.062683515	0.460242152	0.058033828	0.092781141	0.081047207	0.026949612	0.068821795	0.054129846	0.052753508	0.042557511
237	1	1	0.062981926	0.436646312	0.062428325	0.090970986	0.079219595	0.041789558	0.063741416	0.062381614	0.050701454	0.049138818
238	5	5	0.068862513	0.051657826	0.076872818	0.082859695	0.096711591	0.240088016	0.065504424	0.124451630	0.099285893	0.093705565
239	7	9	0.077252612	0.071345538	0.094105512	0.080525957	0.088512324	0.103475243	0.075335391	0.129117072	0.104636185	0.175694108
240	1	1	0.076732069	0.387681931	0.060532920	0.112289742	0.103438042	0.026469707	0.079421736	0.058449306	0.051054318	0.043930177
241	0	0	0.374550432	0.055845063	0.078463472	0.054134112	0.125532120	0.025519427	0.122943781	0.063430868	0.048532810	0.051047895
242	5	7	0.057239968	0.113224491	0.068675123	0.051492389	0.060447063	0.194842294	0.060958672	0.229529724	0.090000495	0.073589705
243	0	6	0.107055128	0.073707387	0.058593925	0.132699937	0.128670961	0.040295500	0.202722654	0.129947409	0.071976274	0.054330796
244	9	9	0.048530295	0.052736264	0.097852565	0.052050792	0.066321425	0.079633579	0.075427637	0.075260349	0.096859381	0.355327696
245	1	1	0.085929282	0.334815621	0.065068938	0.102439210	0.099082336	0.042470109	0.095292404	0.071291171	0.056703504	0.046907336
246	6	4	0.076017022	0.067595139	0.119372547	0.058635417	0.260772586	0.046770390	0.190266281	0.063280053	0.059925437	0.057365146
247	2	4	0.087446615	0.092305847	0.167504117	0.052234787	0.181531146	0.058881011	0.115693145	0.097125389	0.080827720	0.066450179
248	2	4	0.091640927	0.084000513	0.126201242	0.088723242	0.139075235	0.082039885	0.130079314	0.113757715	0.078307912	0.066174015
249	5	5	0.073488571	0.071920678	0.078873724	0.075939566	0.080170423	0.197014377	0.086175606	0.089853451	0.121560626	0.125003025
250	9	9	0.056734759	0.045704782	0.104623035	0.059680417	0.078574792	0.076162137	0.105809532	0.062516280	0.119494870	0.290699363
251	4	4	0.075590402	0.123978071	0.073904395	0.124699987	0.268967927	0.032875624	0.106314361	0.069292225	0.066699527	0.057677470
252	7	7	0.052762564	0.078044139	0.054741018	0.043286968	0.055312891	0.130556792	0.042634930	0.403852314	0.086482845	0.052325547
253	3	3	0.095954314	0.203545824	0.054198954	0.228598714	0.090118945	0.060481362	0.067123756	0.064441726	0.067220740	0.068315797
254	2	2	0.087702170	0.100366764	0.278051168	0.045637343	0.132780939	0.039569393	0.111192919	0.059468117	0.068454035	0.076777108
255	3	4	0.084087685	0.065688081	0.098585345	0.155004874	0.230220750	0.039327309	0.121338457	0.084872670	0.056911483	0.063963331
256	2	2	0.086914629	0.100723229	0.272821486	0.039781321	0.133206442	0.031160155	0.124879211	0.075279549	0.062617056	0.072616957
257	8	8	0.072670549	0.082547016	0.094888568	0.057146013	0.058660045	0.071483858	0.079523563	0.184267059	0.232567832	0.066245541
258	5	9	0.060576215	0.051448014	0.092768632	0.103098787	0.056494705	0.162778884	0.073379830	0.119651496	0.106312200	0.173491195
259	1	1	0.084124885	0.149077103	0.054176077	0.116298124	0.132844880	0.071005806	0.117553011	0.129055828	0.070320584	0.075543724
260	1	1	0.090268180	0.245805055	0.041866489	0.084568322	0.111861505	0.088956110	0.098760031	0.096985161	0.077056512	0.063872643
261	2	4	0.091211237	0.087367795	0.120911583	0.047945701	0.247446254	0.040021200	0.151184291	0.084734857	0.072366007	0.056811091
262	1	6	0.088973992	0.102134846	0.089569040	0.140440211	0.137190312	0.064606883	0.151196733	0.115977034	0.060648516	0.049262490
263	2	6	0.077203475	0.067901507	0.121045597	0.098129854	0.137924746	0.092362694	0.150322631	0.088966303	0.088254496	0.077888682
264	1	1	0.074620992	0.368485481	0.061407737	0.087240241	0.110937990	0.043128081	0.086212620	0.061538626	0.056884024	0.049544312
265	7	7	0.058251910	0.076524675	0.056726128	0.044286408	0.060178816	0.084974140	0.053063344	0.397599697	0.105441593	0.062953278
266	2	6	0.116652921	0.071745269	0.099557079	0.093903318	0.102890722	0.074459039	0.126814052	0.109521754	0.095632918	0.108822890
267	4	4	0.063974358	0.078042209	0.206335828	0.038616501	0.258438259	0.038647171	0.142034754	0.059280969	0.059261478	0.055368513
268	5	5	0.082744926	0.068340093	0.082679644	0.085686557	0.070148036	0.209598258	0.072522037	0.093799748	0.088133730	0.146346971
269	3	1	0.070716091	0.231478348	0.051015761	0.195009485	0.072979517	0.077260323	0.064441927	0.085934751	0.081691362	0.069472507
270	2	6	0.086898156	0.069582827	0.149885461	0.047584672	0.199419692	0.039158892	0.204531059	0.080570661	0.069864005	0.052504629
271	3	1	0.079946585	0.149815798	0.052386452	0.146872193	0.132516384	0.078801923	0.113688074	0.116116412	0.063643560	0.066212535
272	2	2	0.094841629	0.094590791	0.286111295	0.073453918	0.107175469	0.040406957	0.109365545	0.071571015	0.058983210	0.063500173
273	0	6	0.115946114	0.076121777	0.112744242	0.152169794	0.154331326	0.040698834	0.157119602	0.072755374	0.070222646	0.047890220
274	2	2	0.089430563	0.069485530	0.216648564	0.042203836	0.179886088	0.048644990	0.147896990	0.042757161	0.079851978	0.083194345
275	7	9	0.060517188	0.069487102	0.079133645	0.066907637	0.114015482	0.101231582	0.076862454	0.101629078	0.095374748	0.234841079
276	8	8	0.069575779	0.084132470	0.099294573	0.075259976	0.088056758	0.036761109	0.135780722	0.068858750	0.233696580	0.108583212
277	1	1	0.062391881	0.410364270	0.062656648	0.090653919	0.077090926	0.052751571	0.060708981	0.071407303	0.051953051	0.060021538
278	4	4	0.070044406	0.084395587	0.162673742	0.047887776	0.249496788	0.049386043	0.110930860	0.065799467	0.079529695	0.079855725
279	1	1	0.068227805	0.408332855	0.062907495	0.091954902	0.098241366	0.039573681	0.074127227	0.061490364	0.052203260	0.042941026
280	9	9	0.055079356	0.063695349	0.076229803	0.044294998	0.067941673	0.079024434	0.056296665	0.083187841	0.099869065	0.374380827
281	6	0	0.350992084	0.052677982	0.068197846	0.081288137	0.100779504	0.030847216	0.140426338	0.064780056	0.066574998	0.043435838
282	2	2	0.105999045	0.094551936	0.135770783	0.098660402	0.122739881	0.046853207	0.130596757	0.104706660	0.092784159	0.067337140
283	7	7	0.053197581	0.102552228	0.063113391	0.047536187	0.056685291	0.147989303	0.051193573	0.342705131	0.082639948	0.052387327
284	9	9	0.050849542	0.046642922	0.082338631	0.043849826	0.058834106	0.089974597	0.064294875	0.061604939	0.095249921	0.406360716
285	5	5	0.056677975	0.065081172	0.063800737	0.056879591	0.088654622	0.229390427	0.068743728	0.187215462	0.103754617	0.079801746
286	1	1	0.078993566	0.368557036	0.055060871	0.094915979	0.103378512	0.041848529	0.086020768	0.065216266	0.055342656	0.050665770
287	5	5	0.055140838	0.065884486	0.065536842	0.093859188	0.055019617	0.230471000	0.064841107	0.112085216	0.112004101	0.145157650
288	8	3	0.069676697	0.111990035	0.068876669	0.160311475	0.082202479	0.111025475	0.055234138	0.103371203	0.144319043	0.092992693
289	6	1	0.134311974	0.141844019	0.051622197	0.100723065	0.105842553	0.115534946	0.134489000	0.064478919	0.084113710	0.067039609
290	0	0	0.266830236	0.125728071	0.047140062	0.079916373	0.076733194	0.093320780	0.087489761	0.081144072	0.079413652	0.062283788
291	4	6	0.093284205	0.073874466	0.095063768	0.060307346	0.173429817	0.049162656	0.183936343	0.070529036	0.097927004	0.102485381
292	3	3	0.108018555	0.102640212	0.074396566	0.217688993	0.124483399	0.058061250	0.114054017	0.069525018	0.072046869	0.059085116
293	6	6	0.102339238	0.070173137	0.068266504	0.101237424	0.092640750	0.058680881	0.199511990	0.123141199	0.101032346	0.082976528
294	2	4	0.157553211	0.076332241	0.127697542	0.128223166	0.158260182	0.027994258	0.133278236	0.084048234	0.064840004	0.041772928
295	5	5	0.062728472	0.083722666	0.071287028	0.100870319	0.079500884	0.212284699	0.061804906	0.097580291	0.086683191	0.143537611
296	6	7	0.089184254	0.075441167	0.105881050	0.050063085	0.093684800	0.079025477	0.115405805	0.199550048	0.135887250	0.055877056
297	8	8	0.076448239	0.065979682	0.091033787	0.093605191	0.079587735	0.064052776	0.100259669	0.083055831	0.255627960	0.090349175
298	3	6	0.077508911	0.106742434	0.068185382	0.115440838	0.081078291	0.083757766	0.153675854	0.132276714	0.091508083	0.089825667
299	4	4	0.080197141	0.070634224	0.114692658	0.097888008	0.321379960	0.030971566	0.102147833	0.064816095	0.061756261	0.055516239
300	6	6	0.097013496	0.079598092	0.064868756	0.155594274	0.102872051	0.038720910	0.231634647	0.098824151	0.068363100	0.062510550
301	1	1	0.058834679	0.499490470	0.053903110	0.086666748	0.073975600	0.026125668	0.062985413	0.054687172	0.042979896	0.040351145
302	2	2	0.090887628	0.089645736	0.228693694	0.093627259	0.114018574	0.047053911	0.142515197	0.070738181	0.061134897	0.061685018
303	0	0	0.353303999	0.070093624	0.081475355	0.068532854	0.122315437	0.021968685	0.115715146	0.062821478	0.059878599	0.043894816
304	9	9	0.051749475	0.070704885	0.098723330	0.052990228	0.076475315	0.078380391	0.063694827	0.079711273	0.101337418	0.326232821
305	4	1	0.092704676	0.191120565	0.054355990	0.132857487	0.119227476	0.082031526	0.133283257	0.075746007	0.070988901	0.047684219
306	2	6	0.108749740	0.076418400	0.095189877	0.126245633	0.131028861	0.031717762	0.217230394	0.090306461	0.051617090	0.071495734
307	8	8	0.154206783	0.073226996	0.099111907	0.053111423	0.066005871	0.060367472	0.144967750	0.073934183	0.160275161	0.114792503
308	9	9	0.046962403	0.056885675	0.071073286	0.075891383	0.058902733	0.091320880	0.053112723	0.101173602	0.097215466	0.347461849
309	9	9	0.057854172	0.062057432	0.081640601	0.050862916	0.065331221	0.099017069	0.075352900	0.079278797	0.098357201	0.330247641
310	9	9	0.055871185	0.065725036	0.083325543	0.088261321	0.081721738	0.118146338	0.074354999	0.111174695	0.113754891	0.207664356
311	9	9	0.068339534	0.054477122	0.093342580	0.110572085	0.069293618	0.088170618	0.086035177	0.087681040	0.107055932	0.235032260
312	8	8	0.066150434	0.058684453	0.076301001	0.060622945	0.072413400	0.077352494	0.108107358	0.071915321	0.289611429	0.118841216
313	4	4	0.071601056	0.063692681	0.111896425	0.041176852	0.221019134	0.040023040	0.185271844	0.076116450	0.092318550	0.096883915
314	3	3	0.089950159	0.139666274	0.071427129	0.207115382	0.096222468	0.068700947	0.095143385	0.099571273	0.064142808	0.068060204
315	3	3	0.092685014	0.149145350	0.058341514	0.160625920	0.133731768	0.065815918	0.113667011	0.109428085	0.055107020	0.061452385
316	4	4	0.087016582	0.087565660	0.096405432	0.077287361	0.256202012	0.034584507	0.192128390	0.055282228	0.061267998	0.052259810
317	6	6	0.073165543	0.063843749	0.099202752	0.141472846	0.078261726	0.043365732	0.229136392	0.123291984	0.073540159	0.074719131
318	8	8	0.165492490	0.064763144	0.094956845	0.062890977	0.093809374	0.073032811	0.095571078	0.059498779	0.175708428	0.114275984
319	9	7	0.056077011	0.057855245	0.068094827	0.047420308	0.071762882	0.110624500	0.071708217	0.262334228	0.102947667	0.151175126
320	2	2	0.116914995	0.085545063	0.214410558	0.042049035	0.171446800	0.054657292	0.108814977	0.055715699	0.078050502	0.072395086
321	1	1	0.097511269	0.295954764	0.065433130	0.101622008	0.113240376	0.048044778	0.102277748	0.070409164	0.052567530	0.052939154
322	1	1	0.083366603	0.301598608	0.052766245	0.109281048	0.109422766	0.062946685	0.097235329	0.076176174	0.055891439	0.051315054
323	5	5	0.073067814	0.074357659	0.072127491	0.091475464	0.072880745	0.194913343	0.103948593	0.100759372	0.101503819	0.114965715
324	8	8	0.064160235	0.075452499	0.089228831	0.052550007	0.095074199	0.066813253	0.137067303	0.070556663	0.248156771	0.100940257
325	0	6	0.133161485	0.065922856	0.083460242	0.075139247	0.097354643	0.069690399	0.196251318	0.107148997	0.091543041	0.080327779
326	5	5	0.093218692	0.066262268	0.072947279	0.067267254	0.080883227	0.175808728	0.087833077	0.093309768	0.122749232	0.139720544
327	5	5	0.083791398	0.073303238	0.070119955	0.084536538	0.090585977	0.187579393	0.082214877	0.105410464	0.094395831	0.128062233
328	5	5	0.079364598	0.071870543	0.094639540	0.106304780	0.066406727	0.158495888	0.080146410	0.126496971	0.101353288	0.114921145
329	9	9	0.057438623	0.073062532	0.075069636	0.055057857	0.077043369	0.100022636	0.068334751	0.109124340	0.119577043	0.265269250
330	3	3	0.098929286	0.189767763	0.063295238	0.230906829	0.099730603	0.055099275	0.083441839	0.062044591	0.057992358	0.058792207
331	0	0	0.217528492	0.055351369	0.048151869	0.070951745	0.065462269	0.091413215	0.176377460	0.120641164	0.083316140	0.070806339
332	5	5	0.077199169	0.070389435	0.078835435	0.070931181	0.086427681	0.181924075	0.085800864	0.100801677	0.099589013	0.148101464
333	8	8	0.074606217	0.059873715	0.091825470	0.074397601	0.077743955	0.101853922	0.091973633	0.088400006	0.239354163	0.099971317
334	5	7	0.052816525	0.119869635	0.066487148	0.048107091	0.073522694	0.203158960	0.061097208	0.227971256	0.077154592	0.069814928
335	6	2	0.074686900	0.100690134	0.216452092	0.050027445	0.181804463	0.040765163	0.133160353	0.049771849	0.073018871	0.079622708
336	7	7	0.057443395	0.075707629	0.063954853	0.042861734	0.058364879	0.113684088	0.049569473	0.399948061	0.086493962	0.051971920
337	8	8	0.100991167	0.087515227	0.092634052	0.051679265	0.096180581	0.046636127	0.093511000	0.068478413	0.239961311	0.122412838
338	8	8	0.108622812	0.099265017	0.059105750	0.038812574	0.077457353	0.062740296	0.104242943	0.153237760	0.211526796	0.084988669
339	6	6	0.152338371	0.073380716	0.103923745	0.109493360	0.123003103	0.031151727	0.194175899	0.086429939	0.065903366	0.060199801
340	6	4	0.057894677	0.085422449	0.232783839	0.036766343	0.242821768	0.036425035	0.133071944	0.045828849	0.060954932	0.068030141
341	2	2	0.078134596	0.088176496	0.286011994	0.046886429	0.134370729	0.037923906	0.126243204	0.055685628	0.059144802	0.087422185
342	9	9	0.060630914	0.045299008	0.085070364	0.042221487	0.047750466	0.104213603	0.055073574	0.045374878	0.108651079	0.405714571
343	0	6	0.120108582	0.110759676	0.073092908	0.117758043	0.110798687	0.078511529	0.148873851	0.101007394	0.071639344	0.067450032
344	8	8	0.150683060	0.070893504	0.075101443	0.050482281	0.085917436	0.095095940	0.115405776	0.075254649	0.179932937	0.101232976
345	7	7	0.053466842	0.056980807	0.074558653	0.056196261	0.059771348	0.109917678	0.056419991	0.360758066	0.090597041	0.081333391
346	1	1	0.060972814	0.372159362	0.066668808	0.102369353	0.077542312	0.058934074	0.073363759	0.066523157	0.065896809	0.055569511
347	7	7	0.069146298	0.061557584	0.085245043	0.070310488	0.072237693	0.140394807	0.100733995	0.208452120	0.107748471	0.084173433
348	0	6	0.089207537	0.084588498	0.094155222	0.127424881	0.166306049	0.028448036	0.219454870	0.077169567	0.064089820	0.049155552
349	7	7	0.052333251	0.055155952	0.053898782	0.038500302	0.053286683	0.111638911	0.058911514	0.429077387	0.091602020	0.055595279
350	0	0	0.216307700	0.069704883	0.061069075	0.068322890	0.097568296	0.083839081	0.073770396	0.070208721	0.177689314	0.081519723
351	4	4	0.070040420	0.084341228	0.186482385	0.035793129	0.238696918	0.037647177	0.172226176	0.043844715	0.060346931	0.070580907
352	3	3	0.120295621	0.165880695	0.059507709	0.168500409	0.103509910	0.059550758	0.128819615	0.067360230	0.065999411	0.060575627
353	9	9	0.053525444	0.058244195	0.084818922	0.042446192	0.066935696	0.076196350	0.062518008	0.068033129	0.096392140	0.390889972
354	9	9	0.057075493	0.042651471	0.101148911	0.052025266	0.062625006	0.086960800	0.099524446	0.061549295	0.108185485	0.328253776
355	9	9	0.070395045	0.054555900	0.099888861	0.051972281	0.075266726	0.132882982	0.068978801	0.062088542	0.142066255	0.241904676
356	3	3	0.114328444	0.091335826	0.068570904	0.175196543	0.160174459	0.041719157	0.125625253	0.080525838	0.088422790	0.054100741
357	0	0	0.296986699	0.064067915	0.099353209	0.056659542	0.117413484	0.039090134	0.130380481	0.090915360	0.071342915	0.033790227
358	6	6	0.099378332	0.093934946	0.132231995	0.082811147	0.141662687	0.036653206	0.247893035	0.054732546	0.059524879	0.051177256
359	4	4	0.074529327	0.085620299	0.146956950	0.046667576	0.278272599	0.042213965	0.119485468	0.084006183	0.061143782	0.061103888
360	9	9	0.048549622	0.049299072	0.095450237	0.060212933	0.064582571	0.084803492	0.078855038	0.070883371	0.093524829	0.353838861
361	4	6	0.092618965	0.098074496	0.077718094	0.083244964	0.149267510	0.032388665	0.255793124	0.069855481	0.080399960	0.060638785
362	8	8	0.064199366	0.072882511	0.074176975	0.064281210	0.075925395	0.085717179	0.065228529	0.080107890	0.280481815	0.136999160
363	3	1	0.086605236	0.212354571	0.057020735	0.191434398	0.101765357	0.079709135	0.069953322	0.074092671	0.061638966	0.065425709
364	6	2	0.078191534	0.069036461	0.243384615	0.067841738	0.143491566	0.052447695	0.150144204	0.063581847	0.051632792	0.080247544
365	0	6	0.105087608	0.094775990	0.077563144	0.141749904	0.130084977	0.038523518	0.173823118	0.071899846	0.101854332	0.064637415
366	1	1	0.065251306	0.417349041	0.062729262	0.094454095	0.085620455	0.044749808	0.064605497	0.062827185	0.051852595	0.050560772
367	7	7	0.045859538	0.072081849	0.060517620	0.040613737	0.050445434	0.081998505	0.048306242	0.460084021	0.083178565	0.056914594
368	9	9	0.070832819	0.069945268	0.094973341	0.051508654	0.073591091	0.103103042	0.071127854	0.069354013	0.093373686	0.302190244
369	4	2	0.085467666	0.074279755	0.236812979	0.035202421	0.183928519	0.042396922	0.112284660	0.083583124	0.076293297	0.069750659
370	4	6	0.101098061	0.067861632	0.098611884	0.055134948	0.176693574	0.043086790	0.223267302	0.043945733	0.090107366	0.100192800
371	7	7	0.054263748	0.053810611	0.048429161	0.035933543	0.066221014	0.085360773	0.068206303	0.436268747	0.089984275	0.061521854
372	8	8	0.146228626	0.065642171	0.070229299	0.043259658	0.068049632	0.082487799	0.110876992	0.078241438	0.219763070	0.115221292
373	9	9	0.059621423	0.067868993	0.081714787	0.052467342	0.085854359	0.084469117	0.062768310	0.086198650	0.123430364	0.295606643
374	6	4	0.083074227	0.073424779	0.117381983	0.068117306	0.249917388	0.032313265	0.195460558	0.047756512	0.063421778	0.069132224
375	8	8	0.063253023	0.060762260	0.080822326	0.040689196	0.085698918	0.041431498	0.071709111	0.100621782	0.370459408	0.084552526
376	7	7	0.060336296	0.056930166	0.058442902	0.039593894	0.063526616	0.091419905	0.061291188	0.425336957	0.084135287	0.058986887
377	2	4	0.071641117	0.065125436	0.212644622	0.039741226	0.223804116	0.040883821	0.126570046	0.083187200	0.070190065	0.066212267
378	9	7	0.053990915	0.056562785	0.053721271	0.047262929	0.065846525	0.097749621	0.074735083	0.308782876	0.117577732	0.123770155
379	4	4	0.082832560	0.094141938	0.128499076	0.085339285	0.204706609	0.058893595	0.124410264	0.077688403	0.076098949	0.067389287
380	3	1	0.076427095	0.201246619	0.057824668	0.183992714	0.073514454	0.102003425	0.068670198	0.080011822	0.076699942	0.079609022
381	1	1	0.066259488	0.420727342	0.059965849	0.097890310	0.078876548	0.045719840	0.063946694	0.067403682	0.050026067	0.049184114
382	6	6	0.086410925	0.077511154	0.096345350	0.063412696	0.126076803	0.063868336	0.240063742	0.052876521	0.093916900	0.099517517
383	3	6	0.088184379	0.078697167	0.085031196	0.135033250	0.161958218	0.032785337	0.216086984	0.101175725	0.049255129	0.051792592
384	0	0	0.298881561	0.068961427	0.093612850	0.074227147	0.120041698	0.049923670	0.111832425	0.074958563	0.061043449	0.046517313
385	5	5	0.062463392	0.071904078	0.066063479	0.124535918	0.087662339	0.207665175	0.064775981	0.107747659	0.092561722	0.114620157
386	4	4	0.100432113	0.077714548	0.089054525	0.157903180	0.182112589	0.036437664	0.137374043	0.091899462	0.070598125	0.056473710
387	4	2	0.073139191	0.079963446	0.228160888	0.049727857	0.198402375	0.046396367	0.114551812	0.103280224	0.060557116	0.045820672
388	5	5	0.062887251	0.070279390	0.072054408	0.067453057	0.100513764	0.258748710	0.065838017	0.110483252	0.087183304	0.104558878
389	5	5	0.089848705	0.068371929	0.072411820	0.068508416	0.075092569	0.179437861	0.082165606	0.115767397	0.103337809	0.145057961
390	8	8	0.061927266	0.081706725	0.089284219	0.046616837	0.125027031	0.078399107	0.079239793	0.066009119	0.186330572	0.185459375
391	9	9	0.047551993	0.057610214	0.093801215	0.052101240	0.065820016	0.096483693	0.076667964	0.068538442	0.097076334	0.344348907
392	1	1	0.075746596	0.266507119	0.048749533	0.134677559	0.075179249	0.064268701	0.074745476	0.083315648	0.099684887	0.077125266
393	3	1	0.075717926	0.186804920	0.044672646	0.133084998	0.097133555	0.110396944	0.089971110	0.096385330	0.090112314	0.075720370
394	0	6	0.088379137	0.124935389	0.054404531	0.128841624	0.093082637	0.065098315	0.136199191	0.125325397	0.099872991	0.083860785
395	7	7	0.044948637	0.061690528	0.057768881	0.039614275	0.051642373	0.107909083	0.049601879	0.450762600	0.079568006	0.056493722
396	7	7	0.057746530	0.076254331	0.080385625	0.048391711	0.057560850	0.099756561	0.055309318	0.363778055	0.101235345	0.059581671
397	6	0	0.215870202	0.053933553	0.076054446	0.059364088	0.104210921	0.040100083	0.192340434	0.063619278	0.098006748	0.096500188
398	6	6	0.085923262	0.119617566	0.119481325	0.098291926	0.111964598	0.064778306	0.149935037	0.079698153	0.091887102	0.078422710
399	5	5	0.063832901	0.104995675	0.056735486	0.066799022	0.067395657	0.224721715	0.056998547	0.188621625	0.101221219	0.068678178
400	3	6	0.085022561	0.074339986	0.070950091	0.093498722	0.120274909	0.094624311	0.133187324	0.129556596	0.093525872	0.105019681
401	8	8	0.211167514	0.064134739	0.077412546	0.040378127	0.077071682	0.074260041	0.083398201	0.062967233	0.213608950	0.095600814
402	5	7	0.063372880	0.062055901	0.086271338	0.062166788	0.069745727	0.152064949	0.086988285	0.199664280	0.092114247	0.125555605
403	1	1	0.069289595	0.314530641	0.070680834	0.106058590	0.105963491	0.060865182	0.082432888	0.086176164	0.052076031	0.051926591
404	6	6	0.082323723	0.080705181	0.172127172	0.053831272	0.155548587	0.033111889	0.234144479	0.043992817	0.066544376	0.077670597
405	1	1	0.071667098	0.368502855	0.057210915	0.098004721	0.113245063	0.040621456	0.082600102	0.062824652	0.061423499	0.043899614
406	9	9	0.045415498	0.056012180	0.072931066	0.075271405	0.054838177	0.075536653	0.070717461	0.113673925	0.073969945	0.361633658
407	7	7	0.053011727	0.072962157	0.059304293	0.046770819	0.056815114	0.107772283	0.049649097	0.397634804	0.099492922	0.056586791
408	6	4	0.069834501	0.058974449	0.131306425	0.042090882	0.283948123	0.038908109	0.182556480	0.045478426	0.069436640	0.077465989
409	3	3	0.071038157	0.183799237	0.062896922	0.211505726	0.069097221	0.076853700	0.059239384	0.090170838	0.098856933	0.076541819
410	8	8	0.105831288	0.054183565	0.105265066	0.105358176	0.086028315	0.083116479	0.120894425	0.089684658	0.160972238	0.088665821
411	9	9	0.052195903	0.066640124	0.081920601	0.079781577	0.063845120	0.110598996	0.076180331	0.101654738	0.091390975	0.275791645
412	1	1	0.061805129	0.454840064	0.056675967	0.089704119	0.074301437	0.037563834	0.063802294	0.061641395	0.052298002	0.047367755
413	0	0	0.225973040	0.044828627	0.055322237	0.052647363	0.079367027	0.076721266	0.166298643	0.126955524	0.119199328	0.052686892
414	6	0	0.150166631	0.056703966	0.063077606	0.052070223	0.116594389	0.107530780	0.121789269	0.078707747	0.138062626	0.115296774
415	2	4	0.080331407	0.056436144	0.173799202	0.029925691	0.277997673	0.047137536	0.121756040	0.111194387	0.064902388	0.036519513
416	0	0	0.379442602	0.063766979	0.065237224	0.045828644	0.112355046	0.031362694	0.107621439	0.067142017	0.079171658	0.048071709
417	0	0	0.241789997	0.058084875	0.093331113	0.050464734	0.086304896	0.048373967	0.094242573	0.137762427	0.135118440	0.054527044
418	5	5	0.072420567	0.063542292	0.084730506	0.098856486	0.078673862	0.217384234	0.080595255	0.099130034	0.094925322	0.109741397
419	3	3	0.101536885	0.127182424	0.068359748	0.276040256	0.118524037	0.032005660	0.092718288	0.064240776	0.068808034	0.050583847
420	8	8	0.082468159	0.085637338	0.094094254	0.088548280	0.084938698	0.069256045	0.115503423	0.085928299	0.199789703	0.093835764
421	9	9	0.062586255	0.066371381	0.094004646	0.081541449	0.087860294	0.101610355	0.069747575	0.099520952	0.107228063	0.229529038
422	8	0	0.142904848	0.069924124	0.139199361	0.050289780	0.137735724	0.072801180	0.089626074	0.053778920	0.126703873	0.117036112
423	9	9	0.058130167	0.066963285	0.090989783	0.065359794	0.077271618	0.073542148	0.062000949	0.073695362	0.103828244	0.328218639
424	5	5	0.062904321	0.082726553	0.057527319	0.050721835	0.059171829	0.243873686	0.051653948	0.221468166	0.110412709	0.059539650
425	4	4	0.064140782	0.091863379	0.164441794	0.058983888	0.241503403	0.052536238	0.114246637	0.058712702	0.074733004	0.078838207
426	5	5	0.061434608	0.088995248	0.064760052	0.050717339	0.057624362	0.231716007	0.048847996	0.228929818	0.108501352	0.058473237
427	4	4	0.082144417	0.068278491	0.196741447	0.019098477	0.236848548	0.041908540	0.119406328	0.097371295	0.080805436	0.057397041
428	4	1	0.089725986	0.198769823	0.080944881	0.102613740	0.075713389	0.121733189	0.074017704	0.099496193	0.081062332	0.075922623
429	3	3	0.113152869	0.159794942	0.068684317	0.167284027	0.139506593	0.046440054	0.111463018	0.067976058	0.064543575	0.061154600
430	6	6	0.080720268	0.101944558	0.132258505	0.063489884	0.185591981	0.030440120	0.240058005	0.046863172	0.061213303	0.057420187
431	2	4	0.111256436	0.080754772	0.094055429	0.087389462	0.141936556	0.114543483	0.106127419	0.062128380	0.110482447	0.091325648
432	2	2	0.132489055	0.074494660	0.222768143	0.038938731	0.177591741	0.046883471	0.097526990	0.059277553	0.076761946	0.073267780
433	6	4	0.078196138	0.092162535	0.165800199	0.063095540	0.233062029	0.049479935	0.139114484	0.082562320	0.053616215	0.042910684
434	0	0	0.316953450	0.053811707	0.088029124	0.083627068	0.107317060	0.037896682	0.130430624	0.083232261	0.063458823	0.035243180
435	2	2	0.084866256	0.079931945	0.307943285	0.057529513	0.121865295	0.029802565	0.121603183	0.073564902	0.052810363	0.070082717
436	9	9	0.047837980	0.053698376	0.074953303	0.071761392	0.053832166	0.063140556	0.062807314	0.098801389	0.072661392	0.400506020
437	7	7	0.050686214	0.100087129	0.060443006	0.042852577	0.052882399	0.102900714	0.048270602	0.401787579	0.083781652	0.056308027
438	8	8	0.139461413	0.068308309	0.100237779	0.061024491	0.085177936	0.053761683	0.119316131	0.081726007	0.193943411	0.097042948
439	5	8	0.072124809	0.045554228	0.068265975	0.044238403	0.074363232	0.115492590	0.078853421	0.109020285	0.202140048	0.189946949
440	1	1	0.056207560	0.474699944	0.052537452	0.087495632	0.076290742	0.037882000	0.062695213	0.058136456	0.050222963	0.043831866
441	3	6	0.081093088	0.059777182	0.079680420	0.094173886	0.096856043	0.111430734	0.185049057	0.099740945	0.086056367	0.106142245
442	1	1	0.059890896	0.463395268	0.057969123	0.094160654	0.079144038	0.031547267	0.065023191	0.058884241	0.045044940	0.044940401
443	5	8	0.067375533	0.081959955	0.080773637	0.055706821	0.098869532	0.117498271	0.102749012	0.066746980	0.170364261	0.157956064
444	6	7	0.093625449	0.111392945	0.048655592	0.117756590	0.094958268	0.084108904	0.131192461	0.133569434	0.099037975	0.085702337
445	0	0	0.280813396	0.096866958	0.062290996	0.073015288	0.082498707	0.079974823	0.077500701	0.087746523	0.092571348	0.066721305
446	8	8	0.060728442	0.096316382	0.080382615	0.092277631	0.109443583	0.044676520	0.086069606	0.083395511	0.247282296	0.099427350
447	1	1	0.087437943	0.262242645	0.059067905	0.126711011	0.114275821	0.075983867	0.078441873	0.080205105	0.055354796	0.060278986
448	2	1	0.093214065	0.186000973	0.076300338	0.073362507	0.102620728	0.114530310	0.084011815	0.130625919	0.075477272	0.063856103
449	3	3	0.098992854	0.081430584	0.084584147	0.239635706	0.127140328	0.033754207	0.136192888	0.080214962	0.061317720	0.056736618
450	8	8	0.091396473	0.074492037	0.121455863	0.077789262	0.139215246	0.045341562	0.112062708	0.082241744	0.187125832	0.068879232
451	0	0	0.271172881	0.050645262	0.068747506	0.044688668	0.145146966	0.039743964	0.093624428	0.116481110	0.114534661	0.055214506
452	3	6	0.090150528	0.125801370	0.071485303	0.123046145	0.104323715	0.086968794	0.152576253	0.094151117	0.080330089	0.071166731
453	6	2	0.113470025	0.091795363	0.214650020	0.040477216	0.178734601	0.043026384	0.121394634	0.047367744	0.070735045	0.078349024
454	1	1	0.101695329	0.163017198	0.072945543	0.138686821	0.123432830	0.039833214	0.135629714	0.081879109	0.082437716	0.060442489
455	7	7	0.054904711	0.061665472	0.065959819	0.037680935	0.054781608	0.094796337	0.048587706	0.432733238	0.091589496	0.057300724
456	2	2	0.090380780	0.095487162	0.183724374	0.065272041	0.098416500	0.092037641	0.103517316	0.107165352	0.088091739	0.075907014
457	1	1	0.063252471	0.411997348	0.049986061	0.103210285	0.078644775	0.050106239	0.061171148	0.061807401	0.071301945	0.048522402
458	5	9	0.075813212	0.068034515	0.091044895	0.083153866	0.078932330	0.137956873	0.086023360	0.136200011	0.102557108	0.140283793
459	9	9	0.053056687	0.049161471	0.084174186	0.054539364	0.064499192	0.075031541	0.058958534	0.067690752	0.116902776	0.375985533
460	8	8	0.057152130	0.062785774	0.095364645	0.043203715	0.093033463	0.082048841	0.097776055	0.062417608	0.257143408	0.149074361
461	4	4	0.076775938	0.079029173	0.150966406	0.087649651	0.284933299	0.046769079	0.101399727	0.076128349	0.054667540	0.041680802
462	2	4	0.078323066	0.086232930	0.133240432	0.075717576	0.310344040	0.032887023	0.090108186	0.092083439	0.053443342	0.047619931
463	2	2	0.065127984	0.071284451	0.270485491	0.034626294	0.205818012	0.030405832	0.147531226	0.046097282	0.058829360	0.069794044
464	0	0	0.370343149	0.059783068	0.090985514	0.059838764	0.091199927	0.034162622	0.095851310	0.071808279	0.068312243	0.057715185
465	2	2	0.079846285	0.086451776	0.261870444	0.046975471	0.146789193	0.038773790	0.138036549	0.054254368	0.065833054	0.081169039
466	5	5	0.096398033	0.082247436	0.093480162	0.080380514	0.079400204	0.155641198	0.092225239	0.103735261	0.086098395	0.130393624
467	6	6	0.109164312	0.071618490	0.085024461	0.094669208	0.144545376	0.035286434	0.211424097	0.098313868	0.074251294	0.075702436
468	1	1	0.060846090	0.457746387	0.056132298	0.091249183	0.078479238	0.033784740	0.067189530	0.060689952	0.051708844	0.042173814
469	3	1	0.071440540	0.224959344	0.051024687	0.205369085	0.068197131	0.072810590	0.067771360	0.075058036	0.086431921	0.076937363
470	0	7	0.100567892	0.063269220	0.088948920	0.099460825	0.082572721	0.071580470	0.129890352	0.143857643	0.126071230	0.093780756
471	0	0	0.252151847	0.157449529	0.047630325	0.071781881	0.064223826	0.091305196	0.096619710	0.074364252	0.080786861	0.063686579
472	6	6	0.084297448	0.056434426	0.090710126	0.073032983	0.104208179	0.088469468	0.173068568	0.102729231	0.101501033	0.125548586
473	9	9	0.060120285	0.063083909	0.099594153	0.053287573	0.081725195	0.106837153	0.073593415	0.073961116	0.097468853	0.290328383
474	8	8	0.084095582	0.074950561	0.074909411	0.055301465	0.110659860	0.070724621	0.114041932	0.074873783	0.212722480	0.127720267
475	1	1	0.071334988	0.329380751	0.070049293	0.098303817	0.103051506	0.063038446	0.091830008	0.067239717	0.055422902	0.050348550
476	4	4	0.078883924	0.086645864	0.216388330	0.031910516	0.232289538	0.043045305	0.117465049	0.060261182	0.061509617	0.071600579
477	7	7	0.053648677	0.094487891	0.054918364	0.045410376	0.051618446	0.157444790	0.046158094	0.364208519	0.081360377	0.050744437
478	2	2	0.087292925	0.079318620	0.198067278	0.065138288	0.188367262	0.042401589	0.129331186	0.080012240	0.070044458	0.060026210
479	5	5	0.072161533	0.076968744	0.077169783	0.105149582	0.077114120	0.222514436	0.055323459	0.099038370	0.076456018	0.138103977
480	6	6	0.082544826	0.074438125	0.118679561	0.066431284	0.212513119	0.035935350	0.256382525	0.062974229	0.050171304	0.039929751
481	2	2	0.086246684	0.099860758	0.197260916	0.047460854	0.136099368	0.076624036	0.117323540	0.069013245	0.079228505	0.090882093
482	4	4	0.062864870	0.082575940	0.224080265	0.034911528	0.227836668	0.042298060	0.112626240	0.077857129	0.074575566	0.060373738
483	7	9	0.051557925	0.060260843	0.070142798	0.084108755	0.064007647	0.131535828	0.095073633	0.137746602	0.108185537	0.197380409
484	4	4	0.063238494	0.080615155	0.141065523	0.051207021	0.329073429	0.044878103	0.096476868	0.076427020	0.060854103	0.056164373
485	7	7	0.051841740	0.073313273	0.059006486	0.042648252	0.056255285	0.125457913	0.046429969	0.408267260	0.084545672	0.052234117
486	4	2	0.079100974	0.073271029	0.224402651	0.037560027	0.210843116	0.043782171	0.122411758	0.064391270	0.071212962	0.073024005
487	4	4	0.078267410	0.067175858	0.237074733	0.037893750	0.240852520	0.030899784	0.119191632	0.080824636	0.054151081	0.053668618
488	2	2	0.092543997	0.076949283	0.272116840	0.041925628	0.159489766	0.033048328	0.110821448	0.096264794	0.056616992	0.060222976
489	5	5	0.056168906	0.096450783	0.067713834	0.055571835	0.069817588	0.242111564	0.055476099	0.186625987	0.092521235	0.077542186
490	0	0	0.363632888	0.055568464	0.089768037	0.059530299	0.095141672	0.028807987	0.129253045	0.072286986	0.060338736	0.045671862
491	7	7	0.064714208	0.092531428	0.058930561	0.053486690	0.060605016	0.188487113	0.061891433	0.261356562	0.100682087	0.057314925
492	3	1	0.082717672	0.195319995	0.047631904	0.156320259	0.073029354	0.108618759	0.100051656	0.074359134	0.091890290	0.070061073
493	1	1	0.058715485	0.380202591	0.067114316	0.086175695	0.099643938	0.061608046	0.069368847	0.062132448	0.062512167	0.052526552
494	0	0	0.334221572	0.053377505	0.106510364	0.044350665	0.102617256	0.035278402	0.100360900	0.119249590	0.065678112	0.038355656
495	7	7	0.059114248	0.063140832	0.064751722	0.042383000	0.062427450	0.128993347	0.059394956	0.375555962	0.092612669	0.051625777
496	8	8	0.080108859	0.081873693	0.101196088	0.086569332	0.097647861	0.046637181	0.071135506	0.086228065	0.248452172	0.100151196
497	7	9	0.068017855	0.066585913	0.068930149	0.075831592	0.064527884	0.082623541	0.081932664	0.151841283	0.074398547	0.265310556
498	4	4	0.072158612	0.072559811	0.161356300	0.057802223	0.293752193	0.040296409	0.123279318	0.065319672	0.060589485	0.052885972
499	0	0	0.298275858	0.057792295	0.083683707	0.048294932	0.135900557	0.032152027	0.164053544	0.082612492	0.061595198	0.035639342
500	3	1	0.089662500	0.221875340	0.063220657	0.204122871	0.147474498	0.041954130	0.082657985	0.053052831	0.047858253	0.048120927
501	6	7	0.072550453	0.067855217	0.086990744	0.061749782	0.068646669	0.098975435	0.102592617	0.271176457	0.098669246	0.070793331
502	0	0	0.335279793	0.073314816	0.080457278	0.050381951	0.106395878	0.056581832	0.098904222	0.077791199	0.072264805	0.048628211
503	1	1	0.067311972	0.421179950	0.067428328	0.090748124	0.091145702	0.031362198	0.084165305	0.058193918	0.047787905	0.040676687
504	1	1	0.060982443	0.455461204	0.057435676	0.085196942	0.078280196	0.043004170	0.059120912	0.061627273	0.053841934	0.045049150
505	9	9	0.061101966	0.057450730	0.095951602	0.076042980	0.055715043	0.128234327	0.070228644	0.090402491	0.103589743	0.261282474
506	8	8	0.086878911	0.058239076	0.084665686	0.089369208	0.107590072	0.070617296	0.127990186	0.081840768	0.196597949	0.096210867
507	6	6	0.081875063	0.072031558	0.113043696	0.063085102	0.210367948	0.051691554	0.223642349	0.042528138	0.066316381	0.075418219
508	0	0	0.348250836	0.043764770	0.083488002	0.027506094	0.114126988	0.040118482	0.110907272	0.117610648	0.086131148	0.028095817
509	9	9	0.060948662	0.059192762	0.067235105	0.074730761	0.097922400	0.107256472	0.075642578	0.123412333	0.133888125	0.199770764
510	2	6	0.076039463	0.064542413	0.186359897	0.056363087	0.165607020	0.045553792	0.195848018	0.051338173	0.070470996	0.087877214
511	1	1	0.064228058	0.444918573	0.062233642	0.083599605	0.093001060	0.036471475	0.072407521	0.053421792	0.049132712	0.040585555
512	7	7	0.051394992	0.066721410	0.058414239	0.042079370	0.054125838	0.107650697	0.048208889	0.422534138	0.096264489	0.052605934
513	1	1	0.059108257	0.383381665	0.063163005	0.092817664	0.082120925	0.057819769	0.066888846	0.074429452	0.067552529	0.052717924
514	9	9	0.058907427	0.075351842	0.069881313	0.082526244	0.063312456	0.089919828	0.067098215	0.100701638	0.110327736	0.281973302
515	9	7	0.064441368	0.067313269	0.086241983	0.066018485	0.085732445	0.153576061	0.076506518	0.160500526	0.124668993	0.115000345
516	6	8	0.170133889	0.054365750	0.071300156	0.040431775	0.095419407	0.080327384	0.100852020	0.147701651	0.175554648	0.063913330
517	2	2	0.085661612	0.077252626	0.194203779	0.041980177	0.180224180	0.034118742	0.168465093	0.062139973	0.076760791	0.079193063
518	6	6	0.107673675	0.090846270	0.082894497	0.140421808	0.124917269	0.059288830	0.171146452	0.099250875	0.066885367	0.056674924
519	5	5	0.061127305	0.074841835	0.061230093	0.048995145	0.103833862	0.264920503	0.056770846	0.199690908	0.071726099	0.056863427
520	0	0	0.212025151	0.064146847	0.093853146	0.113230906	0.122558199	0.022747314	0.188763395	0.063332178	0.062079348	0.057263501
521	8	8	0.129422069	0.069838278	0.092518069	0.054997321	0.088484168	0.077860177	0.098423891	0.076129042	0.179331407	0.132995605
522	9	9	0.050122928	0.055995848	0.098844133	0.053841077	0.077474251	0.108729035	0.082560733	0.080820419	0.111436248	0.280175388
523	3	3	0.093632184	0.080905832	0.071641043	0.246649683	0.123544276	0.040642280	0.123801202	0.090335317	0.070824206	0.058024019
524	4	4	0.064482614	0.076163895	0.164948195	0.048674721	0.261402488	0.042328216	0.142509654	0.060546644	0.070060432	0.068883047
525	4	7	0.098539181	0.097305045	0.141196728	0.057492442	0.100457862	0.101644382	0.095231451	0.141415849	0.098666802	0.068050280
526	3	1	0.092119008	0.187634379	0.057821307	0.133634210	0.087604083	0.101044685	0.121904701	0.084526241	0.070894726	0.062816657
527	2	2	0.090030223	0.070162393	0.178691357	0.073155396	0.127011552	0.054967280	0.126428157	0.074506141	0.105486400	0.099561140
528	7	7	0.053036481	0.091446042	0.071346134	0.045288317	0.054502483	0.098560438	0.046440825	0.395697206	0.084894814	0.058787245
529	4	4	0.072911628	0.081880525	0.172944248	0.060945623	0.262572378	0.054566808	0.103943199	0.072772920	0.062288389	0.055174340
530	9	9	0.061049692	0.056173250	0.083840571	0.068648003	0.067837998	0.110648319	0.071439140	0.085571714	0.104853526	0.289937735
531	2	2	0.122631736	0.088151529	0.226564482	0.045353502	0.122553937	0.045092031	0.142774180	0.054636054	0.071608454	0.080634132
532	9	9	0.050518166	0.048369907	0.085598573	0.046901736	0.061493549	0.094939165	0.085129231	0.066360630	0.096269533	0.364419490
533	0	0	0.325498104	0.064576790	0.087934934	0.071825251	0.107194670	0.034151740	0.118577145	0.078357019	0.060508441	0.051375836
534	0	0	0.310904473	0.062369924	0.075328298	0.094922096	0.105131418	0.030730363	0.142499462	0.059660196	0.061120234	0.057333469
535	0	0	0.417179912	0.052734535	0.072355986	0.051946614	0.101676099	0.027328528	0.103431486	0.069327749	0.055221602	0.048797499
536	0	0	0.396880507	0.059955463	0.083360925	0.053977516	0.106479436	0.026346292	0.104732849	0.069867171	0.051706459	0.046693351
537	9	9	0.063687325	0.045119368	0.090950325	0.049932782	0.070881329	0.122887284	0.068223886	0.067670792	0.129895434	0.290751487
538	0	6	0.130176380	0.079575658	0.095141999	0.088863455	0.132643148	0.058907431	0.194946647	0.086422652	0.073150992	0.060171586
539	0	0	0.373100370	0.054739002	0.084688030	0.060578566	0.097812183	0.031004718	0.086660281	0.081725121	0.084812298	0.044879425
540	4	4	0.060583863	0.082385637	0.207076058	0.036007456	0.305148363	0.030263077	0.128493100	0.042557474	0.052552603	0.054932501
541	8	8	0.097440839	0.104873098	0.079285562	0.127207741	0.083119705	0.051762082	0.106252827	0.084429063	0.186539695	0.079089433
542	6	6	0.075869478	0.080302879	0.077922851	0.158251300	0.085635237	0.052523591	0.192570984	0.128790841	0.074252479	0.073880352
543	7	7	0.044144388	0.083152913	0.060549248	0.047980495	0.051413260	0.135966063	0.039897833	0.404053032	0.077459350	0.055383295
544	0	0	0.296526313	0.071431957	0.082283445	0.086571351	0.122740403	0.040550571	0.135092720	0.063704558	0.054110240	0.046988472
545	0	6	0.124703877	0.070680089	0.071534716	0.110809028	0.111061193	0.060324691	0.151346087	0.131619781	0.089741968	0.078178607
546	2	2	0.075297408	0.068324082	0.338923812	0.032294344	0.111051291	0.039948944	0.102942236	0.115697414	0.059176676	0.056343745
547	2	4	0.100898355	0.107499033	0.078170620	0.141566798	0.176757172	0.041444406	0.147910386	0.087975651	0.058046196	0.059731383
548	0	6	0.120257199	0.073637284	0.092613980	0.091179617	0.122084655	0.039691009	0.217520148	0.107579768	0.072061449	0.063374892
549	3	3	0.095426872	0.097215138	0.088251822	0.181190208	0.175268501	0.036665469	0.119943231	0.078078814	0.065727703	0.062232189
550	0	0	0.285695940	0.068028793	0.098427378	0.098020419	0.097355008	0.026669171	0.125332937	0.071247242	0.064753287	0.064469822
551	9	9	0.049342256	0.062164236	0.101676345	0.049546458	0.120127358	0.100126244	0.077108659	0.088101402	0.111799747	0.240007237
552	6	6	0.091260001	0.105505511	0.096254908	0.082934380	0.125392064	0.056862962	0.233960241	0.075378098	0.070504330	0.061947592
553	3	7	0.074819945	0.126955882	0.045536630	0.135124579	0.083318606	0.091882147	0.108131029	0.138709128	0.102293834	0.093228184
554	6	0	0.361494333	0.051751990	0.073616564	0.047396701	0.116500869	0.032232430	0.147170037	0.053222414	0.057269249	0.059345443
555	9	9	0.042887483	0.059381012	0.062725641	0.063772924	0.066783234	0.087562591	0.052874606	0.093445271	0.092740886	0.377826363
556	5	5	0.067559242	0.078468725	0.073187396	0.071985647	0.104651436	0.173900485	0.082894869	0.095280744	0.113913856	0.138157561
557	3	1	0.087709345	0.178573117	0.056114521	0.132380560	0.133057773	0.092099093	0.100095697	0.088700883	0.065732628	0.065536380
558	4	6	0.079819515	0.084932901	0.092420056	0.111860059	0.155395985	0.030549137	0.239647016	0.097617477	0.056235731	0.051522121
559	9	9	0.056709811	0.062630706	0.070939966	0.068538852	0.079186849	0.085438408	0.067296319	0.094893403	0.110144898	0.304220766
560	5	9	0.097949572	0.055697065	0.064807974	0.099068254	0.076534607	0.129655123	0.080535762	0.131176978	0.131102443	0.133472145
561	9	9	0.059090011	0.066119254	0.062095117	0.056112371	0.090479866	0.085592717	0.068881415	0.081433564	0.108104818	0.322090864
562	4	4	0.074367821	0.097864561	0.179872707	0.039118256	0.200088635	0.044086099	0.161550030	0.045100067	0.069472060	0.088479668
563	3	3	0.101634979	0.152264670	0.068946473	0.184717909	0.137014940	0.068524010	0.096891940	0.064963140	0.068623431	0.056418508
564	1	1	0.059495397	0.360491276	0.063898474	0.091853268	0.074625157	0.079051010	0.066301309	0.071247727	0.078422502	0.054613929
565	9	9	0.057325345	0.073883101	0.090659030	0.111053541	0.091425255	0.107663654	0.069552861	0.101003431	0.093315586	0.204118237
566	1	1	0.092811428	0.278641850	0.066802718	0.089826860	0.133987993	0.056021165	0.106944144	0.067043163	0.050375793	0.057544846
567	7	7	0.050282925	0.074958287	0.055392802	0.043799486	0.052683290	0.121996097	0.050333034	0.418765306	0.076020673	0.055768121
568	5	7	0.062108174	0.054254148	0.069569550	0.050274719	0.060490601	0.142530039	0.088138543	0.222385958	0.129254803	0.120993473
569	1	1	0.080513366	0.337917954	0.055160742	0.090369225	0.102129601	0.045138624	0.107822098	0.067992166	0.061267011	0.051689256
570	4	4	0.059595142	0.061642550	0.210103124	0.020924954	0.335043609	0.035944782	0.115319207	0.054932296	0.056312665	0.050181750
571	9	9	0.057925042	0.073235817	0.090240106	0.058686316	0.076213792	0.074844033	0.082588322	0.102671012	0.115828820	0.267766774
572	8	8	0.084570535	0.121958084	0.068678446	0.102517210	0.068764769	0.105148889	0.075056143	0.092104457	0.198244482	0.082957111
573	0	0	0.340631604	0.057768170	0.060403548	0.055921018	0.108838409	0.031310689	0.125389293	0.052841827	0.086596571	0.080298848
574	9	9	0.042991862	0.042286173	0.101196125	0.048247751	0.048111174	0.069808476	0.062840164	0.058242362	0.097349904	0.428925961
575	2	2	0.074918687	0.079739474	0.206741214	0.047277406	0.197795793	0.029470209	0.161512196	0.060049206	0.060828801	0.081667028
576	1	1	0.102366604	0.306548923	0.056165397	0.099497966	0.095543630	0.063421533	0.101755381	0.070115410	0.053750545	0.050834604
577	9	9	0.067956820	0.067103192	0.095149592	0.068428338	0.073169343	0.126038313	0.072608516	0.086529598	0.107847139	0.235169053
578	7	7	0.054475319	0.070248455	0.054544553	0.043619674	0.058812618	0.118907422	0.065247245	0.393279403	0.082946725	0.057918578
579	5	7	0.056190301	0.094083078	0.067170173	0.051872589	0.053302232	0.201753631	0.044459786	0.267526746	0.105958022	0.057683423
580	0	0	0.370492578	0.059885304	0.090824038	0.070658006	0.088460922	0.031454124	0.091788918	0.071347781	0.064856857	0.060231492
581	7	7	0.066637672	0.071132526	0.081197761	0.069875352	0.069441922	0.129897714	0.080941297	0.179007709	0.109430850	0.142437235
582	8	7	0.135609463	0.053200774	0.059483156	0.026299186	0.085717969	0.076998241	0.100960895	0.208255202	0.169765323	0.083709851
583	6	4	0.090703048	0.067772403	0.129912257	0.063582748	0.164022982	0.058344070	0.136237308	0.074760623	0.103728801	0.110935882
584	6	6	0.087112568	0.105642654	0.172274902	0.066617735	0.153103232	0.036918346	0.210405365	0.056828491	0.057997536	0.053099208
585	8	0	0.206548527	0.052013647	0.064891934	0.029171236	0.108212672	0.077094339	0.102746539	0.118909307	0.139383554	0.101028316
586	4	4	0.088587962	0.074289717	0.146947190	0.100796297	0.214230552	0.049541648	0.151350364	0.068983316	0.055711664	0.049561262
587	2	2	0.086540028	0.091178201	0.280953944	0.046681464	0.134604722	0.036617007	0.123071395	0.055832680	0.062346391	0.082174100
588	5	5	0.065284535	0.065838113	0.072592430	0.062641948	0.105861783	0.227361739	0.070586681	0.091112725	0.084595345	0.154124647
589	4	4	0.073034182	0.083834901	0.163243607	0.052092914	0.279907465	0.045708552	0.102042176	0.069745645	0.064426728	0.065963894
590	9	9	0.064773358	0.068899862	0.072220206	0.077776112	0.083698258	0.132429585	0.060468093	0.127459779	0.137439698	0.174835071
591	6	6	0.086150102	0.155012906	0.084957115	0.113912083	0.151149541	0.060553253	0.178178295	0.067705497	0.052615155	0.049766146
592	4	1	0.076174557	0.214095682	0.060327463	0.125106871	0.102413297	0.087331176	0.092503101	0.093606703	0.082223780	0.066217355
593	3	6	0.095110297	0.107904680	0.070764989	0.148299590	0.160093382	0.031316694	0.165722340	0.091525994	0.074522659	0.054739401
594	9	9	0.064199932	0.055062994	0.103482634	0.048309814	0.077269800	0.111458324	0.085889794	0.062491197	0.115114063	0.276721418
595	1	1	0.073061019	0.398006082	0.062336918	0.095750131	0.088679612	0.043793742	0.068298057	0.064609848	0.054947536	0.050517116
596	9	9	0.094486795	0.070646510	0.060643747	0.092241429	0.102538973	0.094206631	0.094885595	0.103342131	0.137576967	0.149431244
597	7	7	0.048750311	0.066387571	0.066949315	0.039277930	0.056371666	0.087104402	0.053225219	0.450993121	0.077956066	0.052984443
598	2	2	0.075006530	0.075081259	0.206542358	0.065801963	0.147417188	0.071668357	0.122293219	0.048809823	0.078241125	0.109138273
599	6	6	0.088583127	0.086939879	0.127134189	0.076420762	0.116452068	0.051509500	0.222634271	0.069203481	0.081916384	0.079206370
600	4	4	0.065347202	0.058096468	0.186312437	0.029115574	0.302797377	0.034482904	0.138753459	0.060849350	0.066340744	0.057904456
601	2	2	0.083106481	0.098067045	0.279252082	0.058369875	0.144750714	0.032583907	0.115643218	0.061740775	0.058909979	0.067575902
602	6	2	0.079861380	0.072415374	0.318299234	0.041459981	0.138254315	0.031038634	0.138423055	0.053849328	0.054193188	0.072205596
603	2	4	0.092765592	0.079361618	0.163083658	0.061794288	0.220383853	0.038337093	0.147850499	0.093894251	0.063614719	0.038914457
604	5	5	0.060395692	0.086167924	0.051801898	0.070753098	0.074967623	0.268033862	0.070620678	0.157621756	0.084167235	0.075470373
605	1	1	0.057564478	0.487218410	0.053892732	0.089863747	0.072429292	0.028847208	0.065911911	0.053113017	0.048846174	0.042312995
606	6	4	0.064289607	0.075663671	0.149431348	0.042937212	0.295361191	0.036189925	0.132825807	0.053976763	0.078005962	0.071318552
607	0	0	0.173223004	0.068834737	0.077032506	0.056130037	0.076777197	0.074274495	0.114542119	0.099874303	0.131991580	0.127320051
608	5	5	0.062500753	0.053306993	0.065533713	0.063659459	0.078482687	0.262168527	0.072690956	0.130341858	0.110906072	0.100409001
609	4	4	0.069050014	0.075760417	0.180200934	0.042959590	0.247463062	0.037438039	0.161853433	0.058766421	0.059270453	0.067237616
610	5	5	0.054567862	0.102076337	0.053095683	0.045723546	0.059146591	0.254563242	0.053078920	0.232744530	0.090355605	0.054647658
611	1	1	0.092917800	0.230317712	0.056167010	0.110241823	0.118107632	0.063813694	0.139750540	0.083542727	0.057200555	0.047940474
612	7	7	0.075144529	0.075642623	0.088507161	0.085428946	0.078573875	0.099686809	0.075287797	0.179665655	0.085627086	0.156435594
613	1	6	0.092195928	0.107691005	0.082561918	0.125324070	0.125396743	0.041033950	0.196052402	0.106323130	0.060605753	0.062815130
614	1	1	0.101866268	0.264081448	0.072603233	0.104131572	0.126984388	0.054075405	0.101832300	0.068126321	0.054343201	0.051955886
615	4	4	0.080212101	0.071004450	0.146707997	0.041917942	0.208100572	0.043571979	0.203130946	0.043000545	0.071020059	0.091333345
616	6	6	0.086247608	0.087115400	0.131064013	0.078956939	0.198670402	0.036522407	0.208614945	0.073661998	0.055987217	0.043158997
617	2	4	0.093488783	0.087304838	0.121243782	0.111574709	0.170696899	0.085547872	0.103449479	0.085356392	0.073355280	0.067981943
618	8	8	0.067807168	0.055686250	0.075155757	0.073930986	0.074282199	0.119447790	0.070998296	0.067150332	0.267909288	0.127631888
619	3	1	0.079997331	0.190268248	0.055089086	0.187974527	0.071936481	0.108470112	0.070625141	0.085323818	0.071279719	0.079035424
620	3	3	0.082511343	0.102390401	0.058591820	0.137332350	0.126971290	0.074739464	0.122212812	0.123003125	0.086086631	0.086160809
621	7	9	0.064589910	0.069938868	0.082810506	0.073608100	0.069162756	0.107703805	0.075792260	0.137840718	0.097540841	0.221012190
622	7	9	0.071009278	0.068136141	0.072644278	0.071081460	0.099206485	0.110190377	0.078635253	0.118854985	0.100638032	0.209603667
623	8	8	0.156510189	0.058280997	0.074421927	0.023725668	0.079472505	0.091121845	0.076650470	0.106533937	0.242309541	0.090972945
624	2	2	0.078952849	0.087864712	0.178860500	0.087412052	0.110392198	0.074249670	0.134400085	0.088751517	0.072949968	0.086166367
625	8	7	0.134848952	0.067417540	0.083602756	0.026753424	0.068128385	0.076731078	0.074943192	0.187297285	0.184391946	0.095885396
626	0	0	0.380865127	0.058129657	0.090279266	0.052713733	0.094085723	0.040662095	0.083901763	0.094664708	0.063938394	0.040759545
627	5	7	0.050464030	0.075872220	0.064590059	0.046226420	0.059455238	0.172812879	0.050927471	0.333930820	0.088600777	0.057120085
628	0	6	0.090541571	0.076124914	0.133908018	0.096539780	0.124371096	0.060121179	0.160299197	0.122056380	0.076101191	0.059936620
629	0	0	0.179264337	0.067226924	0.085946016	0.052446321	0.083899923	0.110365435	0.095436595	0.100464493	0.144358546	0.080591381
630	9	9	0.054324187	0.070158847	0.091529593	0.054078944	0.074390754	0.092444293	0.061807036	0.062096912	0.119947962	0.319221556
631	2	6	0.097925685	0.067713849	0.174912229	0.040145691	0.126102701	0.061039947	0.188879594	0.060261674	0.092814460	0.090204246
632	2	4	0.089166261	0.082874231	0.143297359	0.064057499	0.219368860	0.066030562	0.129450589	0.094651967	0.065346956	0.045755673
633	5	7	0.060533930	0.064923063	0.058147557	0.034473412	0.057293545	0.171177953	0.055483021	0.324163377	0.112633176	0.061170951
634	0	0	0.321961075	0.064577676	0.078867391	0.045999184	0.057488222	0.077078447	0.081207462	0.115912721	0.103390612	0.053517282
635	0	0	0.384484589	0.052515686	0.087320521	0.058196783	0.100957051	0.035558637	0.088304743	0.074012369	0.061915345	0.056734227
636	7	7	0.049008433	0.059381951	0.050343923	0.043047857	0.049649015	0.092787258	0.048548192	0.473677874	0.071192577	0.062362935
637	7	7	0.052613385	0.060892563	0.059254579	0.040717885	0.061722469	0.111426517	0.058426432	0.403795630	0.093159683	0.057990823
638	3	3	0.115937434	0.113720931	0.076016411	0.228515491	0.147800460	0.037815083	0.100767158	0.059481215	0.070175998	0.049769860
639	1	1	0.086038329	0.270888865	0.056168050	0.105364360	0.110176496	0.072388396	0.102088623	0.079522423	0.060661267	0.056703206
640	3	1	0.084504768	0.189209014	0.048555017	0.169093609	0.106349662	0.072846942	0.102500677	0.095791295	0.067578547	0.063570440
641	7	7	0.056884464	0.050897490	0.066839717	0.046290349	0.059689559	0.110415436	0.065932848	0.397464901	0.090525612	0.055059582
642	5	5	0.058265831	0.072874278	0.085909598	0.063144900	0.076594733	0.232338414	0.062881663	0.175703615	0.093284108	0.079002947
643	2	6	0.132458016	0.063215949	0.103560477	0.040640179	0.134460017	0.071257450	0.171287179	0.067483537	0.095240541	0.120396718
644	2	4	0.086580001	0.086359940	0.140720472	0.058636308	0.244877756	0.061570376	0.097426675	0.100522362	0.069069996	0.054236088
645	2	2	0.094740704	0.082834758	0.233014941	0.063358694	0.111889154	0.061320622	0.121176131	0.097899988	0.077808559	0.055956520
646	4	4	0.071537785	0.067101277	0.150424749	0.041303877	0.251996070	0.041149545	0.151320904	0.064993225	0.087887093	0.072285555
647	3	3	0.093302228	0.121342950	0.078580566	0.174532890	0.163485110	0.065681890	0.106948622	0.078731939	0.063443802	0.053950030
648	7	7	0.051346749	0.071318783	0.078855887	0.048921958	0.057798415	0.099852629	0.056650862	0.379389644	0.095056459	0.060808647
649	6	0	0.294024378	0.057096787	0.060933232	0.115507752	0.086919062	0.019799270	0.161380470	0.085553139	0.055538505	0.063247375
650	2	6	0.100186318	0.087366462	0.166658551	0.103251800	0.103085361	0.053950317	0.170719877	0.066381060	0.068890996	0.079509206
651	8	1	0.073871456	0.202486292	0.052517887	0.132474378	0.073161021	0.138922676	0.074913926	0.076828174	0.088170983	0.086653337
652	0	1	0.118997484	0.148999482	0.099014550	0.098637953	0.131766185	0.076964781	0.128663793	0.068867154	0.061826903	0.066261768
653	1	1	0.093194120	0.259307086	0.056237072	0.122828640	0.114427015	0.052597143	0.100599870	0.080215313	0.063818641	0.056775086
654	4	4	0.065784775	0.075316332	0.159886226	0.033696864	0.274798363	0.046209071	0.126325145	0.059659865	0.080084853	0.078238405
655	1	1	0.086612724	0.296787053	0.049541797	0.159786776	0.098940879	0.048698444	0.077373788	0.067650259	0.060197525	0.054410789
656	1	1	0.065430120	0.385199815	0.051966142	0.102844067	0.080430225	0.052693464	0.068122514	0.070993982	0.069010116	0.053309549
657	5	5	0.072103418	0.079548523	0.087326169	0.128899112	0.065969788	0.182250500	0.080885485	0.097473294	0.097622298	0.107921422
658	7	7	0.052294496	0.059634060	0.049307242	0.039922815	0.064697891	0.104593128	0.050057776	0.425858468	0.085276864	0.068357177
659	9	9	0.052587699	0.062921166	0.096818924	0.062836170	0.070785671	0.076853938	0.077179030	0.089358576	0.098648243	0.312010527
660	5	4	0.072243020	0.073787473	0.086378358	0.055677082	0.181375265	0.129244804	0.083545752	0.077601567	0.100008972	0.140137762
661	9	9	0.051293466	0.053694971	0.071076907	0.061566424	0.081237070	0.082200348	0.072092004	0.095872283	0.103265062	0.327701479
662	2	2	0.085769884	0.079608269	0.275118709	0.035399597	0.161195338	0.038370714	0.128280684	0.069326781	0.070217974	0.056712043
663	6	6	0.098954931	0.097962283	0.082435958	0.108076550	0.104339361	0.084143274	0.145237640	0.112790570	0.086418390	0.079641134
664	8	8	0.065166615	0.068819940	0.088901706	0.041678797	0.124790356	0.076522365	0.072922036	0.062932238	0.247973815	0.150292143
665	5	9	0.064625174	0.071613051	0.076178104	0.088737868	0.067853227	0.142848924	0.082485229	0.117363431	0.132814720	0.155480281
666	5	7	0.078815624	0.059500784	0.076137923	0.044021375	0.079018459	0.154949859	0.106455274	0.182638720	0.127868026	0.090593867
667	7	7	0.056295943	0.068213537	0.080697045	0.040971562	0.062215507	0.088052526	0.068337351	0.363886565	0.107463084	0.063866943
668	5	5	0.063703537	0.117958300	0.048333310	0.064068504	0.068775997	0.278704137	0.046797086	0.158777788	0.092792749	0.060088575
669	7	7	0.058656506	0.076287799	0.071995549	0.048172269	0.062055368	0.116826661	0.058996946	0.337179303	0.110741980	0.059087619
670	5	5	0.064453088	0.087562211	0.070694990	0.066477470	0.079504982	0.213865519	0.057968631	0.166538626	0.102076679	0.090857774
671	3	1	0.089510947	0.193242818	0.040563542	0.181176975	0.114305727	0.053402737	0.120575480	0.086876623	0.062712498	0.057632748
672	6	6	0.077807628	0.120370544	0.096948132	0.092183724	0.162416071	0.051041894	0.226476327	0.064095594	0.050567683	0.058092449
673	8	8	0.069713056	0.073817074	0.111272492	0.056387477	0.097232021	0.062360380	0.093086414	0.081456728	0.242788702	0.111885689
674	1	1	0.060053598	0.457336545	0.053137641	0.099037506	0.073935546	0.033273153	0.065549910	0.059874002	0.054823183	0.042978909
675	5	7	0.054415405	0.081634000	0.065195180	0.042786635	0.057682414	0.214711830	0.051133070	0.274436802	0.096353129	0.061651543
676	6	3	0.079268642	0.117312089	0.065565057	0.150655180	0.096196622	0.120648630	0.085058525	0.120810859	0.081661597	0.082822762
677	5	7	0.053688157	0.084037088	0.057015523	0.041725084	0.054609634	0.244963184	0.051187709	0.254006356	0.101009384	0.057757858
678	9	9	0.056598898	0.055713870	0.080981180	0.033954494	0.063153207	0.086521976	0.068765625	0.072440535	0.100246228	0.381623983
679	9	9	0.053281102	0.069736071	0.074863270	0.067812443	0.055871166	0.074706472	0.061682783	0.115915686	0.095846124	0.330284864
680	3	3	0.107514717	0.118271515	0.081852466	0.182280600	0.137244970	0.051098611	0.107768886	0.080519356	0.067221977	0.066226855
681	3	3	0.095113255	0.119982474	0.054075442	0.152528167	0.091978200	0.063390948	0.117768489	0.149285048	0.084036537	0.071841352
682	7	7	0.054173727	0.077087320	0.051466741	0.050818089	0.056369808	0.142262056	0.048636701	0.370533764	0.093001939	0.055649906
683	6	4	0.080025509	0.074646242	0.156323135	0.049483348	0.242838323	0.045356926	0.144702852	0.097351894	0.061957054	0.047314733
684	4	4	0.077748984	0.072073884	0.129089043	0.061440725	0.296733618	0.036486257	0.136378556	0.067855805	0.065981105	0.056212027
685	0	0	0.279597551	0.065777212	0.090892971	0.057042409	0.077379100	0.072305098	0.089047119	0.121096373	0.087911844	0.058950324
686	3	4	0.105980799	0.176964194	0.057169240	0.144692689	0.184934586	0.048632193	0.111807570	0.066024281	0.052510403	0.051283993
687	0	3	0.117766365	0.148713663	0.087190703	0.164058045	0.138259873	0.045209374	0.103168026	0.069364563	0.072641797	0.053627614
688	3	1	0.087860614	0.177588522	0.053509429	0.163951874	0.078020126	0.080337323	0.107785821	0.109655246	0.066847585	0.074443489
689	5	5	0.055984318	0.069590002	0.064679623	0.058186006	0.081802286	0.190494865	0.081133477	0.109179579	0.124214366	0.164735526
690	1	1	0.067726225	0.401113629	0.063782901	0.095046259	0.080969371	0.043914072	0.069457859	0.060720325	0.064305283	0.052964002
691	6	6	0.105644017	0.102725878	0.158366114	0.078619212	0.120175339	0.048538636	0.201885104	0.061332926	0.064716429	0.057996355
692	1	1	0.057421114	0.470726818	0.056575958	0.091188505	0.077364229	0.034664743	0.065157689	0.056718197	0.049910802	0.040271990
693	3	3	0.095530272	0.184105471	0.061706681	0.234187037	0.120343678	0.054170825	0.091987565	0.067439988	0.043707836	0.046820659
694	7	7	0.049376458	0.096703760	0.062332999	0.051837485	0.053376548	0.162918776	0.047126696	0.326886445	0.090499163	0.058941696
695	2	2	0.087668009	0.074410304	0.167766064	0.060862653	0.106248252	0.075000539	0.157334581	0.142903075	0.068297543	0.059508964
696	8	8	0.071145408	0.096786492	0.104968615	0.054842964	0.081163943	0.034029122	0.082937434	0.104202129	0.268452764	0.101471111
697	0	6	0.093201421	0.088646121	0.110962316	0.080257781	0.188001379	0.029218884	0.233302221	0.061403964	0.071395971	0.043609876
698	5	9	0.071960717	0.069254078	0.096069232	0.094240218	0.057710368	0.152920082	0.074641556	0.121430941	0.096843682	0.164929092
699	3	6	0.082282148	0.153631583	0.061628897	0.106648438	0.136973098	0.057992287	0.167983338	0.110969611	0.059393384	0.062497262
700	8	8	0.064947307	0.059263818	0.090418682	0.034651585	0.068690017	0.087048352	0.087791607	0.096328817	0.275819510	0.135040313
701	8	8	0.056557328	0.072780304	0.088557810	0.098584309	0.115874507	0.112323858	0.092198826	0.087426931	0.161558792	0.114137396
702	6	6	0.091315679	0.076822557	0.106263034	0.085680999	0.077644281	0.078693882	0.211317137	0.078264102	0.092309006	0.101689346
703	6	4	0.090427779	0.076066501	0.158952042	0.055565912	0.199105680	0.037373912	0.167736635	0.099632479	0.058853358	0.056285731
704	9	9	0.048488829	0.066762038	0.078405075	0.066539340	0.061339162	0.076379828	0.062869281	0.094402365	0.093672082	0.351141989
705	4	4	0.090868972	0.102290370	0.070267238	0.127236545	0.250019252	0.033227343	0.132918745	0.071760409	0.067586556	0.053824585
706	7	7	0.051147148	0.057388034	0.056020495	0.037652679	0.055680148	0.129756466	0.064758092	0.383154899	0.103866942	0.060575224
707	9	9	0.055940602	0.062838681	0.088390939	0.109466888	0.065731533	0.110183299	0.072872721	0.102044843	0.108191051	0.224339336
708	4	4	0.062830754	0.069740906	0.170499116	0.035073377	0.335891664	0.038741942	0.111505158	0.062586732	0.061513554	0.051616877
709	7	7	0.057271194	0.070583642	0.059139058	0.040497866	0.056653626	0.110984251	0.051133908	0.387981683	0.103331745	0.062423062
710	3	1	0.079006657	0.211945295	0.057112318	0.203397632	0.097959153	0.067167707	0.069448486	0.084024087	0.068937451	0.061001301
711	9	9	0.057138920	0.061025057	0.098253891	0.088279434	0.076397389	0.079452835	0.094263993	0.087533891	0.106378898	0.251275688
712	7	7	0.050641291	0.073199332	0.066704705	0.042925391	0.052417833	0.096595109	0.050554890	0.414539993	0.092771493	0.059650008
713	4	6	0.097104870	0.057245035	0.061611313	0.069456220	0.180710331	0.050277937	0.277228683	0.073921219	0.072867766	0.059576616
714	3	3	0.114107892	0.097786248	0.082299389	0.254016995	0.113318421	0.023429215	0.104582749	0.086005785	0.072781473	0.051671896
715	3	3	0.102573648	0.189602554	0.058759026	0.212793097	0.139676630	0.046972707	0.085684761	0.056773204	0.054370087	0.052794199
716	9	9	0.049824480	0.063087739	0.067061901	0.054025743	0.068260252	0.075356886	0.069387980	0.097990058	0.116656356	0.338348567
717	2	4	0.089133814	0.072538733	0.114087865	0.077606663	0.252781719	0.047887754	0.146073535	0.077574074	0.068675324	0.053640515
718	4	6	0.093955420	0.080318972	0.069440842	0.116113588	0.156460062	0.032850858	0.255447060	0.086031772	0.060969237	0.048412148
719	0	0	0.225609377	0.119303599	0.059635118	0.096066184	0.079737633	0.062563606	0.122528389	0.084681995	0.087315969	0.062558159
720	9	9	0.062149476	0.054249153	0.122106031	0.062034454	0.103425831	0.090079978	0.068801664	0.084501967	0.113052592	0.239598781
721	5	9	0.076227754	0.058846954	0.100901365	0.057408966	0.092215382	0.134290323	0.070489109	0.114048265	0.119052403	0.176519513
722	8	8	0.103277452	0.080761470	0.054377757	0.111149177	0.068601169	0.110228211	0.085265733	0.089547157	0.202340215	0.094451599
723	8	8	0.067481451	0.083640672	0.080962390	0.041116118	0.091234311	0.070909411	0.076007053	0.057074577	0.237749740	0.193824217
724	3	3	0.103053682	0.094253972	0.127762854	0.164147511	0.152895287	0.032691266	0.148154929	0.064135969	0.057999518	0.054905068
725	3	4	0.098370574	0.070679106	0.098128460	0.118557245	0.222413778	0.035697218	0.128585979	0.110581644	0.063394792	0.053591203
726	4	4	0.065524198	0.075569704	0.210303828	0.031465176	0.226933405	0.048666842	0.133540720	0.074619211	0.073659949	0.059717014
727	7	7	0.062831812	0.065440327	0.057436511	0.045122679	0.059052318	0.097008072	0.065175913	0.325018078	0.125311390	0.097602785
728	3	3	0.101715617	0.137151808	0.064202957	0.211763501	0.150296167	0.044915255	0.115385100	0.060535505	0.058217976	0.055816125
729	0	0	0.259454757	0.080716521	0.089999214	0.079708941	0.126225933	0.031719849	0.108955845	0.079002112	0.073205657	0.071011186
730	9	9	0.058465309	0.051345721	0.127206609	0.039328612	0.083277762	0.100791380	0.072768852	0.067521572	0.125927091	0.273367107
731	7	9	0.065831155	0.072340213	0.099905163	0.066124633	0.073277175	0.094946302	0.063884638	0.083758079	0.099766366	0.280166358
732	6	2	0.091159329	0.095337547	0.196269542	0.093096085	0.073086478	0.088345036	0.107329629	0.091476217	0.085318103	0.078582041
733	7	7	0.054971047	0.060113780	0.062685072	0.042257570	0.058075685	0.097916774	0.057807315	0.410520196	0.091366716	0.064285867
734	8	8	0.067224525	0.063151658	0.091427773	0.063307643	0.084117629	0.084563546	0.094182596	0.088542812	0.269911677	0.093570136
735	9	9	0.059740886	0.046737645	0.105768204	0.052729849	0.079316355	0.111496881	0.065635875	0.072337843	0.115287937	0.290948510
736	5	5	0.055237614	0.077213615	0.059606045	0.047710754	0.065722272	0.242040291	0.053862017	0.213668779	0.106861025	0.078077577
737	0	0	0.367347300	0.057670750	0.106566451	0.052622158	0.119586594	0.025435286	0.092892319	0.073289335	0.057429448	0.047160301
738	2	2	0.089417420	0.065952703	0.291421831	0.048370223	0.165830508	0.035060741	0.128700942	0.049509447	0.049073197	0.076662898
739	3	3	0.100564867	0.155219570	0.070282735	0.226836160	0.113214105	0.041977260	0.102525882	0.086444683	0.055893589	0.047041114
740	3	4	0.102179416	0.077014878	0.108963788	0.144521743	0.220300272	0.035572968	0.117161810	0.065936171	0.067281052	0.061067831
741	6	6	0.192908421	0.076368891	0.063171208	0.073415674	0.105258785	0.061985027	0.217015624	0.065119922	0.099904716	0.044851750
742	1	1	0.080678940	0.272570103	0.058884576	0.099055409	0.111916043	0.063493721	0.116961487	0.072210558	0.072649479	0.051579680
743	6	6	0.098859601	0.104059584	0.060226034	0.140499339	0.145455316	0.048460908	0.148974255	0.127319768	0.064264603	0.061880495
744	9	9	0.049342234	0.051950771	0.100427277	0.045591794	0.064319395	0.078251503	0.081775628	0.061591204	0.101025537	0.365724683
745	4	4	0.055667527	0.066208228	0.131345227	0.048265047	0.409432590	0.043282893	0.089262821	0.071682766	0.043201569	0.041651309
746	8	8	0.169895440	0.069104247	0.071396098	0.022722080	0.088342190	0.072679467	0.089586951	0.102286473	0.209392145	0.104594894
747	0	0	0.239279523	0.057350922	0.067428246	0.071092434	0.128869176	0.038776234	0.200046152	0.083767429	0.059240308	0.054149512
748	0	0	0.410277247	0.053133506	0.062795639	0.051272649	0.110330097	0.023751296	0.121621557	0.066692159	0.050464164	0.049661789
749	9	9	0.059518084	0.070285708	0.071677543	0.069628209	0.078148842	0.093638502	0.090876237	0.096533380	0.076131605	0.293561846
750	0	0	0.293277025	0.057384502	0.065988898	0.048510883	0.083352037	0.080474533	0.096909903	0.097393043	0.115511850	0.061197218
751	8	1	0.069068365	0.205634117	0.058008142	0.071531005	0.151981145	0.094361946	0.079864018	0.100660294	0.084495686	0.084395237
752	3	1	0.082769200	0.196541369	0.054153454	0.186332792	0.074628055	0.089327611	0.081173316	0.093406811	0.070822023	0.070845336
753	9	9	0.077429049	0.071611963	0.113562010	0.063731685	0.104644775	0.098989539	0.077297293	0.076265842	0.112197414	0.204270452
754	2	4	0.097297959	0.092550695	0.157652423	0.074895822	0.234848186	0.037053622	0.110620648	0.081449173	0.057303093	0.056328416
755	2	6	0.096617125	0.053979635	0.102604888	0.089791961	0.090748608	0.050224014	0.262670428	0.110718794	0.061595581	0.081049010
756	0	6	0.093443207	0.131914854	0.061422147	0.118089914	0.111730210	0.063120514	0.171899542	0.130311221	0.060884520	0.057183892
757	8	8	0.082641676	0.079402357	0.122577354	0.051448058	0.102559090	0.034406148	0.101825528	0.120457806	0.225582540	0.079099424
758	5	9	0.063383922	0.055071980	0.091353230	0.067547418	0.117605127	0.132465109	0.136129946	0.073728666	0.108346276	0.154368281
759	7	7	0.053007402	0.092728972	0.070850037	0.048796348	0.057296466	0.104284965	0.055741686	0.354802668	0.098285362	0.064205974
760	1	1	0.070598185	0.419697762	0.057068057	0.105661884	0.090248056	0.026658908	0.077837735	0.059960533	0.049407002	0.042861875
761	2	2	0.087572843	0.088703766	0.180362985	0.061649084	0.178987458	0.033392742	0.163409784	0.063007593	0.070232965	0.072680727
762	9	9	0.047500059	0.068545938	0.071403079	0.081519611	0.059138987	0.104904003	0.057024889	0.093908191	0.121889316	0.294165939
763	5	5	0.059525408	0.085677393	0.063085042	0.052286148	0.059700463	0.245201126	0.051909681	0.208530635	0.112488404	0.061595690
764	8	8	0.149285361	0.054272640	0.088503599	0.036528151	0.067701682	0.078328967	0.074208483	0.125299618	0.235182628	0.090688765
765	8	8	0.068159945	0.080763854	0.077410512	0.062151693	0.058768891	0.036328677	0.073075116	0.078579560	0.359392583	0.105369285
766	5	5	0.071510002	0.075775489	0.076844797	0.085691713	0.114793725	0.173230782	0.076647155	0.101081885	0.087251671	0.137172759
767	8	6	0.084999271	0.067629099	0.126613319	0.082742780	0.091755241	0.053404484	0.164815128	0.102810100	0.149765298	0.075465262
768	6	8	0.090402156	0.086059675	0.119865894	0.077847034	0.100054771	0.050902151	0.126311049	0.129968762	0.138538063	0.080050439
769	4	2	0.090056747	0.101923972	0.171682626	0.087958865	0.123811796	0.067645632	0.119018689	0.074436150	0.073824234	0.089641184
770	4	6	0.077332884	0.066541582	0.087295495	0.105648503	0.093039557	0.056357615	0.207997054	0.124151319	0.105294004	0.076342031
771	1	1	0.082853675	0.255817890	0.053017616	0.092134900	0.163072452	0.062435929	0.105847269	0.066977799	0.062873557	0.054968923
772	4	4	0.071543477	0.096149169	0.176501334	0.050795443	0.227042794	0.049732041	0.152047321	0.043624695	0.063847668	0.068716019
773	7	7	0.050560258	0.088336214	0.059922066	0.042606670	0.051508594	0.098366328	0.046936918	0.417470366	0.084789142	0.059503399
774	2	6	0.078935191	0.097955637	0.091238067	0.112877294	0.094812781	0.076703005	0.140994877	0.122387052	0.085014425	0.099081643
775	9	9	0.060039420	0.056016274	0.095410921	0.065963320	0.120515175	0.098102689	0.100135498	0.075131968	0.107186086	0.221498638
776	5	5	0.077274665	0.087456599	0.075504616	0.081481762	0.101873279	0.161087647	0.083663039	0.097047687	0.106965311	0.127645418
777	6	6	0.086414874	0.088526376	0.140885919	0.059264403	0.147035614	0.034915704	0.240220740	0.043336250	0.068159558	0.091240495
778	7	7	0.070199490	0.080750003	0.085662067	0.063180543	0.064422637	0.093299866	0.069478579	0.282547563	0.069252275	0.121206969
779	4	2	0.080321968	0.097692274	0.237765297	0.047979631	0.139331341	0.031317126	0.148080632	0.053212687	0.069013864	0.095285073
780	7	7	0.056055870	0.095161140	0.064930007	0.044788402	0.060165867	0.146309197	0.047902353	0.347502738	0.081065014	0.056119371
781	9	9	0.055392414	0.056818072	0.060007881	0.053052623	0.054584540	0.103382021	0.057585038	0.100644536	0.073533103	0.384999871
782	8	8	0.069972381	0.079368249	0.096287102	0.060514137	0.146967769	0.064167902	0.120609649	0.067700021	0.172673032	0.121739745
783	9	9	0.056302555	0.055245552	0.084830940	0.062308069	0.061551485	0.121983312	0.075577244	0.083230734	0.098344669	0.300625443
784	3	2	0.088744603	0.085682943	0.168243751	0.065337673	0.160385177	0.031505201	0.153894573	0.121149004	0.081849940	0.043207221
785	3	3	0.078005895	0.162246093	0.060183365	0.231554717	0.094439574	0.070560120	0.070270747	0.101387046	0.072228372	0.059124060
786	2	2	0.083778426	0.083241865	0.294186532	0.042421270	0.142663032	0.033786666	0.126493394	0.068656914	0.054067284	0.070704624
787	5	5	0.057910513	0.127472237	0.056326374	0.063814789	0.072702713	0.241730914	0.053959265	0.188771129	0.070530728	0.066781417
788	0	0	0.387695402	0.057944071	0.076792337	0.060279503	0.102709986	0.027555740	0.121790618	0.069880269	0.043832723	0.051519305
789	8	8	0.067970969	0.071954168	0.084833689	0.039095495	0.079240188	0.048359815	0.075150453	0.060503636	0.336177915	0.136713654
790	2	6	0.093910977	0.067681409	0.134039626	0.053545810	0.181066692	0.035231277	0.225711048	0.064157575	0.076833844	0.067821778
791	6	0	0.380299956	0.052535325	0.086336643	0.059231047	0.099634103	0.027133102	0.118687525	0.069599293	0.056465998	0.050077043
792	1	1	0.080516927	0.334966421	0.055313423	0.096596815	0.087712973	0.063951097	0.071823247	0.074763231	0.071925312	0.062430412
793	3	1	0.085597515	0.256916732	0.064044826	0.147312343	0.099069946	0.066797189	0.083218493	0.081815071	0.056102399	0.059125468
794	6	6	0.088792391	0.064527914	0.142910182	0.058171675	0.128313467	0.072808363	0.170601234	0.060981214	0.090487897	0.122405574
795	9	9	0.041974995	0.048103046	0.078911349	0.052818142	0.084122740	0.057984039	0.057098299	0.064465038	0.103174888	0.411347419
796	1	1	0.065155298	0.440288812	0.051295731	0.097926132	0.075910993	0.033620290	0.064489231	0.061838474	0.062283728	0.047191270
797	9	9	0.065717310	0.058219835	0.080145143	0.082630083	0.053093344	0.134522364	0.051581491	0.100751005	0.095715076	0.277624309
798	4	3	0.101315409	0.146779492	0.055736393	0.183775350	0.161872044	0.051486198	0.112274669	0.072982475	0.060165502	0.053612638
799	8	8	0.065851755	0.094155572	0.072593383	0.092827067	0.066806026	0.041079022	0.084967054	0.090560429	0.299329698	0.091829926
800	4	4	0.053375538	0.072552681	0.125449091	0.030548250	0.424529374	0.040197399	0.095143430	0.056243725	0.045656454	0.056304019
801	0	0	0.264141053	0.090388708	0.069110081	0.077420138	0.092068546	0.059985083	0.107493654	0.100740552	0.074025370	0.064626902
802	3	1	0.073883884	0.221064568	0.062314890	0.209024489	0.104194194	0.074837849	0.069183342	0.065207288	0.062429402	0.057860155
803	9	9	0.056849185	0.066835709	0.070419624	0.076929241	0.062975869	0.085632525	0.072825946	0.100106113	0.124756753	0.282669067
804	8	8	0.089720100	0.046766419	0.133610696	0.078012861	0.096545719	0.051376052	0.110426635	0.098905616	0.213277012	0.081358887
805	5	5	0.090046681	0.090363026	0.085035421	0.080216162	0.097989835	0.182616562	0.092452608	0.084356166	0.098596610	0.098326877
806	2	2	0.096288487	0.094148733	0.222578287	0.074570790	0.156724960	0.034687798	0.119075678	0.080038778	0.059981093	0.061905313
807	3	4	0.103091717	0.108874358	0.089081734	0.159534350	0.160473749	0.045429256	0.130320296	0.086070105	0.057922184	0.059202228
808	5	5	0.058789466	0.076909222	0.085746460	0.086339347	0.095563494	0.207682133	0.079257853	0.105883785	0.085527450	0.118300721
809	8	8	0.056009647	0.087114282	0.085436791	0.045652810	0.099462032	0.085200876	0.072581157	0.070217833	0.213992611	0.184331894
810	7	7	0.056189433	0.109105334	0.064139508	0.047291182	0.057050865	0.155143261	0.045036450	0.324767381	0.088601522	0.052675020
811	9	9	0.060661037	0.061354008	0.082279339	0.042296715	0.107916802	0.080122016	0.062710874	0.065604284	0.109425008	0.327629954
812	7	7	0.065691307	0.072254688	0.072278216	0.060402267	0.070619792	0.150394887	0.065346204	0.271698773	0.085196234	0.086117685
813	7	7	0.051394094	0.064732894	0.053611811	0.035201892	0.054971073	0.123755306	0.051519733	0.422564447	0.086306587	0.055942092
814	3	3	0.073983975	0.203088254	0.047112808	0.276429743	0.091414817	0.050837461	0.078034446	0.060266186	0.062677711	0.056154605
815	6	0	0.295431137	0.065075129	0.090577476	0.066110730	0.105099462	0.051976994	0.122074105	0.084167540	0.068109393	0.051378068
816	1	1	0.076860934	0.363510460	0.062568150	0.101157375	0.093441449	0.049638052	0.073005080	0.071412317	0.055766255	0.052639902
817	8	8	0.073065348	0.085377209	0.088448383	0.079508074	0.071967728	0.054212648	0.080739066	0.088526264	0.279709995	0.098445326
818	5	8	0.096371129	0.054589234	0.079496987	0.068879612	0.064317644	0.140401870	0.083188675	0.132597268	0.147777513	0.132380038
819	3	3	0.094315052	0.151672527	0.065015540	0.226941273	0.156950682	0.040403195	0.102334626	0.059463724	0.056405831	0.046497528
820	6	6	0.094826721	0.068118326	0.087498076	0.082104526	0.079091460	0.097977273	0.154663801	0.118145116	0.100783706	0.116791017
821	6	0	0.284547478	0.078123391	0.070117258	0.092264213	0.121515177	0.028423773	0.124955125	0.079543591	0.067613527	0.052896559
822	8	7	0.068346679	0.086198092	0.106253661	0.043300830	0.069413334	0.066029482	0.074722178	0.199489027	0.193217605	0.093029082
823	2	2	0.082396023	0.084607832	0.234837025	0.038910445	0.179389238	0.040802147	0.117118262	0.105825670	0.066514507	0.049598902
824	7	7	0.045920983	0.051340781	0.057477441	0.046133552	0.059415728	0.119286254	0.058171853	0.413077354	0.085578941	0.063597165
825	1	1	0.067559250	0.346402645	0.064683758	0.096101820	0.084982529	0.069672905	0.066712856	0.077710010	0.066922620	0.059251644
826	9	9	0.056162976	0.053025596	0.087403104	0.040672604	0.125328094	0.090721175	0.060306124	0.082886085	0.138497949	0.264996260
827	2	4	0.081193410	0.078847952	0.166076496	0.062511079	0.190311208	0.069592565	0.118624233	0.105585694	0.074342802	0.052914683
828	3	6	0.085086405	0.096792109	0.067010753	0.136229053	0.131026089	0.046758253	0.201309159	0.118314020	0.062125478	0.055348668
829	4	4	0.092911199	0.073005542	0.172457069	0.032092173	0.213240489	0.062082004	0.135544941	0.072081968	0.090436019	0.056148600
830	3	3	0.099066749	0.136003792	0.073333159	0.293430895	0.113693938	0.038076840	0.081004605	0.053267926	0.062234700	0.049887374
831	5	5	0.062453501	0.075340644	0.059573077	0.042841777	0.073442869	0.246009842	0.055391293	0.237732261	0.092554919	0.054659706
832	7	9	0.058790144	0.073901795	0.098244630	0.112108432	0.065790154	0.113159873	0.068651162	0.117664799	0.100368224	0.191320762
833	9	9	0.058411486	0.069046013	0.079625875	0.091313347	0.075904086	0.083456852	0.075746328	0.127633065	0.105109423	0.233753473
834	8	8	0.062626086	0.060503602	0.085141048	0.043552119	0.076200426	0.088043556	0.096161358	0.064512879	0.274994999	0.148263961
835	7	7	0.054140806	0.101854652	0.054772969	0.047905672	0.053737964	0.139246613	0.046922933	0.358802736	0.089053318	0.053562395
836	9	7	0.052321907	0.068049751	0.059280176	0.036832135	0.050875194	0.104431570	0.043454368	0.428957462	0.089746073	0.066051364
837	5	5	0.068310693	0.103760891	0.053039048	0.061297249	0.085728273	0.256228954	0.063198075	0.139954790	0.087173052	0.081308968
838	0	1	0.111879528	0.233872756	0.048843138	0.096677564	0.130223110	0.061229628	0.119651318	0.070877165	0.072995052	0.053750698
839	8	8	0.095642015	0.081537403	0.101019420	0.099418245	0.088197172	0.050710466	0.140458375	0.125463054	0.142852083	0.074701756
840	5	5	0.060718447	0.076416157	0.046493217	0.055336628	0.080482833	0.318269581	0.055973247	0.133894488	0.088062368	0.084352992
841	2	2	0.110046923	0.073255025	0.242774233	0.080904774	0.143564433	0.038667008	0.140751556	0.083825596	0.047427408	0.038783055
842	4	4	0.076887183	0.087145574	0.136480927	0.052419543	0.276828498	0.052880727	0.157760486	0.042129964	0.063489527	0.053977575
843	7	7	0.054303609	0.058865920	0.059984576	0.041767541	0.057281118	0.102811359	0.065688364	0.408198297	0.085448280	0.065650895
844	2	6	0.102602422	0.101795271	0.088387646	0.118393175	0.107379623	0.070547417	0.149376571	0.090823039	0.087391227	0.083303593
845	4	4	0.072221689	0.078701876	0.145150289	0.071798071	0.303070694	0.047075853	0.112880722	0.075309768	0.051983401	0.041807599
846	2	2	0.091859110	0.094037704	0.243887603	0.091861613	0.090520076	0.056466531	0.102259547	0.099653929	0.077494711	0.051959127
847	0	0	0.295995355	0.072239056	0.086460814	0.059359286	0.090010263	0.051390514	0.102421299	0.119417638	0.076551922	0.046153761
848	2	2	0.106532030	0.077895068	0.152604476	0.087502487	0.112788834	0.080556989	0.113558114	0.132309064	0.074888065	0.061364919
849	7	7	0.049855173	0.077804178	0.065548949	0.046353143	0.058428198	0.130964845	0.063983612	0.338600039	0.105199799	0.063262016
850	6	4	0.073825635	0.080285385	0.138317466	0.059336863	0.242133647	0.037629168	0.189551786	0.063810490	0.056961000	0.058148559
851	1	1	0.064516738	0.419409424	0.061029628	0.087996475	0.087519638	0.043965299	0.072660051	0.062232487	0.051896360	0.048773896
852	8	8	0.066001371	0.094310984	0.097574197	0.083217032	0.080789812	0.042666234	0.066355824	0.102392226	0.289502144	0.077190131
853	4	4	0.082187295	0.075519882	0.158174679	0.065110154	0.233517185	0.042138193	0.158941135	0.072968461	0.067192100	0.044250902
854	0	0	0.169050589	0.077010937	0.089957140	0.107256226	0.125972077	0.055279285	0.112882078	0.096848145	0.080460750	0.085282810
855	2	2	0.089967877	0.103446566	0.180911586	0.107471652	0.072205804	0.079744630	0.107201278	0.082308508	0.083993062	0.092749089
856	0	6	0.133278772	0.113035321	0.077334747	0.123746112	0.140001476	0.054587923	0.149406642	0.082856499	0.069079645	0.056672841
857	9	9	0.048374724	0.053791072	0.121657014	0.049928796	0.094967544	0.113498189	0.070690170	0.072881304	0.104726441	0.269484788
858	4	4	0.068085194	0.077036999	0.194484964	0.046833515	0.228330910	0.041682616	0.158936858	0.059224419	0.062430441	0.062954165
859	2	4	0.071000949	0.062991142	0.215279311	0.026472535	0.313703895	0.035449084	0.107368015	0.054022204	0.059172660	0.054540124
860	3	3	0.087863766	0.083989464	0.085637629	0.292194366	0.123232879	0.029593075	0.104775779	0.060136363	0.075406998	0.057169676
861	1	1	0.055471331	0.386841297	0.060504496	0.081951797	0.076776341	0.070726603	0.067084372	0.069394022	0.075522371	0.055727284
862	0	0	0.368054390	0.074621990	0.064566270	0.067531750	0.110236563	0.025892304	0.117698632	0.064908639	0.068003543	0.038485963
863	5	5	0.108422905	0.053541239	0.081470378	0.086377226	0.063820161	0.168462262	0.098961823	0.097059935	0.121369749	0.120514296
864	9	9	0.056863967	0.066060178	0.079628170	0.074972741	0.067351699	0.081517667	0.068578467	0.107028224	0.080355614	0.317643255
865	3	3	0.074742466	0.146737084	0.033872992	0.160794482	0.065207683	0.080068544	0.122822650	0.141670287	0.088226087	0.085857742
866	6	4	0.080443598	0.083909512	0.137508869	0.052195340	0.242354482	0.029797241	0.204033941	0.064472966	0.055216707	0.050067376
867	4	4	0.071089268	0.084497981	0.197288856	0.050625153	0.231075019	0.041293606	0.132152438	0.045852806	0.071490347	0.074634604
868	7	9	0.064618178	0.065594524	0.087496608	0.077294044	0.096474491	0.093840830	0.063652597	0.174559653	0.070010029	0.206459090
869	5	7	0.073601261	0.065925717	0.084233291	0.052234568	0.066587918	0.161646962	0.071849123	0.201287806	0.137217283	0.085416004
870	6	2	0.069389656	0.086250253	0.218919605	0.048007734	0.200503647	0.033030692	0.126493096	0.048872188	0.077603161	0.090929918
871	0	0	0.284107268	0.059137896	0.087591827	0.047090564	0.084359877	0.046797164	0.120076329	0.135024905	0.098962538	0.036851700
872	0	0	0.226120397	0.079263180	0.118829526	0.064144164	0.110210381	0.033657622	0.172031865	0.081035107	0.060966875	0.053740811
873	4	4	0.074080735	0.071613744	0.180921346	0.047656745	0.258784264	0.042634148	0.131557539	0.097526476	0.058618806	0.036606330
874	7	9	0.051762681	0.054523777	0.069200978	0.073732153	0.075472139	0.119431272	0.086842038	0.124016270	0.090567879	0.254450798
875	1	6	0.092139624	0.095165573	0.073952943	0.116077386	0.157350585	0.051896393	0.165675864	0.120737366	0.064708598	0.062295649
876	3	3	0.097547226	0.084893867	0.086053073	0.275001496	0.133902147	0.040274300	0.096864417	0.061874364	0.070237726	0.053351339
877	5	5	0.085018128	0.076761194	0.111844696	0.079048850	0.069946527	0.156599671	0.094518065	0.097293943	0.092612691	0.136356309
878	5	5	0.058552090	0.097056672	0.056626730	0.056101311	0.064187817	0.269901305	0.064303763	0.166543350	0.088652827	0.078074127
879	0	0	0.331724912	0.056048490	0.085262895	0.053649865	0.077666394	0.046000816	0.130773291	0.116950877	0.073010974	0.028911481
880	7	7	0.050875660	0.111475065	0.059746843	0.043737393	0.051836543	0.147444680	0.045297708	0.360252410	0.075737506	0.053596143
881	4	4	0.081647441	0.119654782	0.076127723	0.107232772	0.276223511	0.050895695	0.097637683	0.068524130	0.062973179	0.059083059
882	4	4	0.067130499	0.068720110	0.169203073	0.029021015	0.292247027	0.050819054	0.111098677	0.056425214	0.071990438	0.083344847
883	1	1	0.094797045	0.193853840	0.061933313	0.121388093	0.110026859	0.045509987	0.160896465	0.089651264	0.067854017	0.054089118
884	2	4	0.078205429	0.071084335	0.114106759	0.049918089	0.214848429	0.073214918	0.124909729	0.078027077	0.085692510	0.109992705
885	3	1	0.087462515	0.186668739	0.054722305	0.170440167	0.076758891	0.093902700	0.070756234	0.088575482	0.085792005	0.084920883
886	1	1	0.053080641	0.476779640	0.056724697	0.085896708	0.079583488	0.041018937	0.059176948	0.060250580	0.046400990	0.041087434
887	3	1	0.094788142	0.210053727	0.051192217	0.143858656	0.128719777	0.070839018	0.113435060	0.074665897	0.065415271	0.047032326
888	6	4	0.068144605	0.094932988	0.048756607	0.095154069	0.299472451	0.047431484	0.146146163	0.079514347	0.067978583	0.052468680
889	4	4	0.078516684	0.086310506	0.124335267	0.100316733	0.331677645	0.031896807	0.088513732	0.064828657	0.049039755	0.044564288
890	7	7	0.045817714	0.052055579	0.057240106	0.035316646	0.054399401	0.085138097	0.055134684	0.465054333	0.090608150	0.059235245
891	2	6	0.095797695	0.080423616	0.117468022	0.087479725	0.161483303	0.039182056	0.246825606	0.058286130	0.064844824	0.048209019
892	5	5	0.059948672	0.063367262	0.060404070	0.054206438	0.057201531	0.256936312	0.060259122	0.227349296	0.103905648	0.056421585
893	8	8	0.162761375	0.045011748	0.060857099	0.045396719	0.070095457	0.100836836	0.119223490	0.062226698	0.187451184	0.146139383
894	0	0	0.261170208	0.070831738	0.097888358	0.107591569	0.077547275	0.036259092	0.092709228	0.110782556	0.089521810	0.055698097
895	1	1	0.066058248	0.433084726	0.051923621	0.100562342	0.078757353	0.040960256	0.063890137	0.054778531	0.064491265	0.045493484
896	2	4	0.085015781	0.070621125	0.205646589	0.043349840	0.236504704	0.036064271	0.128833443	0.088340282	0.061624032	0.043999881
897	0	0	0.393542409	0.052473366	0.088250272	0.061813667	0.096994698	0.030894114	0.101222120	0.066687189	0.059756942	0.048365206
898	4	2	0.072991423	0.073070139	0.208804250	0.043253388	0.205636337	0.041626472	0.183577850	0.049431764	0.058357254	0.063251182
899	3	3	0.142576545	0.108789437	0.061724916	0.233879849	0.100082703	0.025329776	0.113547221	0.073982246	0.080615714	0.059471596
900	2	2	0.099482797	0.080041274	0.242859393	0.079537556	0.128941610	0.036348745	0.131723657	0.101084851	0.052179359	0.047800738
901	5	5	0.066506088	0.067759730	0.069750696	0.039215349	0.057679001	0.255764991	0.066308886	0.217574239	0.106432453	0.053008553
902	1	1	0.069079600	0.370800823	0.070997208	0.095159724	0.107516125	0.045657400	0.082137905	0.068609305	0.045807172	0.044234686
903	0	0	0.348273814	0.051752131	0.085068807	0.049656387	0.104614675	0.036599025	0.128452927	0.069414690	0.073845722	0.052321777
904	0	0	0.263395846	0.060069293	0.085923418	0.066297464	0.108875170	0.054768559	0.153896853	0.095275529	0.074612983	0.036884863
905	7	7	0.055879757	0.075050756	0.097840406	0.068553358	0.074113056	0.112474062	0.088525109	0.185279354	0.120846324	0.121437758
906	7	7	0.051690340	0.050144535	0.053477835	0.037235923	0.057930309	0.101316310	0.066872537	0.434441000	0.088872634	0.058018565
907	7	7	0.054833245	0.059831008	0.072474808	0.054535050	0.060101386	0.089078307	0.082889654	0.204173297	0.120042659	0.202040523
908	9	9	0.045397080	0.055499658	0.104480386	0.045418043	0.081725828	0.076492526	0.051788673	0.088925518	0.082016207	0.368256032
909	1	1	0.074911535	0.318868041	0.054323245	0.092461377	0.106828369	0.056172717	0.097596318	0.069580011	0.079565264	0.049693018
910	5	7	0.062636241	0.091785483	0.065759510	0.051661506	0.053569268	0.209955633	0.057342891	0.235468268	0.110761441	0.061059792
911	4	4	0.060738586	0.072495013	0.117543846	0.060532775	0.411821812	0.029754968	0.084928676	0.055202775	0.051435709	0.055545814
912	8	8	0.072191469	0.069861434	0.080958679	0.056784678	0.083861902	0.078906655	0.087776087	0.068569444	0.260116428	0.140973195
913	8	8	0.066236131	0.056470647	0.097741805	0.039718639	0.121004552	0.078464739	0.079634957	0.078327626	0.271069676	0.111331224
914	8	8	0.079309657	0.077691339	0.083954476	0.102132447	0.078475170	0.073253751	0.096338362	0.086259723	0.216694042	0.105890997
915	0	0	0.339674652	0.054862496	0.089060850	0.062682360	0.087622367	0.033395752	0.158582062	0.081425577	0.057846863	0.034847125
916	3	1	0.086886406	0.173963249	0.075373396	0.154447600	0.067207336	0.118898883	0.073770486	0.081841759	0.086530417	0.081080511
917	3	1	0.078121081	0.171470731	0.045249585	0.130086496	0.083331950	0.099985085	0.092082836	0.126930833	0.086132959	0.086608402
918	6	0	0.172263607	0.134649694	0.057730734	0.124472313	0.135888636	0.050648972	0.124663934	0.049745258	0.085837312	0.064099476
919	1	1	0.076513864	0.296283305	0.046492394	0.090386435	0.102803774	0.076734282	0.080407441	0.080239989	0.085876398	0.064262100
920	1	1	0.074340813	0.295072794	0.059120543	0.134307846	0.094725303	0.060388695	0.075521670	0.079542436	0.069907360	0.057072565
921	9	9	0.040332809	0.050088432	0.095234081	0.053288314	0.057629276	0.075399742	0.061182849	0.059856821	0.086725980	0.420261711
922	4	4	0.081832938	0.116447844	0.057644647	0.126276523	0.159926593	0.069341853	0.133979380	0.110764846	0.080564812	0.063220598
923	8	8	0.063349999	0.070610516	0.112728938	0.052720767	0.115584590	0.064914137	0.098972753	0.074694909	0.232152298	0.114271082
924	6	4	0.079860412	0.065687761	0.176510185	0.048793230	0.237241879	0.046846699	0.139066845	0.092699684	0.065897308	0.047396116
925	3	7	0.087975107	0.067615367	0.062901944	0.100307874	0.103692397	0.079143561	0.119376875	0.151190311	0.120523915	0.107272632
926	9	9	0.062119629	0.064878054	0.107118890	0.050186265	0.077760719	0.126415908	0.081844531	0.095037319	0.128042936	0.206595808
927	2	2	0.102771834	0.064100370	0.270871520	0.069518112	0.149642542	0.036678575	0.128758505	0.073770329	0.050730839	0.053157389
928	1	1	0.061543424	0.457892656	0.059469581	0.095710009	0.083799474	0.025800738	0.070968218	0.056426350	0.047293328	0.041096207
929	3	3	0.101409413	0.099853367	0.086351156	0.156772166	0.142290652	0.051187422	0.129948780	0.112734698	0.064103581	0.055348653
930	9	9	0.063043177	0.051951382	0.126486376	0.064811714	0.080256686	0.102121800	0.081959330	0.085363105	0.117787361	0.226219058
931	8	0	0.182941273	0.062383782	0.090340607	0.071982495	0.083000317	0.070634224	0.093801603	0.062314786	0.182912201	0.099688709
932	0	0	0.301611543	0.067083739	0.096608698	0.081195794	0.109895930	0.027772631	0.134703055	0.072865739	0.056078065	0.052184720
933	8	8	0.147924587	0.076397091	0.077771075	0.039332427	0.066049397	0.069419548	0.096449912	0.081233904	0.245941296	0.099480733
934	4	4	0.082539186	0.081195436	0.152783990	0.061681688	0.199196398	0.048460472	0.171106428	0.043434914	0.075498566	0.084102944
935	9	9	0.056743260	0.056795441	0.115367703	0.056534491	0.082757108	0.107028455	0.072590724	0.062962823	0.118056454	0.271163523
936	4	8	0.081583254	0.102091655	0.121499285	0.067749210	0.126789957	0.071888924	0.094600238	0.067624509	0.134557098	0.131615847
937	3	3	0.094031975	0.159753770	0.051822402	0.177216679	0.100075111	0.062961586	0.119409397	0.100934491	0.066945896	0.066848673
938	4	4	0.061442770	0.082671739	0.210012734	0.035982206	0.283485800	0.041762665	0.118897937	0.048976004	0.055900641	0.060867481
939	1	1	0.085186943	0.219329789	0.045184545	0.143893704	0.074702188	0.082239211	0.064710058	0.102813996	0.096653484	0.085286073
940	8	8	0.071154624	0.069907151	0.111357011	0.049398076	0.115659356	0.056710076	0.074940413	0.065362588	0.251903027	0.133607641
941	0	3	0.102120094	0.108438872	0.084235765	0.171461210	0.145340636	0.039141666	0.140106067	0.094627410	0.059847813	0.054680545
942	2	6	0.076046325	0.082415678	0.111151829	0.093343735	0.092732497	0.052313462	0.203392461	0.112152897	0.079579018	0.096872211
943	0	0	0.238578111	0.157849222	0.036022518	0.054382104	0.092092745	0.100539431	0.112127200	0.075410314	0.077120297	0.055878066
944	9	9	0.064970776	0.058575533	0.086166196	0.061792579	0.103714474	0.118129015	0.097711049	0.093756959	0.129759297	0.185424134
945	9	9	0.043705627	0.054731369	0.091778189	0.067973420	0.116398312	0.079349875	0.087854519	0.077843800	0.107581519	0.272783428
946	9	9	0.062171891	0.060315620	0.104076475	0.059063517	0.072840430	0.111606114	0.081578173	0.078833401	0.132342249	0.237172067
947	3	6	0.103561915	0.073601782	0.071978264	0.134333327	0.095755994	0.052828025	0.141822860	0.127407268	0.108580381	0.090130158
948	4	4	0.090929277	0.078192063	0.151917905	0.037810612	0.162103117	0.077763669	0.141660497	0.060859550	0.096321598	0.102441669
949	7	7	0.066333316	0.106286034	0.068295047	0.044778388	0.054972168	0.190156296	0.062342919	0.240940154	0.110602766	0.055292983
950	8	8	0.071119979	0.103101932	0.096136086	0.082688428	0.075312763	0.059897542	0.091320857	0.085957378	0.236662015	0.097802997
951	4	2	0.078697592	0.103966393	0.188688204	0.046479646	0.172343165	0.049047016	0.133684829	0.051232204	0.078381926	0.097479053
952	1	1	0.063857973	0.359000057	0.065667339	0.093003407	0.086304083	0.066486642	0.067255408	0.076347850	0.065202266	0.056874964
953	2	2	0.082510464	0.080387406	0.269265085	0.035716616	0.181756839	0.049429026	0.112957262	0.064741999	0.064597294	0.058638033
954	2	6	0.093819357	0.095076062	0.141111881	0.096648589	0.173785985	0.042293876	0.184358954	0.068499282	0.056564596	0.047841456
955	9	9	0.047889043	0.056096237	0.056091689	0.043666732	0.075597920	0.080901742	0.051057294	0.087619737	0.090419918	0.410659760
956	2	1	0.070167013	0.248617142	0.058373403	0.114435054	0.102791987	0.075804792	0.097258121	0.079722352	0.085552610	0.067277573
957	3	1	0.096083388	0.192056865	0.060302179	0.158828616	0.112377562	0.073122188	0.121549614	0.061979633	0.072086886	0.051613148
958	1	1	0.089169703	0.335100055	0.063295692	0.113873601	0.116385624	0.040256955	0.078289725	0.067415819	0.049466833	0.046745986
959	2	4	0.072730027	0.077382885	0.144305333	0.059716187	0.265070230	0.043044642	0.155817553	0.042554166	0.064992778	0.074386142
960	9	9	0.049623173	0.059439179	0.089245312	0.077863008	0.070321336	0.087745242	0.066323020	0.086298421	0.090669408	0.322471887
961	7	7	0.062587194	0.058195606	0.053113133	0.034398485	0.057237212	0.100088716	0.057851635	0.408550173	0.098383293	0.069594510
962	2	2	0.078943238	0.084492214	0.293168902	0.036864288	0.152250245	0.037704144	0.116730250	0.075430587	0.066144466	0.058271714
963	0	0	0.224095955	0.064385593	0.113310695	0.081080690	0.123516329	0.042148013	0.137649655	0.108296558	0.059872605	0.045643985
964	9	9	0.058237519	0.066093892	0.050614011	0.062791057	0.065178901	0.119015150	0.079187028	0.089352697	0.108417198	0.301112503
965	7	7	0.047919344	0.057545196	0.064501986	0.037473150	0.054330733	0.090768233	0.049585029	0.452715456	0.085821413	0.059339453
966	8	0	0.152704746	0.071856245	0.100296967	0.055372842	0.072621696	0.075496837	0.126665711	0.086456224	0.133164689	0.125364110
967	3	3	0.100066990	0.152953640	0.063070729	0.257315934	0.104792468	0.053938393	0.079780117	0.066786796	0.065681651	0.055613253
968	9	9	0.050000686	0.054548085	0.064555213	0.099111348	0.043622382	0.086214751	0.042619370	0.118948482	0.080052145	0.360327542
969	2	2	0.073695987	0.088779829	0.282532722	0.038202491	0.173410967	0.026774945	0.122737348	0.058955368	0.056313068	0.078597181
970	4	6	0.075443588	0.094654262	0.093042903	0.065412916	0.125005171	0.045833047	0.171423391	0.081509843	0.145715863	0.101959020
971	9	9	0.053431712	0.054801807	0.088858671	0.060067747	0.066177890	0.084811829	0.067868136	0.075042255	0.102084495	0.346855462
972	5	5	0.061301820	0.067994460	0.064123437	0.050669070	0.084153466	0.244556084	0.072955579	0.162167534	0.106924877	0.085153744
973	7	7	0.046667796	0.051329732	0.055970881	0.041355718	0.048254021	0.103509784	0.058523577	0.449317366	0.082276508	0.062794589
974	2	4	0.070803702	0.079693839	0.175489083	0.044975977	0.287356317	0.034934994	0.122993447	0.071580634	0.060019892	0.052152172
975	4	4	0.082254201	0.089121878	0.082264535	0.122552872	0.225822076	0.029249763	0.185467362	0.068629101	0.062530480	0.052107677
976	3	3	0.077036276	0.237250313	0.052600920	0.245002210	0.077532321	0.068630747	0.062294438	0.065629087	0.053748667	0.060274947
977	6	6	0.161668316	0.064896189	0.054703005	0.081020318	0.102437489	0.090877414	0.187694728	0.091447309	0.087192670	0.078062572
978	6	6	0.078824334	0.078383625	0.123111337	0.104168519	0.153828189	0.028952921	0.272068352	0.055753607	0.051191416	0.053717736
979	5	5	0.063447304	0.088446625	0.060376823	0.085010037	0.089590080	0.193382844	0.064903632	0.165217459	0.082154274	0.107470959
980	8	8	0.087510332	0.058037192	0.065752909	0.037528802	0.112000562	0.076722749	0.076575138	0.062703490	0.279453278	0.143715620
981	8	8	0.110887162	0.058894821	0.062473547	0.055611622	0.080795765	0.086565465	0.068608083	0.055370081	0.261014700	0.159778818
982	0	0	0.277764380	0.099537730	0.060785331	0.078555010	0.086328782	0.085374959	0.083613306	0.074661285	0.077878535	0.075500682
983	5	5	0.069721185	0.092109986	0.055550981	0.054328974	0.077434883	0.238276765	0.065795287	0.192022026	0.087357357	0.067402519
984	0	3	0.120550305	0.087029129	0.085512891	0.177246034	0.153760865	0.030574312	0.158505708	0.075617269	0.060247112	0.050956346
985	3	1	0.082886651	0.169867352	0.049518477	0.132879585	0.090842038	0.108372055	0.133777052	0.079906784	0.090710260	0.061239745
986	8	8	0.135961562	0.073529631	0.075252652	0.036951087	0.058702189	0.073474310	0.063971691	0.104903169	0.236657530	0.140596166
987	3	1	0.085291743	0.164536089	0.054861017	0.158210695	0.107730962	0.084969796	0.111934423	0.088559985	0.077710763	0.066194460
988	5	7	0.053117979	0.085175961	0.064902030	0.043705836	0.056839067	0.166682184	0.056683920	0.330871224	0.083021753	0.059000067
989	5	5	0.055596191	0.065424375	0.072653443	0.075894468	0.090168290	0.219755754	0.097297885	0.086281247	0.086118981	0.150809288
990	5	7	0.059918568	0.101494744	0.065899156	0.050093271	0.062756091	0.180867389	0.057561591	0.267034948	0.100905359	0.053468868
991	4	4	0.082173988	0.070304520	0.161732420	0.042688478	0.254733741	0.043308061	0.139652058	0.070137568	0.068403974	0.066865243
992	3	1	0.131987676	0.167603970	0.055895843	0.135625303	0.148861781	0.069630809	0.108808085	0.073867254	0.060808282	0.046911053
993	1	1	0.086172983	0.290144235	0.061260611	0.109606922	0.136195973	0.053946555	0.090148926	0.066444986	0.055494871	0.050583988
994	6	1	0.074334241	0.181935593	0.088348553	0.114775702	0.078598410	0.069008961	0.142247766	0.085697919	0.087895781	0.077157073
995	1	1	0.084573857	0.366636544	0.050992735	0.099069446	0.094913475	0.040219449	0.089122407	0.067542322	0.058513790	0.048415974
996	7	7	0.055336196	0.077881344	0.058145501	0.045325849	0.060366631	0.137213066	0.065901518	0.356933147	0.085254215	0.057642575
997	8	8	0.134781763	0.065604910	0.055528861	0.048096858	0.080609702	0.071664140	0.120520540	0.050264161	0.248533502	0.124395527
998	4	4	0.068552017	0.083257727	0.134337425	0.084256306	0.280358821	0.051071022	0.113357730	0.070130989	0.055206474	0.059471402
999	3	3	0.077293180	0.096319757	0.062235907	0.176039726	0.157451347	0.044016033	0.142433390	0.106318109	0.071559817	0.066332780
1000	9	9	0.054277226	0.048855908	0.094559595	0.062414147	0.052504562	0.059068877	0.073181354	0.082994767	0.099710293	0.372433275
1001	7	7	0.051392648	0.090287387	0.067316778	0.045790631	0.052115381	0.094090201	0.048233431	0.410229981	0.082109816	0.058433734
1002	5	7	0.060188677	0.069572546	0.054778118	0.053860564	0.066789292	0.213862941	0.077721938	0.243115082	0.090880677	0.069230251
1003	4	4	0.067350090	0.059536301	0.174540699	0.031976152	0.243224621	0.045459345	0.134141549	0.104498535	0.075949281	0.063323453
1004	4	7	0.073788926	0.092133664	0.105108030	0.076600231	0.130432338	0.092995815	0.102147505	0.169169605	0.088467732	0.069156155
1005	2	0	0.210494339	0.060111709	0.104301676	0.054338209	0.090575412	0.059027646	0.152622521	0.129989222	0.077747069	0.060792103
1006	2	4	0.080929942	0.084326692	0.165546790	0.052094903	0.225596100	0.051715575	0.116123632	0.095342189	0.069063440	0.059260815
1007	5	7	0.047832549	0.090226375	0.069211513	0.045327779	0.057159871	0.115792230	0.049170133	0.386914164	0.080646940	0.057718430
1008	8	8	0.139177889	0.078939289	0.076035179	0.029376140	0.089617819	0.070448451	0.087147944	0.094098732	0.197789609	0.137368903
1009	5	7	0.056190562	0.055073317	0.073363639	0.042108055	0.064626001	0.121969089	0.061130099	0.333398104	0.124330193	0.067810945
1010	5	5	0.060568877	0.102422275	0.060700946	0.057111077	0.060908169	0.235728294	0.050271496	0.207393155	0.095586278	0.069309413
1011	3	3	0.092248999	0.158708721	0.063129961	0.176992640	0.093252473	0.099872537	0.102772817	0.076514766	0.073348589	0.063158534
1012	5	5	0.057754304	0.084041134	0.063706629	0.094551377	0.070114635	0.239508003	0.087026462	0.099561810	0.080711730	0.123023920
1013	1	1	0.055558089	0.460188806	0.059168722	0.080886289	0.072512992	0.044393785	0.064408407	0.060192790	0.056465909	0.046224210
1014	0	0	0.272110283	0.085632272	0.090028286	0.071298696	0.119530596	0.038856111	0.131547108	0.070740275	0.073566012	0.046690345
1015	7	7	0.058218870	0.056169454	0.058913264	0.037028864	0.059590347	0.093566701	0.057635903	0.408085078	0.105501927	0.065289617
1016	5	5	0.054928988	0.082145825	0.063780591	0.050401974	0.056935523	0.331426144	0.055042021	0.151299223	0.087539725	0.066499986
1017	0	0	0.245215520	0.088839307	0.140160397	0.042341903	0.107701682	0.032699484	0.145330623	0.050310779	0.066650234	0.080749996
1018	0	0	0.222011581	0.071875416	0.157859683	0.048525833	0.099690378	0.041419070	0.156460986	0.038048998	0.080418259	0.083689839
1019	3	3	0.073633283	0.187228352	0.060178734	0.202244848	0.082216121	0.107557043	0.066339985	0.083075762	0.070479728	0.067046054
1020	0	0	0.271978498	0.066616006	0.112111323	0.041530412	0.129988924	0.046592452	0.116900265	0.093162470	0.080577873	0.040541779
1021	0	0	0.282024235	0.061253499	0.100527279	0.077288479	0.102894425	0.034866296	0.134479687	0.080052979	0.068678901	0.057934333
1022	1	1	0.069630764	0.433852226	0.054211669	0.101711258	0.086353622	0.037679303	0.065263994	0.059157729	0.045541212	0.046598211
1023	2	2	0.085900493	0.074736506	0.328295499	0.066591389	0.114466980	0.034094732	0.099986807	0.097815998	0.048070233	0.050041463
1024	8	8	0.077885263	0.077799946	0.133525640	0.057280019	0.098514363	0.051498089	0.090190284	0.091584548	0.220410675	0.101311095
1025	6	6	0.153363749	0.047269322	0.067397259	0.064413771	0.090915397	0.118224591	0.176074073	0.084412746	0.116171382	0.081757762
1026	3	8	0.076483063	0.087536894	0.090897761	0.080553591	0.117694318	0.081035137	0.114734039	0.115898311	0.154564723	0.080602162
1027	0	0	0.240824476	0.076795727	0.109207526	0.082196541	0.115989700	0.033348467	0.114991233	0.111668095	0.063718379	0.051259913
1028	3	3	0.073470131	0.182738438	0.045802452	0.242858857	0.062397875	0.087439045	0.068240620	0.080363326	0.078820124	0.077869132
1029	8	8	0.065278046	0.078231715	0.102780581	0.052734155	0.077692457	0.050416611	0.086676203	0.113724157	0.276623517	0.095842578
1030	6	0	0.178636760	0.066383578	0.093579307	0.097291395	0.142331436	0.051112242	0.130836830	0.101415493	0.089750931	0.048662052
1031	7	7	0.059891008	0.080487274	0.066598698	0.044228461	0.057114650	0.126058772	0.056343820	0.334119886	0.102063499	0.073093906
1032	2	2	0.078058608	0.076361828	0.294242173	0.051692829	0.130587310	0.032252815	0.129888937	0.057775021	0.056611381	0.092528991
1033	4	4	0.072753958	0.071239069	0.135489315	0.045797992	0.278726339	0.050975468	0.145027995	0.063827559	0.070761248	0.065401062
1034	6	4	0.074464507	0.078892402	0.168432027	0.040484883	0.211172968	0.038204797	0.186269239	0.048675679	0.073009908	0.080393575
1035	3	1	0.071885489	0.213283092	0.064911544	0.121405773	0.087168641	0.152266815	0.064143166	0.084859326	0.071081802	0.068994373
1036	0	6	0.192765027	0.063779354	0.126537189	0.058904931	0.111953810	0.030127613	0.226690322	0.090669841	0.053004913	0.045566954
1037	5	5	0.060825080	0.061893154	0.070330299	0.079090685	0.070405528	0.193008006	0.112707309	0.094316192	0.108914912	0.148508802
1038	5	5	0.054452654	0.074514888	0.076115899	0.125523522	0.092310384	0.173033223	0.076043457	0.107117772	0.085958436	0.134929776
1039	5	7	0.068902187	0.084575117	0.055659577	0.054111682	0.071690753	0.176781461	0.057459895	0.255788684	0.093596049	0.081434637
1040	0	0	0.264280558	0.047154579	0.102856286	0.028175510	0.156927422	0.051201832	0.132618681	0.105646029	0.075065315	0.036073815
1041	3	3	0.078364566	0.165251628	0.061353333	0.263712883	0.107807636	0.044337627	0.094209030	0.086426318	0.049458098	0.049078863
1042	0	0	0.391732842	0.055802960	0.084844142	0.052716266	0.082203791	0.028920807	0.098732099	0.085071862	0.070536464	0.049438767
1043	1	1	0.059008569	0.452868670	0.052990593	0.082897902	0.086050749	0.046507046	0.060109217	0.059729148	0.052140824	0.047697309
1044	2	4	0.069035143	0.088231042	0.233402163	0.026009556	0.235720292	0.041047998	0.114730939	0.041431531	0.075269759	0.075121649
1045	6	3	0.103588849	0.093866259	0.098044001	0.120036535	0.076384954	0.113128737	0.109560229	0.103174873	0.104061015	0.078154542
1046	9	9	0.053391811	0.059132468	0.082889497	0.048321325	0.067387097	0.082968824	0.059856556	0.075412095	0.102865860	0.367774516
1047	1	1	0.098340809	0.274918526	0.059868835	0.110910811	0.113450199	0.043532766	0.120018370	0.067082711	0.061063379	0.050813645
1048	5	7	0.059231874	0.097938694	0.070353210	0.052604750	0.052319549	0.205182925	0.055345356	0.238757223	0.108253650	0.060012728
1049	5	5	0.054413848	0.073132105	0.079775281	0.080611274	0.078684129	0.198191419	0.087269738	0.099103339	0.102025941	0.146792889
1050	5	5	0.067733154	0.071152546	0.075900607	0.080941752	0.063734166	0.202923551	0.085906826	0.090674512	0.120584324	0.140448570
1051	8	8	0.149196208	0.068743929	0.081559226	0.024982607	0.077800103	0.067873441	0.080865473	0.116238765	0.233761311	0.098978952
1052	3	3	0.092299744	0.147637025	0.070078738	0.281340182	0.103388354	0.058421239	0.060596965	0.073015414	0.055409454	0.057812911
1053	0	4	0.116049558	0.121904016	0.091318473	0.138287812	0.169095233	0.050156016	0.123688921	0.074728034	0.062984079	0.051787827
1054	5	5	0.071027249	0.071767740	0.050438967	0.045014430	0.086613998	0.273468673	0.061339300	0.169366241	0.100683250	0.070280135
1055	6	4	0.084014654	0.104777455	0.132909507	0.085745528	0.176057860	0.049000062	0.168161884	0.081271753	0.063712694	0.054348651
1056	8	8	0.077465951	0.048853967	0.095353946	0.049957313	0.102848366	0.072155267	0.105745293	0.069330707	0.253927052	0.124362171
1057	4	4	0.066735029	0.093268290	0.076656193	0.107934631	0.304626465	0.046146959	0.107745945	0.076010831	0.059297767	0.061577845
1058	6	4	0.089934006	0.079700448	0.137800679	0.082538016	0.194141611	0.044373505	0.190584525	0.058367286	0.059605397	0.062954523
1059	8	0	0.196635410	0.061299447	0.055340849	0.025905382	0.089666940	0.069017194	0.106292471	0.102908179	0.193914980	0.099019133
1060	7	7	0.054359160	0.099130437	0.058082327	0.060183749	0.057281412	0.182416260	0.052460495	0.290142834	0.084898889	0.061044432
1061	6	7	0.168414935	0.047096584	0.069829434	0.035822250	0.087687209	0.063254833	0.130559176	0.206711501	0.132036239	0.058587909
1062	0	0	0.297719061	0.059806090	0.100930706	0.064727105	0.112881489	0.024302609	0.108234949	0.100353286	0.081112795	0.049931888
1063	2	2	0.078432351	0.082747489	0.329872578	0.036175434	0.137270018	0.031056004	0.101980619	0.078173213	0.060225684	0.064066537
1064	0	0	0.310325354	0.091648504	0.064824827	0.051931366	0.084719248	0.072033294	0.093510263	0.091886371	0.081791580	0.057329193
1065	2	2	0.098422788	0.109883308	0.127140388	0.101350993	0.097983599	0.055930503	0.125381187	0.103539065	0.100663066	0.079705134
1066	8	8	0.099361129	0.057262775	0.087820694	0.053823635	0.101153210	0.071134456	0.127252907	0.063045509	0.219842598	0.119303077
1067	4	4	0.102940314	0.083562955	0.125337526	0.071589008	0.127751812	0.098304190	0.100763179	0.125819981	0.089884371	0.074046649
1068	7	9	0.059960980	0.058371995	0.081880793	0.061428960	0.086013839	0.107036017	0.070941657	0.118317954	0.086793818	0.269253969
1069	5	5	0.066090614	0.098614171	0.069628015	0.079587236	0.076791629	0.222821534	0.064480714	0.145591974	0.093082227	0.083312020
1070	6	6	0.086744383	0.082604080	0.115405276	0.092924044	0.170408830	0.039117824	0.252255976	0.066740096	0.052613620	0.041185871
1071	9	9	0.057272892	0.061256986	0.068941429	0.064341769	0.058324423	0.079993017	0.052363146	0.099708818	0.090939507	0.366858006
1072	0	0	0.221635863	0.069601439	0.059685014	0.104147986	0.069406219	0.052810807	0.152513310	0.115672164	0.080066048	0.074461125
1073	9	9	0.050078139	0.056940027	0.085376307	0.043340206	0.076045595	0.087467648	0.065179676	0.060709599	0.099039830	0.375822991
1074	4	4	0.086304337	0.077937290	0.083755784	0.144170165	0.200070351	0.037325624	0.133808091	0.101707079	0.067277588	0.067643672
1075	2	2	0.088662751	0.083550192	0.268069059	0.037094697	0.150130659	0.030607725	0.133205682	0.060615290	0.072782174	0.075281806
1076	1	1	0.076082222	0.361591041	0.062479600	0.092036031	0.115251087	0.037918657	0.093109772	0.059447292	0.056486327	0.045597933
1077	1	1	0.078563407	0.208290637	0.064211957	0.125363499	0.086024195	0.109723829	0.058780074	0.108738817	0.081077307	0.079226211
1078	2	2	0.090852052	0.087317675	0.269890368	0.037245471	0.117826954	0.046169437	0.111739866	0.070355810	0.073918134	0.094684176
1079	6	0	0.328938305	0.056498796	0.051690470	0.054792251	0.130802661	0.042189673	0.177756980	0.062291790	0.051837273	0.043201737
1080	6	6	0.081491515	0.124460131	0.083401270	0.096723981	0.146514535	0.060948949	0.225462690	0.060246073	0.062899776	0.057851136
1081	3	3	0.090327762	0.209210142	0.062564477	0.231824070	0.101831965	0.046198636	0.081867762	0.067540407	0.057260972	0.051373787
1082	0	6	0.121540882	0.105301209	0.093818173	0.140630379	0.124491125	0.041596372	0.159567550	0.083041742	0.068755850	0.061256763
1083	3	3	0.110451594	0.088945940	0.100912474	0.177021772	0.153308436	0.044317380	0.121057443	0.076757900	0.066041425	0.061185639
1084	2	4	0.073007718	0.072014786	0.144839451	0.036011491	0.165525198	0.079521671	0.144058228	0.103167541	0.094747499	0.087106422
1085	3	3	0.097159021	0.098956935	0.077714108	0.224353001	0.133568674	0.041605059	0.134001285	0.075735323	0.062635489	0.054271042
1086	6	4	0.081120908	0.104767144	0.057864286	0.113318816	0.157677040	0.071705461	0.154852599	0.113151826	0.075596444	0.069945581
1087	7	7	0.051521115	0.106427290	0.065464117	0.048780795	0.056306843	0.164542764	0.042718150	0.323027700	0.084403053	0.056808148
1088	9	9	0.064268976	0.052222069	0.101261690	0.054700080	0.067976691	0.099912889	0.106732868	0.064309172	0.120683521	0.267932028
1089	0	0	0.307753950	0.056357019	0.087831296	0.061061893	0.082075641	0.066771440	0.122595333	0.091529183	0.077798426	0.046225805
1090	1	1	0.063613527	0.367153794	0.067313850	0.087426923	0.087878153	0.067215182	0.065131508	0.074219801	0.063908719	0.056138441
1091	0	0	0.204501450	0.074332617	0.101884030	0.117327079	0.135889739	0.023029255	0.141879812	0.074483521	0.083370693	0.043301713
1092	3	7	0.082782350	0.088569432	0.057316031	0.128673285	0.084027179	0.079007253	0.103220329	0.192016095	0.095235221	0.089152843
1093	9	9	0.060144532	0.058423024	0.081787504	0.097925544	0.058580812	0.147595614	0.073530339	0.097836681	0.113792725	0.210383207
1094	8	9	0.091128990	0.079604633	0.102129638	0.080919094	0.113937438	0.071489245	0.125982627	0.087009974	0.115447327	0.132351026
1095	1	1	0.078654446	0.285373598	0.053047772	0.106340781	0.098755479	0.078932546	0.090704173	0.081894912	0.070421070	0.055875231
1096	9	9	0.063766234	0.055295486	0.104122005	0.044056173	0.131017596	0.100343399	0.073233955	0.082392946	0.104440466	0.241331756
1097	0	0	0.293352127	0.062662527	0.119513735	0.081893638	0.100169912	0.036616184	0.117753744	0.069042094	0.058853488	0.060142636
1098	8	8	0.106156372	0.078217767	0.093274832	0.019514533	0.084187835	0.066176720	0.078726716	0.146117583	0.223461330	0.104166359
1099	8	8	0.115159534	0.080159649	0.109757096	0.040857885	0.070601158	0.068781517	0.079756103	0.113625877	0.209456414	0.111844718
1100	3	6	0.097365759	0.078045070	0.069712274	0.107569404	0.077480339	0.072316699	0.148811698	0.123533480	0.095733322	0.129431918
1101	1	1	0.111504532	0.153294012	0.086165033	0.130652130	0.122074038	0.046180669	0.142167881	0.078216672	0.072089687	0.057655383
1102	8	8	0.109592378	0.087332889	0.091850840	0.117630772	0.094955944	0.067432992	0.105713457	0.086847179	0.151962817	0.086680762
1103	8	8	0.064595796	0.080562674	0.080203958	0.044138584	0.086550251	0.070498258	0.081924215	0.068749316	0.288164824	0.134612113
1104	9	9	0.073940083	0.048438597	0.081217058	0.055077247	0.096387535	0.108636767	0.093348145	0.074984893	0.132495433	0.235474244
1105	8	8	0.065428421	0.062385935	0.076103091	0.055287614	0.081771582	0.072945565	0.069593944	0.058042198	0.294875175	0.163566470
1106	7	7	0.054154456	0.095745884	0.058809556	0.039767191	0.061061874	0.120536886	0.044776209	0.383632213	0.085098803	0.056416970
1107	6	6	0.091505207	0.076655574	0.121011317	0.099628851	0.189760610	0.039785609	0.230976641	0.060630031	0.052612592	0.037433550
1108	0	6	0.102588907	0.054709949	0.074467078	0.158733696	0.151489466	0.036573458	0.208880991	0.099787429	0.062140044	0.050629098
1109	5	7	0.051502701	0.099166684	0.065522775	0.048450921	0.058298841	0.192811176	0.048797615	0.299994349	0.081295460	0.054159485
1110	6	4	0.088349253	0.076065876	0.162524939	0.062816419	0.217687249	0.049240556	0.177846596	0.081618406	0.053251520	0.030599101
1111	8	8	0.106283791	0.059843604	0.076390244	0.021902017	0.086421639	0.080128036	0.079055920	0.184185579	0.208645344	0.097143739
1112	4	4	0.056181453	0.067499571	0.137055710	0.027364314	0.354556650	0.037287313	0.136224881	0.042940076	0.069946520	0.070943549
1113	4	4	0.093130052	0.078152567	0.112590052	0.111623615	0.265348971	0.029387277	0.155295998	0.066726543	0.046814628	0.040930167
1114	6	6	0.101299934	0.086149193	0.132160366	0.075895451	0.160263494	0.037341774	0.201695099	0.069727145	0.073828630	0.061638962
1115	9	9	0.063899584	0.061887570	0.077553973	0.078732058	0.079845898	0.092687137	0.069165096	0.117357478	0.109861024	0.249010205
1116	1	0	0.150106460	0.110066645	0.081536166	0.092890777	0.113531381	0.055301283	0.144886881	0.114692867	0.063794352	0.073193170
1117	1	1	0.066528998	0.311583698	0.061174069	0.109722272	0.071016863	0.082443088	0.063055791	0.086616673	0.082122751	0.065735877
1118	6	6	0.091365062	0.077210553	0.116923116	0.096355051	0.144563869	0.034977961	0.267861456	0.058964048	0.056998130	0.054780781
1119	4	6	0.084776454	0.064561822	0.121917590	0.056155536	0.171310440	0.039415091	0.248610869	0.049499642	0.071726508	0.092026085
1120	8	8	0.113436192	0.069857329	0.080465473	0.033776384	0.098881155	0.073980883	0.090290941	0.100838467	0.212200969	0.126272127
1121	3	3	0.098331757	0.144368291	0.063017942	0.178358480	0.151749104	0.050413869	0.121150717	0.087185837	0.052882567	0.052541524
1122	4	6	0.092721149	0.093414739	0.097909048	0.091125600	0.203206658	0.026528370	0.209818572	0.065754771	0.068349078	0.051172052
1123	7	9	0.058174938	0.073950246	0.078210525	0.066530660	0.059729103	0.094261169	0.094960995	0.174299851	0.071113296	0.228769153
1124	0	0	0.241302997	0.059464645	0.085614406	0.068635687	0.110186078	0.038145877	0.174078375	0.060185120	0.079519995	0.082866788
1125	1	1	0.063524768	0.436959594	0.059622098	0.086179279	0.081037708	0.036663692	0.070421591	0.062510505	0.057877671	0.045203026
1126	5	5	0.099016726	0.067142673	0.073253088	0.082501493	0.100993112	0.187486112	0.099825837	0.093433000	0.081547640	0.114800304
1127	7	7	0.057722095	0.067878351	0.064832874	0.043136071	0.064246342	0.136578843	0.059563015	0.359280825	0.089610033	0.057151541
1128	0	0	0.186185598	0.078620620	0.066145584	0.096800663	0.091522127	0.128800139	0.100635514	0.094430275	0.091916777	0.064942725
1129	7	9	0.067855604	0.058485620	0.075971939	0.062735029	0.080399856	0.111310653	0.079789773	0.170980811	0.115455940	0.177014783
1130	7	7	0.052053072	0.096268944	0.068272017	0.045415394	0.055171959	0.135595545	0.059250347	0.342752218	0.089217238	0.056003261
1131	9	9	0.054140639	0.067419298	0.106299974	0.052286677	0.117889367	0.085904591	0.069429092	0.084664151	0.108019114	0.253947079
1132	4	4	0.073125213	0.069918007	0.127941743	0.064410143	0.362754881	0.045763608	0.095103107	0.076314598	0.045319155	0.039349452
1133	2	7	0.096612141	0.068362109	0.125345424	0.049400847	0.091654442	0.088519499	0.108905137	0.236653462	0.085110359	0.049436525
1134	9	9	0.064112589	0.050291032	0.123576812	0.060675509	0.077397287	0.093829311	0.109529600	0.062601790	0.106604107	0.251382023
1135	1	1	0.070161946	0.282528549	0.065209791	0.103632502	0.073635280	0.098152883	0.066899322	0.091093004	0.075441733	0.073244944
1136	8	8	0.080480307	0.081764027	0.099532150	0.118571982	0.079547219	0.059441075	0.127885908	0.080132715	0.184269860	0.088374801
1137	0	0	0.409072965	0.055392239	0.084804595	0.054554071	0.101324260	0.029340571	0.096864432	0.076286070	0.056476649	0.035884142
1138	4	4	0.063667595	0.070947088	0.161728695	0.036572788	0.333677560	0.034374848	0.115339950	0.051738676	0.064359583	0.067593239
1139	0	0	0.237096444	0.058418442	0.085439958	0.113160491	0.078310587	0.043476567	0.093598381	0.093333751	0.106082872	0.091082491
1140	9	9	0.045498248	0.060208447	0.089827545	0.042593896	0.080370061	0.083932593	0.068864845	0.086754903	0.102127187	0.339822233
1141	1	1	0.061873782	0.362445801	0.059764691	0.111446470	0.067588128	0.058653533	0.071458079	0.075048357	0.076802462	0.054918777
1142	8	0	0.170386761	0.057660334	0.066519201	0.045481104	0.073877737	0.072136305	0.140568718	0.086168505	0.165959001	0.121242441
1143	2	4	0.096368812	0.062136292	0.141251177	0.093975902	0.270011902	0.022278829	0.150283679	0.077494249	0.048237126	0.037962016
1144	4	4	0.077806488	0.070778593	0.138896719	0.143195137	0.259206951	0.037690155	0.080841109	0.093367346	0.052009657	0.046207823
1145	8	8	0.076041974	0.076053269	0.077640846	0.058016431	0.104557648	0.099561527	0.091922902	0.086650036	0.197139964	0.132415414
1146	3	6	0.097960874	0.072924249	0.074627355	0.111143954	0.145808741	0.034299228	0.259422570	0.096579999	0.056110960	0.051122021
1147	8	8	0.062761083	0.066970669	0.090705581	0.047254812	0.084230669	0.055291276	0.095224291	0.075018235	0.266352981	0.156190336
1148	2	4	0.086587332	0.079436310	0.143466339	0.097822741	0.204298273	0.055068117	0.115462303	0.083370708	0.064604521	0.069883339
1149	3	3	0.097630456	0.152455449	0.059963726	0.292218387	0.102394894	0.045158360	0.081724443	0.058174193	0.061683644	0.048596401
1150	4	4	0.079911210	0.089603588	0.169594258	0.082199007	0.237731710	0.039545160	0.127661109	0.067492068	0.056285866	0.049976006
1151	6	2	0.086474508	0.091506146	0.184131429	0.080702059	0.079339042	0.094886988	0.110402375	0.076065458	0.086405568	0.110086411
1152	6	6	0.097366191	0.077130370	0.164470613	0.061122913	0.139654562	0.047786210	0.206985906	0.064203441	0.080582887	0.060696948
1153	9	9	0.047225866	0.041246291	0.053192470	0.066053972	0.062052578	0.097182974	0.048639622	0.091543816	0.090262458	0.402599901
1154	0	0	0.205503047	0.068504095	0.106342994	0.085543431	0.138975784	0.034407355	0.155218855	0.070240065	0.072583437	0.062680840
1155	6	4	0.083399132	0.076373667	0.108916588	0.037628572	0.265692174	0.036748081	0.194451988	0.044533983	0.071799852	0.080455974
1156	9	9	0.050275862	0.066697337	0.092037842	0.064226188	0.094707601	0.103185058	0.069554523	0.090318128	0.096368447	0.272629082
1157	4	4	0.081216604	0.090019338	0.122301713	0.103436477	0.278734535	0.031167718	0.119518921	0.064886153	0.060680196	0.048038375
1158	1	1	0.087640435	0.213507339	0.050243802	0.104041338	0.137753531	0.066405214	0.125558987	0.093916841	0.065512858	0.055419613
1159	2	2	0.082014166	0.060530093	0.233692288	0.041810423	0.165937871	0.031815834	0.162916124	0.065488644	0.072504543	0.083290040
1160	8	8	0.074195676	0.068622045	0.107812293	0.056567237	0.087428831	0.054941226	0.079858720	0.072349198	0.263858080	0.134366736
1161	7	7	0.049529459	0.060326159	0.057751771	0.044004463	0.065108299	0.118502691	0.052839093	0.400043041	0.090296961	0.061598185
1162	6	2	0.072414458	0.082924828	0.202861071	0.071534239	0.167149186	0.046573471	0.150765821	0.066532932	0.073347643	0.065896325
1163	6	6	0.127200812	0.137060896	0.066475406	0.119371489	0.141427308	0.057094499	0.161235496	0.061860941	0.079233512	0.049039628
1164	8	8	0.141236633	0.089172646	0.097407915	0.038333006	0.067687787	0.040378902	0.081467129	0.104304418	0.265400738	0.074610792
1165	8	8	0.079841159	0.087181441	0.087965973	0.077503800	0.059014056	0.051213905	0.074048176	0.097227558	0.302837998	0.083166018
1166	3	1	0.096405007	0.227012590	0.062462937	0.172426388	0.098037072	0.070819885	0.068094037	0.070592262	0.064117461	0.070032462
1167	5	9	0.079235487	0.090277992	0.077599950	0.088716939	0.105114117	0.135007679	0.078530215	0.109742694	0.090372995	0.145401984
1168	9	9	0.059966106	0.061873108	0.087460227	0.115140133	0.071113892	0.117454685	0.065786302	0.108975314	0.104279362	0.207950801
1169	5	5	0.082368255	0.078890413	0.060298510	0.087116115	0.086566828	0.146464869	0.093236983	0.099540696	0.144047752	0.121469632
1170	8	8	0.096689790	0.079384305	0.108794272	0.087171860	0.086813971	0.050375555	0.074629121	0.112803981	0.227297559	0.076039627
1171	5	5	0.108174302	0.072380885	0.100681998	0.062280707	0.072893113	0.145706221	0.081887566	0.093370311	0.139528975	0.123095915
1172	7	7	0.057651374	0.054761589	0.074149124	0.036405902	0.061226618	0.097774200	0.066921048	0.402301759	0.087867051	0.060941428
1173	8	8	0.055359147	0.090255924	0.123214208	0.035537813	0.117506638	0.069403082	0.076257758	0.116586722	0.169339105	0.146539629
1174	2	2	0.082589634	0.081051640	0.233444631	0.041593395	0.166592807	0.051150508	0.112262711	0.054111101	0.074326515	0.102877006
1175	3	1	0.078110740	0.228972390	0.053610433	0.132769838	0.084076993	0.090973243	0.096931994	0.093074620	0.077096321	0.064383417
1176	4	4	0.077363811	0.102911502	0.127542809	0.076932959	0.270694822	0.041789986	0.105345882	0.068314627	0.062944897	0.066158660
1177	0	0	0.371011436	0.072660230	0.061981548	0.050361186	0.104620099	0.032792047	0.114225216	0.068445168	0.074175186	0.049727917
1178	6	1	0.108503215	0.174605161	0.054510254	0.117333017	0.110024050	0.084707126	0.103244223	0.075082459	0.101986356	0.070004217
1179	1	1	0.068621136	0.374825448	0.063518763	0.097895414	0.094196230	0.050527863	0.070945390	0.070043422	0.057916399	0.051509954
1180	5	5	0.077576689	0.064173102	0.085063323	0.096900269	0.087379806	0.147603080	0.086493202	0.135333285	0.093484797	0.125992447
1181	1	1	0.073952191	0.361274421	0.065897763	0.107068188	0.088941425	0.053192075	0.074062750	0.070672296	0.056844115	0.048094779
1182	8	8	0.073656194	0.101676300	0.080097213	0.084464952	0.068816915	0.077892229	0.152596191	0.082826726	0.173061669	0.104911610
1183	2	4	0.100612037	0.077383339	0.147557795	0.089938946	0.188003138	0.049370665	0.123608276	0.094046660	0.079757050	0.049722105
1184	6	0	0.167036235	0.069875985	0.073522367	0.066722251	0.082641862	0.102060765	0.095479049	0.139532879	0.149897292	0.053231299
1185	8	8	0.057714239	0.053826697	0.098935783	0.049961220	0.073650919	0.066879645	0.088391550	0.096457742	0.262629211	0.151552930
1186	0	0	0.390745789	0.048455264	0.094277345	0.043936364	0.093489751	0.036224511	0.085396491	0.088648640	0.074990191	0.043835614
1187	0	0	0.311426669	0.117931947	0.047564376	0.073034950	0.087408498	0.058731005	0.115069307	0.073305674	0.064644426	0.050883193
1188	5	5	0.073519483	0.078205764	0.054629169	0.077168383	0.076383881	0.252373129	0.068721607	0.136891991	0.092767954	0.089338601
1189	1	1	0.063765414	0.431331426	0.060052026	0.090714388	0.089847714	0.042981897	0.061374784	0.062753789	0.048288520	0.048890088
1190	4	2	0.088965431	0.090443142	0.160858110	0.067739837	0.097873405	0.107328944	0.133509755	0.089262038	0.087317809	0.076701514
1191	9	9	0.065082669	0.053194940	0.080982566	0.052132290	0.057563931	0.123300679	0.088500410	0.080923304	0.082623847	0.315695375
1192	3	3	0.115573160	0.088690802	0.071414672	0.233852893	0.141772449	0.027122132	0.138407618	0.071327686	0.059132427	0.052706219
1193	3	3	0.099470235	0.159871221	0.068500943	0.246971488	0.105242155	0.055389497	0.094000094	0.064403117	0.056673694	0.049477585
1194	3	3	0.084214561	0.157814592	0.068838440	0.170066550	0.076450065	0.113612510	0.070172600	0.084987380	0.089770086	0.084073171
1195	2	2	0.085616425	0.083446160	0.276588500	0.042105507	0.171991512	0.039447919	0.105187677	0.075896978	0.066691853	0.053027395
1196	4	6	0.095454492	0.087014243	0.062354732	0.120449685	0.187893376	0.032704439	0.221439719	0.085542209	0.060374875	0.046772249
1197	6	6	0.078591950	0.125561580	0.107875958	0.110084422	0.086079523	0.053628150	0.170367151	0.090162531	0.095744982	0.081903704
1198	1	1	0.058885578	0.444834203	0.054975759	0.091217518	0.081137836	0.042872142	0.073142409	0.053190712	0.056351718	0.043392040
1199	4	6	0.076533392	0.129891455	0.077826075	0.097216569	0.119440205	0.075674571	0.130259499	0.118946493	0.077313393	0.096898273
1200	8	8	0.158883348	0.056347504	0.052616030	0.042429138	0.082968362	0.066748135	0.135486946	0.087161556	0.190247893	0.127111077
1201	6	4	0.068143390	0.078660294	0.197273389	0.025892567	0.218671888	0.048358854	0.147952422	0.077530988	0.084682278	0.052833952
1202	0	0	0.358214915	0.055277389	0.080556050	0.063178189	0.144701183	0.032597281	0.101919018	0.068144441	0.051134519	0.044277109
1203	2	2	0.079260483	0.084216297	0.288378626	0.035896163	0.156291768	0.040847998	0.105722636	0.085303344	0.066346511	0.057736207
1204	2	4	0.079859883	0.082986295	0.164232597	0.038537089	0.268431753	0.040890824	0.127014026	0.077689677	0.069058619	0.051299233
1205	4	2	0.093298547	0.095859393	0.217364699	0.042787760	0.174556017	0.049424633	0.124416202	0.060941774	0.061746672	0.079604238
1206	4	4	0.074973434	0.060410958	0.203874558	0.039852664	0.229148686	0.036317207	0.149377093	0.045225173	0.073038980	0.087781198
1207	7	7	0.048453692	0.085264347	0.057728603	0.039605848	0.049855027	0.098437309	0.044122480	0.442835271	0.078654788	0.055042665
1208	8	8	0.150439844	0.064816430	0.069391467	0.045176871	0.073282845	0.067046195	0.107572325	0.098848581	0.212842286	0.110583238
1209	1	1	0.062857777	0.424275875	0.060568724	0.096617594	0.079084881	0.035735991	0.070692748	0.059006326	0.061063096	0.050097018
1210	7	9	0.062688805	0.072571591	0.068046361	0.068175666	0.067891099	0.100720175	0.079212770	0.119759820	0.125118747	0.235815018
1211	2	2	0.086249515	0.084102176	0.267479897	0.058784012	0.126033038	0.033278488	0.149511963	0.054207236	0.057292026	0.083061695
1212	6	8	0.112928085	0.090820789	0.132715404	0.054578062	0.110655367	0.057670955	0.099616215	0.055816855	0.150823653	0.134374604
1213	1	1	0.076238029	0.345892459	0.057884157	0.089338839	0.101743147	0.065886497	0.080886811	0.070316456	0.065595903	0.046217628
1214	0	0	0.181350335	0.072571337	0.116880007	0.072768949	0.110366672	0.045461856	0.166683108	0.111973256	0.078655466	0.043289036
1215	7	7	0.064746782	0.053412896	0.075242594	0.044240166	0.071192399	0.112732656	0.089613907	0.312564373	0.108545437	0.067708775
1216	4	4	0.079541668	0.156573817	0.064692952	0.111954413	0.222998768	0.062078390	0.108282305	0.067561805	0.069882892	0.056432974
1217	4	4	0.056360774	0.070495971	0.201254502	0.031426474	0.316261411	0.035493251	0.135874659	0.040216591	0.050184328	0.062432047
1218	2	2	0.072361656	0.092629083	0.243772998	0.030998090	0.215874225	0.044423468	0.115149021	0.066465683	0.064362615	0.053963177
1219	2	2	0.090005681	0.071897328	0.249884933	0.039539639	0.186357766	0.043526530	0.126469165	0.074471712	0.062221527	0.055625826
1220	7	7	0.058088735	0.096412539	0.074475288	0.046395563	0.061504517	0.124648437	0.060573198	0.334147811	0.088587262	0.055166602
1221	1	1	0.073298365	0.394137681	0.056333710	0.103562318	0.082733937	0.042736992	0.064524800	0.063587241	0.067189761	0.051895127
1222	8	8	0.071991518	0.101325274	0.072033830	0.087718993	0.059268061	0.043430243	0.074600704	0.095484748	0.313732445	0.080414183
1223	5	5	0.070268594	0.080033734	0.073839061	0.097177356	0.066376932	0.231225044	0.083894283	0.092963345	0.098390006	0.105831608
1224	8	8	0.079096824	0.064415768	0.090205736	0.132545412	0.096018992	0.054987743	0.079072140	0.089898802	0.207876116	0.105882406
1225	6	6	0.090361953	0.078280583	0.099647440	0.041186403	0.185232490	0.041805550	0.197809115	0.053468864	0.113538809	0.098668851
1226	1	1	0.103920281	0.230904877	0.059209850	0.115611695	0.121050887	0.050618801	0.122198351	0.083472311	0.054365851	0.058647115
1227	8	8	0.089071080	0.065950319	0.090170555	0.098502621	0.083764777	0.081006892	0.080006301	0.087294675	0.214631796	0.109600954
1228	2	2	0.099357992	0.078229167	0.222570807	0.103236549	0.095344216	0.057415336	0.128833711	0.071655624	0.077235855	0.066120796
1229	7	9	0.057716001	0.059727188	0.077659369	0.070877612	0.056640431	0.101723678	0.097319156	0.125780120	0.149557382	0.202999011
1230	7	7	0.053337883	0.093137838	0.060550533	0.049730197	0.054604344	0.116070278	0.050775081	0.386263222	0.084214211	0.051316410
1231	9	9	0.059101477	0.060718637	0.115270957	0.053951509	0.080930866	0.125619769	0.084681757	0.115625769	0.090281412	0.213817894
1232	7	7	0.055764724	0.062135890	0.061880827	0.038671006	0.052020639	0.096774116	0.048601255	0.419607192	0.097060628	0.067483768
1233	2	4	0.069022886	0.066464111	0.201908365	0.042681694	0.234649897	0.057327207	0.118722565	0.049816057	0.064105816	0.095301352
1234	1	1	0.069148727	0.377510935	0.062991858	0.083803974	0.106762148	0.049021631	0.080177113	0.064950906	0.055196937	0.050435696
1235	1	1	0.061489455	0.373489708	0.062122643	0.094544806	0.083981372	0.060322959	0.070025444	0.073781207	0.065974958	0.054267455
1236	1	1	0.072329447	0.164553612	0.044765122	0.136264712	0.091872983	0.075317912	0.111008190	0.133481354	0.089241140	0.081165493
1237	1	1	0.061248641	0.407062262	0.058514841	0.088200450	0.076510206	0.058414031	0.069039471	0.071217209	0.059306335	0.050486412
1238	2	0	0.226240918	0.074992888	0.132958308	0.047585655	0.078289963	0.072415657	0.094236538	0.095019624	0.100563422	0.077697113
1239	7	9	0.077644378	0.077856734	0.096024409	0.070327848	0.096441142	0.113104582	0.082062237	0.136665136	0.086475655	0.163397834
1240	7	9	0.064285681	0.054499239	0.088330738	0.078690000	0.086916834	0.093114555	0.095156886	0.134389162	0.110710993	0.193905890
1241	6	6	0.105187811	0.077407509	0.112524077	0.070513509	0.133451089	0.036029696	0.241353258	0.095466353	0.059561271	0.068505399
1242	2	4	0.101141289	0.067213699	0.180008069	0.079372205	0.224656329	0.045624554	0.114774175	0.092458770	0.059824713	0.034926254
1243	4	4	0.075253710	0.062150072	0.206802964	0.035663199	0.234973624	0.035108376	0.150202006	0.056988213	0.078837991	0.064019807
1244	1	1	0.060359426	0.455388606	0.058839425	0.086987287	0.077664897	0.039793056	0.060497653	0.061335657	0.050098240	0.049035706
1245	4	6	0.100168578	0.053111393	0.081089430	0.064775534	0.189524636	0.056108430	0.218086183	0.081623778	0.081467621	0.074044488
1246	1	1	0.056828123	0.462141365	0.057744633	0.091359466	0.078331262	0.043050561	0.062537171	0.061396386	0.045474488	0.041136514
1247	5	5	0.057824016	0.095130078	0.057974171	0.088997878	0.079755679	0.192354620	0.072598152	0.157013535	0.091547526	0.106804371
1248	6	6	0.094369359	0.074473828	0.104553372	0.117512688	0.194564626	0.030783581	0.201042563	0.063860238	0.064998783	0.053840924
1249	4	4	0.077484004	0.067753978	0.123530962	0.052168306	0.264822066	0.039291840	0.150472656	0.049090259	0.089420587	0.085965350
1250	3	6	0.111407027	0.075142071	0.099979483	0.047409382	0.142344162	0.048006944	0.259504318	0.068584926	0.087738141	0.059883587
1251	9	9	0.065613158	0.075164147	0.076764651	0.095444411	0.074513219	0.126155168	0.076047108	0.127233833	0.089399621	0.193664640
1252	2	2	0.071960628	0.074689649	0.318083525	0.044390298	0.129809931	0.048220877	0.124309771	0.064820655	0.067698844	0.056015819
1253	1	1	0.066187561	0.453147858	0.056668758	0.096840687	0.088739306	0.026706984	0.069675103	0.056033749	0.045238335	0.040761717
1254	9	9	0.038849480	0.062057745	0.081987560	0.064579859	0.067637138	0.098793186	0.052639510	0.101533622	0.074977919	0.356943965
1255	6	0	0.268732190	0.070335545	0.125591412	0.030073473	0.122049205	0.036593277	0.169267938	0.047001760	0.067091271	0.063263856
1256	7	7	0.048414428	0.086950555	0.063169613	0.046423219	0.048078891	0.127949774	0.048013825	0.392923594	0.084683739	0.053392455
1257	8	7	0.156379178	0.077288009	0.061051689	0.028040582	0.070378691	0.058786653	0.076827675	0.231643677	0.177343443	0.062260386
1258	3	3	0.091379024	0.164476156	0.058955986	0.172633424	0.151413873	0.052295014	0.115757518	0.085630655	0.053037237	0.054421112
1259	3	3	0.109599873	0.188121945	0.061450329	0.195402309	0.102795504	0.059127569	0.098129772	0.063487053	0.062253837	0.059631731
1260	3	3	0.100042142	0.114308164	0.057467733	0.201928779	0.143315077	0.030818159	0.130489931	0.106718004	0.062775202	0.052136764
1261	1	1	0.057745900	0.490610361	0.052835397	0.091357291	0.077876270	0.025069254	0.065030649	0.054787651	0.043396361	0.041290946
1262	1	1	0.091186970	0.180147067	0.066005111	0.116075240	0.107488267	0.061357595	0.177208066	0.088641576	0.059123345	0.052766707
1263	0	0	0.205108732	0.055919293	0.090379156	0.054349981	0.124913603	0.045764778	0.081999503	0.155971840	0.131096646	0.054496497
1264	6	2	0.091968387	0.097514257	0.176128417	0.084703520	0.110707715	0.067475006	0.120779254	0.080798551	0.085553378	0.084371537
1265	2	2	0.081486501	0.082213432	0.246548951	0.060643185	0.119692251	0.059393805	0.138938785	0.080020763	0.071592048	0.059470352
1266	5	5	0.059980288	0.092888005	0.104511097	0.089891255	0.097320750	0.160527259	0.083805323	0.087881684	0.084997535	0.138196930
1267	1	1	0.086141035	0.232095212	0.054147989	0.115220822	0.124173105	0.055087704	0.148201600	0.084641039	0.055556014	0.044735495
1268	3	1	0.078172982	0.204555795	0.065037273	0.193716750	0.103876911	0.078516506	0.080212198	0.074790195	0.064070567	0.057050865
1269	9	9	0.050592221	0.063126132	0.064018562	0.059261717	0.054463457	0.057905931	0.048322044	0.102947496	0.103447817	0.395914584
1270	7	7	0.055548914	0.054866631	0.050094832	0.038049988	0.053265151	0.099204920	0.056524355	0.437214911	0.095823258	0.059406932
1271	5	5	0.063729353	0.065306015	0.077908412	0.069841333	0.078029126	0.268092781	0.060725588	0.146414429	0.097439907	0.072513074
1272	1	1	0.066088550	0.378278613	0.056175943	0.099293813	0.077905774	0.051772919	0.070756622	0.078466341	0.063762419	0.057499032
1273	7	7	0.059206855	0.077042453	0.047632676	0.048678074	0.067086995	0.184858903	0.072426952	0.276477784	0.092887387	0.073701970
1274	1	1	0.064346962	0.448966026	0.063151255	0.098301366	0.082925312	0.027235022	0.072009340	0.055131651	0.046652678	0.041280396
1275	6	6	0.096755050	0.086292721	0.085016184	0.118067354	0.156052619	0.032728173	0.245605186	0.075253054	0.056870237	0.047359474
1276	5	5	0.058809016	0.106435567	0.066207878	0.060058247	0.056304086	0.260334849	0.050477136	0.174007162	0.096510500	0.070855558
1277	4	4	0.067709520	0.070652328	0.185267732	0.041988537	0.247869447	0.042004015	0.135672405	0.067383073	0.065666124	0.075786881
1278	2	2	0.067758814	0.078014851	0.279675364	0.034399975	0.184527948	0.044353843	0.108709149	0.062225651	0.075038984	0.065295391
1279	2	2	0.085128941	0.084985569	0.317229241	0.042129274	0.146493882	0.030685877	0.112692378	0.076138392	0.049738210	0.054778162
1280	4	1	0.080644801	0.224859685	0.049753360	0.122948207	0.142633587	0.051522225	0.117516465	0.089985110	0.063998066	0.056138460
1281	9	9	0.053896010	0.060931303	0.084082931	0.079405338	0.068631738	0.095945463	0.061994363	0.119208723	0.084753074	0.291151106
1282	9	9	0.050043147	0.049097288	0.075102724	0.039256588	0.059631646	0.070232809	0.068278991	0.087364927	0.105537854	0.395453960
1283	3	1	0.086751111	0.220026657	0.054423306	0.107482180	0.089473322	0.099312969	0.085763551	0.085734561	0.096589722	0.074442640
1284	9	9	0.053022429	0.055582359	0.076906666	0.061168738	0.058881484	0.066874087	0.065412305	0.099586658	0.096329987	0.366235286
1285	3	1	0.081291378	0.227809593	0.044296850	0.214231670	0.110094689	0.066752926	0.077959776	0.064831369	0.057662264	0.055069555
1286	1	1	0.083593264	0.237268314	0.047774389	0.105403483	0.107738204	0.074290715	0.102991216	0.116434783	0.062814966	0.061690722
1287	6	0	0.217289820	0.061350465	0.084500156	0.040199280	0.067641780	0.072342053	0.134126008	0.120679490	0.143506795	0.058364183
1288	4	4	0.063901171	0.078560024	0.175924689	0.035697814	0.293035746	0.030853555	0.141347513	0.051632509	0.064579122	0.064467862
1289	7	7	0.050252255	0.056179576	0.061363414	0.038528226	0.063883737	0.108644336	0.057931870	0.429104477	0.075481743	0.058630411
1290	4	2	0.086578280	0.083161823	0.199738428	0.030038001	0.168524295	0.052977946	0.130247027	0.125608072	0.080723718	0.042402469
1291	9	9	0.055257957	0.046017461	0.116519369	0.053794950	0.077401884	0.071153529	0.064365543	0.079050437	0.100754775	0.335684121
1292	6	4	0.081519976	0.084138900	0.142985880	0.072765335	0.226016536	0.030105274	0.187391877	0.071086206	0.059450157	0.044539783
1293	4	4	0.082246624	0.088068739	0.069652423	0.116894647	0.229369253	0.036094993	0.191605002	0.072424062	0.064130582	0.049513746
1294	2	2	0.098665312	0.070753574	0.228883877	0.069865279	0.134436324	0.040650107	0.145685971	0.104482755	0.059939452	0.046637289
1295	6	0	0.293516427	0.066934645	0.089338817	0.085219093	0.126303330	0.028736528	0.141243339	0.061418783	0.071184784	0.036104213
1296	7	7	0.051510502	0.057929635	0.057445165	0.042408232	0.054594252	0.110940531	0.060364779	0.422758430	0.086523250	0.055525225
1297	4	2	0.064082138	0.090236612	0.255232155	0.031825427	0.231113955	0.037750497	0.118742548	0.051978648	0.060502786	0.058535229
1298	7	7	0.048111632	0.054041553	0.065522954	0.040631644	0.051668167	0.105688289	0.048794184	0.412417352	0.095374025	0.077750206
1299	0	0	0.314097315	0.061690971	0.077488311	0.077651188	0.115486160	0.022601506	0.131980523	0.064224631	0.062446855	0.072332576
1300	2	2	0.137503222	0.095447049	0.173905149	0.058739055	0.105544411	0.075160973	0.121444881	0.061743207	0.078850403	0.091661625
1301	2	2	0.091385648	0.082124472	0.240845457	0.049887743	0.093110710	0.048343696	0.141028225	0.087559044	0.080096878	0.085618094
1302	9	9	0.047793962	0.070469379	0.074837908	0.087671906	0.061364077	0.128107622	0.061087165	0.122664742	0.099233270	0.246769980
1303	9	7	0.063744888	0.058985133	0.079371132	0.062789768	0.064628214	0.100309476	0.098592237	0.195662394	0.128200069	0.147716627
1304	4	6	0.080517121	0.084875755	0.103741035	0.084389746	0.182036594	0.033755008	0.248924255	0.066348001	0.064883195	0.050529379
1305	9	9	0.058121193	0.058997169	0.060839012	0.067873284	0.064512983	0.110478111	0.054930296	0.113124870	0.106582783	0.304540247
1306	1	1	0.071152642	0.328401566	0.061948061	0.098628119	0.078968883	0.081114128	0.071490616	0.079220980	0.067861058	0.061213952
1307	7	7	0.058475733	0.059009716	0.058606192	0.062030684	0.070295312	0.089202590	0.076177686	0.257945597	0.101450928	0.166805595
1308	7	7	0.041212950	0.076169305	0.052586336	0.050349075	0.056986034	0.132650435	0.055081006	0.392065704	0.079589464	0.063309729
1309	9	9	0.064960115	0.060237087	0.066393428	0.086153485	0.055377003	0.139350325	0.062310398	0.107407771	0.102984264	0.254826099
1310	9	9	0.050336748	0.051827010	0.095777169	0.045749158	0.063853703	0.101022609	0.067906186	0.056331016	0.100470826	0.366725504
1311	7	7	0.054478604	0.104583502	0.069606997	0.046825618	0.059166554	0.159363598	0.052520428	0.312499523	0.083062716	0.057892427
1312	5	7	0.073268719	0.064789705	0.062278073	0.040727712	0.064679660	0.218470454	0.063963056	0.243865803	0.105130516	0.062826358
1313	3	1	0.089214347	0.190353751	0.044695333	0.110113367	0.111590363	0.080770299	0.130772337	0.119843654	0.058898896	0.063747682
1314	1	1	0.056548834	0.499766111	0.053317267	0.084043138	0.072052114	0.030158887	0.062604561	0.055726212	0.044808678	0.040974159
1315	1	1	0.073343016	0.245719954	0.062630780	0.150709271	0.067888804	0.087152295	0.068619907	0.080829643	0.088488810	0.074617513
1316	5	5	0.075248130	0.071143612	0.062928155	0.081702024	0.148572311	0.166847900	0.103948861	0.077263921	0.093233950	0.119111151
1317	9	9	0.059393883	0.063917801	0.103158101	0.070130058	0.089797348	0.091866739	0.075474173	0.085900821	0.099866942	0.260494173
1318	1	1	0.087858692	0.326856107	0.058339540	0.103299186	0.116673656	0.045612857	0.101407640	0.063424066	0.055756733	0.040771604
1319	0	0	0.380775899	0.061886176	0.079177424	0.058588058	0.099537790	0.034565106	0.104439534	0.069277659	0.062989041	0.048763257
1320	9	9	0.055663370	0.066756941	0.089147747	0.069579102	0.075260527	0.105851635	0.064876132	0.072742574	0.100708522	0.299413443
1321	9	9	0.057115667	0.063771881	0.061083108	0.057329733	0.090868324	0.112732805	0.078409113	0.104215465	0.100368954	0.274104953
1322	1	1	0.074175738	0.351929128	0.070238441	0.104150437	0.092932045	0.051875472	0.081983313	0.070269689	0.050738577	0.051707219
1323	6	0	0.390039116	0.046441197	0.071553260	0.060221251	0.110012203	0.028242251	0.103011906	0.054319926	0.067227498	0.068931423
1324	1	1	0.080190890	0.305885553	0.053847294	0.094018199	0.117440358	0.061424267	0.092173278	0.076375566	0.066365860	0.052278697
1325	9	9	0.050793719	0.081871882	0.082473986	0.091035903	0.060789548	0.103811845	0.060099803	0.118595444	0.086754687	0.263773173
1326	2	4	0.081519209	0.065217540	0.177494556	0.063128449	0.238617256	0.053551737	0.114075407	0.095637441	0.061613776	0.049144566
1327	2	6	0.089508228	0.078586541	0.163132370	0.056681726	0.134045497	0.048292302	0.241887331	0.046754193	0.066193454	0.074918509
1328	2	4	0.087095946	0.093697816	0.130810171	0.104759768	0.245439708	0.057717636	0.077936381	0.091848180	0.060004111	0.050690230
1329	3	1	0.069571115	0.239582434	0.045470089	0.219429031	0.080501877	0.062097374	0.075619183	0.065336064	0.076204099	0.066188723
1330	0	6	0.106689788	0.071326256	0.094341941	0.111694731	0.127550229	0.033234846	0.243847504	0.071883582	0.056306638	0.083124414
1331	9	9	0.048234276	0.058183543	0.085628048	0.053004120	0.064121269	0.070639558	0.059895717	0.070913948	0.088133745	0.401245773
1332	8	8	0.164249927	0.074165985	0.071802616	0.040535383	0.108201332	0.063833743	0.084368803	0.050430946	0.201962546	0.140448689
1333	0	0	0.229133084	0.091261245	0.070255913	0.064251453	0.056297034	0.088154554	0.122241095	0.108681552	0.100766040	0.068957910
1334	3	3	0.116393097	0.086083777	0.082019500	0.193705022	0.128657058	0.038986865	0.129453629	0.089308575	0.076500356	0.058892090
1335	3	1	0.136794090	0.222435817	0.052924231	0.175387576	0.129935786	0.031381950	0.079742268	0.060206842	0.060613826	0.050577495
1336	8	0	0.202872634	0.052260287	0.060149357	0.027711924	0.122061417	0.077634640	0.122227669	0.098453239	0.176672250	0.059956573
1337	9	9	0.056698728	0.060370035	0.067926556	0.058363788	0.061986018	0.094263807	0.064522102	0.116491184	0.093679659	0.325698107
1338	9	9	0.051147714	0.052236363	0.077578202	0.084875308	0.060240302	0.094852775	0.060823228	0.109115213	0.092007115	0.317123741
1339	1	1	0.064877316	0.409617931	0.061660469	0.106365114	0.081010729	0.035830796	0.073375389	0.057311557	0.062215693	0.047734965
1340	4	4	0.087665878	0.065191403	0.137183055	0.061207645	0.152564600	0.089029677	0.130213693	0.072754949	0.103736013	0.100453079
1341	9	9	0.063612491	0.057672217	0.114680588	0.068916924	0.090927422	0.078838848	0.096742153	0.062730417	0.108090155	0.257788807
1342	0	0	0.331247687	0.060338482	0.075406767	0.057124764	0.090120532	0.069706306	0.117292710	0.072604991	0.077872805	0.048285052
1343	5	5	0.072316214	0.094718769	0.064424179	0.084240511	0.081239752	0.241001919	0.066736326	0.123822302	0.085081555	0.086418472
1344	7	7	0.052094076	0.068988763	0.055263057	0.039107546	0.054268956	0.105163820	0.051746789	0.446299791	0.075997442	0.051069751
1345	2	0	0.189166635	0.068006650	0.184995964	0.042116426	0.132242337	0.058115989	0.088836700	0.052714471	0.088873029	0.094931751
1346	3	3	0.154768437	0.168280870	0.051962957	0.168609470	0.094992906	0.068480082	0.112591915	0.069851168	0.060853437	0.049608696
1347	7	7	0.058799326	0.056684993	0.056060109	0.035072513	0.057113390	0.113017887	0.066856034	0.396027535	0.092919029	0.067449152
1348	9	9	0.049382500	0.055173118	0.096293770	0.057079047	0.085160114	0.112129882	0.054312527	0.083930790	0.120328642	0.286209643
1349	2	4	0.067617998	0.061458327	0.178286538	0.030369544	0.289199352	0.035205469	0.148065820	0.062825099	0.065163597	0.061808359
1350	9	9	0.058695093	0.070269316	0.070427246	0.077611119	0.085843056	0.125681669	0.065655522	0.117804185	0.089803010	0.238209814
1351	4	4	0.087579414	0.149814904	0.054682255	0.140162796	0.214266330	0.035608280	0.105720848	0.077160612	0.076039419	0.058965195
1352	3	3	0.148982003	0.143307790	0.059344374	0.198829159	0.113125525	0.047447812	0.099722534	0.068681635	0.067243017	0.053316195
1353	5	5	0.065212555	0.103371851	0.069260322	0.052462749	0.064010859	0.228036225	0.050378252	0.187794685	0.105705939	0.073766604
1354	5	5	0.066878311	0.073835500	0.071024574	0.102628358	0.078047790	0.227487177	0.068521976	0.107419670	0.076702707	0.127453968
1355	9	9	0.065023109	0.064797424	0.077481411	0.073894009	0.099215463	0.101349518	0.077833280	0.115091845	0.120905288	0.204408705
1356	9	9	0.109037146	0.060170088	0.070738889	0.081191458	0.087078847	0.121111102	0.058811460	0.119402349	0.133146361	0.159312278
1357	6	6	0.118968725	0.073765658	0.098694555	0.125205517	0.137285367	0.046262048	0.153691679	0.101217769	0.076401494	0.068507046
1358	7	7	0.046989519	0.056983598	0.056126144	0.037588138	0.051130965	0.102308840	0.045152817	0.462625921	0.082718037	0.058376051
1359	5	5	0.061386913	0.103781871	0.053854488	0.054148898	0.065585956	0.234047428	0.054716848	0.202251524	0.100644954	0.069581032
1360	1	1	0.059355523	0.450775325	0.057463642	0.094578430	0.071114376	0.033679955	0.064970411	0.054977808	0.066053167	0.047031403
1361	9	9	0.061567601	0.060092159	0.085057326	0.052986372	0.082818642	0.097109720	0.064913362	0.074737780	0.106791146	0.313925892
1362	6	6	0.075002186	0.068422511	0.083978131	0.045764543	0.091220886	0.063126840	0.196402177	0.130090535	0.133160546	0.112831675
1363	3	1	0.067086533	0.245832384	0.044562265	0.162037671	0.075898737	0.098784499	0.067532726	0.081316106	0.083868235	0.073080860
1364	1	1	0.060697582	0.432751298	0.057659782	0.084767506	0.082778707	0.048822090	0.062975697	0.063682280	0.054767400	0.051097583
1365	3	4	0.089613244	0.162744030	0.054548573	0.153341815	0.171691433	0.054950099	0.112868518	0.085246071	0.056565214	0.058430932
1366	4	4	0.074502975	0.078152269	0.151602164	0.068113580	0.297207236	0.034965608	0.115561806	0.077990770	0.051793087	0.050110482
1367	8	8	0.073432744	0.095674761	0.083128192	0.051052634	0.090613179	0.051831227	0.095241271	0.074619189	0.200220019	0.184186786
1368	5	9	0.078855909	0.057674821	0.071598396	0.070537493	0.080302425	0.122537941	0.093767099	0.120227985	0.144750550	0.159747392
1369	2	4	0.076354668	0.078339718	0.177759469	0.026905177	0.262018502	0.042195886	0.108994685	0.097069010	0.072874025	0.057488889
1370	3	1	0.062234763	0.273181677	0.054557916	0.163396806	0.068046689	0.079015382	0.066942878	0.078769356	0.082933046	0.070921533
1371	9	9	0.067716390	0.067512058	0.108637929	0.086866319	0.075660214	0.086496212	0.085011303	0.103389606	0.112796083	0.205913886
1372	8	8	0.077379338	0.084956102	0.085279122	0.090910524	0.085569300	0.075707607	0.099486023	0.093777180	0.205249265	0.101685531
1373	2	4	0.078620248	0.073666103	0.204131559	0.043680768	0.227774680	0.038143225	0.134186834	0.047428753	0.066787660	0.085580215
1374	3	7	0.083673030	0.111162625	0.053419281	0.131235272	0.121734977	0.056731563	0.130598649	0.135798633	0.095179871	0.080466174
1375	7	9	0.060276538	0.075574830	0.077774666	0.109457225	0.078533098	0.107201010	0.060380843	0.120670781	0.107301027	0.202830017
1376	4	4	0.075955011	0.079567291	0.092184640	0.092061579	0.250355929	0.042346310	0.203361228	0.052782409	0.060287740	0.051097933
1377	0	1	0.105127722	0.196044236	0.050159346	0.174888700	0.118989676	0.070904635	0.085887544	0.061712697	0.063443251	0.072842218
1378	6	6	0.117678352	0.062828675	0.087638400	0.088082358	0.153729141	0.038180038	0.232800722	0.098130703	0.064331435	0.056600064
1379	8	8	0.094817340	0.071191594	0.091345794	0.093667805	0.090307213	0.071070075	0.095429316	0.083562516	0.205162957	0.103445314
1380	4	4	0.060405735	0.072385706	0.140477329	0.044682894	0.383950174	0.032237317	0.094826855	0.063716233	0.057356313	0.049961448
1381	6	4	0.078253835	0.079144388	0.134729087	0.069599621	0.251355082	0.035014939	0.157024875	0.072573140	0.063452892	0.058852132
1382	2	2	0.076054074	0.100447901	0.198140040	0.108159542	0.081935145	0.083126411	0.094310261	0.080039196	0.087578267	0.090209134
1383	0	1	0.119608894	0.155061111	0.086260512	0.154832870	0.130725443	0.044909690	0.117770098	0.072107032	0.062300596	0.056423757
1384	3	3	0.177596822	0.110388122	0.066684790	0.207088470	0.116717964	0.026096588	0.120297506	0.057340838	0.062328480	0.055460311
1385	5	5	0.061297141	0.097557254	0.071842484	0.091920927	0.073017597	0.251041472	0.076910354	0.109828554	0.087253019	0.079331212
1386	3	3	0.130555674	0.139233053	0.066826142	0.160742089	0.118624218	0.055257615	0.123687908	0.076288223	0.074097566	0.054687470
1387	8	8	0.061188608	0.069866240	0.099026881	0.050698955	0.102083273	0.080931507	0.096330792	0.072093129	0.216120198	0.151660413
1388	5	5	0.057308320	0.099549964	0.049084488	0.072283812	0.072860532	0.300633729	0.052427810	0.140849590	0.083476618	0.071525104
1389	5	5	0.064557888	0.064721979	0.073813632	0.112180576	0.060612120	0.197396204	0.101648510	0.095777258	0.097331531	0.131960377
1390	4	4	0.074240141	0.076454811	0.180684820	0.056367096	0.247868076	0.054224245	0.116131306	0.071733385	0.062414628	0.059881438
1391	2	2	0.077867031	0.085554011	0.274150282	0.035792261	0.182524696	0.039764035	0.124122560	0.069067754	0.059373278	0.051784027
1392	3	3	0.083022319	0.163115457	0.044147853	0.176967025	0.068700731	0.059367944	0.114052162	0.132389456	0.084923737	0.073313273
1393	6	6	0.117305137	0.069739319	0.094367288	0.104960196	0.125057399	0.040821660	0.230720326	0.090232424	0.060367908	0.066428319
1394	7	9	0.060934868	0.063167445	0.076413162	0.082285881	0.059825845	0.138315275	0.053816780	0.114402570	0.093479715	0.257358462
1395	0	6	0.093440987	0.094370395	0.104669489	0.139484391	0.156563506	0.038962409	0.159965530	0.091692351	0.061885666	0.058965228
1396	4	4	0.078231744	0.066888608	0.181049705	0.032515217	0.247190952	0.043384682	0.147261754	0.074694432	0.069848284	0.058934636
1397	5	7	0.078082249	0.075509459	0.059122063	0.051287193	0.067173444	0.165672138	0.086755872	0.208833754	0.150403082	0.057160780
1398	9	9	0.060154714	0.081914917	0.087586597	0.067815378	0.068176456	0.104628131	0.075829804	0.124479473	0.105823308	0.223591179
1399	3	3	0.078938760	0.167035729	0.059236240	0.283008993	0.094525978	0.057615545	0.078807205	0.068830408	0.059681613	0.052319467
1400	4	4	0.078309178	0.081668437	0.114648968	0.077882521	0.219151735	0.029104689	0.210444793	0.058481980	0.065785192	0.064522535
1401	9	9	0.053040303	0.051652286	0.076634213	0.078583725	0.060255658	0.087352820	0.065932825	0.117502742	0.111994296	0.297051132
1402	5	7	0.062197991	0.074638374	0.064530984	0.038148973	0.070320889	0.226742163	0.056806739	0.243131280	0.104208648	0.059273887
1403	7	7	0.054800119	0.059354514	0.052242834	0.039146654	0.057740569	0.114346288	0.059338998	0.417730987	0.087188385	0.058110736
1404	4	4	0.069878981	0.083857261	0.121820182	0.040657029	0.269538760	0.024753753	0.199643314	0.044464566	0.078755327	0.066630810
1405	0	0	0.336673141	0.053572506	0.092477575	0.057351183	0.112689182	0.019076871	0.124742419	0.065645970	0.077350907	0.060420271
1406	8	7	0.146903843	0.066711627	0.060532283	0.036911577	0.067893341	0.088530466	0.072064891	0.207572311	0.176644623	0.076235108
1407	0	0	0.303247213	0.066948868	0.076184690	0.066717200	0.070414446	0.057476550	0.101173118	0.090640619	0.098063327	0.069133930
1408	6	0	0.370999128	0.067155346	0.059704408	0.043198705	0.122168757	0.031010779	0.116790362	0.067111336	0.076435626	0.045425631
1409	1	1	0.056641094	0.482353181	0.052873544	0.086530119	0.072945006	0.039897706	0.055110972	0.058659896	0.046811167	0.048177343
1410	4	2	0.077001967	0.089281239	0.205462679	0.035779852	0.186670184	0.038379807	0.147067085	0.055135965	0.076889500	0.088331796
1411	4	4	0.076895535	0.089120016	0.119792826	0.089833125	0.210232452	0.095071204	0.128374398	0.074104287	0.057138566	0.059437558
1412	9	9	0.060620565	0.071524546	0.080335304	0.075064681	0.061456531	0.097263761	0.069180742	0.107741691	0.096228085	0.280584067
1413	8	8	0.145294428	0.068661012	0.064108528	0.040888261	0.064172037	0.063631050	0.135195345	0.148668110	0.176480606	0.092900649
1414	7	9	0.055287715	0.057145562	0.080377094	0.076076940	0.063360035	0.091362052	0.093025163	0.193445131	0.093504190	0.196416125
1415	3	1	0.095363989	0.233385503	0.053197075	0.116802067	0.152478561	0.057423610	0.100665800	0.068853162	0.063123524	0.058706731
1416	0	0	0.397382796	0.061145771	0.088114098	0.036746256	0.093069673	0.032838497	0.092182308	0.096419275	0.066254199	0.035847105
1417	1	1	0.074012265	0.342277259	0.065967537	0.097496800	0.095048167	0.055285625	0.075937495	0.078269437	0.063977174	0.051728234
1418	9	9	0.085713111	0.063928522	0.087774560	0.057579882	0.130192965	0.119368955	0.100278176	0.063506827	0.124206163	0.167450860
1419	0	3	0.113144994	0.087857164	0.097541437	0.235921636	0.130981088	0.032310750	0.128383875	0.061032981	0.065969735	0.046856344
1420	4	6	0.085434340	0.071199447	0.148419142	0.084084876	0.153901339	0.026458824	0.179424748	0.060102299	0.109413467	0.081561521
1421	7	7	0.048068028	0.052177787	0.053458020	0.037704200	0.056712855	0.100804709	0.058761403	0.436207652	0.093775481	0.062329933
1422	9	9	0.081838511	0.065240949	0.114838712	0.069362462	0.100676119	0.110541381	0.116086662	0.065594964	0.099558398	0.176261798
1423	8	8	0.077715352	0.058363575	0.079424471	0.055611052	0.077767707	0.074827686	0.075573474	0.064381212	0.287183553	0.149151877
1424	4	4	0.085551850	0.083337404	0.167086273	0.044529453	0.189655855	0.058468692	0.139137521	0.090517022	0.087825090	0.053890791
1425	0	0	0.386557817	0.049739540	0.087800413	0.037645541	0.107787259	0.033754151	0.080853999	0.104769140	0.068772852	0.042319290
1426	3	3	0.090526678	0.195532367	0.050867073	0.247400239	0.075596511	0.048388164	0.072615013	0.068822823	0.080542162	0.069708943
1427	7	7	0.061328202	0.092304900	0.065171421	0.090421461	0.070562832	0.116685152	0.085239694	0.200885832	0.112046257	0.105354287
1428	2	2	0.074729480	0.094082512	0.204659879	0.039858989	0.173977941	0.047361869	0.147186354	0.041902650	0.078641519	0.097598918
1429	5	5	0.067953087	0.066614434	0.069378421	0.057142556	0.099761501	0.235172614	0.064820632	0.126984954	0.109435864	0.102735922
1430	8	8	0.186651111	0.055897441	0.078379989	0.016874691	0.111352228	0.075108133	0.076105930	0.116461746	0.188325316	0.094843425
1431	0	0	0.376464248	0.054250278	0.092431031	0.061890349	0.103391238	0.036954276	0.087232322	0.084049575	0.068455830	0.034880802
1432	8	8	0.089799449	0.067027010	0.077259928	0.086230032	0.101915725	0.067471243	0.130667463	0.079444319	0.208234563	0.091950186
1433	0	0	0.257248729	0.074798971	0.093741313	0.063181505	0.138368458	0.037479110	0.139413789	0.073983207	0.070913121	0.050871838
1434	5	5	0.074574493	0.078159377	0.070278771	0.089286916	0.075637512	0.213690788	0.061996751	0.101756297	0.086506225	0.148112819
1435	3	3	0.089988910	0.077066608	0.090423584	0.199491531	0.177330479	0.059538413	0.126796708	0.066844560	0.053208735	0.059310425
1436	1	1	0.090891458	0.240097821	0.048066378	0.089617178	0.100512967	0.087517530	0.093680985	0.104327515	0.070835829	0.074452274
1437	0	0	0.301702678	0.046142757	0.082558326	0.033717193	0.065449603	0.052141178	0.085977912	0.174056113	0.113991737	0.044262405
1438	0	0	0.335584521	0.060479648	0.086954884	0.068032347	0.092993878	0.026245058	0.095602982	0.100283422	0.081892878	0.051930364
1439	1	1	0.065605670	0.436255425	0.062125310	0.091716841	0.083966970	0.040896118	0.062699117	0.062920794	0.046843406	0.046970449
1440	7	7	0.049597427	0.093885645	0.063796647	0.045398034	0.052449908	0.100177340	0.046185158	0.411536187	0.082239836	0.054733787
1441	5	5	0.078631468	0.067961320	0.074930593	0.064103514	0.090579450	0.202112898	0.106531419	0.086855032	0.101592325	0.126701981
1442	2	4	0.084510960	0.075009413	0.145205498	0.102727979	0.304119706	0.037504520	0.084586173	0.076843724	0.050654624	0.038837451
1443	8	8	0.069971740	0.070962548	0.083300211	0.044458602	0.092615962	0.074508578	0.095635027	0.068940997	0.261193395	0.138412923
1444	3	4	0.099027552	0.075763099	0.108797729	0.145636797	0.158418566	0.024679465	0.157158062	0.106892154	0.054615192	0.069011413
1445	1	1	0.080932841	0.270977050	0.047274619	0.104212694	0.114365079	0.056777261	0.130976886	0.084936105	0.061437476	0.048109904
1446	0	0	0.341455787	0.049195129	0.114508294	0.038005602	0.103313453	0.030274807	0.084085830	0.110834964	0.080914751	0.047411300
1447	0	0	0.326503962	0.076599300	0.092730612	0.054993052	0.097299509	0.037017304	0.126458794	0.069942422	0.064853966	0.053601041
1448	0	0	0.319820464	0.068246759	0.079276368	0.070406094	0.086929828	0.055526391	0.076576382	0.085705526	0.101475291	0.056036878
1449	7	7	0.047930606	0.086264253	0.055780172	0.044287324	0.054975949	0.116412438	0.045903329	0.411112934	0.082524143	0.054808941
1450	7	7	0.058263667	0.050243273	0.056040306	0.041819144	0.059365883	0.095290080	0.065751746	0.432666361	0.083292857	0.057266720
1451	4	4	0.063844673	0.065495387	0.131541207	0.048715167	0.310673207	0.028083947	0.131374076	0.040034786	0.099498153	0.080739513
1452	5	9	0.104395278	0.044924520	0.095870495	0.046287272	0.097204231	0.119839236	0.124818221	0.066766784	0.111684330	0.188209593
1453	6	6	0.086409204	0.049685426	0.048129216	0.043357480	0.189577162	0.050118983	0.320829034	0.050084166	0.083500937	0.078308411
1454	8	7	0.116230108	0.066642605	0.076739348	0.034257300	0.090020768	0.090052783	0.063646302	0.199889451	0.193784907	0.068736434
1455	6	6	0.073616311	0.078385539	0.106290489	0.083455957	0.126067653	0.059355523	0.128517672	0.102612302	0.128471956	0.113226622
1456	1	1	0.063371867	0.436293960	0.062461343	0.085747264	0.085679039	0.038657721	0.064441957	0.060637224	0.052832153	0.049877413
1457	8	8	0.154101133	0.063368864	0.075919762	0.047372874	0.075106218	0.074825495	0.091636136	0.056672558	0.189638972	0.171357960
1458	9	9	0.050988253	0.072300084	0.138496548	0.065463603	0.098979957	0.099561855	0.068974316	0.073340617	0.108014703	0.223880053
1459	1	1	0.059675939	0.443316519	0.059764925	0.086781964	0.072329409	0.044547942	0.064046279	0.065534085	0.052519985	0.051482990
1460	1	1	0.108393908	0.256825298	0.058719803	0.102948859	0.109705955	0.045443706	0.133831277	0.068112597	0.063386194	0.052632488
1461	5	5	0.066021450	0.101496831	0.053265568	0.067970298	0.080564372	0.235890925	0.059439741	0.171584472	0.086618975	0.077147290
1462	3	1	0.084964968	0.164065838	0.061841004	0.162326053	0.097070992	0.061776359	0.108650081	0.119688801	0.076003253	0.063612632
1463	2	2	0.077773087	0.082905725	0.234271124	0.038913134	0.192323625	0.050012086	0.116519801	0.064457886	0.069342799	0.073480703
1464	5	5	0.066140324	0.083240084	0.066500254	0.067137271	0.081629179	0.250785351	0.067642175	0.127436787	0.094507888	0.094980665
1465	8	8	0.175307944	0.057223752	0.060311563	0.044308227	0.076442942	0.086085774	0.081005864	0.060214367	0.227190316	0.131909192
1466	5	5	0.061706647	0.079031684	0.084248044	0.126225248	0.075704217	0.142842323	0.081752077	0.119626962	0.105589524	0.123273268
1467	0	6	0.147867888	0.044278547	0.093496867	0.062991567	0.065049738	0.102495417	0.161298111	0.086932160	0.138087675	0.097502075
1468	2	8	0.126749083	0.059489425	0.099516369	0.031782731	0.149228185	0.061030954	0.114879809	0.118625656	0.163866058	0.074831754
1469	3	1	0.088106476	0.198554739	0.057623342	0.198542565	0.116443589	0.063102424	0.089340419	0.078699633	0.054251462	0.055335380
1470	2	6	0.098319292	0.108178996	0.093890697	0.085719466	0.141638175	0.045344096	0.205407500	0.071321838	0.088062756	0.062117137
1471	5	9	0.068157852	0.055001698	0.088951543	0.073893763	0.076711200	0.157992810	0.099346228	0.084792636	0.109200746	0.185951486
1472	2	2	0.085674286	0.082853414	0.269442916	0.059829347	0.111060046	0.050246399	0.113506295	0.107226938	0.058989614	0.061170895
1473	4	2	0.075620390	0.092935212	0.260321915	0.037532039	0.209777281	0.037144959	0.109855957	0.073271468	0.054796513	0.048744287
1474	0	0	0.377080172	0.051389657	0.082760446	0.043286365	0.092090786	0.036059443	0.105477326	0.097522378	0.081538543	0.032794908
1475	9	5	0.070607923	0.066284828	0.068804383	0.091095947	0.092816554	0.146909624	0.088330567	0.142001584	0.114955708	0.118192874
1476	4	2	0.066875271	0.077980310	0.270787567	0.039560437	0.188354820	0.038996655	0.120516010	0.049605321	0.058956753	0.088366888
1477	7	7	0.048572324	0.096004717	0.060636420	0.043612204	0.049451198	0.113556542	0.046189316	0.410973907	0.075677715	0.055325557
1478	6	4	0.075011402	0.057907484	0.169285432	0.035199963	0.221369699	0.035342366	0.201671690	0.052663218	0.069198519	0.082350224
1479	7	7	0.050774857	0.093052417	0.055356875	0.049245209	0.052061643	0.205073908	0.044632819	0.297163039	0.087900765	0.064738452
1480	3	3	0.103130482	0.123318769	0.083072044	0.245104283	0.093701564	0.050842661	0.088408232	0.078183778	0.080717705	0.053520523
1481	6	0	0.180471197	0.068694778	0.078502201	0.076068133	0.082405165	0.107659340	0.102210954	0.100962877	0.116576016	0.086449355
1482	3	3	0.092601426	0.136117369	0.052601699	0.180419460	0.088109218	0.092392072	0.104005240	0.103080481	0.079670526	0.071002483
1483	5	5	0.061319578	0.086349607	0.071058281	0.112461530	0.091417395	0.180708155	0.075690314	0.094005875	0.100758046	0.126231253
1484	4	2	0.068153419	0.076171428	0.286352366	0.033970423	0.210588455	0.030756822	0.114013441	0.062866405	0.056309916	0.060817316
1485	4	4	0.066191293	0.081507921	0.153864056	0.057054929	0.282745481	0.051308192	0.112924226	0.076406568	0.068162978	0.049834296
1486	1	1	0.060292244	0.425405771	0.062381379	0.087590158	0.077389665	0.052867930	0.060195200	0.066368572	0.057723317	0.049785689
1487	6	4	0.079904549	0.081520237	0.119770959	0.058461569	0.178724825	0.077172503	0.103507683	0.144866064	0.089515999	0.066555604
1488	9	9	0.067653395	0.072079927	0.080191232	0.081525475	0.066505179	0.082160123	0.072251551	0.116180547	0.114321992	0.247130632
1489	7	7	0.064639784	0.066340402	0.065397948	0.050411049	0.072466671	0.144977465	0.063355193	0.311118394	0.105725624	0.055567570
1490	2	2	0.072574079	0.087239318	0.227523491	0.034000803	0.176584408	0.046818014	0.120995231	0.056417614	0.078386836	0.099460132
1491	3	8	0.078805454	0.079100423	0.094703846	0.131028712	0.107503913	0.042002939	0.111108027	0.093544610	0.184698358	0.077503778
1492	0	0	0.336549610	0.057676230	0.078052573	0.070621908	0.111035511	0.048973504	0.091300175	0.080794930	0.074956715	0.050038822
1493	7	7	0.056008875	0.061320562	0.054251194	0.043673776	0.057678487	0.129596695	0.059868358	0.389237761	0.095730230	0.052634090
1494	7	7	0.056741830	0.087264881	0.067701131	0.048652299	0.059694558	0.144473404	0.063490115	0.313033283	0.095388763	0.063559726
1495	6	4	0.079160616	0.068204418	0.165670007	0.038514812	0.216345727	0.039435547	0.188672990	0.054864191	0.067468673	0.081663117
1496	0	0	0.231213197	0.051373884	0.070929304	0.033796366	0.114923038	0.082461357	0.099020466	0.107369237	0.138771981	0.070141211
1497	6	6	0.089064173	0.080094986	0.123781599	0.078666851	0.207175270	0.045617808	0.217827246	0.052970573	0.055238828	0.049562629
1498	4	4	0.073896237	0.076647028	0.167641357	0.054270204	0.304899693	0.045612510	0.100542948	0.060434140	0.064683288	0.051372495
1499	6	0	0.360058546	0.053218596	0.067144230	0.060424458	0.110979639	0.030851845	0.141913742	0.058108088	0.074623257	0.042677559
1500	5	9	0.054458104	0.064237453	0.069149256	0.086208053	0.058439411	0.177186504	0.063200675	0.128285721	0.106957652	0.191877127
1501	9	9	0.057093821	0.048756696	0.103442915	0.051393457	0.079201058	0.108708575	0.065839149	0.075578645	0.140394449	0.269591242
1502	6	6	0.090687364	0.072614230	0.105892569	0.146286860	0.121308133	0.040538069	0.228472844	0.063409604	0.063434646	0.067355663
1503	0	0	0.403362095	0.053874951	0.080320261	0.044673998	0.100984626	0.028781630	0.092192166	0.072891772	0.074501246	0.048417185
1504	0	0	0.358430296	0.059146274	0.089603774	0.061840095	0.093459606	0.045040235	0.107361116	0.074290477	0.062532060	0.048296057
1505	1	1	0.065069668	0.415138483	0.055246491	0.095185630	0.071203068	0.050018724	0.063518442	0.069579102	0.061802227	0.053238221
1506	1	1	0.073493637	0.377207547	0.060208179	0.101212591	0.088036276	0.051729549	0.077355511	0.067650437	0.054218791	0.048887473
1507	3	3	0.137826949	0.144430384	0.053289626	0.167953432	0.095938355	0.056402579	0.139914423	0.085028857	0.065931901	0.053283483
1508	8	8	0.111978903	0.080814138	0.087349102	0.054929864	0.099008419	0.043024827	0.108199574	0.085662104	0.214706987	0.114326060
1509	5	5	0.073555551	0.093643419	0.094992615	0.064336009	0.117808074	0.143573880	0.087523326	0.104831941	0.102218695	0.117516555
1510	3	3	0.078613088	0.140055403	0.064538099	0.271203458	0.102834821	0.055751231	0.074396260	0.071276978	0.079676636	0.061654046
1511	8	7	0.068082921	0.082317159	0.101995043	0.043222066	0.075402662	0.104125753	0.065639839	0.206437647	0.173497155	0.079279698
1512	4	4	0.078409471	0.086693257	0.143149301	0.097777091	0.235441521	0.074824728	0.095835112	0.068040594	0.062010705	0.057818200
1513	3	6	0.085808389	0.104075015	0.078517146	0.117015928	0.089977689	0.071313329	0.155810684	0.149494231	0.070004597	0.077982992
1514	1	1	0.099636421	0.284605652	0.058278549	0.100423723	0.108029678	0.057053767	0.107807256	0.069443993	0.062672511	0.052048557
1515	8	8	0.075349778	0.079370737	0.095904827	0.073482916	0.083997265	0.054573104	0.075268373	0.082563266	0.280369878	0.099119864
1516	6	0	0.180433363	0.054146312	0.071704075	0.030309502	0.088511802	0.087518394	0.177063391	0.063579299	0.129455462	0.117278464
1517	7	7	0.047151946	0.073123828	0.061794177	0.038677830	0.051573601	0.093580790	0.049679849	0.448135316	0.085064329	0.051218353
1518	7	7	0.054712892	0.102296442	0.065728545	0.056865793	0.064674854	0.173890457	0.053089343	0.265530229	0.103653811	0.059557665
1519	1	1	0.059431478	0.382161438	0.068514399	0.093078591	0.076772615	0.065436549	0.066192463	0.073218957	0.061023246	0.054170363
1520	8	8	0.057733223	0.096177265	0.088967822	0.098812938	0.073191836	0.116607413	0.073287651	0.120930888	0.144795582	0.129495457
1521	4	4	0.063643195	0.085954651	0.199578896	0.044329025	0.253032088	0.049907811	0.138417497	0.053820789	0.053695656	0.057620335
1522	7	7	0.048820760	0.059905030	0.055914655	0.035277512	0.054187458	0.109653994	0.056047726	0.448412269	0.077091500	0.054689094
1523	1	1	0.065190233	0.401947260	0.062708132	0.086036578	0.085247859	0.055972226	0.066232897	0.070186876	0.056788318	0.049689628
1524	2	2	0.087481283	0.088877745	0.263211071	0.064139232	0.109815508	0.050586872	0.107618846	0.098476954	0.059858933	0.069933526
1525	3	3	0.075540252	0.152715921	0.065025963	0.309451342	0.119798161	0.041734077	0.077743396	0.060760282	0.051325548	0.045905020
1526	0	0	0.407996476	0.055823751	0.069304965	0.052238714	0.099151187	0.027438907	0.086488254	0.086130425	0.074911624	0.040515739
1527	3	3	0.097943753	0.167369500	0.055113871	0.172095537	0.123633698	0.061341569	0.109985478	0.088157490	0.066408850	0.057950262
1528	5	5	0.073756397	0.065510742	0.074115545	0.131393388	0.063959956	0.188894540	0.079011500	0.101324029	0.100302316	0.121731579
1529	6	0	0.286251813	0.056883633	0.063656017	0.089906514	0.132553145	0.028516376	0.151605770	0.086165972	0.050105587	0.054355167
1530	5	9	0.077259190	0.063860036	0.077749133	0.077543490	0.066613451	0.107666343	0.073813498	0.115154624	0.120527655	0.219812647
1531	0	0	0.307215601	0.076551780	0.079749845	0.086654551	0.109211542	0.040461563	0.117240384	0.058622189	0.062339641	0.061952889
1532	4	4	0.085430056	0.089223869	0.120524876	0.093083002	0.215557367	0.045509793	0.130112275	0.085904911	0.072918184	0.061735667
1533	0	0	0.356246054	0.050726671	0.116272390	0.053819951	0.085260414	0.027906621	0.089673661	0.099100672	0.078301832	0.042691674
1534	9	9	0.060260493	0.055143330	0.054829594	0.065824874	0.063714914	0.100093469	0.063892841	0.092840217	0.086603411	0.356796861
1535	7	7	0.048438720	0.056246165	0.049035717	0.036211435	0.050436158	0.114874929	0.055454798	0.447407275	0.083660454	0.058234353
1536	8	3	0.081108086	0.134773001	0.057529140	0.148307100	0.098406762	0.087758318	0.074938983	0.092003517	0.127341852	0.097833157
1537	0	0	0.314343065	0.066716880	0.104977950	0.057997286	0.089948870	0.037217792	0.108973354	0.103359997	0.065742679	0.050722022
1538	4	4	0.091962002	0.067133345	0.087015405	0.049559459	0.208877146	0.061866064	0.204685256	0.050223503	0.087112457	0.091565311
1539	1	1	0.083331309	0.213464096	0.059561890	0.114871711	0.080073401	0.109858930	0.083487689	0.080458261	0.091684215	0.083208509
1540	1	1	0.057143800	0.424082071	0.058947269	0.083665699	0.069824003	0.058446240	0.058307022	0.074801214	0.057126697	0.057655979
1541	2	2	0.085514307	0.081070639	0.287951022	0.103153586	0.074622542	0.052856915	0.115339071	0.080616370	0.070066743	0.048808664
1542	8	8	0.063016772	0.092840068	0.096166149	0.055052403	0.083074525	0.034198228	0.097057104	0.108790472	0.261986345	0.107817940
1543	7	7	0.061850920	0.065666594	0.067316636	0.044247765	0.058229662	0.079141378	0.060484383	0.364249289	0.118264250	0.080549225
1544	0	0	0.206080720	0.095713370	0.066147089	0.068864532	0.157405257	0.044215210	0.161558464	0.071665257	0.067535758	0.060814340
1545	6	7	0.092525780	0.058465078	0.118644848	0.103747867	0.111688495	0.051569596	0.158372194	0.161825016	0.080007784	0.063153289
1546	3	1	0.096428998	0.189840034	0.050701056	0.184910998	0.137559652	0.052471310	0.105956711	0.064617775	0.060349710	0.057163760
1547	4	4	0.061666604	0.079583935	0.134477451	0.049200233	0.268036336	0.060019817	0.090279453	0.127261311	0.068812534	0.060662247
1548	3	3	0.099571601	0.141489238	0.059587568	0.169187412	0.150980145	0.050987378	0.120876931	0.072094075	0.074244782	0.060980711
1549	5	7	0.060815427	0.096477769	0.051904015	0.047604706	0.072693281	0.234483108	0.047403574	0.255541682	0.078379937	0.054696545
1550	0	0	0.350176066	0.062096864	0.091008857	0.071142413	0.098571979	0.033053499	0.106407270	0.069827408	0.063924439	0.053791195
1551	3	1	0.080696560	0.224253252	0.062161513	0.191157743	0.093945585	0.056593597	0.082769364	0.079936020	0.070293680	0.058192749
1552	3	4	0.087367825	0.091980755	0.057975765	0.112689316	0.206797704	0.050246581	0.155803427	0.089489512	0.080066860	0.067582332
1553	4	4	0.058625627	0.061545435	0.222575292	0.023114625	0.306866169	0.032151133	0.129451096	0.046280913	0.062318556	0.057071116
1554	3	3	0.079093568	0.175244644	0.057291899	0.229216158	0.123064838	0.069112450	0.079163559	0.069641568	0.061827246	0.056344043
1555	2	2	0.098655112	0.106878109	0.167743549	0.099071115	0.073059902	0.102742583	0.088799901	0.094783626	0.079025805	0.089240283
1556	1	1	0.067696594	0.418986142	0.056259360	0.096865296	0.087589227	0.041394349	0.079610452	0.062589690	0.048161265	0.040847607
1557	7	7	0.043598369	0.066837609	0.062203161	0.039193682	0.047995087	0.076479338	0.050711941	0.473937839	0.082972966	0.056069974
1558	0	6	0.124508098	0.064220615	0.093324475	0.042218957	0.129816070	0.060893934	0.222759217	0.067485012	0.082593381	0.112180188
1559	4	4	0.085600577	0.080471739	0.135275424	0.073322780	0.231199220	0.046171147	0.140924424	0.074274741	0.073834367	0.058925547
1560	7	7	0.048725635	0.055152848	0.049280997	0.040489033	0.050654579	0.083820216	0.045615420	0.487811178	0.079385981	0.059064064
1561	2	2	0.075792916	0.083596222	0.251765877	0.039723706	0.167733207	0.033558376	0.147186324	0.044956069	0.062995285	0.092691951
1562	8	8	0.141939640	0.078735180	0.084170230	0.037528336	0.082071997	0.055231024	0.073820978	0.090974607	0.206121802	0.149406195
1563	2	4	0.069403946	0.104459412	0.082903653	0.094742447	0.195037603	0.084578007	0.096255846	0.098611824	0.082026504	0.091980763
1564	2	2	0.071971640	0.086478919	0.243754342	0.059624352	0.150820866	0.035968352	0.134233341	0.100029953	0.060588010	0.056530137
1565	7	7	0.048638601	0.057390153	0.061594352	0.035965350	0.053002242	0.094118133	0.053056646	0.454747409	0.086983584	0.054503515
1566	8	8	0.082312509	0.105047621	0.087008893	0.079753429	0.079856604	0.079115756	0.140300691	0.094773926	0.162556306	0.089274295
1567	7	9	0.068712488	0.061605223	0.052662227	0.066236161	0.061005831	0.096745320	0.074644551	0.180167228	0.109039530	0.229181483
1568	5	5	0.063859642	0.084654421	0.068182789	0.099763878	0.076547794	0.199202240	0.071561493	0.105895281	0.107984163	0.122348227
1569	8	7	0.092145152	0.085316524	0.102975048	0.027009521	0.078678526	0.077634208	0.078174166	0.178922400	0.176828831	0.102315590
1570	5	5	0.074306712	0.073338918	0.081357554	0.120736323	0.061448120	0.170355484	0.082341515	0.107485376	0.103621468	0.125008479
1571	5	7	0.055211406	0.103949562	0.057670962	0.051077869	0.059224926	0.199676618	0.051559057	0.265977949	0.096411780	0.059239913
1572	8	8	0.080648929	0.081823535	0.109515212	0.095317729	0.082165010	0.060480028	0.108770706	0.087649219	0.183722690	0.109906986
1573	6	6	0.183341637	0.070847839	0.088458866	0.082969733	0.143791065	0.038815167	0.197841063	0.070581086	0.072720513	0.050632939
1574	7	7	0.048727274	0.069336087	0.056323215	0.040245898	0.052440878	0.085593306	0.050236158	0.456956774	0.085869990	0.054270368
1575	3	3	0.094474509	0.091799960	0.072615281	0.239068106	0.129263610	0.033182364	0.128673717	0.095052220	0.066411100	0.049459223
1576	2	2	0.084424414	0.103391439	0.183882102	0.075243711	0.080291942	0.084133416	0.103213020	0.087287851	0.110158220	0.087973878
1577	0	0	0.211640045	0.069901809	0.113659434	0.051377289	0.144603625	0.043322563	0.094268680	0.100376472	0.113797300	0.057052914
1578	3	4	0.085958205	0.100213341	0.078381225	0.124900706	0.209279105	0.054236513	0.131631091	0.089721791	0.059154589	0.066523351
1579	3	1	0.095030598	0.257134497	0.054413844	0.171830460	0.107803531	0.047594883	0.085614644	0.064698122	0.063897282	0.051982183
1580	9	9	0.067402974	0.069408439	0.077731147	0.078752518	0.071210355	0.103673302	0.105872035	0.111642316	0.090434186	0.223872751
1581	8	8	0.177289575	0.046932139	0.058529273	0.023779918	0.079032376	0.076540269	0.082850069	0.169323877	0.217547685	0.068174794
1582	1	1	0.064402446	0.443544626	0.055475339	0.096246928	0.084645621	0.035236187	0.060894936	0.061210804	0.050135840	0.048207294
1583	6	6	0.100805841	0.065575510	0.078874871	0.114853099	0.112427168	0.034687255	0.259867281	0.100973070	0.065370530	0.066565342
1584	6	6	0.092899591	0.079147674	0.144893616	0.110550292	0.129910976	0.061359975	0.185747594	0.072545514	0.062022280	0.060922489
1585	3	4	0.072973639	0.151800677	0.050408546	0.155102372	0.192247614	0.060660150	0.107581288	0.089971207	0.065639548	0.053615086
1586	2	2	0.078221977	0.071797445	0.286682159	0.041546077	0.153454140	0.029084612	0.151565343	0.057394221	0.057800237	0.072453760
1587	5	5	0.056617130	0.068542235	0.072290823	0.074030772	0.074836619	0.178775951	0.092533804	0.102200516	0.127006069	0.153166071
1588	4	4	0.073656894	0.072071902	0.197641045	0.054872677	0.225000888	0.047145631	0.110675737	0.074679442	0.073197745	0.071058005
1589	0	0	0.375885427	0.053068705	0.065373600	0.047090076	0.090020858	0.046922069	0.102566667	0.103904806	0.069205232	0.045962553
1590	8	8	0.074690990	0.064994246	0.074396305	0.110246807	0.084404230	0.074026808	0.101098344	0.082329594	0.236922875	0.096889831
1591	9	9	0.053972296	0.059339378	0.097077146	0.056551408	0.078439191	0.125128731	0.074693218	0.095240735	0.127720326	0.231837526
1592	8	8	0.086101376	0.069981627	0.117322102	0.060626470	0.100634016	0.038788069	0.116294317	0.111971848	0.224034876	0.074245319
1593	4	4	0.077616550	0.066634886	0.106869578	0.087559380	0.324676335	0.033129834	0.130233631	0.059399597	0.061768059	0.052112117
1594	2	4	0.083528765	0.086154670	0.171543270	0.077005468	0.194825113	0.041934501	0.150879696	0.074318826	0.059631739	0.060177967
1595	2	6	0.076957174	0.071395323	0.110745877	0.065367781	0.204248056	0.031656578	0.258368611	0.056894038	0.064540975	0.059825588
1596	9	9	0.054424774	0.058084168	0.105632529	0.050901871	0.084366985	0.132713437	0.070036992	0.083112858	0.111853659	0.248872742
1597	6	6	0.065989219	0.071835667	0.198345929	0.050377537	0.192118302	0.029569512	0.207870603	0.052291773	0.061758418	0.069842979
1598	8	1	0.106776260	0.137149826	0.060376104	0.113877811	0.079525150	0.121518612	0.070455179	0.096377619	0.127485558	0.086457975
1599	7	7	0.042576842	0.051763523	0.052456334	0.044592306	0.056709033	0.119409792	0.056245733	0.433105230	0.074137256	0.069003940
1600	6	4	0.098432995	0.074469671	0.175600410	0.064903066	0.206262901	0.031252854	0.138965979	0.092677742	0.067504317	0.049930036
1601	8	8	0.097746417	0.048332181	0.083482683	0.048385393	0.142101303	0.072376721	0.130378306	0.054608531	0.196989089	0.125599429
1602	5	7	0.054153800	0.104419850	0.060457058	0.046486139	0.051677730	0.211523801	0.048158899	0.276675433	0.086353481	0.060093809
1603	1	1	0.092265397	0.303177118	0.045891318	0.099584647	0.122749016	0.050477352	0.110060893	0.066349342	0.054869995	0.054574877
1604	7	7	0.049578976	0.059165362	0.051687434	0.036421794	0.060490515	0.101376049	0.049647141	0.458310336	0.078205779	0.055116586
1605	7	7	0.048092920	0.048296519	0.062153894	0.040692169	0.057077598	0.078242570	0.056235529	0.459665030	0.088187970	0.061355792
1606	8	8	0.122573450	0.049138881	0.059827343	0.041824300	0.110145107	0.074086964	0.130764112	0.076179162	0.220752403	0.114708327
1607	5	5	0.059491683	0.071170442	0.076936319	0.108630680	0.073277719	0.230331123	0.063738711	0.109552220	0.096180223	0.110690899
1608	7	9	0.063119240	0.064672410	0.080856889	0.064414009	0.059747100	0.099916793	0.091846362	0.171301991	0.075157486	0.228967726
1609	6	4	0.063296571	0.057941083	0.180757061	0.040474229	0.252204716	0.030929528	0.203830197	0.050778296	0.059450809	0.060337491
1610	6	6	0.096884333	0.093011707	0.143808693	0.071221106	0.161661312	0.044315908	0.196825072	0.071731076	0.065250121	0.055290706
1611	2	1	0.074644424	0.139111429	0.068693325	0.104277231	0.075917527	0.127680987	0.113106519	0.129404590	0.073398858	0.093765147
1612	6	0	0.327347934	0.061795086	0.090927221	0.073605135	0.094919577	0.025750170	0.154763639	0.074852221	0.050200395	0.045838557
1613	4	4	0.065904871	0.073511198	0.148681372	0.038184110	0.292164832	0.039300341	0.154415801	0.052039400	0.072647557	0.063150458
1614	4	4	0.059178870	0.059181832	0.248335868	0.026136098	0.259416491	0.030216215	0.136761606	0.043896955	0.062168173	0.074707761
1615	2	2	0.097783186	0.080383584	0.185649052	0.084733211	0.095078088	0.059724148	0.134908810	0.079864442	0.096655026	0.085220329
1616	1	1	0.061322190	0.389506966	0.065088600	0.087723695	0.085962236	0.056839556	0.066499896	0.072292760	0.061286990	0.053477053
1617	8	8	0.104166918	0.084466241	0.072065309	0.026964843	0.066230051	0.052459080	0.081040911	0.157573357	0.249563441	0.105469830
1618	0	3	0.091933914	0.161405906	0.074108727	0.213035509	0.113812298	0.043918192	0.105923504	0.070741251	0.068502739	0.056617904
1619	3	1	0.066853464	0.236314103	0.054684319	0.182533339	0.065872028	0.089700453	0.058682509	0.083616406	0.082664639	0.079078823
1620	1	1	0.072552271	0.298688263	0.071737789	0.098069422	0.100910962	0.090195015	0.060088675	0.081885919	0.059815422	0.066056244
1621	4	6	0.084489092	0.080302216	0.071013808	0.067665644	0.187886328	0.032885034	0.273257136	0.073689744	0.068825409	0.059985589
1622	1	1	0.073793352	0.384041220	0.065797605	0.108055443	0.095245525	0.040475585	0.075252473	0.063979737	0.049419705	0.043939412
1623	0	0	0.278896689	0.057641782	0.075158276	0.090580598	0.102023944	0.043738890	0.129883841	0.092206009	0.067699105	0.062170837
1624	5	5	0.061373670	0.084281072	0.070606984	0.064999752	0.080080912	0.264784336	0.056158397	0.161273494	0.088409662	0.068031743
1625	9	9	0.057265725	0.068099499	0.089614563	0.058464207	0.085454598	0.065985687	0.066890068	0.074519679	0.101547793	0.332158178
1626	1	1	0.059895683	0.322640330	0.063090473	0.085873723	0.077992529	0.099317946	0.061539765	0.076364830	0.086957864	0.066326857
1627	5	7	0.057006788	0.084852852	0.070312604	0.036264133	0.062299974	0.173203930	0.061783474	0.290136993	0.103289954	0.060849316
1628	2	4	0.085036986	0.078123115	0.159605697	0.094412580	0.165266857	0.078746982	0.119982086	0.090794042	0.069677189	0.058354408
1629	8	8	0.162554458	0.059807874	0.057433277	0.020296469	0.088635258	0.091309674	0.092318185	0.095295548	0.237667754	0.094681531
1630	4	4	0.068988353	0.076513112	0.102365859	0.085401751	0.301648676	0.030039560	0.153325632	0.060882937	0.059456479	0.061377633
1631	0	0	0.342661500	0.065854564	0.076185569	0.085443638	0.092983760	0.028445704	0.128928080	0.068323627	0.055199031	0.055974446
1632	4	4	0.064713277	0.076541856	0.187887654	0.041501656	0.255541623	0.030511133	0.173909947	0.038528576	0.057748105	0.073116146
1633	3	1	0.097061962	0.163222730	0.053536471	0.150218621	0.162796214	0.059509594	0.117691517	0.084996305	0.053504705	0.057461932
1634	1	1	0.069308445	0.383163691	0.065128356	0.102919921	0.085469358	0.053267565	0.064776301	0.069867253	0.053066142	0.053032994
1635	6	6	0.089640923	0.072861522	0.078149788	0.086367235	0.172867268	0.033080962	0.295100003	0.064484507	0.056662589	0.050785139
1636	0	0	0.293468416	0.081829213	0.058817711	0.062243633	0.070223808	0.098142453	0.073040992	0.096017115	0.090980060	0.075236596
1637	0	0	0.325386196	0.071042463	0.056883723	0.088659920	0.106633797	0.031885181	0.100375429	0.070218995	0.079140961	0.069773406
1638	8	8	0.056688067	0.060643338	0.100056447	0.035705760	0.105419390	0.055296663	0.077332191	0.075703546	0.311235070	0.121919572
1639	5	5	0.053101692	0.096859574	0.062636942	0.060303934	0.071338333	0.270424545	0.057995856	0.146159351	0.097091720	0.084087983
1640	2	2	0.089058712	0.083792768	0.267263979	0.053598687	0.127135411	0.048641656	0.108000726	0.083377145	0.070721045	0.068409875
1641	7	7	0.056870390	0.096563034	0.070265584	0.045674205	0.062741853	0.154818341	0.052187148	0.315631211	0.093065783	0.052182414
1642	4	4	0.086571433	0.074107140	0.176668420	0.043687452	0.239131704	0.051259194	0.145729125	0.038616031	0.071349338	0.072880112
1643	4	4	0.050981376	0.070749141	0.184539288	0.028666211	0.346324801	0.032374922	0.107297726	0.066791721	0.056712512	0.055562239
1644	2	2	0.081912458	0.081949621	0.226189122	0.036603887	0.155547306	0.033590600	0.153727561	0.092441678	0.079429045	0.058608700
1645	1	1	0.094730370	0.304083437	0.066761598	0.098606855	0.124200642	0.054749571	0.083374366	0.067442074	0.047314413	0.058736727
1646	1	3	0.077096939	0.211042583	0.054628305	0.231060579	0.079611272	0.067181885	0.065943487	0.070169024	0.075998761	0.067267194
1647	1	1	0.061954062	0.429167598	0.063061863	0.089291729	0.079793349	0.041663863	0.067843899	0.060974464	0.058207255	0.048041955
1648	4	4	0.067290947	0.080728434	0.114927664	0.085100144	0.338271916	0.031336114	0.113282323	0.060998570	0.056766681	0.051297106
1649	5	5	0.057349768	0.087072998	0.034868516	0.068515651	0.082444310	0.313224345	0.059987523	0.097282447	0.075758860	0.123495527
1650	6	6	0.099371873	0.091272511	0.110510446	0.082333460	0.127632841	0.060633115	0.227602214	0.069934115	0.068574771	0.062134657
1651	1	1	0.063520044	0.451479375	0.058487363	0.086824909	0.097093761	0.035046153	0.063904501	0.051678304	0.047283802	0.044681735
1652	8	8	0.053673543	0.065640941	0.119999349	0.060816679	0.153522521	0.094899260	0.088039912	0.058420837	0.157232404	0.147754520
1653	9	9	0.052881550	0.044323996	0.106283687	0.040806871	0.065105043	0.100251846	0.068735860	0.062296387	0.099770345	0.359544426
1654	9	9	0.068641312	0.055374160	0.106535606	0.043359969	0.098574013	0.102385499	0.080319412	0.047039665	0.091962352	0.305808008
1655	2	2	0.086707644	0.076491766	0.172493070	0.040584240	0.117240727	0.069320850	0.122580931	0.110767968	0.123268329	0.080544502
1656	1	1	0.067173563	0.355124652	0.064296484	0.089454859	0.098847046	0.056942325	0.068151511	0.078214072	0.066674665	0.055120848
1657	4	6	0.084547870	0.103066325	0.062868796	0.124698035	0.165677071	0.044778891	0.176716000	0.104129314	0.072246529	0.061271157
1658	9	9	0.059837047	0.071711428	0.061950292	0.054355457	0.068902843	0.091171399	0.082943976	0.093539685	0.100477263	0.315110594
1659	5	5	0.073431335	0.073593833	0.085607238	0.101386659	0.085916750	0.200839102	0.070959389	0.093573362	0.084487006	0.130205318
1660	6	4	0.077324331	0.078244872	0.205851927	0.034000412	0.240698546	0.047038842	0.126623765	0.066537559	0.060606264	0.063073508
1661	0	0	0.364816129	0.053864952	0.099766113	0.041191064	0.133728713	0.026923619	0.093770139	0.070564538	0.065799892	0.049574781
1662	8	8	0.051138736	0.063886046	0.113688424	0.032606948	0.086678162	0.058431782	0.071989059	0.073374167	0.315685928	0.132520765
1663	4	4	0.085551485	0.083679214	0.140163109	0.064713418	0.215394214	0.070711412	0.114612691	0.090108193	0.079963408	0.055102844
1664	7	7	0.067733392	0.083341584	0.056896206	0.038205661	0.063999422	0.154748544	0.062158380	0.309777677	0.105942726	0.057196453
1665	8	8	0.096190974	0.090678029	0.063995898	0.109108828	0.084132649	0.076869033	0.089984082	0.100142762	0.186285660	0.102612130
1666	2	2	0.073790126	0.084427878	0.228581965	0.033931792	0.195300534	0.039314147	0.146216422	0.052477773	0.073429324	0.072530016
1667	5	7	0.060622063	0.089212105	0.063628547	0.053901970	0.056282505	0.221200630	0.057683203	0.227239668	0.113466799	0.056762498
1668	7	7	0.048777044	0.079324417	0.059077978	0.044611156	0.051321313	0.119280994	0.049174238	0.410127610	0.080259636	0.058045663
1669	8	8	0.059239641	0.059147794	0.077460833	0.077306658	0.082584441	0.111635052	0.075684652	0.076904953	0.227375552	0.152660429
1670	6	6	0.091588303	0.107913285	0.111329064	0.093779609	0.137680724	0.056644663	0.212946162	0.065792687	0.059467979	0.062857479
1671	4	4	0.087963454	0.139384747	0.065845624	0.102945685	0.178852215	0.074530743	0.098623350	0.096142896	0.074009672	0.081701554
1672	7	7	0.047620188	0.075377434	0.058343511	0.039599620	0.050204128	0.090525150	0.044155717	0.465654284	0.076185793	0.052334186
1673	3	3	0.088192850	0.101541273	0.057734095	0.163834035	0.127552941	0.056792453	0.134092003	0.116703331	0.074569203	0.078987762
1674	0	0	0.299622923	0.069258682	0.078402542	0.056870777	0.115457848	0.033940863	0.119230442	0.085020281	0.090546764	0.051648930
1675	6	2	0.081643701	0.105030231	0.193866372	0.035155971	0.092414804	0.062415954	0.116039775	0.151121363	0.103918642	0.058393221
1676	8	8	0.143006206	0.075672545	0.064489253	0.066841908	0.090699002	0.080610797	0.087443195	0.131778270	0.173708931	0.085749909
1677	7	7	0.062550381	0.058783248	0.076668948	0.052091647	0.059989069	0.159931690	0.076119520	0.270001858	0.123756126	0.060107570
1678	7	7	0.053877231	0.058690891	0.048517436	0.035961263	0.052433185	0.098782890	0.049816176	0.469067037	0.078781456	0.054072477
1679	2	2	0.079579830	0.060435131	0.238149196	0.032180917	0.209692314	0.029612992	0.163558692	0.069741495	0.063739106	0.053310264
1680	7	9	0.066526510	0.071218848	0.075614296	0.069502302	0.105388485	0.098911136	0.069777243	0.116656274	0.109533064	0.216871813
1681	4	4	0.056942835	0.056668401	0.136357382	0.040585734	0.396711141	0.033767525	0.126723692	0.034824774	0.056532126	0.060886320
1682	2	2	0.085386105	0.059819344	0.186131477	0.062590122	0.161732569	0.055157930	0.129055321	0.071262732	0.099365808	0.089498647
1683	2	2	0.080263607	0.072470903	0.245894089	0.042090192	0.195591614	0.033013094	0.135976627	0.069623731	0.060722947	0.064353168
1684	5	7	0.051575501	0.076222450	0.058650125	0.054498296	0.061609186	0.194190472	0.054235257	0.302132756	0.088399298	0.058486596
1685	9	9	0.060534138	0.063813314	0.082231469	0.101429023	0.065402560	0.087914862	0.059074432	0.107289374	0.108246081	0.264064789
1686	2	4	0.088776961	0.066295616	0.182802066	0.067046866	0.256749988	0.039550401	0.106163785	0.083184041	0.066007704	0.043422602
1687	8	8	0.105206273	0.094790742	0.089507893	0.032967765	0.062829107	0.055580698	0.069053277	0.172728851	0.234817207	0.082518183
1688	2	2	0.064608566	0.072203264	0.185232982	0.052617960	0.109472170	0.074761748	0.158973947	0.068218023	0.083663307	0.130247995
1689	3	3	0.088858403	0.112511069	0.060350306	0.265586764	0.118340664	0.048519801	0.099479772	0.071534202	0.084523588	0.050295319
1690	2	2	0.094653651	0.074544206	0.220247641	0.074247152	0.173814744	0.032032225	0.131383553	0.072158396	0.056269154	0.070649296
1691	8	8	0.086170383	0.071296349	0.085335650	0.100164458	0.084590405	0.076954909	0.118122146	0.101592802	0.183572739	0.092200130
1692	4	4	0.059562866	0.079650752	0.231410637	0.032859910	0.279953718	0.039348856	0.115683705	0.041262854	0.053746041	0.066520579
1693	0	6	0.122959912	0.076091491	0.101385847	0.158060417	0.153490812	0.033026252	0.158462256	0.065693319	0.073663943	0.057165779
1694	5	5	0.059549589	0.055820230	0.076021314	0.099102393	0.074790731	0.221475527	0.084631823	0.095387876	0.117146574	0.116073877
1695	2	2	0.090523444	0.081810586	0.172776148	0.078393407	0.104931869	0.083613455	0.109783575	0.121644922	0.095145226	0.061377399
1696	1	1	0.062344965	0.428404629	0.063702203	0.090102397	0.080118671	0.037592776	0.068275988	0.062724657	0.056358900	0.050374750
1697	0	0	0.196577653	0.067488015	0.116097935	0.061493654	0.146634385	0.039254051	0.148896292	0.096602209	0.071116917	0.055838913
1698	7	7	0.054648273	0.061007448	0.058123190	0.046053357	0.063493326	0.130343676	0.055045448	0.390965700	0.082675591	0.057643943
1699	1	1	0.066477552	0.430821419	0.056719732	0.097661659	0.087610684	0.040872261	0.064048581	0.060350459	0.047435343	0.048002440
1700	4	4	0.074617378	0.087395526	0.158614516	0.046656359	0.258495122	0.058881041	0.086564772	0.111931272	0.068226308	0.048617773
1701	1	1	0.072197236	0.364223480	0.053404070	0.134927884	0.089244857	0.035834681	0.071957231	0.062759072	0.065502159	0.049949370
1702	2	2	0.082181029	0.075956292	0.307485878	0.038302306	0.167689681	0.031031791	0.102244981	0.064701386	0.058659524	0.071747214
1703	8	8	0.075507678	0.075312510	0.079153255	0.053290568	0.066404670	0.054733902	0.067873031	0.108975448	0.335039914	0.083709002
1704	1	1	0.068607017	0.375474244	0.058849391	0.085343786	0.095266670	0.047597941	0.084288090	0.072181471	0.060333967	0.052057426
1705	0	0	0.165724307	0.136501119	0.060678862	0.133415774	0.131487444	0.035672337	0.129913732	0.058419827	0.086649030	0.061537556
1706	1	1	0.072180733	0.414455116	0.056518845	0.112255938	0.084458970	0.036645398	0.065724015	0.062431894	0.046381138	0.048948128
1707	2	1	0.076420039	0.205953643	0.043985553	0.125142559	0.093592010	0.072319046	0.117397062	0.112788752	0.090389319	0.062012020
1708	5	5	0.061167493	0.076476231	0.091074519	0.087262243	0.121366821	0.182818979	0.079811551	0.086036496	0.087892376	0.126093268
1709	4	4	0.083801344	0.091193452	0.114981145	0.100133404	0.239735693	0.034507696	0.176276475	0.065956473	0.047224823	0.046189357
1710	2	2	0.085072733	0.092055969	0.233320877	0.138879269	0.098168448	0.044725712	0.131000340	0.059863690	0.054812290	0.062100738
1711	0	0	0.354837567	0.059054691	0.090855494	0.059364762	0.099601775	0.023473805	0.115053169	0.081680603	0.068850964	0.047227263
1712	7	7	0.048067342	0.061710138	0.056675568	0.041213926	0.055137642	0.105346128	0.056066096	0.436754167	0.086311154	0.052717838
1713	6	6	0.087551713	0.059783392	0.092674345	0.047493000	0.193808243	0.045945413	0.236097708	0.067895070	0.076569438	0.092181660
1714	0	0	0.399801046	0.055328928	0.097279459	0.042202324	0.107647829	0.030529030	0.083565414	0.076786764	0.059498236	0.047360998
1715	6	0	0.189350918	0.071851760	0.093713254	0.088692158	0.119117387	0.050937608	0.174027368	0.099498712	0.069973424	0.042837463
1716	6	0	0.242001384	0.128935620	0.043903835	0.070829131	0.079463445	0.071997717	0.149713531	0.067300923	0.088483997	0.057370577
1717	1	1	0.074476026	0.319614202	0.059166092	0.085536614	0.081065536	0.080645338	0.072237566	0.071878113	0.091296583	0.064083971
1718	7	7	0.054123648	0.063229769	0.056401245	0.043139268	0.055216596	0.090252087	0.058099214	0.422113597	0.076701052	0.080723517
1719	3	1	0.081142195	0.226687744	0.054342333	0.195180103	0.085492820	0.073588453	0.084939428	0.066752717	0.072994523	0.058879703
1720	0	0	0.369374186	0.051166009	0.095692284	0.043933533	0.093198694	0.035102032	0.104739480	0.082303658	0.076305538	0.048184630
1721	4	4	0.085380480	0.074636377	0.131198242	0.104336336	0.277524024	0.039127916	0.098993838	0.083526649	0.055291716	0.049984451
1722	0	1	0.110312924	0.183739379	0.078313664	0.153281689	0.135766029	0.044681679	0.108410574	0.071554124	0.061112203	0.052827757
1723	0	3	0.100944750	0.110358745	0.061088737	0.143513888	0.080087483	0.074310817	0.132896364	0.115786828	0.105403446	0.075608902
1724	8	8	0.060746524	0.068498358	0.092964120	0.065521881	0.096936025	0.105623759	0.081625000	0.071915060	0.198012426	0.158156812
1725	3	6	0.097860642	0.116895422	0.080456465	0.137470096	0.145020142	0.050292470	0.167833820	0.090325765	0.063234560	0.050610583
1726	5	5	0.096517839	0.079320379	0.074186303	0.097840928	0.095938444	0.155653059	0.101899959	0.079995327	0.102128454	0.116519257
1727	7	7	0.059701260	0.149512589	0.067356437	0.062886909	0.058747139	0.182017460	0.052221168	0.223463580	0.078736782	0.065356687
1728	7	9	0.069204703	0.068863317	0.083445609	0.096590877	0.079650916	0.106650636	0.090600170	0.139194325	0.082120351	0.183679059
1729	6	6	0.082204163	0.092126757	0.093932174	0.126696751	0.095537513	0.108131677	0.136732668	0.084562615	0.095059544	0.085016131
1730	3	3	0.090726607	0.179111078	0.059586786	0.179825082	0.118450828	0.073781848	0.106729224	0.068243608	0.061600946	0.061943982
1731	6	4	0.081646949	0.077232271	0.149494097	0.044240739	0.212817028	0.037132099	0.208088979	0.050094336	0.075802520	0.063450888
1732	0	0	0.298910648	0.065663613	0.074132822	0.070907995	0.097428076	0.068473980	0.103948973	0.093899198	0.083287679	0.043347016
1733	7	9	0.062913336	0.073778696	0.082652330	0.066135578	0.073012844	0.125745505	0.070136502	0.139880478	0.107868098	0.197876677
1734	2	2	0.078978948	0.066561334	0.149292737	0.060012337	0.131127328	0.092137337	0.149241596	0.065329120	0.093005404	0.114313841
1735	2	7	0.099318638	0.069402106	0.169218525	0.040040463	0.089415856	0.103574477	0.099504419	0.172112852	0.107147180	0.050265428
1736	2	2	0.086066239	0.076242022	0.238276526	0.040723022	0.175041839	0.047488388	0.105428360	0.098918416	0.075831011	0.055984069
1737	1	1	0.063730486	0.377922982	0.064271957	0.084955804	0.097783297	0.054311812	0.083669543	0.069984317	0.057197198	0.046172682
1738	2	2	0.074281976	0.087741815	0.264113724	0.038261175	0.183486208	0.036881849	0.126726389	0.053660043	0.058965795	0.075880989
1739	1	2	0.074997693	0.058192622	0.144020975	0.061734576	0.101919666	0.113859467	0.120563403	0.102341533	0.097487129	0.124882884
1740	8	8	0.075480230	0.069101483	0.123213261	0.074294940	0.096125886	0.092378579	0.080623612	0.073800117	0.187061757	0.127920091
1741	6	4	0.085779622	0.077752717	0.146523818	0.058489192	0.250377089	0.044720836	0.166879952	0.074128307	0.052766319	0.042582065
1742	9	9	0.065829255	0.054846063	0.092950977	0.048434570	0.085181698	0.108425103	0.083467916	0.048782308	0.132498696	0.279583424
1743	5	5	0.085348338	0.074885815	0.083741173	0.092223950	0.070049815	0.212148711	0.065868892	0.103616633	0.080406144	0.131710470
1744	0	0	0.378366858	0.056587577	0.062671058	0.067062020	0.100368246	0.043254852	0.106702812	0.069552980	0.062717721	0.052715808
1745	8	8	0.063881800	0.078105338	0.090513609	0.117955282	0.073854260	0.046861604	0.103372715	0.078462414	0.257125974	0.089866996
1746	7	7	0.045374554	0.055680566	0.059630234	0.042170804	0.051607970	0.066949405	0.053459167	0.480138212	0.082464695	0.062524319
1747	8	8	0.106266156	0.082280248	0.123573445	0.077654161	0.069431283	0.064175367	0.097114913	0.119649261	0.170709565	0.089145601
1748	3	4	0.111568660	0.096997969	0.089577287	0.132735103	0.195147976	0.040073011	0.137350783	0.071249604	0.064181954	0.061117612
1749	3	1	0.090497874	0.187974513	0.059711125	0.176614434	0.129872262	0.073251553	0.071457289	0.094605111	0.056396235	0.059619658
1750	0	0	0.213344008	0.074452832	0.112175353	0.042464726	0.108441390	0.047215573	0.146117672	0.072980359	0.113151938	0.069656178
1751	8	8	0.168364257	0.051239643	0.060240891	0.023768757	0.113616012	0.071708709	0.072997727	0.103303574	0.233434379	0.101326026
1752	6	2	0.081369512	0.089238919	0.218596742	0.036465395	0.189748839	0.043851633	0.143628046	0.067467764	0.062597536	0.067035630
1753	3	3	0.127121463	0.131819859	0.054994490	0.215644076	0.127160013	0.044708490	0.109453611	0.071229205	0.064905472	0.052963372
1754	8	8	0.068758667	0.068700887	0.082487449	0.049316954	0.088957496	0.096230753	0.074735180	0.083337195	0.290582031	0.096893415
1755	3	1	0.080571324	0.173246756	0.061135408	0.155761242	0.081698030	0.116266102	0.061988950	0.088893496	0.096221544	0.084217057
1756	0	0	0.251074672	0.056508467	0.110296585	0.038996071	0.127575323	0.038558852	0.105621785	0.110399477	0.114880547	0.046088230
1757	0	0	0.332026422	0.058761247	0.096136361	0.055221681	0.083211750	0.033018131	0.146394327	0.094214849	0.064186327	0.036828898
1758	6	6	0.082442023	0.152130365	0.053509921	0.098976687	0.087434866	0.093440831	0.168886602	0.138561115	0.062296763	0.062320787
1759	3	1	0.095512532	0.179997399	0.069163822	0.141480610	0.151930243	0.055014577	0.117317535	0.081425421	0.055939917	0.052217893
1760	1	1	0.063907281	0.399684966	0.058794379	0.097319350	0.087511078	0.049078602	0.071539618	0.069855981	0.053505845	0.048802912
1761	3	1	0.076804996	0.202454492	0.059293851	0.170872316	0.076927617	0.065171339	0.082392767	0.088242717	0.100641705	0.077198118
1762	7	7	0.043931581	0.056878194	0.052564051	0.035168540	0.051290896	0.096791588	0.045396145	0.479155242	0.084327303	0.054496419
1763	2	2	0.074661694	0.084435828	0.306036770	0.037779633	0.144920513	0.030970387	0.124950960	0.074661963	0.056968946	0.064613454
1764	9	9	0.065714799	0.063050874	0.103228152	0.048227876	0.084895343	0.112656362	0.079607293	0.093776561	0.135569751	0.213272884
1765	4	4	0.058791514	0.073551834	0.149750739	0.042326313	0.316397578	0.045431588	0.121086530	0.064689986	0.062274080	0.065699816
1766	5	5	0.081440128	0.076437496	0.076421134	0.079367995	0.075091340	0.187439725	0.076374561	0.118376724	0.079900414	0.149150550
1767	4	4	0.093585335	0.106406689	0.077132702	0.128668666	0.219362661	0.033482581	0.125995383	0.072180986	0.081394359	0.061790641
1768	6	4	0.076338977	0.074148498	0.174952611	0.040094577	0.191772193	0.033574533	0.154059261	0.094969682	0.100292511	0.059797198
1769	5	7	0.056945704	0.090677202	0.056125514	0.040951319	0.055707272	0.221252695	0.045358192	0.270037472	0.102610849	0.060333811
1770	2	2	0.100467816	0.075239919	0.219227642	0.098009661	0.120884843	0.055881154	0.122487038	0.087545939	0.062179521	0.058076497
1771	5	7	0.056574326	0.086232655	0.063098073	0.051647261	0.053304620	0.227420524	0.047513664	0.244745269	0.108877793	0.060585808
1772	2	4	0.067129157	0.061978899	0.208709031	0.025891641	0.284190953	0.042050350	0.117567487	0.060086627	0.076574601	0.055821247
1773	2	2	0.098099217	0.070819668	0.217821062	0.096639603	0.155189902	0.049314372	0.109267242	0.079974890	0.063964069	0.058910068
1774	1	1	0.063802950	0.377244830	0.067795947	0.087562524	0.077502839	0.064850181	0.069930211	0.067466103	0.069583990	0.054260407
1775	5	5	0.074090376	0.095556192	0.058433399	0.048055813	0.076628231	0.242004812	0.062111307	0.171608821	0.099125959	0.072385095
1776	8	8	0.070069656	0.067008756	0.108172156	0.049867637	0.077704810	0.053795975	0.084300429	0.147778392	0.275124341	0.066177838
1777	8	8	0.053225666	0.097195379	0.073411308	0.105781220	0.069418550	0.048672173	0.098215207	0.075607754	0.268475652	0.109997116
1778	0	0	0.262621731	0.067495018	0.103367060	0.102251515	0.116275035	0.042865809	0.128262609	0.063247286	0.052763674	0.060850248
1779	1	1	0.087696701	0.282161862	0.063130163	0.119350612	0.114785105	0.046637274	0.101751007	0.074142471	0.059755854	0.050588947
1780	1	1	0.062556058	0.420501083	0.058029763	0.094777614	0.078632481	0.043637875	0.071286522	0.066805296	0.053275671	0.050497651
1781	0	6	0.232573777	0.049669672	0.069671050	0.089798547	0.103746429	0.024030712	0.266000181	0.049227279	0.057669945	0.057612408
1782	9	9	0.083604552	0.066179588	0.078355432	0.103339493	0.071233280	0.133258894	0.079401761	0.100031242	0.124159403	0.160436362
1783	5	7	0.051613193	0.072743364	0.052541427	0.040090762	0.057887774	0.111424126	0.049605850	0.437213302	0.077287450	0.049592830
1784	6	8	0.101589963	0.083320670	0.109165408	0.079230510	0.096488208	0.100847125	0.107301392	0.092822850	0.119280376	0.109953456
1785	6	2	0.119067729	0.071487859	0.195799515	0.107628942	0.137800321	0.045431457	0.134494439	0.067526117	0.065992765	0.054770846
1786	8	8	0.159971759	0.070989423	0.063420095	0.031090369	0.077098988	0.070393190	0.068783619	0.171466321	0.197083563	0.089702629
1787	1	1	0.074322276	0.378033847	0.060828436	0.097777151	0.092939429	0.041932218	0.081712253	0.067485437	0.058746159	0.046222910
1788	5	5	0.058063701	0.096794106	0.054926444	0.051652566	0.061481752	0.260938048	0.051038973	0.206737429	0.096708998	0.061657976
1789	8	7	0.064726844	0.086011209	0.094162256	0.046915270	0.068826079	0.085720636	0.065987639	0.272927135	0.156137392	0.058585547
1790	9	9	0.062350634	0.058261283	0.079147510	0.069830686	0.060283948	0.119601667	0.091371901	0.120514691	0.109301507	0.229336247
1791	8	8	0.186622888	0.063344799	0.058374748	0.062038466	0.077264808	0.086300470	0.087837741	0.063096248	0.196332529	0.118787371
1792	8	8	0.061365400	0.079978839	0.086349204	0.074863568	0.071132861	0.072384290	0.085758463	0.075208180	0.224556640	0.168402627
1793	6	2	0.098366700	0.096662797	0.132961750	0.043678857	0.100993395	0.119900145	0.111261196	0.097498111	0.123507641	0.075169429
1794	4	1	0.084448330	0.166505739	0.038892072	0.112096265	0.165129200	0.092334293	0.114464588	0.085371882	0.083276212	0.057481430
1795	8	9	0.166881993	0.062938288	0.059741136	0.057905853	0.077114984	0.071616732	0.103449754	0.061337214	0.166633964	0.172380105
1796	4	4	0.070265025	0.073398232	0.125276804	0.053713910	0.307838768	0.028391665	0.167954937	0.044644501	0.064282343	0.064233795
1797	8	8	0.111404106	0.071374208	0.065979421	0.041617077	0.063128531	0.077793315	0.060314212	0.197096333	0.253294647	0.057998136
1798	6	7	0.177519649	0.054045837	0.057529893	0.059657697	0.060206458	0.071936905	0.128270701	0.215459034	0.130002126	0.045371708
1799	3	3	0.088090949	0.156321928	0.063180812	0.282100707	0.094082586	0.056614004	0.072959088	0.063699342	0.069319993	0.053630531
1800	1	1	0.062309813	0.419623226	0.060088087	0.093885086	0.080280542	0.039011296	0.070250161	0.065974861	0.058247410	0.050329544
1801	7	7	0.050618544	0.097058855	0.069912165	0.047959354	0.053912073	0.096161336	0.050379582	0.388963670	0.085921593	0.059112776
1802	8	9	0.048206169	0.075558215	0.095433459	0.039357159	0.113061853	0.060704820	0.073863350	0.078087188	0.200393721	0.215334058
1803	2	4	0.083541140	0.073739052	0.137821004	0.100498348	0.277609020	0.027285174	0.125626013	0.073216081	0.052380711	0.048283465
1804	4	1	0.073372670	0.160801053	0.068435542	0.088286124	0.133934289	0.115757540	0.091465130	0.101170316	0.080922753	0.085854456
1805	2	6	0.127967909	0.093982972	0.128394455	0.081003062	0.084965177	0.061565287	0.155821353	0.095601089	0.083544396	0.087154306
1806	4	4	0.079706766	0.090346269	0.147506490	0.075421236	0.214973271	0.030202327	0.189402103	0.062565550	0.057058468	0.052817449
1807	5	5	0.076598182	0.063050956	0.072662294	0.052061975	0.083611511	0.213412926	0.068275064	0.177010834	0.108195335	0.085120909
1808	3	3	0.105504870	0.080994442	0.101216592	0.153800994	0.129923075	0.045195248	0.126333416	0.122023903	0.070898578	0.064108782
1809	3	3	0.086685948	0.136706561	0.044745430	0.141714051	0.094437487	0.087002456	0.104692437	0.132748008	0.081050940	0.090216748
1810	8	7	0.085441396	0.075106502	0.111625880	0.059116472	0.078658551	0.094081432	0.078981884	0.176985964	0.168137029	0.071864821
1811	3	3	0.097958684	0.122343801	0.077502757	0.275757521	0.118945420	0.037574455	0.090846628	0.058601432	0.068638533	0.051830787
1812	5	5	0.061426312	0.085737079	0.064861000	0.046847645	0.053239614	0.237061739	0.051965419	0.234868214	0.105256282	0.058736760
1813	4	4	0.090163611	0.088437364	0.076206848	0.108638972	0.185183913	0.046791762	0.163395822	0.108142696	0.070601106	0.062437955
1814	1	1	0.068090908	0.371986896	0.063151769	0.103413828	0.088680364	0.052577499	0.070056610	0.068882480	0.061838310	0.051321302
1815	5	5	0.065821543	0.063720703	0.062742665	0.053779796	0.078171030	0.177670196	0.095014051	0.107154727	0.118868165	0.177057043
1816	6	7	0.117233157	0.072639152	0.074446492	0.128844306	0.075998113	0.051819868	0.137849942	0.141459465	0.104914434	0.094795063
1817	2	6	0.120856255	0.090519398	0.136363223	0.091808014	0.128196299	0.056854393	0.149041384	0.094122879	0.076913767	0.055324368
1818	1	1	0.062071133	0.426376253	0.049392421	0.090412013	0.080898084	0.051175933	0.059125349	0.074678943	0.056835633	0.049034305
1819	8	9	0.087375239	0.062276423	0.096015528	0.066787787	0.098449126	0.076899447	0.109349146	0.083715290	0.151370436	0.167761564
1820	8	8	0.090573616	0.080809459	0.091353983	0.074462250	0.068164028	0.061679211	0.063461669	0.110756494	0.264750630	0.093988679
1821	8	8	0.075085320	0.076963320	0.088485323	0.068597220	0.121118061	0.083111100	0.107478335	0.075374648	0.204193518	0.099593014
1822	0	0	0.351007491	0.059606474	0.095130637	0.062901966	0.092259020	0.037449583	0.093501717	0.076270230	0.067685850	0.064186938
1823	6	4	0.073006086	0.059085682	0.186957821	0.056757558	0.207764953	0.051052764	0.130179152	0.075157255	0.072680146	0.087358616
1824	4	4	0.090413392	0.088469170	0.066216312	0.110575520	0.256417423	0.041613244	0.156336769	0.075009182	0.058451895	0.056497134
1825	5	5	0.087638840	0.064240351	0.086047567	0.088966765	0.075682111	0.160595730	0.067378961	0.115288131	0.120975435	0.133186072
1826	0	0	0.294881731	0.067131944	0.080497228	0.054517474	0.094680488	0.090407386	0.080287963	0.086427480	0.084739797	0.066428415
1827	6	6	0.088708580	0.086258493	0.104835406	0.103045411	0.132294074	0.035036799	0.279971361	0.063611150	0.056861620	0.049377039
1828	4	4	0.103058755	0.171869546	0.055995651	0.115916252	0.192161202	0.052156679	0.124394499	0.060180105	0.065212548	0.059054796
1829	6	0	0.170558885	0.072097115	0.066342376	0.090402275	0.096979752	0.071664520	0.108430281	0.102156334	0.116625927	0.104742564
1830	9	9	0.056555506	0.065977521	0.104446478	0.054701567	0.070591941	0.115400799	0.062449053	0.059088271	0.109924845	0.300864011
1831	6	0	0.351681650	0.065474637	0.106853023	0.065950744	0.109745301	0.026561467	0.095041446	0.068312839	0.056394603	0.053984288
1832	6	0	0.245650187	0.073169142	0.095184587	0.085578702	0.085648850	0.042644899	0.194904774	0.074957468	0.065187976	0.037073363
1833	0	0	0.321947098	0.060653467	0.071165152	0.047770139	0.064936571	0.091941804	0.081837863	0.110981375	0.096547432	0.052219056
1834	7	7	0.055376954	0.075376257	0.078050569	0.052857570	0.075281829	0.146450922	0.069264643	0.224000186	0.112418354	0.110922702
1835	5	5	0.061209314	0.073672406	0.089610055	0.075487219	0.090605721	0.223844126	0.067187943	0.094744503	0.081380844	0.142257854
1836	4	4	0.070573911	0.077723287	0.174631462	0.038312409	0.239984110	0.032573454	0.166988820	0.048361145	0.066518180	0.084333278
1837	4	4	0.069638096	0.075332753	0.107308455	0.084617727	0.381093711	0.028719313	0.090501614	0.074816257	0.047527533	0.040444553
1838	1	1	0.062892020	0.405502915	0.063128240	0.093710154	0.085713372	0.044624023	0.067373045	0.068113290	0.057911824	0.051031057
1839	3	4	0.089420982	0.169597685	0.044053178	0.140207052	0.174419940	0.052582107	0.119659752	0.090601832	0.062309150	0.057148352
1840	6	6	0.065167092	0.075211637	0.067067787	0.092402898	0.081284814	0.081312865	0.175856754	0.144140542	0.128365472	0.089190185
1841	7	7	0.077757731	0.059373695	0.071421333	0.053675588	0.085164219	0.121776775	0.095565289	0.226574600	0.108431950	0.100258812
1842	6	6	0.097255588	0.078202136	0.133503705	0.056217369	0.143523723	0.072091177	0.166518554	0.072033256	0.090468831	0.090185702
1843	9	9	0.056611095	0.072128288	0.064995401	0.066232681	0.077343836	0.089434758	0.068199396	0.089162387	0.104224004	0.311668158
1844	0	3	0.103295647	0.164299622	0.075570390	0.193136007	0.096900292	0.072971672	0.084107623	0.077775054	0.068620026	0.063323751
1845	9	9	0.073168740	0.059411079	0.098203167	0.055513941	0.087247856	0.106928512	0.084879138	0.064830579	0.113587551	0.256229460
1846	5	5	0.065370649	0.110446550	0.063755848	0.060118422	0.085239522	0.213878378	0.077198818	0.145849735	0.083382078	0.094760053
1847	3	1	0.114754602	0.197607398	0.058048442	0.179863125	0.139711410	0.051641610	0.098558463	0.060949191	0.053882334	0.044983368
1848	8	0	0.151568159	0.044816028	0.054896899	0.066527650	0.096666552	0.088189065	0.149073526	0.120028518	0.138336405	0.089897163
1849	8	8	0.145859361	0.070370436	0.065507680	0.044080533	0.081495315	0.061018378	0.075037301	0.186819240	0.204509392	0.065302454
1850	6	6	0.119501904	0.169006407	0.057669770	0.088891871	0.123451881	0.056563210	0.177645341	0.079855964	0.072945945	0.054467801
1851	4	4	0.090391964	0.083586842	0.140723884	0.109850764	0.262979627	0.033611797	0.096446894	0.086207248	0.054570120	0.041630842
1852	9	9	0.056373458	0.059785850	0.093506664	0.047730837	0.081594422	0.092149362	0.086498983	0.069553860	0.099541396	0.313265115
1853	1	1	0.100511618	0.250537008	0.052993033	0.117187209	0.122967534	0.053907581	0.117386147	0.075010143	0.061020028	0.048479654
1854	2	2	0.074387334	0.078134425	0.239757150	0.038563024	0.162452400	0.046726543	0.130113900	0.042914357	0.081160448	0.105790451
1855	2	0	0.173666403	0.062472340	0.069468439	0.059310887	0.093387529	0.084818676	0.120091058	0.108190209	0.110445336	0.118149191
1856	6	6	0.082396418	0.120040804	0.070909344	0.119257532	0.182915926	0.047410984	0.206192985	0.069929712	0.053768244	0.047177993
1857	1	1	0.069198452	0.420583963	0.064925894	0.088616319	0.081131473	0.046227202	0.069436841	0.062981449	0.052379437	0.044518929
1858	8	8	0.096953869	0.066543356	0.090727717	0.092294902	0.097431250	0.057943821	0.065571792	0.103542313	0.222984180	0.106006831
1859	4	1	0.073443219	0.209090129	0.040913317	0.107875034	0.118706040	0.088027321	0.114571288	0.107844152	0.073159739	0.066369869
1860	7	7	0.059058119	0.066374198	0.064858876	0.062161021	0.065031193	0.104319490	0.073204853	0.275242507	0.092088759	0.137660995
1861	9	9	0.048474062	0.055419184	0.079299390	0.064982817	0.061734505	0.083197638	0.073668852	0.070222542	0.097717874	0.365283102
1862	5	5	0.068982907	0.075068839	0.079780027	0.069097131	0.084247172	0.210143805	0.071967043	0.110889845	0.097959198	0.131864056
1863	0	1	0.093174726	0.197371319	0.057601362	0.143629164	0.079547599	0.090472609	0.088894114	0.094191462	0.081947416	0.073170289
1864	9	9	0.052508965	0.062828384	0.071096770	0.052933998	0.052379828	0.079750441	0.053852670	0.091510296	0.071318947	0.411819726
1865	5	7	0.056684949	0.048975132	0.071960114	0.050620634	0.098306157	0.197212085	0.063773490	0.243497625	0.094499677	0.074470095
1866	9	9	0.042809892	0.052577943	0.105028205	0.057941429	0.061933000	0.084641926	0.077300295	0.073709510	0.101393126	0.342664778
1867	7	7	0.050128415	0.066696309	0.060144003	0.034217976	0.054734617	0.105593868	0.051596303	0.438397020	0.083483852	0.055007614
1868	1	1	0.105989203	0.220707744	0.059559330	0.132231295	0.125196517	0.046974320	0.116544873	0.075297244	0.062870033	0.054629486
1869	6	2	0.074694090	0.093814783	0.150185719	0.063704699	0.110745065	0.097888581	0.084546819	0.065130778	0.132396653	0.126892880
1870	4	1	0.089570954	0.170004219	0.085508630	0.039818536	0.106035843	0.128218353	0.109823667	0.118663006	0.096747592	0.055609155
1871	8	8	0.141256377	0.060837504	0.094584249	0.054073706	0.077310912	0.074676752	0.078334801	0.127213776	0.199961036	0.091750868
1872	5	7	0.064026006	0.063030317	0.069422275	0.077255189	0.089386351	0.141435623	0.096229576	0.154020339	0.104325883	0.140868440
1873	5	5	0.053513467	0.079138227	0.058231730	0.093040794	0.081044458	0.259222060	0.071421966	0.092723630	0.089767955	0.121895745
1874	5	5	0.050639436	0.085383140	0.056093317	0.048324764	0.058982648	0.290958434	0.047632243	0.200851098	0.089482047	0.071652956
1875	1	1	0.060242917	0.457049221	0.053143952	0.089962266	0.078691326	0.033680718	0.066432066	0.063194044	0.054136280	0.043467160
1876	2	2	0.085237712	0.094003133	0.276357710	0.042160723	0.153320447	0.038672056	0.112896897	0.055202302	0.057066511	0.085082494
1877	6	6	0.085351668	0.087528013	0.120519929	0.077455603	0.146101728	0.034364112	0.281148314	0.058956809	0.056932840	0.051640972
1878	8	8	0.183821827	0.064757779	0.062152926	0.021956079	0.068849638	0.071158364	0.074066699	0.151383668	0.203970715	0.097882271
1879	3	3	0.091965310	0.087554537	0.092764914	0.215296045	0.140986860	0.032250050	0.129062980	0.093889266	0.058561135	0.057668984
1880	0	0	0.387118965	0.063119754	0.081889182	0.055813912	0.105592743	0.025063733	0.105811566	0.068943448	0.054945208	0.051701494
1881	7	7	0.050831594	0.079489060	0.072875723	0.049145482	0.055760410	0.117494851	0.049677409	0.372179210	0.094187319	0.058358990
1882	2	2	0.095021680	0.087962799	0.266261399	0.045089372	0.124739558	0.045441173	0.100337200	0.115379795	0.062871143	0.056895882
1883	6	0	0.263387233	0.051438920	0.066507921	0.105243109	0.115974948	0.031424433	0.149410889	0.097023651	0.055176131	0.064412773
1884	6	6	0.090938635	0.116780870	0.070447199	0.117446430	0.091186389	0.064454637	0.191013128	0.124474503	0.069879174	0.063379027
1885	6	4	0.067353465	0.081984870	0.115915045	0.054805752	0.208475351	0.035847180	0.170061395	0.090251692	0.097640470	0.077664666
1886	3	6	0.075369865	0.077616706	0.092882507	0.116073668	0.096319310	0.082550131	0.162462205	0.137931779	0.081821583	0.076972231
1887	6	6	0.079609126	0.115125433	0.111002676	0.085532419	0.094338536	0.045151379	0.264460117	0.072284520	0.072727315	0.059768487
1888	6	0	0.178364128	0.067498676	0.062362026	0.129296437	0.083200954	0.046659213	0.144599810	0.120622784	0.092672348	0.074723609
1889	9	9	0.063214332	0.052406717	0.113088720	0.052494381	0.077236466	0.120475657	0.056251038	0.079270914	0.162370309	0.223191500
1890	1	1	0.074255124	0.393997461	0.060858581	0.092767023	0.087525956	0.040498205	0.077324234	0.066884287	0.058427967	0.047461279
1891	5	5	0.060572747	0.056719873	0.061973710	0.062611453	0.073647819	0.264440566	0.084392026	0.122082531	0.099635564	0.113923706
1892	9	7	0.059432611	0.058733054	0.088656686	0.045904055	0.080104902	0.101065174	0.070369512	0.308146536	0.091041714	0.096545741
1893	9	9	0.069338500	0.061814103	0.087705918	0.052191485	0.072226472	0.133643016	0.071993060	0.087307744	0.141404688	0.222375005
1894	1	1	0.066785589	0.430172175	0.055787526	0.101174451	0.082967505	0.030075096	0.071424775	0.062528431	0.053128000	0.045956522
1895	5	5	0.057729989	0.107597642	0.055419169	0.088924535	0.075746879	0.254876703	0.055896055	0.142788097	0.074605353	0.086415589
1896	9	9	0.072572500	0.051771462	0.071456894	0.060591508	0.093520239	0.104313493	0.107070930	0.104770876	0.132115602	0.201816499
1897	9	9	0.066429041	0.057713158	0.110126443	0.052367564	0.078962535	0.135354996	0.064328603	0.085224062	0.142335832	0.207157761
1898	1	1	0.072656386	0.375490576	0.058905829	0.102584004	0.097449906	0.043651514	0.081118785	0.065520369	0.057004075	0.045618657
1899	6	4	0.056349546	0.080162361	0.151255131	0.049739275	0.217400029	0.054575343	0.135850444	0.040978398	0.094951198	0.118738227
1900	4	4	0.069917753	0.062648915	0.177031025	0.027908128	0.292392612	0.047746085	0.121882878	0.057915214	0.061093077	0.081464343
1901	1	1	0.062208075	0.425443202	0.058396492	0.092357755	0.080723941	0.045881111	0.061747324	0.072262280	0.051891040	0.049088821
1902	2	2	0.085260764	0.064162448	0.168106884	0.039121035	0.164699882	0.067050539	0.148398921	0.112783618	0.074737772	0.075678132
1903	8	3	0.085725479	0.121366262	0.062258296	0.196308017	0.078624293	0.064808995	0.075920962	0.090968527	0.144086495	0.079932749
1904	7	9	0.058635257	0.062244371	0.059495125	0.082563102	0.054891869	0.071220800	0.093205892	0.168256104	0.111224070	0.238263369
1905	5	5	0.101576127	0.074395448	0.099443257	0.071407810	0.085348114	0.159176052	0.081249200	0.092402309	0.114409462	0.120592229
1906	3	3	0.098993689	0.104945906	0.061308507	0.159589678	0.121121824	0.061519217	0.132599905	0.127515376	0.069402158	0.063003711
1907	1	1	0.059278578	0.475770861	0.055196065	0.084563799	0.075110234	0.037171263	0.056674678	0.058293398	0.051690407	0.046250727
1908	7	7	0.057335291	0.048090275	0.069372088	0.044517983	0.062628403	0.112037361	0.073373564	0.367254019	0.101418972	0.063972130
1909	7	9	0.058162495	0.074593641	0.091014795	0.104320452	0.093672842	0.137582287	0.072779477	0.121214144	0.096544757	0.150115117
1910	6	0	0.206066117	0.068190582	0.093221568	0.044354483	0.087439634	0.076039359	0.127134547	0.104507759	0.090317160	0.102728717
1911	8	8	0.067930207	0.064258508	0.093251295	0.058096383	0.090599358	0.056889541	0.073797800	0.070881404	0.275798321	0.148497239
1912	6	6	0.078867890	0.070301980	0.164115101	0.047746625	0.201147437	0.041044720	0.203788474	0.056480639	0.067463443	0.069043644
1913	4	4	0.063082606	0.075180575	0.168459684	0.037767731	0.321485490	0.025327999	0.137487516	0.045568984	0.063035719	0.062603615
1914	2	4	0.095995903	0.064093836	0.167311996	0.052546863	0.220086843	0.052842040	0.125694200	0.075157344	0.082598224	0.063672833
1915	7	7	0.045867737	0.060656365	0.065424241	0.041442621	0.050064724	0.081126891	0.051476192	0.448435575	0.094796345	0.060709286
1916	4	4	0.093987972	0.112231158	0.084664837	0.119781323	0.189483657	0.066914253	0.120597661	0.074988261	0.066585697	0.070765123
1917	6	0	0.295407981	0.106087089	0.052493367	0.066090658	0.080768116	0.073251665	0.140667066	0.063737407	0.073368900	0.048127752
1918	2	4	0.072538063	0.077928580	0.125208482	0.046160154	0.201093405	0.055819288	0.119164050	0.185470134	0.068599239	0.048018664
1919	1	1	0.062669277	0.450054795	0.061804004	0.086686790	0.081343830	0.041326135	0.063479885	0.059241503	0.046683878	0.046709895
1920	8	6	0.130764991	0.061738547	0.047929000	0.048495729	0.090031743	0.096208811	0.173011988	0.090407774	0.162168905	0.099242531
1921	1	1	0.065905720	0.450188965	0.054200687	0.098804243	0.085486189	0.026657626	0.069335580	0.056654152	0.050746642	0.042020272
1922	8	0	0.182835922	0.081869207	0.066848628	0.064709224	0.075488120	0.069011927	0.103153937	0.079989575	0.173989683	0.102103740
1923	2	4	0.066101529	0.061296415	0.235704526	0.029502334	0.241345674	0.037829392	0.139277190	0.057409819	0.069807008	0.061726090
1924	5	5	0.057372410	0.086820476	0.052405864	0.043257743	0.068663284	0.261037976	0.065821245	0.176654369	0.110907130	0.077059411
1925	6	6	0.087127142	0.080617085	0.121693715	0.050794806	0.169249326	0.039165150	0.216089740	0.049698487	0.089520708	0.096043862
1926	4	6	0.080384925	0.060145784	0.077011786	0.055888005	0.138394713	0.059354726	0.258147329	0.070282310	0.109276645	0.091113769
1927	2	4	0.069475621	0.072818875	0.194657087	0.041451890	0.218975961	0.036745399	0.175302610	0.057763997	0.070089661	0.062718809
1928	9	9	0.062939830	0.063283324	0.106065422	0.053189687	0.087636963	0.118572392	0.081627756	0.059228752	0.106348231	0.261107683
1929	4	4	0.099575356	0.097993605	0.075858139	0.112087600	0.200925738	0.034343727	0.183389679	0.064261287	0.064275265	0.067289516
1930	6	6	0.085518532	0.077789485	0.110932536	0.076884851	0.127597794	0.031252768	0.298123449	0.053523734	0.061405752	0.076971121
1931	0	1	0.087973438	0.168922290	0.065422148	0.116318956	0.073105805	0.128497154	0.090507112	0.092155412	0.100511618	0.076586045
1932	7	7	0.044248503	0.065042026	0.047820341	0.041689523	0.053857844	0.108050220	0.048341934	0.454525828	0.087138161	0.049285606
1933	0	6	0.118468925	0.076371275	0.099011287	0.072224401	0.180375025	0.053515751	0.196236685	0.095763654	0.062486898	0.045546085
1934	8	8	0.071259178	0.068084486	0.081737570	0.048299219	0.090924434	0.073921740	0.075601406	0.074292637	0.276963234	0.138916120
1935	6	6	0.086253695	0.116340466	0.145951003	0.074116006	0.072707556	0.085941002	0.159227550	0.085089453	0.086931489	0.087441817
1936	6	0	0.243851259	0.085666858	0.073955141	0.063460827	0.077248678	0.094604030	0.114234313	0.079467237	0.095949091	0.071562633
1937	9	9	0.056530878	0.060308710	0.108193211	0.056791916	0.081506632	0.099807560	0.062647805	0.079179078	0.089959174	0.305075079
1938	8	8	0.055504233	0.068157956	0.094992280	0.048073951	0.076055214	0.088029914	0.084095553	0.114645310	0.217277452	0.153168187
1939	3	0	0.286302716	0.083744653	0.075231582	0.083114557	0.146820500	0.032269448	0.121888995	0.062640831	0.059335105	0.048651628
1940	5	7	0.053542100	0.081471436	0.066845372	0.044295799	0.059497915	0.215638876	0.058446780	0.287117779	0.081366017	0.051777914
1941	1	1	0.067312703	0.375683278	0.064044610	0.094990261	0.086789839	0.056871016	0.065028317	0.077783659	0.055103548	0.056392740
1942	9	9	0.080193825	0.073368736	0.059679661	0.087648533	0.064018242	0.099314086	0.111860521	0.129246369	0.107438698	0.187231287
1943	0	6	0.111965984	0.074909940	0.139491871	0.100032777	0.149768382	0.041744448	0.153953657	0.125621766	0.056812432	0.045698728
1944	1	1	0.061115183	0.416352361	0.062961623	0.096341789	0.078415237	0.041258123	0.065850347	0.065913014	0.061132427	0.050659854
1945	5	5	0.075724050	0.068269581	0.059474688	0.042112321	0.074453481	0.244260445	0.061875533	0.177187189	0.120195091	0.076447576
1946	9	9	0.072246484	0.065022834	0.074622184	0.065007262	0.075820155	0.128223956	0.099276304	0.128687143	0.128305927	0.162787646
1947	8	8	0.070709653	0.061040856	0.077419639	0.049691208	0.082693271	0.085515052	0.072443724	0.069106467	0.290264845	0.141115278
1948	6	2	0.080161348	0.081988156	0.240763724	0.048244752	0.218228266	0.033179875	0.098081566	0.095783591	0.056424879	0.047143806
1949	5	5	0.058679469	0.065946683	0.063260309	0.066497013	0.108601190	0.261662066	0.058466729	0.149575248	0.088927694	0.078383565
1950	6	0	0.190597147	0.073972836	0.071732633	0.114386752	0.107548878	0.037348233	0.158473328	0.098599233	0.076311320	0.071029663
1951	4	4	0.093739718	0.085856207	0.082245678	0.119185954	0.216163293	0.034687690	0.189988941	0.058496084	0.062657475	0.056979012
1952	7	7	0.063634232	0.066355415	0.055946622	0.053332750	0.065075472	0.140777588	0.054973654	0.348967284	0.094898894	0.056038093
1953	4	4	0.086719610	0.085659035	0.127484426	0.087687463	0.167078182	0.109572493	0.107351817	0.075904466	0.080571778	0.071970798
1954	1	1	0.097057737	0.236654699	0.052335098	0.095135175	0.127129033	0.066420130	0.124347202	0.093547605	0.059543852	0.047829401
1955	9	9	0.037878178	0.046610694	0.083466463	0.061518203	0.054688096	0.090673499	0.064873300	0.081860930	0.087813869	0.390616775
1956	6	6	0.109109826	0.071550719	0.075984202	0.116957203	0.133334428	0.041861281	0.191028655	0.110283524	0.083142690	0.066747464
1957	0	0	0.270622432	0.070017107	0.082690090	0.073905095	0.119252339	0.057585008	0.116689287	0.077309012	0.062386222	0.069543451
1958	4	4	0.088187419	0.071661614	0.171218425	0.067682542	0.217486590	0.042103600	0.152912736	0.052445590	0.069641165	0.066660360
1959	0	0	0.389710099	0.049790885	0.079050362	0.051955275	0.120227933	0.031906966	0.094586678	0.084985122	0.059213750	0.038573068
1960	5	5	0.062098369	0.061998617	0.083109722	0.097513616	0.078540236	0.189967975	0.080407172	0.102389187	0.096002780	0.147972345
1961	8	7	0.063360423	0.102152124	0.088864997	0.043383665	0.105917446	0.071659274	0.073001213	0.219065920	0.159999341	0.072595611
1962	0	0	0.398403674	0.061546884	0.078746587	0.056111839	0.092866227	0.030028056	0.102193601	0.076131813	0.053873859	0.050097413
1963	2	2	0.098732993	0.092664033	0.183700457	0.043113131	0.103196271	0.090696335	0.109678604	0.128739730	0.087224051	0.062254354
1964	6	6	0.083632290	0.079775564	0.107755721	0.095030412	0.125416800	0.078815371	0.139785200	0.078039192	0.130635843	0.081113629
1965	2	2	0.102814287	0.074965104	0.269541740	0.082510583	0.152390122	0.030060085	0.106895253	0.083328545	0.047778554	0.049715698
1966	0	0	0.357310563	0.053530939	0.086996198	0.044827301	0.124541074	0.040065579	0.115828849	0.065118819	0.062113740	0.049666930
1967	6	6	0.095210269	0.096445501	0.127920300	0.086108364	0.173868939	0.054267615	0.175079986	0.076399386	0.066267252	0.048432343
1968	3	1	0.067152247	0.310361803	0.053117618	0.122842409	0.063165963	0.077724248	0.061287671	0.080541767	0.087933399	0.075872898
1969	6	0	0.342039019	0.056160182	0.085225441	0.088581093	0.125733972	0.023199746	0.111396119	0.053029343	0.063083716	0.051551472
1970	8	8	0.065169305	0.087274544	0.090206034	0.057338689	0.080105923	0.063298002	0.070139483	0.081810974	0.270948857	0.133708224
1971	7	9	0.061947495	0.071898192	0.072561026	0.074349836	0.055993054	0.082309142	0.061697252	0.143935010	0.087027363	0.288281620
1972	9	7	0.051805086	0.052943524	0.063308530	0.053392842	0.064692967	0.106683195	0.083465636	0.314984798	0.106109865	0.102613576
1973	1	1	0.090376586	0.323068261	0.066896237	0.102404632	0.118310764	0.045756385	0.101782762	0.059128519	0.047382321	0.044893522
1974	8	8	0.073344588	0.057470229	0.075354859	0.062694073	0.116095558	0.102200985	0.109142140	0.062170547	0.205403164	0.136123836
1975	7	7	0.055695400	0.073685437	0.068516426	0.042513836	0.051386978	0.094124630	0.052365035	0.412831932	0.088717729	0.060162734
1976	3	1	0.069095992	0.256072283	0.043994751	0.216192171	0.069518715	0.074741982	0.063571855	0.070947334	0.070896648	0.064968310
1977	6	4	0.084611833	0.064673886	0.146435440	0.047802545	0.213510603	0.039262995	0.200089544	0.050254572	0.080894090	0.072464533
1978	8	7	0.065872066	0.077766016	0.089306273	0.080413178	0.068837032	0.128018424	0.065043740	0.189870030	0.121562093	0.113311268
1979	9	9	0.055450369	0.064827830	0.084407687	0.089797094	0.057175979	0.086075485	0.064301565	0.105361089	0.114632562	0.277970314
1980	4	6	0.089899994	0.103356853	0.121381357	0.072377995	0.120391399	0.074466169	0.152514994	0.087488569	0.091944344	0.086178407
1981	7	7	0.049968556	0.098255038	0.061703864	0.058348142	0.060311772	0.180286288	0.047024500	0.299012035	0.087520652	0.057569098
1982	3	6	0.087670676	0.088675529	0.097295925	0.126386464	0.109046310	0.061674662	0.182660505	0.115263797	0.065219052	0.066107072
1983	3	3	0.086066268	0.202975631	0.060142465	0.213954404	0.076376058	0.069098651	0.071645029	0.070178553	0.076741904	0.072820984
1984	7	7	0.060842026	0.063435823	0.064419553	0.036158357	0.059965238	0.132042050	0.053157538	0.368482113	0.106447853	0.055049419
1985	3	1	0.083245143	0.236306891	0.053746715	0.193344295	0.096206881	0.066138968	0.076617680	0.068834886	0.061192069	0.064366490
1986	3	3	0.103354543	0.092361912	0.095126018	0.152720913	0.152151912	0.044118095	0.146266937	0.078991070	0.068929791	0.065978825
1987	1	1	0.055110276	0.468337953	0.060466692	0.083692968	0.082112610	0.039096788	0.058747288	0.059543099	0.047711164	0.045181211
1988	6	4	0.082304239	0.072646014	0.141256839	0.061052814	0.159702674	0.065359630	0.134681389	0.093485035	0.096148357	0.093363017
1989	8	8	0.077261105	0.073986821	0.068115391	0.054379333	0.064567909	0.058782183	0.072533101	0.089685135	0.347614855	0.093074128
1990	5	7	0.063701160	0.079285763	0.057923134	0.045842342	0.062075853	0.239387527	0.047385756	0.252151161	0.096863180	0.055384118
1991	3	1	0.084174693	0.234153464	0.058114864	0.172199383	0.102885887	0.059315361	0.071512751	0.085940801	0.066940874	0.064761855
1992	2	2	0.098229013	0.075826630	0.212697923	0.068852223	0.151190236	0.037146464	0.169599369	0.075353250	0.058959097	0.052145842
1993	5	7	0.063990980	0.052567206	0.064632803	0.038181920	0.064019904	0.178746045	0.070592232	0.293542057	0.115065031	0.058661845
1994	3	4	0.093944550	0.112431996	0.065899223	0.129398718	0.221938878	0.043754194	0.146104887	0.064976573	0.065868437	0.055682655
1995	3	1	0.065304913	0.241817340	0.042051181	0.219596982	0.071437918	0.068432242	0.071723022	0.067360424	0.084414177	0.067861825
1996	6	4	0.066186659	0.078735985	0.092146374	0.057128053	0.177855968	0.041945096	0.144410253	0.065460637	0.143420726	0.132710204
1997	7	7	0.048080631	0.058757316	0.053523310	0.036590770	0.052635044	0.111755818	0.050260525	0.453299135	0.082625344	0.052472144
1998	7	9	0.073274419	0.082119964	0.070035465	0.082296364	0.104132093	0.135790929	0.080396786	0.116075799	0.107864983	0.148013234
1999	3	1	0.091920249	0.212072968	0.061334670	0.159789518	0.096063286	0.078910083	0.074650280	0.083945401	0.071124017	0.070189424
