index	true	predicted	p0	p1	p2	p3	p4	p5	p6	p7	p8	p9
0	6	0	0.342024386	0.060597539	0.081864581	0.068526506	0.104357421	0.020021066	0.146735892	0.070122287	0.073486283	0.032263972
1	6	6	0.107305184	0.084317476	0.075624570	0.076811768	0.090064533	0.076251529	0.172468945	0.098760091	0.111843586	0.106552333
2	6	6	0.105078965	0.084763259	0.136378989	0.048391312	0.144177675	0.039484438	0.239061400	0.055438742	0.072244227	0.074981004
3	9	9	0.075111277	0.060102031	0.085319497	0.049722642	0.117895268	0.123365849	0.087199330	0.059082720	0.159669250	0.182532102
4	0	0	0.303923965	0.055102170	0.082719490	0.033437520	0.058411162	0.103640363	0.071129300	0.155431703	0.096833043	0.039371341
5	7	7	0.051885821	0.107843794	0.052990694	0.050750863	0.054980069	0.145091906	0.048206743	0.355093300	0.081130184	0.052026648
6	4	4	0.051069673	0.076360419	0.151166961	0.025541518	0.356408149	0.030802144	0.153158188	0.036565989	0.054356880	0.064570114
7	4	4	0.079212837	0.060515381	0.189606145	0.044059802	0.259132773	0.036853291	0.149139792	0.050131202	0.065920435	0.065428324
8	0	0	0.421094745	0.059163608	0.075221255	0.049936716	0.085857153	0.024939943	0.090692513	0.072383821	0.072995044	0.047715314
9	0	0	0.390962541	0.052745007	0.077404916	0.046255436	0.126442060	0.026673917	0.111787587	0.066828318	0.054611534	0.046288673
10	0	0	0.330263734	0.058664043	0.103099421	0.061331723	0.067249082	0.046746738	0.106730096	0.090104446	0.077096015	0.058714639
11	3	3	0.112442844	0.108914636	0.071360640	0.274591804	0.136984184	0.026002081	0.100329533	0.052022304	0.069414668	0.047937263
12	5	7	0.066980600	0.093307644	0.067583717	0.046942204	0.054598004	0.219011530	0.059089337	0.222695634	0.113924697	0.055866629
13	3	1	0.074008793	0.254108489	0.043905623	0.136721566	0.085316889	0.075754546	0.082915172	0.072203219	0.095392637	0.079673037
14	5	7	0.058607757	0.089564823	0.061309114	0.048719306	0.057328682	0.203423217	0.046657130	0.262912184	0.097325623	0.074152172
15	6	6	0.085146450	0.076305352	0.096683860	0.110835657	0.166639656	0.048836183	0.175468683	0.111686505	0.066022493	0.062375229
16	9	9	0.056598421	0.059702527	0.102302112	0.053041019	0.091710709	0.083938271	0.076886289	0.071439832	0.120284624	0.284096211
17	5	7	0.051670168	0.076305941	0.065849721	0.043445777	0.050288040	0.230818465	0.044649955	0.275699288	0.101536117	0.059736576
18	9	9	0.063073471	0.072732456	0.071998760	0.074943960	0.073680609	0.103325263	0.063983455	0.104026802	0.108915702	0.263319522
19	0	0	0.264955163	0.044923589	0.102503769	0.033236850	0.113857158	0.059658170	0.124086045	0.123121172	0.095583521	0.038074512
20	2	2	0.074110761	0.098105952	0.282564610	0.039598223	0.139446676	0.039674118	0.121123925	0.057261612	0.060324874	0.087789275
21	1	1	0.061432570	0.388241738	0.066354260	0.090695687	0.079936624	0.057207998	0.066585779	0.065532684	0.070493788	0.053518850
22	0	0	0.367554814	0.055513494	0.096108332	0.060794830	0.101849087	0.019204747	0.102425806	0.087529324	0.057034492	0.051984973
23	2	2	0.094230652	0.062666237	0.232812926	0.047386497	0.119880401	0.052412402	0.155254841	0.107553445	0.074221306	0.053581253
24	1	1	0.056829561	0.424154639	0.061588667	0.090025917	0.082569145	0.056004856	0.068859443	0.063334219	0.052435167	0.044198357
25	9	9	0.050106689	0.068416178	0.068220966	0.066989891	0.073017620	0.084731825	0.057831023	0.094571754	0.115832403	0.320281655
26	0	0	0.357106388	0.058897670	0.079290971	0.063713573	0.096482262	0.043810621	0.085363902	0.084190391	0.080503218	0.050640978
27	9	9	0.049272064	0.050832476	0.061810840	0.058828253	0.062013917	0.082411908	0.060963944	0.116556153	0.084111623	0.373198837
28	9	9	0.048429631	0.054471284	0.073546037	0.096677527	0.053844143	0.135648593	0.058878649	0.104484729	0.114294961	0.259724408
29	0	0	0.311054677	0.055013023	0.103073776	0.058156211	0.138529271	0.030187707	0.122747861	0.079672597	0.059641309	0.041923605
30	2	4	0.078264460	0.143430501	0.084325507	0.119219825	0.265386909	0.028977606	0.103318647	0.080357410	0.048201907	0.048517291
31	4	4	0.070076413	0.116986699	0.071718901	0.130909503	0.255656093	0.034697555	0.104195207	0.097156778	0.062877148	0.055725697
32	6	2	0.079383947	0.083010830	0.212018162	0.046909742	0.193593025	0.044481184	0.153676137	0.046037760	0.062466554	0.078422748
33	9	9	0.066112429	0.055321150	0.093366660	0.051489968	0.103445753	0.105069287	0.077637456	0.082775503	0.102494568	0.262287229
34	8	8	0.092153579	0.068039417	0.078363664	0.040993687	0.079455480	0.077876680	0.092469826	0.076963216	0.256093115	0.137591332
35	6	0	0.167781994	0.074107349	0.059458725	0.079111248	0.059062265	0.058277264	0.167513490	0.135536030	0.111736499	0.087415107
36	3	3	0.093267605	0.123528473	0.072119951	0.270497471	0.089162245	0.061739210	0.081892848	0.073728159	0.070304051	0.063760057
37	2	4	0.086241663	0.091521583	0.158059746	0.058648624	0.175056949	0.067680039	0.094846174	0.119992174	0.081525840	0.066427067
38	4	4	0.073552251	0.062528923	0.111956917	0.040247355	0.227124646	0.056507878	0.173729911	0.090108350	0.077984452	0.086259387
39	4	4	0.079876713	0.060220893	0.121963866	0.054112837	0.316023082	0.041883059	0.159021571	0.054386269	0.073046401	0.039465401
40	3	3	0.090679795	0.189483494	0.054938976	0.223879933	0.097553529	0.063630857	0.073303789	0.069763787	0.070517287	0.066248544
41	5	9	0.061233066	0.073603980	0.085058250	0.111404613	0.062383384	0.144685373	0.071337037	0.110688753	0.115964286	0.163641229
42	6	6	0.177753732	0.074286170	0.073780708	0.060135785	0.083862789	0.059267007	0.207000047	0.085284747	0.085319065	0.093309954
43	4	9	0.092734680	0.081166975	0.108246349	0.049685523	0.125098959	0.079350866	0.134154975	0.068304695	0.118664399	0.142592579
44	7	7	0.056890458	0.058648277	0.078872301	0.046164785	0.069881365	0.101747379	0.061504152	0.276543885	0.114093423	0.135653928
45	2	0	0.156304032	0.065611281	0.086700357	0.052557144	0.085917324	0.104314364	0.112046152	0.114589125	0.092203498	0.129756764
46	3	3	0.088047974	0.084274523	0.079374969	0.315647751	0.125262812	0.037434049	0.085844748	0.058579266	0.074374832	0.051159043
47	4	4	0.077636935	0.061228529	0.145994902	0.025231931	0.285553217	0.057831030	0.124315470	0.053926051	0.084829599	0.083452448
48	9	9	0.062936082	0.060362760	0.077685699	0.105005234	0.065236680	0.090561032	0.098752752	0.120368071	0.111234561	0.207857162
49	2	6	0.171900541	0.074539475	0.110564567	0.086363465	0.122642390	0.032900136	0.183339760	0.096522287	0.056604534	0.064622931
50	9	9	0.059803259	0.053282488	0.109078072	0.053026922	0.083133139	0.126851618	0.063135326	0.099053539	0.111261807	0.241373807
51	2	2	0.068817988	0.083913341	0.292715520	0.029181885	0.177509472	0.028173231	0.134880707	0.066426113	0.069300875	0.049080901
52	4	4	0.076941222	0.075720027	0.162375882	0.054493818	0.220536396	0.059120283	0.130806834	0.053731240	0.073884323	0.092389949
53	0	0	0.287208557	0.071532838	0.067868195	0.054506883	0.067858204	0.069694944	0.084458269	0.151387632	0.096413828	0.049070641
54	1	1	0.072334468	0.376762033	0.068529129	0.102525704	0.103170350	0.041163918	0.079351641	0.065034345	0.047697157	0.043431327
55	2	2	0.109347373	0.078534938	0.269057930	0.070553429	0.099844381	0.035799593	0.143389151	0.093047179	0.055342272	0.045083784
56	5	7	0.050843563	0.083747685	0.075268999	0.047295000	0.072777301	0.144235373	0.054796502	0.305745810	0.097471654	0.067818061
57	6	2	0.066710286	0.075003147	0.251924515	0.041143496	0.200444832	0.032123685	0.172269285	0.057083007	0.050814789	0.052482937
58	4	4	0.065230481	0.079009824	0.161565050	0.029699709	0.275941610	0.049067434	0.119476199	0.094872348	0.066260718	0.058876663
59	5	5	0.067063734	0.073832244	0.073700055	0.093477406	0.073680155	0.182077885	0.080497012	0.096446238	0.111844353	0.147380874
60	1	6	0.096674889	0.117010482	0.086455315	0.123856246	0.129780248	0.037581686	0.196823806	0.091898456	0.058137801	0.061781045
61	4	2	0.067566231	0.076757334	0.249064207	0.043015130	0.215487882	0.031486541	0.140264109	0.044916071	0.062288966	0.069153480
62	5	7	0.048137892	0.088206179	0.051514059	0.039325189	0.056100246	0.236932918	0.044150542	0.283294052	0.090466484	0.061872423
63	9	9	0.070792958	0.048043936	0.075269602	0.061763063	0.097262569	0.094782017	0.080428548	0.116712160	0.146004930	0.208940282
64	7	9	0.060810756	0.068298034	0.075012006	0.069884449	0.099594370	0.098570332	0.063310102	0.150460750	0.089835048	0.224224120
65	0	0	0.336915076	0.062020946	0.080782808	0.084935337	0.084695742	0.028985260	0.134790868	0.066217802	0.061094448	0.059561782
66	9	9	0.062947251	0.052165411	0.100810714	0.038359717	0.095046155	0.090298183	0.067666531	0.070456274	0.095786966	0.326462775
67	6	4	0.058968127	0.081222020	0.138969183	0.041709214	0.318688929	0.018772975	0.167739883	0.040146142	0.069974169	0.063809447
68	9	9	0.053550027	0.061244253	0.104396269	0.051688556	0.064124994	0.075935304	0.055253390	0.068409123	0.093204297	0.372193724
69	3	3	0.101937816	0.132766977	0.074116133	0.215156913	0.120724015	0.045319665	0.102290876	0.069461763	0.081329860	0.056895867
70	7	9	0.058593445	0.061651941	0.091176011	0.080822788	0.090834543	0.129244536	0.075593010	0.137061119	0.093562938	0.181459695
71	7	7	0.053037435	0.056068726	0.055243645	0.038239744	0.053272765	0.075605161	0.048429716	0.471597910	0.090039819	0.058465067
72	2	2	0.087756597	0.086048737	0.196044102	0.137229472	0.081983797	0.071554281	0.107885256	0.083372012	0.072556637	0.075569145
73	1	1	0.074351400	0.421152294	0.062368739	0.100274228	0.101472624	0.030006152	0.072554260	0.054221448	0.044407457	0.039191481
74	9	9	0.055002566	0.067336127	0.074926294	0.063781664	0.058778793	0.108561046	0.067031123	0.102693334	0.091486596	0.310402453
75	5	7	0.059329227	0.097825319	0.056565560	0.053175222	0.056514893	0.224710643	0.054422006	0.241006747	0.105984583	0.050465766
76	2	2	0.090245947	0.089287974	0.198745519	0.047155354	0.078564778	0.080336779	0.095739394	0.166849017	0.086008817	0.067066438
77	8	8	0.079927854	0.065323785	0.074170940	0.086457253	0.073647030	0.075910956	0.082567133	0.076708525	0.283282161	0.102004461
78	5	5	0.049522828	0.074529476	0.087724864	0.085480519	0.133412063	0.184495002	0.083076090	0.106282137	0.073520929	0.121956140
79	6	6	0.074650623	0.122021899	0.088263899	0.135476992	0.078217760	0.079407834	0.146020710	0.076558068	0.103403591	0.095978633
80	8	8	0.112885967	0.064531751	0.088405721	0.072308160	0.084470384	0.073426172	0.126062885	0.086713217	0.161588937	0.129606843
81	9	9	0.081995264	0.061197225	0.060374934	0.095355392	0.083912142	0.091501370	0.077711098	0.115149587	0.155704781	0.177098170
82	1	1	0.062493075	0.428623289	0.052576169	0.108676657	0.083974503	0.041689727	0.066646867	0.056972314	0.052526128	0.045821257
83	5	5	0.066828161	0.083970435	0.064087681	0.072497219	0.141175508	0.177451685	0.103245489	0.079020143	0.094732657	0.116990991
84	1	1	0.059749786	0.466009855	0.053092349	0.094157539	0.077971436	0.035101999	0.067544706	0.056665681	0.047888543	0.041818105
85	3	3	0.096127599	0.180705309	0.057741787	0.225376338	0.130960301	0.053490631	0.075213701	0.059599627	0.063625567	0.057159144
86	4	2	0.077884197	0.117960215	0.126496151	0.079576597	0.115060985	0.100079373	0.119957663	0.079776369	0.094620980	0.088587441
87	2	2	0.079285011	0.102247834	0.254944474	0.074735105	0.130694747	0.036217317	0.159569100	0.059056502	0.050701190	0.052548736
88	7	7	0.043406270	0.099362455	0.060024951	0.048477136	0.048955504	0.164880842	0.045880329	0.342709631	0.087835349	0.058467560
89	1	1	0.080669686	0.355173975	0.062571980	0.089388676	0.117184356	0.045697272	0.079770647	0.060171250	0.054087058	0.055285085
90	2	6	0.093004897	0.120097429	0.076531053	0.121567324	0.119360648	0.043748811	0.200128287	0.082446955	0.084020615	0.059094004
91	1	1	0.057863269	0.477481842	0.060029659	0.088087149	0.079214953	0.025807222	0.065130934	0.050183814	0.053341113	0.042860206
92	9	9	0.065787569	0.059307668	0.098829567	0.056163847	0.080072686	0.122489698	0.070946358	0.094036363	0.127402529	0.224963635
93	3	3	0.080717906	0.084061459	0.082905784	0.190228418	0.147237867	0.036658343	0.182780728	0.093735166	0.052437350	0.049236882
94	5	5	0.059788164	0.093153030	0.056454010	0.111648217	0.091330193	0.161910757	0.074765526	0.145720467	0.094790384	0.110439271
95	7	7	0.050661802	0.085139014	0.067947350	0.042262219	0.053564027	0.106529631	0.042340301	0.409381837	0.083514117	0.058659695
96	5	5	0.062547386	0.071759537	0.081845306	0.077663049	0.106841743	0.205173835	0.090135537	0.093902424	0.095596232	0.114534974
97	7	7	0.051448725	0.060893867	0.055588819	0.034330502	0.060879305	0.117748186	0.054161593	0.434768587	0.080188170	0.049992286
98	1	1	0.082249463	0.304572463	0.051896792	0.100189790	0.101277426	0.063557707	0.098095760	0.079658881	0.066821411	0.051680315
99	7	9	0.069022372	0.063087985	0.076078355	0.073773742	0.099413395	0.096280806	0.069339342	0.122115314	0.082356073	0.248532549
100	7	7	0.048591278	0.083078198	0.072431915	0.070962116	0.066875577	0.113094933	0.065005042	0.242469683	0.083319850	0.154171348
101	0	6	0.116172120	0.063398190	0.141505152	0.066464290	0.123080291	0.039046466	0.231359661	0.066902593	0.062109664	0.089961492
102	5	9	0.065637968	0.062993005	0.079936571	0.080554828	0.078841597	0.158913165	0.060515478	0.123696521	0.125838026	0.163072824
103	3	3	0.144257098	0.119330212	0.058172412	0.155092940	0.128061146	0.052720886	0.130780771	0.073668621	0.076489732	0.061426181
104	1	1	0.056361899	0.483862549	0.054901838	0.087146357	0.073737204	0.028603805	0.071917355	0.050254628	0.052852400	0.040362015
105	9	9	0.063934043	0.070295699	0.076035686	0.076316513	0.064785227	0.121304289	0.063026257	0.109212160	0.099311389	0.255778730
106	4	4	0.082171239	0.092665523	0.139018223	0.060178548	0.146390632	0.081290700	0.118491501	0.084356606	0.102777816	0.092659168
107	1	1	0.098338068	0.180132225	0.064290285	0.106569864	0.130703241	0.052181058	0.156124547	0.101658225	0.055628188	0.054374281
108	9	9	0.035214685	0.045933843	0.094829932	0.040286962	0.069070004	0.085532293	0.053212993	0.066902161	0.094527647	0.414489448
109	6	4	0.068758309	0.074978247	0.133079678	0.041745689	0.291889101	0.032557178	0.154876247	0.042228967	0.078388542	0.081497975
110	6	0	0.299863875	0.092173748	0.077065282	0.108605728	0.077494808	0.047001529	0.115353696	0.063732080	0.057989024	0.060720183
111	5	5	0.060212579	0.060785208	0.052709881	0.073804215	0.061988950	0.262553483	0.074684165	0.106968798	0.095173344	0.151119366
112	0	0	0.165132567	0.146080509	0.054070808	0.124383681	0.067687660	0.106591329	0.105939500	0.071511000	0.080049664	0.078553393
113	5	5	0.085170455	0.082104586	0.105598807	0.075733304	0.095185407	0.157005906	0.086955264	0.101914503	0.095162451	0.115169279
114	9	9	0.060127977	0.048512328	0.080407783	0.051369198	0.073766045	0.114803903	0.062746033	0.082359500	0.085629396	0.340277791
115	5	7	0.076416098	0.058788322	0.063051306	0.067416660	0.091447517	0.122693934	0.090096518	0.157592908	0.136922777	0.135573953
116	9	9	0.068049021	0.059430394	0.082108587	0.072663255	0.088069923	0.088237308	0.074724279	0.109646983	0.099834122	0.257236063
117	7	7	0.052372482	0.058832690	0.073769502	0.065296665	0.059815168	0.089963831	0.080674537	0.267693371	0.106874593	0.144707114
118	5	5	0.078661837	0.088867143	0.064223930	0.076122209	0.096209772	0.164144963	0.083245710	0.120178007	0.085151307	0.143195108
119	3	3	0.088738628	0.136953250	0.061321709	0.281491250	0.096228361	0.057560507	0.074400313	0.077946499	0.068886608	0.056472883
120	8	4	0.068779752	0.070520647	0.107397325	0.044772379	0.180442378	0.073889934	0.120324284	0.056841429	0.125225365	0.151806504
121	5	5	0.062715143	0.101690903	0.064653978	0.058358584	0.110852614	0.177089587	0.073819079	0.167915329	0.091374584	0.091530181
122	4	4	0.073659055	0.067918859	0.140711352	0.067975111	0.266824692	0.044793904	0.164730638	0.047608498	0.066649221	0.059128720
123	6	0	0.352866650	0.054940660	0.082631402	0.063194767	0.099855058	0.025210463	0.152591527	0.061313629	0.057303596	0.050092138
124	3	0	0.158030108	0.144093603	0.058786448	0.136619166	0.122717917	0.067696095	0.125213012	0.066631541	0.061543826	0.058668237
125	2	2	0.096918471	0.098283306	0.257329941	0.034326173	0.137944698	0.048034705	0.118710630	0.065702304	0.076760449	0.065989316
126	2	2	0.079280719	0.104122013	0.147742242	0.092901036	0.133084089	0.084635377	0.090488940	0.089974411	0.089762755	0.088008434
127	3	1	0.096219428	0.200521678	0.056794796	0.148135334	0.130567163	0.064107068	0.087673739	0.085685529	0.066450015	0.063845359
128	7	7	0.059420820	0.083980411	0.059639651	0.049632970	0.060143549	0.144528046	0.049673088	0.334608525	0.099971905	0.058401063
129	9	9	0.048662610	0.064721107	0.071777530	0.077542849	0.061518673	0.107995294	0.046893921	0.137177646	0.077892765	0.305817604
130	1	1	0.072510168	0.292011976	0.068344310	0.076031081	0.109968536	0.091754481	0.089018360	0.069528237	0.068898670	0.061934240
131	0	0	0.365552813	0.060467593	0.108131424	0.048678290	0.085053310	0.029689148	0.097049668	0.099677771	0.068069808	0.037630226
132	8	8	0.067495167	0.093095697	0.098624341	0.059567820	0.079878204	0.057152566	0.088623278	0.108857386	0.238194466	0.108511038
133	5	5	0.066690989	0.070144124	0.046426263	0.045590181	0.077152789	0.313406646	0.058751259	0.145316228	0.097656272	0.078865238
134	8	8	0.060814295	0.093120947	0.069829829	0.105597742	0.073401362	0.046078697	0.097294502	0.078597493	0.275588661	0.099676497
135	1	1	0.062868476	0.436838001	0.059893724	0.090047278	0.077876210	0.035079107	0.068341926	0.058933001	0.061346639	0.048775680
136	7	7	0.071761072	0.071509741	0.079689801	0.051906496	0.055789471	0.159454599	0.089956455	0.228686109	0.124814570	0.066431761
137	5	5	0.070450567	0.074078873	0.062833950	0.056287225	0.087394491	0.218279347	0.073850885	0.161762863	0.100253619	0.094808139
138	5	5	0.058237787	0.064360775	0.083439805	0.083260261	0.077798918	0.193977058	0.063101046	0.112520836	0.105738834	0.157564700
139	7	7	0.063979246	0.078436263	0.090847954	0.064223506	0.078065738	0.124899484	0.074684210	0.220262930	0.096249171	0.108351566
140	6	6	0.072208367	0.063629784	0.094603024	0.072022766	0.153730497	0.061844919	0.176520661	0.097056404	0.080409169	0.127974451
141	1	1	0.068455078	0.364807427	0.064504042	0.094972081	0.098971337	0.059474260	0.070384048	0.070790060	0.054232121	0.053409535
142	8	8	0.060804222	0.096377760	0.094706275	0.066179216	0.074987791	0.066268802	0.108686231	0.090866856	0.220252469	0.120870382
143	7	7	0.053249516	0.101601139	0.054666493	0.044386234	0.056962308	0.126463547	0.044633303	0.384731919	0.079688974	0.053616624
144	0	0	0.343229145	0.053683821	0.100367308	0.072630040	0.124235950	0.025541401	0.091903858	0.056765828	0.063845240	0.067797400
145	1	1	0.101213507	0.205336958	0.065595791	0.116277754	0.121065564	0.044513412	0.154231295	0.079204351	0.062737018	0.049824346
146	9	9	0.077689491	0.065601043	0.077524632	0.071686365	0.081264637	0.084822081	0.076043092	0.106263965	0.166437462	0.192667216
147	2	4	0.076474942	0.100936212	0.144488081	0.071362376	0.239070356	0.046935402	0.117297471	0.079347804	0.062599272	0.061487988
148	8	8	0.067677677	0.056228854	0.064038113	0.052964222	0.070744663	0.072983980	0.065834448	0.076132573	0.347363681	0.126031771
149	1	1	0.070348315	0.328397483	0.062203098	0.116109669	0.093072355	0.061317172	0.065507330	0.070820041	0.079815641	0.052408978
150	8	8	0.061261538	0.075522214	0.115581393	0.058788542	0.090986028	0.074044809	0.090959102	0.092614166	0.198989868	0.141252339
151	3	1	0.071367227	0.221128717	0.051616523	0.216021135	0.087633654	0.064835154	0.074151181	0.064591609	0.081506975	0.067147791
152	7	7	0.042156827	0.043779377	0.059414793	0.041573819	0.062827803	0.080163769	0.064309545	0.438728362	0.088381350	0.078664355
153	4	4	0.085629247	0.083468013	0.141881630	0.059982449	0.276352733	0.052480184	0.113711528	0.090772919	0.058318470	0.037402824
154	9	9	0.047977291	0.058311790	0.061171174	0.068566948	0.052448448	0.090732954	0.052575901	0.096241713	0.091903165	0.380070597
155	7	7	0.055887640	0.077013448	0.065147482	0.044316117	0.053924125	0.160326138	0.047961801	0.338605642	0.101895191	0.054922488
156	0	0	0.308254987	0.055273689	0.074580021	0.087487623	0.101921022	0.025366450	0.173202008	0.067122795	0.053937726	0.052853715
157	0	0	0.321314424	0.097746454	0.050351504	0.075798638	0.084118336	0.066237129	0.093553536	0.071037017	0.081176490	0.058666497
158	0	4	0.112242430	0.081618793	0.095778331	0.116589367	0.140447289	0.083934836	0.108337536	0.104334533	0.083407849	0.073309019
159	2	2	0.075187251	0.082926109	0.270525187	0.039579909	0.155580729	0.036729295	0.122932211	0.066946357	0.086072415	0.063520595
160	9	9	0.054550253	0.057029709	0.071828686	0.062512033	0.073601171	0.088135950	0.075119533	0.117805175	0.095893763	0.303523690
161	7	7	0.049069930	0.071966499	0.049685497	0.036021501	0.056353383	0.128147289	0.052355397	0.424678236	0.079410270	0.052312076
162	7	7	0.062533900	0.045728378	0.061912291	0.051119883	0.054667864	0.100269161	0.064015403	0.361483544	0.113294639	0.084974892
163	7	5	0.049713261	0.076102793	0.070976891	0.073676147	0.071193345	0.238079712	0.052673355	0.201491728	0.092460282	0.073632486
164	7	7	0.051457170	0.066614978	0.067015894	0.039738826	0.061118737	0.115813099	0.053201176	0.389729112	0.095488846	0.059822150
165	7	9	0.060399223	0.072335564	0.084073588	0.070204049	0.094694145	0.110238306	0.068709455	0.117328182	0.100656778	0.221360669
166	3	4	0.086407118	0.103895977	0.081342027	0.142014652	0.215204999	0.038759720	0.129998371	0.076533005	0.061556339	0.064287886
167	6	3	0.096508458	0.137569785	0.068156794	0.173544824	0.126446769	0.079752207	0.108567178	0.074033402	0.075163297	0.060257245
168	6	4	0.082356326	0.112842821	0.099489696	0.106438138	0.162021846	0.090948075	0.138930038	0.075577185	0.065556735	0.065839052
169	4	4	0.074297622	0.077328414	0.179040894	0.045333195	0.206920862	0.044750478	0.166191027	0.050210748	0.081252739	0.074673958
170	6	7	0.094992548	0.070028678	0.064066455	0.080865018	0.083819151	0.115981251	0.146572337	0.157820448	0.100848109	0.085006021
171	7	7	0.049601771	0.085550718	0.056200888	0.040045388	0.052854240	0.102316439	0.042524025	0.437080860	0.081572592	0.052253157
172	3	0	0.239314586	0.058115896	0.051233411	0.066817120	0.094949648	0.051350970	0.188502029	0.068183251	0.116525590	0.065007582
173	2	4	0.088945627	0.077960350	0.148298696	0.148277149	0.211801887	0.044986937	0.095711119	0.073201820	0.058694642	0.052121796
174	7	7	0.044693582	0.058054376	0.051628303	0.034620348	0.047826543	0.109626204	0.044762634	0.463976711	0.085898183	0.058913145
175	5	9	0.100261204	0.068872258	0.068399742	0.056667197	0.099201754	0.157914609	0.078158058	0.103764109	0.104308449	0.162452623
176	1	1	0.090594269	0.228870317	0.050027870	0.111388542	0.107568160	0.056633238	0.150581613	0.097652964	0.053976960	0.052706089
177	6	4	0.121963955	0.086388260	0.112220578	0.148427814	0.167652413	0.042547535	0.118995100	0.069781318	0.073734179	0.058288779
178	0	0	0.337551504	0.056957886	0.082278535	0.080899119	0.124479331	0.021886341	0.125493810	0.060753144	0.058250055	0.051450230
179	5	5	0.063114382	0.109574832	0.055662122	0.055361159	0.097426824	0.224739656	0.057970349	0.180381849	0.079908855	0.075859912
180	8	3	0.079439268	0.122741997	0.073318131	0.165296704	0.077624358	0.105053969	0.075385951	0.096290380	0.106570557	0.098278694
181	9	9	0.058109038	0.064900860	0.093771689	0.061847992	0.073175490	0.099228054	0.062285636	0.066001013	0.116830632	0.303849638
182	9	9	0.046236094	0.055973090	0.101746023	0.059296500	0.075086527	0.102245159	0.057683729	0.077209949	0.096443057	0.328079939
183	1	1	0.096513174	0.231737643	0.052847389	0.100071386	0.105051346	0.071904711	0.105810165	0.092742339	0.075036779	0.068285063
184	9	9	0.047627702	0.060517959	0.071305916	0.066901997	0.085303009	0.096716627	0.052582826	0.092031181	0.092066243	0.334946513
185	1	1	0.064940810	0.441856563	0.058933564	0.104294471	0.092946529	0.023354964	0.077638119	0.049807969	0.046249531	0.039977387
186	7	7	0.049390458	0.064770229	0.050815530	0.036529474	0.054270227	0.118759438	0.049267415	0.437820971	0.091068655	0.047307666
187	7	7	0.062343094	0.071116306	0.071437068	0.052728999	0.077283241	0.110926941	0.058880795	0.267365217	0.099389032	0.128529295
188	7	7	0.051658120	0.067684032	0.064223908	0.041998126	0.053353470	0.109491467	0.046038151	0.427484632	0.085207000	0.052861106
189	6	6	0.110494889	0.085351378	0.099356897	0.145446017	0.122077942	0.022270961	0.174501821	0.103238843	0.072382331	0.064878978
190	4	4	0.061921481	0.084530160	0.131744489	0.051526297	0.269277215	0.021287315	0.169515148	0.053524863	0.085082129	0.071590818
191	3	3	0.070030399	0.156039417	0.067613155	0.209408507	0.074071787	0.119573325	0.064147063	0.084290124	0.074639134	0.080187172
192	4	4	0.070136636	0.074746229	0.190602705	0.038018327	0.262590706	0.041985311	0.118601933	0.056183800	0.075543500	0.071590789
193	7	7	0.062596627	0.065231584	0.078648955	0.066024467	0.068382561	0.092098825	0.071918763	0.282361656	0.070857488	0.141879052
194	3	4	0.101647593	0.096180134	0.099341348	0.149294212	0.185366541	0.037505470	0.118219510	0.081673987	0.062537670	0.068233564
195	1	1	0.052667122	0.429858148	0.054873697	0.097615011	0.059900906	0.051251218	0.056000803	0.074198700	0.067969158	0.055665229
196	7	9	0.052899420	0.063398369	0.068197750	0.093623847	0.077761337	0.111794949	0.096643813	0.177758574	0.075112760	0.182809100
197	2	7	0.080086276	0.123348042	0.099077381	0.108575806	0.074278705	0.089485630	0.128814086	0.135088980	0.063185602	0.098059528
198	2	4	0.070994914	0.086390264	0.203469932	0.041284949	0.222354561	0.038103584	0.158810616	0.059007183	0.060860876	0.058723070
199	7	7	0.043730542	0.080603078	0.055472568	0.035865821	0.045899175	0.126198143	0.036402408	0.443249285	0.079757765	0.052821252
200	8	8	0.078686140	0.063552722	0.083337687	0.072905071	0.081926808	0.070249058	0.098716050	0.084172823	0.254873574	0.111580126
201	2	2	0.092164189	0.092631571	0.268719405	0.042599995	0.140650913	0.039918002	0.120191753	0.066493206	0.069278173	0.067352779
202	4	4	0.097456865	0.077187084	0.086298212	0.081805281	0.229569539	0.033380393	0.204934582	0.072352044	0.063042544	0.053973354
203	5	9	0.049797717	0.052802280	0.096778467	0.128616437	0.055885501	0.137598649	0.070082068	0.129328355	0.111176483	0.167934105
204	4	4	0.054023456	0.074365258	0.212260678	0.024528790	0.333946586	0.030905267	0.118050851	0.049671303	0.051930275	0.050317530
205	8	8	0.055061419	0.063682660	0.089016691	0.039947078	0.083827354	0.065656915	0.072264843	0.091913253	0.334031463	0.104598314
206	4	4	0.079285122	0.074295282	0.164755970	0.077143595	0.190037653	0.048348829	0.152790263	0.068771295	0.078949109	0.065622821
207	4	4	0.079276785	0.079051942	0.101345487	0.118770704	0.260511965	0.029450601	0.143955931	0.071888767	0.063755244	0.051992584
208	9	9	0.066713102	0.066000953	0.081304282	0.099794410	0.083960824	0.128874362	0.072867587	0.105662957	0.115338653	0.179482788
209	7	7	0.049594570	0.087946691	0.054550026	0.041328158	0.054442376	0.121408053	0.047944292	0.410379767	0.081020832	0.051385257
210	5	5	0.063507393	0.072170787	0.087321311	0.098225020	0.069083042	0.196451411	0.076019086	0.106093399	0.098176464	0.132952109
211	9	9	0.050322916	0.060688816	0.060896896	0.068064757	0.091312088	0.093720995	0.066224024	0.079235002	0.089528181	0.340006381
212	3	0	0.235669106	0.086542569	0.070686005	0.105393857	0.128400818	0.052262966	0.129685611	0.078272067	0.060847957	0.052238990
213	8	0	0.181585133	0.094883829	0.101367556	0.035301402	0.098676987	0.063966572	0.086689465	0.079224825	0.168947160	0.089357063
214	3	6	0.082983360	0.081663869	0.075042166	0.146976963	0.159266397	0.034120146	0.193344727	0.105208807	0.066636443	0.054757249
215	2	0	0.183420286	0.079240568	0.168318763	0.045717858	0.160799339	0.050802566	0.119754709	0.035491556	0.071655720	0.084798537
216	0	0	0.346243948	0.056451168	0.099797376	0.078026950	0.091457844	0.038253564	0.103993960	0.065712392	0.059458230	0.060604561
217	8	8	0.099826567	0.066171817	0.119474672	0.088513531	0.082559712	0.049220953	0.097715907	0.139383838	0.186487511	0.070645519
218	5	5	0.067276232	0.089863785	0.076516576	0.069109082	0.103934564	0.165053979	0.066203967	0.079827845	0.136309564	0.145904362
219	0	6	0.121545650	0.056778390	0.165139064	0.053779215	0.127623484	0.028356057	0.215736493	0.107912637	0.062941723	0.060187284
220	6	6	0.086664140	0.074109726	0.115583785	0.099952661	0.150647759	0.049476903	0.242395297	0.062445920	0.063152127	0.055571754
221	7	7	0.049826913	0.084133774	0.070288293	0.042458598	0.056555279	0.081993759	0.049703494	0.415505260	0.094530553	0.055004068
222	7	9	0.066875793	0.074598819	0.080364078	0.077311076	0.068777703	0.099211566	0.075038336	0.117837191	0.094851308	0.245134145
223	4	4	0.083598025	0.071203783	0.146262288	0.040086284	0.225019708	0.033521339	0.213038355	0.051688246	0.073305093	0.062276874
224	8	8	0.069268629	0.070585072	0.074715868	0.040761374	0.082790293	0.064437315	0.071798980	0.062352870	0.326963693	0.136325866
225	0	0	0.381773531	0.058578230	0.087231889	0.061125461	0.090352416	0.031285606	0.091042571	0.081535608	0.072939157	0.044135630
226	8	0	0.204881385	0.062094200	0.070366241	0.043599900	0.122393861	0.074082099	0.095229857	0.039851759	0.172019318	0.115481317
227	4	4	0.094922796	0.069536068	0.127785295	0.082331017	0.164165825	0.088365942	0.137983650	0.071275294	0.083581388	0.080052823
228	4	4	0.081936672	0.083106607	0.096423440	0.096178696	0.324570805	0.022919031	0.108998269	0.065943971	0.066130280	0.053792212
229	3	4	0.090999261	0.124984980	0.054578755	0.164286509	0.180296510	0.047624804	0.126779765	0.086203083	0.064884961	0.059361413
230	3	6	0.134941652	0.072537802	0.082926676	0.114405103	0.080920838	0.075241812	0.151985571	0.114578091	0.092238009	0.080224350
231	5	5	0.109521769	0.072685368	0.107270457	0.064699553	0.083288781	0.149760634	0.076380670	0.108853437	0.112058997	0.115480311
232	0	6	0.105485745	0.086235814	0.082386076	0.125537395	0.164799646	0.029868005	0.205471188	0.072191916	0.074025363	0.053998739
233	5	5	0.117331594	0.073628210	0.083643228	0.090071492	0.085056990	0.165909693	0.086873628	0.092661753	0.097823657	0.106999807
234	9	9	0.053169001	0.052714452	0.077400230	0.065751277	0.103748247	0.121767238	0.082944602	0.110210456	0.124695279	0.207599267
235	3	3	0.103202373	0.123572685	0.074214175	0.220101878	0.118236691	0.039431550	0.123153962	0.073368639	0.070879400	0.053838704
236	1	1	0.062458050	0.457483351	0.058230635	0.095117405	0.083000466	0.026346352	0.069696933	0.052050751	0.053223077	0.042393021
237	1	1	0.062869832	0.437201738	0.062287617	0.092198744	0.080461591	0.041093301	0.063941799	0.060423136	0.050809138	0.048713099
238	5	5	0.069002114	0.051697697	0.076538414	0.082175203	0.098173700	0.241328478	0.066707179	0.122336976	0.097706929	0.094333276
239	7	9	0.077740535	0.071482651	0.093325034	0.079702951	0.089177884	0.103431858	0.074565016	0.129531756	0.105989091	0.175053120
240	1	1	0.076404534	0.384264469	0.060555276	0.115631908	0.105884403	0.025881076	0.080418721	0.056185141	0.051138949	0.043635622
241	0	0	0.375201732	0.055140622	0.078672618	0.053469837	0.124439597	0.024644200	0.126466036	0.063409023	0.048838288	0.049718052
242	5	7	0.057174940	0.113189831	0.067984685	0.050533395	0.060583111	0.196681842	0.059577521	0.231715858	0.089260884	0.073297925
243	0	6	0.107851267	0.072605036	0.058870278	0.134141445	0.128102556	0.039370675	0.205704704	0.127621561	0.071914725	0.053817734
244	9	9	0.047930695	0.052950602	0.099246442	0.050413892	0.066832781	0.079216570	0.073289543	0.076770626	0.096779510	0.356569290
245	1	1	0.085774034	0.333434999	0.065000467	0.104384653	0.100220650	0.041484084	0.097454183	0.069235161	0.056539699	0.046472073
246	6	4	0.075735375	0.067011781	0.120615877	0.057032790	0.262794793	0.046095200	0.191799447	0.063505046	0.059208930	0.056200814
247	2	4	0.086275451	0.090913907	0.167603746	0.051768903	0.186053544	0.058326956	0.117279403	0.095817804	0.081176706	0.064783543
248	2	4	0.091373719	0.082895823	0.124391109	0.088602886	0.140189201	0.082957096	0.131275296	0.114207059	0.078866638	0.065241113
249	5	5	0.073773660	0.071693361	0.079308800	0.076240219	0.080594733	0.197660014	0.081682868	0.090008758	0.124274701	0.124762908
250	9	9	0.056203637	0.045370333	0.105250478	0.058342937	0.078921378	0.074650548	0.104860209	0.064219281	0.118164808	0.294016331
251	4	4	0.075079262	0.121477999	0.073437259	0.126801789	0.275390953	0.031520799	0.106250726	0.067690276	0.066206135	0.056144845
252	7	7	0.052251130	0.076555245	0.053418022	0.041409802	0.054627713	0.129802436	0.041373886	0.412292272	0.087349273	0.050920159
253	3	3	0.095014878	0.200737461	0.053358886	0.236450195	0.090668298	0.060116261	0.066195279	0.062076025	0.067525119	0.067857504
254	2	2	0.086109944	0.098977521	0.283725142	0.043615591	0.131318897	0.038220245	0.114294492	0.060242463	0.068710394	0.074785255
255	3	4	0.083812810	0.064276218	0.099162616	0.156396404	0.234185234	0.037867643	0.122394167	0.082796916	0.056305259	0.062802762
256	2	2	0.085509650	0.098797761	0.279838234	0.037719712	0.129684508	0.029874697	0.129082426	0.075825699	0.063000932	0.070666350
257	8	8	0.072422460	0.081911668	0.094127275	0.055714991	0.058418628	0.070800729	0.078401424	0.186965272	0.236552581	0.064684942
258	5	9	0.060783580	0.052017007	0.093756042	0.102702722	0.057609979	0.157422289	0.072487667	0.120554045	0.106302030	0.176364601
259	1	1	0.085218668	0.148121014	0.054343481	0.117895223	0.134208411	0.069885351	0.117389128	0.128278568	0.069336504	0.075323559
260	1	1	0.091669448	0.246207565	0.041330878	0.085519627	0.113514923	0.088820308	0.097135790	0.096533060	0.075161450	0.064106919
261	2	4	0.090184651	0.085934624	0.121047527	0.046727214	0.245887280	0.038994722	0.157057032	0.086890317	0.071471468	0.055805173
262	1	6	0.089089945	0.100757830	0.089923695	0.142604172	0.138029084	0.062138796	0.152050853	0.117045581	0.059744183	0.048615880
263	2	6	0.076431982	0.067519791	0.120627828	0.098675109	0.139485464	0.093221523	0.150026545	0.089218877	0.087363616	0.077429280
264	1	1	0.074064903	0.369353294	0.060311329	0.087861776	0.113380708	0.042310331	0.087223925	0.059987601	0.056572452	0.048933636
265	7	7	0.057375457	0.074856825	0.055781800	0.042708270	0.059130937	0.083298288	0.050538450	0.408356458	0.106570773	0.061382748
266	2	6	0.115982406	0.071305476	0.098226562	0.094131999	0.103980929	0.074680343	0.126985162	0.111139119	0.093983211	0.109584779
267	4	4	0.062348370	0.076497860	0.208262593	0.036535095	0.261182576	0.037506972	0.146442249	0.059587985	0.057780433	0.053855877
268	5	5	0.082787886	0.068337932	0.082827300	0.086529635	0.070477247	0.208157584	0.070259675	0.094982177	0.089145109	0.146495506
269	3	1	0.070541456	0.228740081	0.050452195	0.202891186	0.074179679	0.077132888	0.062886260	0.082978226	0.080769435	0.069428705
270	2	6	0.085924365	0.068696335	0.151993454	0.045672223	0.198156849	0.037824884	0.207412183	0.082797721	0.070587337	0.050934639
271	3	3	0.079911724	0.148639113	0.052188449	0.149818301	0.134489864	0.078687303	0.113827817	0.113230504	0.063027643	0.066179343
272	2	2	0.093587212	0.093981102	0.289802790	0.071441874	0.106411666	0.039612796	0.111342207	0.071854919	0.059760213	0.062205330
273	0	6	0.113339052	0.074351795	0.111811884	0.153183043	0.154961646	0.039480276	0.165415421	0.071746707	0.069181487	0.046528779
274	2	2	0.087906107	0.068091244	0.220449269	0.040384468	0.178656906	0.047508858	0.153114393	0.042956207	0.079336457	0.081596144
275	7	9	0.060610447	0.069134101	0.079335772	0.066686057	0.117995203	0.100079522	0.074870996	0.099403650	0.095774211	0.236109987
276	8	8	0.069004096	0.082379207	0.100857548	0.074268483	0.087810852	0.035109453	0.134239972	0.068723246	0.238858953	0.108748190
277	1	1	0.062438607	0.409778625	0.062514536	0.092856146	0.078097068	0.052243821	0.060426429	0.069685102	0.052039612	0.059920073
278	4	4	0.068931155	0.083438031	0.161915570	0.045352679	0.252230048	0.048785605	0.114850037	0.067002743	0.078921787	0.078572296
279	1	1	0.067881890	0.407914162	0.062305983	0.093043208	0.100288086	0.038882881	0.075452641	0.059827104	0.051998131	0.042406026
280	9	9	0.054564614	0.063226722	0.076573774	0.042390876	0.067038305	0.076737277	0.055036716	0.083860613	0.099568866	0.381002218
281	6	0	0.350842208	0.052046001	0.068182938	0.080492094	0.098366424	0.029655313	0.144617572	0.065369941	0.068093531	0.042333946
282	2	2	0.104769185	0.093225271	0.137454912	0.100680582	0.123429120	0.046063341	0.130144626	0.103138417	0.094521724	0.066572726
283	7	7	0.052738816	0.101069406	0.062207781	0.045891076	0.056267679	0.146609455	0.049770966	0.351374060	0.082763590	0.051307209
284	9	9	0.050311387	0.046539467	0.083544984	0.042288680	0.058431782	0.087155156	0.063690007	0.063178599	0.095579386	0.409280568
285	5	5	0.056916844	0.065017447	0.064344212	0.056334540	0.088419743	0.228695258	0.069444016	0.188290298	0.102714673	0.079823039
286	1	1	0.078620143	0.368833750	0.054595158	0.095935769	0.105314620	0.041145846	0.087045453	0.063677460	0.054844156	0.049987584
287	5	5	0.055365555	0.066530868	0.065815993	0.094392814	0.055379618	0.225816995	0.064101584	0.110647939	0.113798372	0.148150280
288	8	3	0.069448330	0.110919982	0.068540610	0.161822036	0.082597136	0.110344402	0.055441901	0.101968929	0.145362392	0.093554303
289	6	1	0.134317845	0.141542077	0.051073376	0.104081899	0.108022153	0.116006039	0.133607224	0.061710466	0.083038628	0.066600300
290	0	0	0.269115090	0.125066683	0.045799602	0.080212273	0.077479765	0.093423359	0.087652259	0.079343058	0.079478383	0.062429510
291	4	6	0.093435153	0.073154077	0.096798323	0.058853339	0.173385456	0.048011381	0.187189817	0.071481407	0.095464788	0.102226309
292	3	3	0.107350625	0.101967819	0.074037001	0.223269448	0.125952646	0.056721285	0.113410473	0.067377046	0.071554743	0.058358949
293	6	6	0.102158085	0.069562361	0.066895969	0.100941382	0.091829561	0.057518195	0.202747241	0.125267014	0.099778399	0.083301835
294	2	4	0.157209262	0.075458780	0.127020851	0.129383475	0.158826381	0.026925270	0.135454178	0.083439589	0.065743111	0.040539045
295	5	5	0.062956363	0.083933428	0.071287841	0.101365246	0.081169404	0.209299162	0.060611222	0.097897500	0.086716436	0.144763410
296	6	7	0.088182613	0.074361078	0.105869427	0.049548522	0.092820786	0.077284448	0.116398782	0.206386328	0.135077775	0.054070327
297	8	8	0.075782008	0.065052226	0.089649163	0.092693530	0.078676492	0.063307464	0.098514058	0.083813578	0.262191176	0.090320334
298	3	6	0.078249410	0.106354132	0.068613537	0.118560843	0.081278585	0.083197273	0.149066657	0.132530510	0.091795757	0.090353370
299	4	4	0.078488976	0.068800963	0.113308638	0.097368628	0.330297053	0.029613186	0.104810499	0.063003860	0.060757272	0.053550866
300	6	6	0.096664004	0.078406177	0.064487956	0.158375680	0.102864727	0.037581284	0.234251574	0.097989969	0.067470901	0.061907787
301	1	1	0.058716685	0.496631652	0.054101165	0.088750824	0.075797722	0.025583800	0.063491702	0.053243183	0.043518275	0.040164955
302	2	2	0.090001054	0.089124449	0.231837556	0.092838027	0.114544563	0.046018336	0.143160343	0.070918918	0.061712217	0.059844527
303	0	0	0.353111893	0.069619805	0.081559829	0.068784788	0.123690985	0.021234004	0.115855075	0.062498186	0.060616769	0.043028746
304	9	9	0.051146764	0.070088029	0.099575043	0.050754294	0.076032020	0.077247687	0.062499657	0.080562286	0.102567337	0.329526871
305	4	1	0.092804626	0.190466329	0.053443372	0.135114014	0.122386985	0.080651142	0.134977534	0.073691249	0.069288820	0.047175921
306	2	6	0.108864449	0.075756498	0.096932396	0.126857191	0.129926145	0.030520527	0.217920378	0.090395056	0.052373052	0.070454203
307	8	8	0.153415933	0.072154351	0.101090856	0.052287925	0.064820446	0.059723202	0.146154121	0.075305670	0.161130399	0.113917075
308	9	9	0.046875875	0.056853849	0.071275920	0.075218372	0.059751291	0.088865146	0.050887864	0.100963101	0.098935448	0.350373149
309	9	9	0.057481159	0.062137187	0.083006658	0.049016394	0.065535501	0.097117826	0.073216401	0.080152690	0.098600686	0.333735496
310	9	9	0.055486534	0.065725826	0.083618991	0.086828880	0.082989298	0.118792497	0.073501855	0.109666795	0.112723313	0.210666046
311	9	9	0.068003938	0.054089785	0.094199210	0.110974140	0.069033280	0.086777464	0.082657069	0.087944493	0.107691959	0.238628641
312	8	8	0.066662282	0.059047580	0.077648804	0.059177052	0.073338263	0.074333079	0.108514890	0.073916920	0.287244409	0.120116688
313	4	4	0.071189336	0.061954990	0.113791965	0.040301088	0.223075956	0.038784046	0.187666148	0.075927094	0.092759386	0.094549976
314	3	3	0.089693576	0.138091683	0.071189508	0.214480951	0.095977560	0.067902490	0.094242193	0.097180359	0.063360162	0.067881480
315	3	3	0.092398174	0.146726608	0.058179386	0.164856568	0.133675754	0.064763203	0.115563124	0.108375318	0.054713633	0.060748186
316	4	4	0.085245654	0.085644729	0.096234657	0.077154927	0.261564404	0.033510700	0.194658533	0.054407910	0.060620736	0.050957780
317	6	6	0.073252335	0.062775820	0.101012208	0.145086065	0.077799857	0.042326797	0.225411341	0.123739891	0.073995829	0.074599817
318	8	8	0.164694220	0.064025424	0.095119901	0.062231641	0.094175830	0.072746307	0.094880007	0.059970006	0.177857861	0.114298746
319	9	7	0.055572443	0.056903489	0.067468144	0.046174113	0.070624717	0.109586544	0.070290275	0.270855695	0.100604706	0.151919931
320	2	2	0.115686335	0.084476404	0.218044162	0.040259477	0.170410231	0.053436134	0.112800002	0.056578740	0.077646039	0.070662528
321	1	1	0.097346939	0.296735913	0.064786911	0.103243046	0.113620803	0.047308713	0.103303336	0.069457427	0.051817551	0.052379467
322	1	1	0.083926596	0.301052064	0.052107621	0.110817045	0.111676246	0.062061738	0.098237477	0.073913440	0.055324372	0.050883401
323	5	5	0.073031276	0.074559994	0.071972050	0.092554130	0.073011719	0.194936693	0.103027560	0.100627162	0.101231053	0.115048327
324	8	8	0.063931726	0.074971445	0.088895567	0.050541267	0.095100559	0.064555265	0.135710508	0.071841694	0.254514694	0.099937230
325	0	6	0.132948026	0.065392092	0.083772406	0.075769059	0.095320717	0.068371050	0.199687377	0.108244643	0.090424091	0.080070585
326	5	5	0.093658611	0.066467308	0.072899431	0.067308992	0.082776241	0.172870710	0.083953008	0.094218187	0.124542601	0.141304880
327	5	5	0.083113432	0.073041171	0.069583923	0.084210932	0.092174813	0.187089697	0.079942510	0.107261889	0.095201939	0.128379628
328	5	5	0.079458326	0.071875401	0.094008721	0.106260210	0.066975079	0.155394033	0.077913076	0.128670275	0.103018619	0.116426200
329	9	9	0.057403862	0.072683692	0.074723117	0.054309040	0.076810889	0.099606819	0.066821836	0.108350888	0.120922931	0.268366963
330	3	3	0.098441720	0.187323689	0.062729701	0.236388236	0.100754581	0.053966459	0.084006473	0.060223069	0.057778526	0.058387637
331	0	0	0.217098430	0.054298200	0.048027463	0.070926689	0.064887740	0.091197118	0.177989930	0.123897828	0.081146993	0.070529610
332	5	5	0.077703580	0.070550039	0.079059556	0.071056470	0.087275624	0.181042328	0.084482834	0.099901900	0.100616105	0.148311600
333	8	8	0.075082250	0.059549402	0.090829335	0.074723907	0.078162737	0.099625602	0.091280207	0.089198090	0.240973324	0.100575179
334	5	7	0.053105265	0.119770713	0.066065438	0.047036488	0.074503496	0.203919873	0.059585433	0.229201570	0.077231653	0.069580063
335	6	2	0.073106781	0.099431761	0.220398828	0.047616966	0.180956215	0.039741229	0.137480140	0.050066944	0.073450476	0.077750728
336	7	7	0.056716744	0.073792264	0.062021531	0.040820330	0.057319812	0.112267680	0.048333738	0.410749018	0.087725066	0.050253768
337	8	8	0.100164458	0.086212248	0.093438156	0.050601542	0.095309772	0.045376588	0.093692102	0.069159500	0.243242085	0.122803599
338	8	8	0.108029559	0.098004855	0.060159057	0.038322166	0.076472692	0.060670551	0.102823086	0.158929586	0.212775320	0.083813123
339	6	6	0.151604146	0.072655715	0.104332589	0.109105229	0.121858746	0.029832583	0.199218541	0.086223640	0.065968238	0.059200563
340	6	4	0.056570973	0.083819374	0.236214355	0.035046834	0.246342137	0.035254460	0.134614944	0.045468297	0.060733505	0.065935180
341	2	2	0.076532893	0.086934693	0.291764230	0.044904776	0.131798193	0.036681868	0.130391344	0.056133702	0.059326291	0.085532025
342	9	9	0.060687248	0.045259457	0.086112283	0.040390972	0.047210775	0.101558827	0.053903125	0.047263946	0.107616663	0.409996718
343	0	6	0.119700573	0.109138086	0.072763823	0.118320540	0.109334365	0.078400113	0.153981194	0.101121105	0.070786856	0.066453412
344	8	8	0.152567834	0.070386104	0.077010140	0.048873451	0.084528506	0.093321227	0.117572814	0.076553464	0.176537931	0.102648526
345	7	7	0.053177230	0.056481503	0.073940396	0.054433223	0.059261378	0.107740387	0.054872155	0.369474292	0.090466730	0.080152646
346	1	1	0.061319716	0.369586498	0.067068323	0.104455784	0.079330571	0.058501739	0.074076757	0.064677142	0.065218419	0.055765130
347	7	7	0.069361374	0.061178032	0.086047113	0.070330739	0.072624765	0.141748607	0.098556995	0.207984269	0.107543595	0.084624544
348	0	6	0.087919652	0.083743602	0.095900133	0.128876179	0.168936551	0.026813094	0.218865260	0.076803081	0.064218804	0.047923692
349	7	7	0.051954441	0.054102853	0.053412087	0.037144452	0.051689208	0.109988853	0.056662936	0.439268202	0.091462873	0.054314032
350	0	0	0.216535747	0.069457762	0.061087243	0.068440914	0.099016376	0.082829237	0.075074047	0.070811555	0.174985915	0.081761174
351	4	4	0.068854943	0.083060421	0.189565688	0.034111872	0.239538923	0.036452621	0.176596403	0.043667536	0.059469186	0.068682544
352	3	3	0.120213382	0.164214700	0.058504082	0.173542976	0.103485882	0.058690678	0.132309735	0.064570725	0.064205110	0.060262777
353	9	9	0.053160720	0.057855997	0.085397571	0.040120654	0.065888084	0.074545532	0.061292611	0.069461830	0.095865630	0.396411359
354	9	9	0.056398701	0.042497810	0.102377668	0.050631665	0.063539021	0.084738120	0.097374476	0.063570254	0.107141480	0.331730813
355	9	9	0.070265159	0.054898653	0.101375349	0.050285581	0.075477436	0.132750705	0.068747662	0.062929817	0.142555758	0.240713924
356	3	3	0.114241250	0.089820676	0.067964308	0.175846890	0.160999089	0.040720839	0.129872978	0.078556724	0.088746361	0.053230975
357	0	0	0.297362059	0.062777720	0.098292917	0.055058084	0.117371634	0.037379753	0.134134993	0.094030969	0.071042918	0.032548901
358	6	6	0.098622166	0.093254484	0.132642403	0.082392097	0.144136116	0.035563037	0.249028191	0.054445393	0.060105298	0.049810756
359	4	4	0.072990440	0.084070794	0.146967247	0.044609144	0.278628409	0.041444812	0.124848068	0.087453127	0.059528045	0.059460029
360	9	9	0.047984317	0.049140550	0.096616223	0.058409818	0.064542249	0.083263949	0.077011764	0.071418427	0.093201339	0.358411402
361	4	6	0.091095798	0.096298881	0.077028565	0.085311793	0.152373016	0.031501256	0.257860929	0.068746351	0.079922169	0.059861276
362	8	8	0.064600222	0.073273212	0.075080298	0.062468890	0.077271119	0.082804315	0.066099696	0.081797980	0.278257966	0.138346314
363	3	1	0.086654291	0.209817126	0.056252215	0.197858363	0.102699921	0.079121202	0.069616683	0.071679562	0.060929213	0.065371446
364	6	2	0.077297434	0.067617550	0.247739673	0.066905968	0.142718226	0.052010227	0.152635634	0.063601561	0.049422987	0.080050722
365	0	6	0.105249546	0.094439872	0.077961750	0.143612131	0.130230948	0.037103016	0.172402993	0.071875617	0.103399798	0.063724376
366	1	1	0.064984582	0.416442305	0.062682360	0.096267350	0.087067313	0.044041727	0.065338291	0.060962893	0.051855136	0.050358064
367	7	7	0.044958055	0.070379704	0.059143469	0.038838509	0.049530834	0.080313899	0.046443496	0.471393466	0.083786353	0.055212166
368	9	9	0.070618615	0.069294088	0.094858848	0.049327418	0.072720580	0.101915650	0.070563331	0.070129901	0.093595043	0.306976557
369	4	2	0.084316112	0.073482022	0.241080552	0.033170279	0.182040885	0.041117094	0.114651203	0.086098194	0.076119602	0.067924000
370	4	6	0.099842772	0.066710755	0.099142045	0.052881170	0.175296128	0.041897479	0.233283892	0.043557964	0.088833131	0.098554716
371	7	7	0.053765133	0.052472405	0.047612637	0.034434106	0.064876080	0.083881937	0.066547506	0.446744859	0.089585930	0.060079422
372	8	8	0.145056084	0.064913243	0.070675254	0.041894007	0.065876529	0.081197537	0.110897653	0.081947766	0.221151143	0.116390787
373	9	9	0.059066784	0.066755146	0.082184359	0.050725326	0.084369041	0.083277762	0.061672546	0.087545134	0.122616425	0.301787496
374	6	4	0.081692614	0.072697014	0.118289821	0.066526338	0.251574188	0.031206433	0.199215055	0.047729112	0.063562565	0.067506872
375	8	8	0.062468551	0.059715822	0.080954947	0.038944636	0.083727233	0.039336607	0.071414217	0.105410509	0.375945419	0.082081981
376	7	7	0.059987199	0.055846155	0.057941820	0.038154330	0.062435128	0.090478569	0.059019621	0.434967220	0.083046250	0.058123603
377	2	4	0.070670873	0.064126089	0.216438547	0.037614953	0.221546218	0.040149149	0.129682988	0.085994713	0.069309682	0.064466856
378	9	7	0.053918041	0.055442922	0.053759389	0.046753269	0.063826896	0.096922345	0.073143780	0.315766573	0.115780160	0.124686606
379	4	4	0.081580929	0.092561685	0.126123086	0.084944472	0.210242376	0.058202080	0.129256830	0.076675683	0.074504040	0.065908827
380	3	1	0.076947592	0.199751079	0.057439737	0.189058304	0.074025825	0.102101415	0.067632951	0.077516571	0.075524867	0.080001630
381	1	1	0.066262998	0.420312792	0.059739359	0.100041419	0.080025330	0.045138545	0.064258292	0.065233856	0.050128046	0.048859306
382	6	6	0.085080236	0.076911561	0.096094280	0.062613212	0.127844363	0.063228503	0.245193064	0.052859671	0.091496304	0.098678812
383	3	6	0.088651918	0.077867560	0.086596549	0.137319610	0.162420750	0.031713206	0.214435041	0.100282960	0.049653526	0.051058803
384	0	0	0.300890923	0.067999691	0.093666390	0.073570035	0.119980603	0.048503626	0.115043707	0.074507050	0.060112502	0.045725483
385	5	5	0.062206388	0.071911201	0.065780148	0.123666354	0.088540584	0.209657818	0.064363755	0.106324859	0.091290973	0.116257921
386	4	4	0.100318238	0.076492712	0.088570677	0.159029528	0.183254257	0.035138808	0.139272958	0.091428205	0.070902579	0.055591997
387	4	2	0.071868353	0.078999273	0.229680523	0.047775563	0.201234534	0.045268223	0.115719751	0.105564438	0.059615005	0.044274282
388	5	5	0.062895134	0.069919445	0.071293756	0.066842079	0.100268565	0.262216151	0.066154607	0.109744452	0.085620582	0.105045259
389	5	5	0.090324439	0.068471566	0.071732730	0.067043260	0.075364605	0.177336037	0.079789430	0.119530626	0.104349710	0.146057531
390	8	9	0.062455419	0.081674203	0.091230966	0.045821663	0.126368344	0.077252336	0.080455750	0.066773579	0.182379782	0.185587987
391	9	9	0.047021288	0.057275210	0.095124364	0.050169691	0.065787785	0.094164796	0.074834555	0.069492131	0.096636787	0.349493444
392	1	1	0.075313933	0.263986498	0.048400301	0.140835479	0.076765627	0.063484244	0.073851936	0.080351874	0.098981231	0.078028865
393	3	1	0.076096132	0.186114430	0.044110090	0.137063175	0.098794922	0.109918989	0.087807372	0.094635941	0.089352332	0.076106481
394	0	6	0.089479409	0.124849886	0.054739747	0.131578252	0.094064109	0.064073332	0.132633820	0.124069944	0.100263149	0.084248357
395	7	7	0.044205163	0.060229059	0.056527779	0.037866414	0.050344959	0.105874978	0.047929760	0.462812185	0.079428136	0.054781523
396	7	7	0.056922816	0.074973375	0.079161480	0.046976559	0.057368051	0.098639451	0.053498775	0.370753467	0.103275999	0.058430023
397	6	0	0.215142265	0.053073663	0.077136211	0.057727825	0.102287218	0.039377782	0.196040273	0.063616142	0.099817231	0.095781423
398	6	6	0.084253848	0.118490390	0.117914006	0.099262334	0.114025719	0.064835951	0.152788207	0.079096235	0.090936959	0.078396380
399	5	5	0.063818589	0.105063155	0.055985648	0.065561272	0.067962371	0.226600096	0.056424122	0.189123198	0.100962147	0.068499357
400	3	6	0.085194297	0.073546715	0.071198210	0.095029093	0.121588953	0.094181485	0.132782996	0.128129736	0.092201009	0.106147513
401	8	8	0.210248217	0.063532121	0.077203393	0.038962711	0.076963447	0.072533660	0.083338991	0.063575655	0.218554169	0.095087722
402	5	7	0.063668571	0.062128425	0.086135112	0.061719920	0.069190368	0.153628871	0.085619740	0.200769633	0.091767870	0.125371471
403	1	1	0.069632076	0.313799500	0.070683882	0.107751809	0.108203664	0.060293887	0.082809813	0.083994187	0.051123310	0.051707838
404	6	6	0.080802314	0.079281390	0.175295889	0.051746700	0.154004082	0.031911410	0.239742845	0.044293616	0.066845775	0.076076031
405	1	1	0.071151406	0.368645042	0.056165662	0.099407397	0.115764253	0.039707586	0.083621934	0.060998056	0.061135005	0.043403666
406	9	9	0.045022938	0.055838160	0.072915062	0.074408948	0.055106007	0.072842792	0.067297637	0.117649518	0.074661501	0.364257425
407	7	7	0.052341528	0.071288139	0.057712574	0.044903602	0.055928312	0.106156275	0.048000589	0.407473207	0.101315565	0.054880254
408	6	4	0.068741098	0.058210146	0.132690161	0.039932963	0.284994185	0.037917372	0.186556667	0.046241425	0.068883739	0.075832255
409	3	3	0.071136780	0.181922466	0.062486172	0.219175130	0.070269093	0.074527040	0.057958938	0.087675765	0.097924143	0.076924443
410	8	8	0.105094470	0.053921901	0.105410732	0.106193066	0.085678294	0.082046591	0.118945219	0.090633161	0.164521486	0.087555088
411	9	9	0.052168779	0.066685192	0.082252271	0.079889297	0.064631566	0.109463662	0.073664844	0.100162238	0.092363857	0.278718293
412	1	1	0.061877009	0.453210592	0.056802206	0.091394760	0.076025717	0.036814105	0.063820511	0.059916776	0.052903194	0.047235083
413	0	0	0.225224376	0.044102997	0.054736331	0.052292947	0.079013869	0.076191865	0.166193977	0.131522164	0.118859120	0.051862404
414	6	0	0.151354030	0.055758387	0.063096471	0.051686984	0.117181115	0.107638806	0.122769386	0.079184614	0.135609373	0.115720928
415	2	4	0.079575881	0.055257015	0.172465771	0.028622828	0.281363755	0.045943733	0.125549272	0.112794273	0.063164234	0.035263233
416	0	0	0.380849063	0.062951542	0.064847760	0.045590848	0.110283799	0.030097621	0.110402219	0.067190111	0.080431618	0.047355499
417	0	0	0.239010394	0.056780070	0.092544742	0.049289085	0.085499682	0.047184356	0.097318687	0.142414659	0.136591882	0.053366501
418	5	5	0.072322659	0.063763574	0.083947934	0.098633111	0.079174660	0.216833904	0.079627573	0.100873359	0.095056742	0.109766483
419	3	3	0.100945055	0.125483751	0.067367949	0.281972229	0.118615791	0.031087382	0.093755491	0.061591070	0.069415152	0.049766187
420	8	8	0.082275063	0.085182294	0.093759291	0.088785864	0.085557640	0.068129890	0.114190236	0.085495360	0.203122243	0.093502060
421	9	9	0.062289298	0.065742224	0.094914369	0.078824267	0.088914014	0.101031661	0.069145501	0.101258025	0.107240193	0.230640426
422	8	0	0.143690094	0.068580866	0.142489716	0.048593003	0.139197826	0.072002597	0.090294071	0.053475164	0.126011387	0.115665324
423	9	9	0.057745554	0.066396840	0.092414752	0.063104525	0.076927081	0.072639406	0.060187172	0.073746145	0.104470618	0.332367927
424	5	5	0.062579535	0.082022719	0.056853518	0.049191725	0.059316825	0.241723448	0.050149828	0.227119282	0.112771906	0.058271319
425	4	4	0.062316645	0.090309903	0.163900703	0.055307429	0.246863052	0.051705897	0.121293485	0.059466943	0.071409635	0.077426314
426	5	7	0.061075874	0.088301554	0.064045370	0.049053613	0.057767250	0.230835438	0.047965877	0.233626395	0.110263601	0.057065070
427	4	4	0.080517314	0.067169584	0.196077749	0.017516093	0.236816853	0.040963046	0.123923041	0.101471446	0.080200940	0.055343889
428	4	1	0.089966267	0.198874965	0.080522016	0.104027584	0.076648623	0.122890256	0.073029637	0.096631147	0.081369549	0.076040067
429	3	3	0.112792149	0.158587664	0.067465745	0.171850681	0.139894173	0.045261692	0.112623550	0.066790596	0.063754633	0.060979135
430	6	6	0.079489954	0.101301625	0.133594856	0.062361162	0.187897444	0.029336732	0.240359500	0.047472984	0.061878193	0.056307599
431	2	4	0.110344976	0.080258541	0.091663502	0.089401305	0.144028738	0.116639376	0.104489736	0.061828107	0.110306606	0.091039151
432	2	2	0.131256670	0.073339216	0.226845905	0.036904905	0.178526878	0.045245651	0.100500993	0.059457514	0.076944225	0.070978045
433	6	4	0.077040642	0.090834357	0.165305302	0.061768353	0.238328740	0.048390653	0.140035853	0.083292522	0.053949818	0.041053798
434	0	0	0.317432821	0.052862212	0.087962896	0.082494587	0.105069458	0.036577512	0.137257993	0.082471982	0.064051263	0.033819273
435	2	2	0.083675526	0.079204842	0.313525319	0.055016235	0.119089909	0.028781470	0.124760941	0.074567854	0.053230684	0.068147205
436	9	9	0.047391452	0.053384285	0.076106250	0.069336347	0.054439884	0.060616869	0.060686354	0.099907316	0.071665414	0.406465769
437	7	7	0.050304767	0.098768540	0.059501130	0.041280009	0.052630667	0.101764709	0.046636093	0.409539044	0.084625885	0.054949109
438	8	8	0.140031800	0.067755975	0.101661690	0.061003990	0.084319077	0.051881060	0.118986264	0.083380945	0.194592699	0.096386425
439	5	8	0.072247498	0.044727091	0.068455920	0.042877749	0.072115615	0.116375752	0.076371722	0.114471599	0.202812403	0.189544663
440	1	1	0.056427170	0.472352803	0.052726232	0.089507625	0.078228839	0.037308604	0.063286379	0.056381769	0.049956031	0.043824479
441	3	6	0.081250474	0.059281092	0.079462618	0.095135577	0.097122230	0.113652498	0.182510242	0.100137047	0.084228113	0.107220076
442	1	1	0.059619777	0.461497575	0.058033019	0.096466862	0.080782108	0.030986819	0.065360606	0.057140358	0.045322832	0.044790108
443	5	8	0.067869440	0.081898086	0.081420854	0.054118369	0.100572251	0.115897410	0.101552293	0.067110449	0.170072362	0.159488529
444	6	7	0.094550751	0.111422673	0.048353199	0.120003425	0.095063433	0.083774760	0.129996151	0.131909236	0.098824628	0.086101755
445	0	0	0.282211274	0.095196180	0.060605116	0.073644362	0.083165027	0.079360262	0.076207727	0.088390283	0.094377361	0.066842407
446	8	8	0.060011465	0.094008073	0.079368755	0.092016108	0.110545099	0.042706341	0.085002869	0.082678355	0.255961627	0.097701266
447	1	1	0.087617531	0.260428607	0.058497302	0.130752295	0.116890185	0.075736448	0.078769207	0.076663218	0.054518495	0.060126659
448	2	1	0.092963472	0.184623286	0.075005524	0.073613212	0.104329251	0.114035793	0.085231528	0.131936148	0.074526481	0.063735336
449	3	3	0.098217696	0.080035470	0.085290983	0.243289009	0.126626641	0.032340854	0.138135418	0.079150878	0.061283629	0.055629425
450	8	8	0.090709828	0.073860049	0.121758945	0.075273037	0.139596000	0.043933772	0.113271117	0.081911981	0.192484245	0.067201011
451	0	0	0.272557616	0.049677417	0.068374284	0.044076897	0.147920966	0.038788483	0.094851814	0.114894748	0.114380583	0.054477233
452	3	6	0.089661293	0.125905514	0.071377322	0.125473812	0.106459372	0.085793935	0.151106507	0.091946743	0.081206642	0.071068875
453	6	2	0.111783266	0.090750873	0.218198672	0.038213495	0.179476768	0.041943155	0.124631211	0.047585845	0.070645504	0.076771200
454	1	1	0.101064675	0.161736742	0.072807282	0.140457749	0.124119751	0.038526762	0.139477074	0.079488404	0.083035305	0.059286188
455	7	7	0.053909842	0.060152151	0.064565249	0.035736836	0.053351041	0.092990994	0.046481781	0.445737660	0.091598518	0.055475961
456	2	2	0.089783430	0.095030330	0.183088675	0.064658120	0.099483557	0.092734553	0.103078045	0.107461639	0.088970020	0.075711556
457	1	1	0.063645244	0.409746766	0.049772210	0.105503634	0.080721617	0.049568180	0.060888637	0.059680179	0.071690343	0.048783191
458	5	7	0.075564213	0.067261063	0.090992711	0.082642853	0.078975953	0.139252514	0.082545079	0.140517220	0.102442503	0.139805853
459	9	9	0.052382004	0.048483197	0.084581673	0.052204069	0.063518651	0.073352970	0.057948995	0.068530366	0.118282788	0.380715251
460	8	8	0.056672566	0.062544473	0.096136600	0.041179609	0.093230128	0.080881029	0.099687733	0.063743487	0.256354868	0.149569556
461	4	4	0.074975833	0.077450834	0.149453491	0.085609727	0.291242868	0.045776725	0.105734371	0.076484270	0.053059079	0.040212724
462	2	4	0.077287696	0.084215164	0.132749557	0.074503087	0.315590173	0.031539228	0.093527533	0.092995889	0.051874973	0.045716595
463	2	2	0.063670263	0.069949701	0.274695188	0.032495294	0.204900086	0.029350569	0.153024241	0.046129774	0.058041595	0.067743257
464	0	0	0.373331249	0.059046481	0.090446532	0.058590613	0.089644276	0.032962725	0.097395115	0.072280928	0.070136540	0.056165595
465	2	2	0.078677848	0.085079730	0.266869724	0.044951633	0.144096851	0.037662633	0.142662391	0.054561406	0.066307969	0.079129800
466	5	5	0.096387029	0.082292400	0.094272502	0.080235370	0.080312088	0.154528126	0.089165524	0.104645140	0.087250292	0.130911499
467	6	6	0.109380275	0.070893191	0.085017852	0.095188409	0.142773449	0.034012590	0.215323567	0.098190702	0.073526703	0.075693212
468	1	1	0.060621578	0.456999958	0.056108985	0.092965014	0.080042906	0.033131331	0.067320965	0.058991697	0.051876247	0.041941363
469	3	1	0.071516000	0.221851215	0.050783798	0.211679518	0.068559386	0.072048903	0.066401146	0.073134594	0.086597897	0.077427596
470	0	7	0.099808142	0.062318534	0.088817276	0.100284718	0.081404462	0.070680231	0.130037203	0.148069099	0.124084175	0.094496168
471	0	0	0.255249530	0.156421229	0.046867747	0.071808621	0.063771166	0.090578765	0.097858034	0.073355280	0.080322780	0.063766815
472	6	6	0.084420465	0.055793997	0.090472564	0.072900623	0.102819100	0.089833096	0.175745785	0.102022506	0.098761231	0.127230659
473	9	9	0.059622005	0.062564395	0.100561894	0.051316421	0.081219554	0.105442539	0.072585434	0.075163990	0.098598480	0.292925239
474	8	8	0.082927600	0.074770980	0.074947119	0.054064799	0.112052277	0.068993874	0.110736512	0.073446609	0.220451027	0.127609223
475	1	1	0.071603835	0.329020411	0.069856048	0.099956550	0.105293676	0.062390227	0.092700623	0.065001130	0.054243531	0.049934056
476	4	4	0.077698722	0.085215837	0.220614061	0.030211236	0.231141642	0.041327436	0.122001000	0.060695149	0.061825588	0.069269374
477	7	7	0.053233173	0.093395926	0.053408198	0.043765284	0.051374532	0.156984538	0.044718467	0.370270491	0.083371788	0.049477581
478	2	2	0.086281687	0.078430183	0.200675383	0.062715419	0.188582793	0.041132744	0.133887872	0.080157265	0.069815673	0.058320887
479	5	5	0.072596684	0.077163145	0.077276908	0.104784004	0.078655951	0.219966680	0.053577989	0.100647181	0.076369107	0.138962343
480	6	6	0.081563383	0.073507190	0.119783141	0.065796211	0.214914829	0.034963202	0.257876992	0.062941656	0.050167531	0.038485840
481	2	2	0.085884638	0.099006370	0.197411746	0.046811681	0.137782574	0.076301858	0.118863963	0.069158278	0.078664303	0.090114497
482	4	4	0.061834563	0.081262574	0.226308420	0.033044089	0.226534992	0.041036628	0.116742074	0.080676518	0.074378282	0.058181882
483	7	9	0.051591601	0.059875790	0.069745973	0.084834293	0.063335739	0.132061243	0.092754118	0.136569962	0.109663881	0.199567378
484	4	4	0.061332583	0.078379005	0.139213368	0.048809964	0.339472920	0.043552905	0.099337161	0.077360407	0.058541592	0.054000128
485	7	7	0.051625174	0.072032079	0.058374893	0.041156206	0.055418219	0.124447316	0.045047875	0.417010516	0.083827518	0.051060207
486	4	2	0.077534139	0.071940541	0.227767259	0.035281766	0.211250678	0.042620666	0.125826776	0.065153047	0.071169905	0.071455203
487	4	4	0.076770030	0.066077016	0.239092618	0.035588816	0.241437420	0.029745927	0.122470543	0.083130009	0.054182790	0.051504798
488	2	2	0.090542421	0.075746723	0.276376098	0.039691564	0.157250643	0.031836823	0.114330754	0.099277623	0.057164811	0.057782512
489	5	5	0.056359954	0.096559867	0.067531265	0.054464452	0.070963345	0.244530752	0.054326802	0.184934512	0.093278959	0.077050090
490	0	0	0.363659263	0.054841615	0.089930639	0.058889374	0.094172098	0.027855830	0.132336184	0.072185673	0.061715703	0.044413693
491	7	7	0.064727619	0.092048295	0.058087524	0.052665744	0.060528319	0.190868556	0.060661625	0.262522340	0.100668363	0.057221651
492	3	1	0.082437299	0.195384651	0.046615534	0.162525907	0.073865622	0.109111652	0.096434340	0.072588339	0.090755321	0.070281260
493	1	1	0.059003148	0.379699141	0.066610351	0.087323979	0.102773935	0.060998157	0.069764271	0.060188666	0.061505422	0.052132893
494	0	0	0.335554481	0.052317273	0.106724963	0.042346016	0.100178346	0.033551704	0.103581458	0.122666828	0.066317961	0.036761060
495	7	7	0.058328196	0.061727203	0.063372791	0.040860049	0.060801242	0.127088919	0.058018859	0.388306737	0.091086157	0.050409939
496	8	8	0.079064503	0.080548942	0.100789197	0.083688527	0.096691489	0.045025602	0.069845125	0.086569622	0.259781897	0.097995184
497	7	9	0.067976348	0.066325985	0.068935081	0.074941896	0.064376347	0.082327001	0.081136353	0.154982284	0.074376710	0.264622062
498	4	4	0.070718825	0.071276106	0.160441041	0.055528071	0.297185063	0.039423175	0.128180325	0.066640571	0.059437785	0.051169064
499	0	0	0.298663735	0.056809742	0.083565243	0.047333833	0.134365499	0.030681701	0.168627188	0.083821684	0.061774667	0.034356762
500	3	1	0.089331917	0.217644423	0.062371604	0.212092832	0.150012061	0.041224398	0.082428023	0.050201878	0.047193035	0.047499947
501	6	7	0.072551563	0.066455662	0.087977625	0.061020609	0.066966683	0.097546391	0.102217764	0.278132379	0.097231567	0.069899671
502	0	0	0.338858038	0.072178163	0.078787625	0.049871307	0.105885260	0.056098085	0.100357257	0.078212254	0.072016016	0.047736011
503	1	1	0.066861495	0.420689225	0.067462809	0.091990635	0.092636824	0.030657675	0.084949419	0.056664784	0.047856934	0.040230308
504	1	1	0.061241455	0.453814805	0.057395365	0.086391114	0.079969756	0.042350706	0.059545122	0.059915166	0.054534458	0.044841990
505	9	9	0.061189592	0.057751082	0.096967533	0.074352100	0.055948380	0.126839533	0.068817161	0.091824591	0.102546096	0.263763964
506	8	8	0.086358503	0.057695519	0.083458751	0.089386739	0.107921697	0.069134012	0.124773033	0.080832027	0.205910996	0.094528779
507	6	6	0.079729266	0.070606656	0.112503268	0.061229583	0.212173343	0.050616130	0.232154235	0.042206172	0.064305067	0.074476212
508	0	0	0.347816467	0.042571064	0.082341813	0.026084827	0.111254863	0.038004190	0.114536360	0.123544000	0.087020986	0.026825445
509	9	9	0.061408687	0.058239885	0.068002552	0.075133167	0.097267270	0.107071757	0.073707804	0.123068333	0.134708419	0.201392159
510	2	6	0.074567989	0.063729249	0.190422967	0.054648429	0.163592607	0.044518776	0.199284285	0.052228607	0.071086966	0.085920066
511	1	1	0.063987687	0.444574982	0.061650179	0.084689811	0.094967708	0.035737917	0.073003724	0.051808942	0.049503293	0.040075723
512	7	7	0.050893720	0.065749779	0.057514895	0.040422514	0.053443860	0.106476590	0.046706099	0.430246174	0.097411402	0.051134918
513	1	1	0.059290428	0.383316010	0.063011855	0.093663678	0.084017426	0.057581533	0.066911213	0.072499432	0.067105167	0.052603379
514	9	9	0.058724202	0.075442389	0.069731288	0.081444114	0.063372105	0.088957690	0.064390697	0.101027668	0.112623438	0.284286380
515	9	7	0.064917780	0.067430802	0.086550213	0.066314228	0.084809914	0.154841721	0.074804813	0.160172060	0.124473274	0.115685165
516	6	8	0.168757319	0.053647861	0.070848346	0.038720414	0.094771765	0.079723790	0.102659725	0.154514596	0.174337953	0.062018219
517	2	2	0.084653266	0.076648615	0.197075814	0.040498201	0.175734237	0.033166796	0.173791423	0.062938996	0.077759609	0.077733040
518	6	6	0.107494786	0.090347402	0.081996679	0.140660346	0.122706309	0.058125980	0.176175267	0.100708403	0.065556407	0.056228410
519	5	5	0.061525296	0.074717373	0.060893606	0.047874909	0.105898343	0.266358882	0.057066839	0.198350996	0.071431518	0.055882182
520	0	0	0.212577015	0.063546263	0.094550356	0.113467708	0.122209229	0.021802150	0.189934254	0.062911741	0.063011967	0.055989243
521	8	8	0.128588900	0.069025338	0.093493924	0.053496040	0.087552488	0.076445371	0.100503199	0.077737369	0.180564284	0.132593080
522	9	9	0.049880106	0.055795103	0.100604042	0.052692462	0.077523142	0.107848637	0.082202554	0.082528718	0.112363376	0.278561801
523	3	3	0.093401141	0.079429738	0.071114585	0.250853330	0.124691673	0.039694179	0.124535859	0.088953681	0.070124149	0.057201713
524	4	4	0.063236266	0.074854322	0.165977076	0.046534549	0.259202123	0.041618451	0.148816928	0.062875122	0.069643266	0.067241862
525	4	7	0.097845949	0.097174346	0.141167477	0.056531083	0.101419829	0.101538278	0.094781257	0.143630803	0.098695204	0.067215748
526	3	1	0.091920279	0.187109560	0.057192151	0.136914358	0.088786393	0.101036467	0.122147441	0.082093477	0.070316859	0.062483042
527	2	2	0.088728763	0.069383219	0.181915656	0.072224610	0.126181424	0.053817019	0.128595501	0.074427724	0.105118819	0.099607341
528	7	7	0.052626230	0.090346873	0.070513166	0.043929450	0.054459549	0.097736180	0.044971466	0.401617229	0.086134247	0.057665609
529	4	4	0.072063677	0.080238454	0.172604188	0.059190292	0.263139397	0.054133981	0.109919965	0.074227154	0.060649030	0.053833850
530	9	9	0.061022595	0.055733681	0.084279545	0.067430891	0.067143843	0.108769685	0.070454843	0.086058579	0.103860565	0.295245737
531	2	2	0.121141993	0.087061763	0.231823280	0.043206368	0.120842434	0.043028567	0.147664562	0.054682113	0.072115839	0.078433141
532	9	9	0.050104138	0.048260409	0.087241083	0.044999752	0.061874684	0.092628077	0.082884997	0.066991732	0.095647573	0.369367599
533	0	0	0.326054960	0.063827515	0.088769682	0.070862710	0.105006874	0.033095304	0.122353986	0.078505792	0.061534733	0.049988538
534	0	0	0.308921009	0.061930574	0.075151555	0.094892897	0.105182990	0.030167306	0.147272125	0.059957460	0.060071934	0.056452163
535	0	0	0.417160302	0.051970493	0.072605312	0.051220249	0.100217544	0.026390787	0.106593654	0.070191562	0.056134235	0.047515899
536	0	0	0.400339365	0.059257045	0.082650796	0.053115614	0.104909152	0.025371999	0.106244601	0.070290044	0.052159734	0.045661595
537	9	9	0.063499525	0.044903412	0.092386737	0.048226021	0.070159264	0.123954974	0.067972146	0.068420805	0.128639460	0.291837662
538	0	6	0.129872680	0.078394376	0.095138073	0.087732203	0.131389901	0.056827795	0.199932992	0.088319376	0.073730916	0.058661681
539	0	0	0.377219886	0.054225862	0.083395854	0.059667710	0.096792854	0.029794801	0.085898608	0.082518503	0.086991049	0.043494888
540	4	4	0.058767617	0.080317937	0.207559928	0.033665009	0.309689641	0.029173290	0.133918107	0.042380597	0.051572721	0.052955151
541	8	8	0.097752169	0.104363091	0.079422630	0.125374228	0.081825405	0.049186941	0.107994080	0.083145872	0.192968190	0.077967495
542	6	6	0.076075889	0.079941928	0.079123706	0.163763002	0.085010402	0.051459342	0.187012479	0.129568160	0.074240781	0.073804282
543	7	7	0.044004522	0.082469366	0.059464652	0.046413846	0.051813666	0.135219321	0.038808096	0.408594668	0.078654602	0.054557249
544	0	0	0.295371056	0.070744723	0.082808904	0.086054750	0.121202767	0.039896473	0.139931768	0.063805066	0.054110304	0.046074130
545	0	6	0.125824302	0.069838330	0.070679583	0.111441612	0.109526753	0.059541754	0.154103726	0.132040590	0.088112012	0.078891456
546	2	2	0.072882794	0.066846684	0.345750898	0.030043103	0.110455662	0.038505498	0.104026072	0.118983455	0.058534849	0.053971093
547	2	4	0.100553975	0.106819279	0.078542188	0.143137097	0.176238567	0.040034462	0.148268119	0.089539699	0.058201864	0.058664661
548	0	6	0.120122097	0.072886735	0.091937244	0.091099605	0.120807737	0.038548592	0.222841293	0.107357770	0.071389720	0.063009210
549	3	3	0.094880290	0.096223950	0.088620290	0.183833197	0.175392881	0.035138939	0.121099032	0.078254655	0.065656602	0.060900141
550	0	0	0.284161747	0.067423739	0.098261915	0.097794250	0.097532310	0.025977395	0.128217816	0.072630547	0.064243406	0.063756846
551	9	9	0.049554158	0.061138768	0.103863411	0.048077930	0.120716833	0.100473709	0.076114856	0.087893069	0.113044322	0.239123031
552	6	6	0.090633713	0.105168857	0.096584037	0.083203882	0.127831057	0.055391237	0.233798131	0.075214051	0.070993319	0.061181672
553	3	3	0.075798459	0.126940474	0.045439996	0.138235360	0.083769128	0.091036133	0.104328178	0.137376755	0.102612235	0.094463304
554	6	0	0.359756440	0.050945394	0.073467225	0.046819687	0.116824023	0.031518634	0.152523547	0.052986171	0.057129584	0.058029331
555	9	9	0.042733453	0.059248701	0.062925696	0.062868364	0.068281412	0.085431471	0.050996792	0.093257569	0.093914002	0.380342543
556	5	5	0.067915723	0.078764275	0.072982498	0.071345016	0.106972724	0.172014639	0.081353977	0.095540240	0.115004785	0.138106093
557	3	1	0.087509088	0.177898154	0.055592161	0.134637162	0.135116503	0.091828093	0.099248186	0.088305809	0.064781666	0.065083191
558	4	6	0.079817243	0.084751852	0.094286844	0.113175586	0.156454772	0.029907336	0.234835118	0.099218108	0.056372292	0.051180951
559	9	9	0.056899738	0.062575512	0.071159914	0.069094867	0.080269434	0.083522595	0.065408930	0.094654560	0.110872902	0.305541486
560	5	7	0.097340718	0.054578312	0.063807562	0.100036211	0.076345295	0.130881950	0.077832803	0.134260386	0.132701188	0.132215574
561	9	9	0.059396207	0.066109180	0.062182423	0.055778176	0.091599554	0.083559103	0.066964298	0.081517607	0.108790845	0.324102610
562	4	4	0.073197834	0.096681662	0.181728259	0.037540663	0.199332893	0.042762466	0.167665914	0.045289598	0.068500824	0.087299965
563	3	3	0.101271652	0.151409417	0.068111829	0.187383130	0.140748218	0.067393385	0.096956924	0.062308442	0.068304591	0.056112435
564	1	1	0.059966624	0.359912872	0.064023912	0.093366317	0.076345004	0.078545004	0.066533327	0.069393858	0.077296160	0.054616880
565	9	9	0.057083584	0.073790766	0.091697119	0.110463068	0.093037166	0.105906896	0.068461530	0.102889664	0.092687540	0.203982696
566	1	1	0.092777722	0.278746814	0.065874286	0.090456106	0.136236712	0.055228066	0.108142652	0.065715022	0.049452920	0.057369784
567	7	7	0.050149906	0.073891789	0.054597862	0.042307891	0.051909532	0.121351793	0.048985720	0.426043749	0.076299548	0.054462168
568	5	7	0.062335800	0.053932324	0.070260689	0.049612097	0.059886217	0.143039867	0.087328397	0.223008230	0.129031315	0.121565066
569	1	1	0.080264270	0.338263899	0.054716311	0.091602005	0.103588603	0.044186756	0.109167844	0.066441730	0.060802229	0.050966412
570	4	4	0.057923276	0.060215309	0.209055483	0.019531317	0.341892868	0.034760151	0.117682971	0.055190589	0.055925593	0.047822420
571	9	9	0.057445001	0.072418109	0.091119066	0.056955226	0.076088108	0.074393488	0.081134766	0.104179397	0.115848221	0.270418644
572	8	8	0.084165268	0.120762505	0.067822419	0.102442898	0.068911895	0.102696277	0.074424975	0.090690389	0.204866394	0.083217032
573	0	0	0.343723327	0.057530407	0.059955046	0.054840978	0.107803196	0.030415693	0.125272274	0.053270537	0.088214353	0.078974150
574	9	9	0.042223662	0.041702218	0.102380142	0.045487810	0.048034061	0.067526966	0.061219089	0.059076708	0.096412852	0.435936481
575	2	2	0.073603325	0.078185625	0.210131139	0.045185730	0.195028558	0.028395494	0.167729750	0.061361615	0.060699604	0.079679132
576	1	1	0.102266349	0.307762176	0.055967335	0.100054428	0.097003616	0.062735610	0.101888768	0.068424448	0.053451471	0.050445791
577	9	9	0.068016343	0.066950575	0.095244989	0.066724919	0.073589161	0.125839755	0.070870571	0.087593988	0.107187904	0.237981886
578	7	7	0.054183289	0.068943053	0.054263130	0.042260654	0.057776179	0.118032694	0.063716464	0.401647776	0.082395703	0.056781068
579	5	7	0.055871259	0.093471080	0.066391826	0.050144821	0.053609639	0.201575115	0.043284722	0.271746725	0.107297398	0.056607410
580	0	0	0.371908307	0.059035569	0.090196677	0.069589771	0.087055631	0.030490704	0.093494929	0.072608024	0.066278443	0.059342045
581	7	7	0.067112438	0.071405731	0.082255088	0.069486298	0.070239186	0.129602060	0.079702169	0.175905108	0.110995755	0.143296123
582	8	7	0.134063035	0.052631270	0.059463989	0.024848701	0.085412703	0.074575789	0.100957513	0.217721522	0.169541970	0.080783516
583	6	4	0.089654446	0.067258954	0.131364822	0.061712079	0.165161610	0.057767477	0.137068138	0.075555772	0.103873171	0.110583588
584	6	6	0.086414561	0.104857601	0.175177321	0.065353692	0.152515426	0.035965089	0.212018222	0.056987502	0.059032831	0.051677771
585	8	0	0.204264715	0.051485941	0.064475484	0.027830817	0.107608475	0.075165182	0.104362324	0.124548778	0.140464485	0.099793777
586	4	4	0.087905198	0.073610634	0.147773787	0.099623747	0.216578379	0.048775431	0.153650865	0.068562545	0.055259220	0.048260149
587	2	2	0.084799044	0.089661978	0.287919641	0.044412382	0.132232547	0.035259463	0.126985371	0.056447197	0.062603675	0.079678699
588	5	5	0.065337293	0.065580741	0.072010756	0.062503360	0.107728705	0.227982253	0.069047213	0.091225669	0.083887778	0.154696196
589	4	4	0.071280830	0.081870280	0.161518902	0.049533449	0.286548167	0.044533841	0.106916398	0.071083352	0.062700681	0.064014152
590	9	9	0.065678112	0.068099812	0.072622150	0.077532768	0.082940347	0.132031217	0.058467161	0.128205687	0.137449816	0.176972881
591	6	6	0.086020514	0.153868005	0.085187949	0.116526745	0.155804068	0.059506815	0.175831616	0.066371523	0.051525652	0.049357068
592	4	1	0.076207176	0.213299111	0.059410475	0.127890423	0.105042294	0.086535834	0.092243411	0.090974726	0.082280278	0.066116191
593	3	4	0.095042989	0.107134499	0.070548341	0.152444035	0.162440181	0.029777961	0.161482409	0.092395395	0.074733123	0.054001071
594	9	9	0.064081840	0.055205658	0.104017414	0.046655282	0.077563673	0.112210937	0.084907509	0.063950859	0.114756912	0.276649922
595	1	1	0.072621264	0.398274869	0.062074039	0.097314328	0.089915268	0.043172814	0.068811543	0.062760726	0.054943100	0.050112095
596	9	9	0.094411731	0.069858834	0.060731024	0.092999220	0.102840222	0.092449158	0.092326261	0.103169039	0.141191721	0.150022760
597	7	7	0.047894798	0.064855255	0.065768592	0.037650436	0.055372968	0.085345060	0.051153380	0.462490290	0.077885762	0.051583450
598	2	2	0.073360354	0.074100971	0.206836209	0.064117044	0.149342060	0.071068428	0.127858728	0.049118206	0.075685263	0.108512737
599	6	6	0.088680200	0.086401545	0.127601177	0.077539787	0.117548339	0.051386446	0.219265506	0.069437340	0.082401551	0.079738021
600	4	4	0.064002804	0.056910869	0.188576862	0.027494337	0.302698731	0.033423834	0.143711254	0.061422635	0.066004105	0.055754535
601	2	2	0.081703268	0.096598454	0.284560472	0.056331400	0.143296733	0.031597219	0.119305067	0.061972883	0.059212718	0.065421805
602	6	2	0.078142434	0.070886321	0.325392902	0.039085008	0.135987505	0.029748481	0.142571896	0.054168917	0.054461986	0.069554560
603	2	4	0.091606669	0.078351505	0.162837848	0.060160369	0.220730975	0.037114531	0.152889073	0.094812192	0.064009696	0.037487160
604	5	5	0.060504623	0.086330973	0.051904745	0.070818551	0.075189702	0.270949215	0.071213059	0.155784965	0.082442030	0.074862115
605	1	1	0.057499856	0.483296931	0.054212261	0.092564769	0.074508235	0.028408566	0.066152439	0.051521849	0.049515117	0.042319991
606	6	4	0.062978104	0.074484088	0.150899306	0.041034393	0.296449304	0.034825977	0.136949033	0.055153761	0.078200363	0.069025725
607	0	0	0.174472541	0.067699768	0.077862188	0.054867432	0.076232053	0.073286444	0.115705945	0.101693444	0.131004408	0.127175793
608	5	5	0.062875405	0.053778183	0.065552264	0.063654907	0.077931553	0.262263894	0.073297098	0.130159229	0.109687947	0.100799486
609	4	4	0.067482054	0.074318752	0.181747422	0.040417403	0.248344406	0.036166623	0.167981669	0.059190661	0.059239432	0.065111563
610	5	5	0.054612994	0.102240294	0.052590471	0.044845197	0.059430264	0.253650278	0.051972277	0.237570688	0.089144640	0.053942870
611	1	1	0.093007326	0.229794636	0.056027215	0.111823171	0.119444646	0.062659971	0.141357526	0.082088806	0.056469072	0.047327563
612	7	7	0.074705288	0.075326532	0.087628402	0.083544269	0.077926911	0.100336932	0.074586108	0.185747653	0.084776044	0.155421898
613	1	6	0.093075179	0.107231274	0.084262371	0.127259478	0.126082465	0.039416924	0.192375675	0.106707156	0.061153106	0.062436320
614	1	1	0.101704188	0.263833612	0.072279729	0.105379440	0.129617065	0.052919444	0.103315040	0.066081211	0.053697418	0.051172830
615	4	6	0.078527898	0.069508694	0.146847740	0.039563302	0.207823023	0.042230025	0.212472051	0.043848641	0.069925196	0.089253403
616	6	6	0.085783780	0.086318791	0.131976321	0.078321017	0.199426845	0.035469353	0.209143147	0.074938729	0.056760579	0.041861471
617	2	4	0.092471965	0.086662620	0.120184444	0.111144729	0.174258456	0.085684039	0.104063474	0.085544512	0.072693288	0.067292497
618	8	8	0.068593927	0.056296967	0.076718204	0.073128574	0.074802309	0.116588704	0.072213426	0.069170602	0.263004214	0.129483089
619	3	3	0.080445863	0.187550649	0.054457497	0.195681065	0.071734749	0.110321440	0.069485515	0.081695780	0.069275469	0.079351924
620	3	3	0.083006315	0.101665609	0.058717530	0.139706373	0.126709759	0.073518306	0.119645715	0.124887981	0.086472645	0.085669763
621	7	9	0.064050391	0.070378929	0.082880475	0.072064213	0.069419533	0.107021809	0.075272039	0.139934257	0.097224563	0.221753821
622	7	9	0.071447544	0.067854762	0.072892442	0.071110435	0.101062715	0.110734493	0.076785959	0.116313905	0.100691564	0.211106181
623	8	8	0.157019734	0.057977002	0.074681982	0.022547994	0.077911146	0.088351578	0.076001547	0.111704029	0.245336086	0.088468902
624	2	2	0.077725381	0.087384298	0.181096390	0.085933566	0.112412229	0.073577926	0.134913012	0.089918785	0.071750134	0.085288294
625	8	7	0.134165123	0.066271685	0.084727526	0.025140744	0.067247465	0.075455040	0.074285939	0.196416229	0.182808131	0.093482137
626	0	0	0.383333117	0.057516310	0.090006039	0.051441554	0.093041122	0.039138727	0.085212477	0.095392324	0.065144524	0.039773814
627	5	7	0.050212830	0.075395755	0.063432887	0.044542603	0.059564773	0.171537980	0.049165163	0.340938807	0.089928329	0.055280820
628	0	6	0.089336880	0.075381793	0.133835942	0.097559296	0.124702856	0.059525602	0.160198689	0.125323683	0.075911649	0.058223628
629	0	0	0.179373950	0.066408962	0.087112620	0.050725173	0.082567073	0.107549384	0.097736612	0.105375379	0.143983975	0.079166763
630	9	9	0.054319192	0.069761984	0.092307314	0.052063543	0.073970310	0.091935404	0.060243573	0.062204596	0.118845180	0.324348927
631	2	6	0.097289175	0.067238055	0.177812427	0.038081631	0.123879820	0.059148673	0.193747476	0.060649261	0.093887776	0.088265792
632	2	4	0.088825770	0.081659615	0.141950488	0.063042477	0.220407799	0.065594554	0.132178977	0.097215302	0.064398885	0.044726215
633	5	7	0.060120258	0.064086497	0.057333261	0.033168841	0.055982042	0.170113564	0.054313753	0.334006429	0.110763125	0.060112238
634	0	0	0.322329402	0.063617982	0.078608625	0.045210905	0.056452408	0.075115137	0.081339441	0.118766479	0.105950750	0.052608795
635	0	0	0.387084544	0.051753219	0.086599842	0.057278067	0.100483410	0.034393176	0.089579634	0.074275471	0.062850080	0.055702597
636	7	7	0.048437741	0.058092311	0.049102131	0.041728891	0.048518248	0.091137081	0.046872720	0.484269440	0.071699753	0.060141671
637	7	7	0.052001033	0.059794400	0.058175221	0.039060071	0.060365882	0.110356115	0.056202818	0.414799362	0.092928790	0.056316216
638	3	3	0.115362816	0.112431996	0.075467922	0.235920116	0.147862747	0.036307253	0.101550058	0.057103168	0.069164433	0.048829410
639	1	1	0.086492136	0.271465510	0.055621848	0.107508317	0.111557446	0.071732268	0.101052597	0.078402720	0.059758209	0.056408923
640	3	1	0.084577784	0.187881783	0.047817335	0.174692109	0.106907219	0.071972236	0.098734081	0.097144648	0.067056671	0.063216127
641	7	7	0.056589182	0.049689688	0.066252038	0.044901147	0.058012910	0.107678257	0.063677371	0.411725789	0.087952971	0.053520657
642	5	5	0.058776770	0.072673582	0.086996645	0.062252801	0.077422753	0.235476777	0.062907569	0.173333555	0.091317862	0.078841768
643	2	6	0.132399455	0.062192194	0.105531432	0.039332025	0.134462029	0.071070075	0.171465695	0.067308448	0.096251756	0.119986907
644	2	4	0.085980460	0.085379697	0.140102878	0.057006408	0.247553825	0.060947817	0.099685960	0.102172554	0.067699552	0.053470906
645	2	2	0.094464608	0.082401127	0.236161530	0.061519191	0.111227602	0.060398728	0.122677661	0.098796479	0.078225389	0.054127619
646	4	4	0.070496403	0.065874912	0.151642904	0.039781135	0.249444589	0.040330704	0.156591579	0.066590235	0.087400004	0.071847603
647	3	3	0.092905067	0.120127812	0.078378558	0.176118955	0.165461913	0.064646259	0.110071316	0.076944932	0.062121920	0.053223331
648	7	7	0.050433047	0.069904514	0.077632785	0.047190778	0.057618834	0.098663308	0.054616049	0.388510019	0.096107788	0.059322860
649	6	0	0.294410586	0.056281079	0.061651733	0.116934039	0.086807616	0.019183997	0.161002964	0.085016944	0.055769444	0.062941626
650	2	6	0.099037893	0.086669914	0.169054821	0.105191603	0.103700906	0.053420722	0.169637874	0.065939270	0.069368817	0.077978112
651	8	1	0.074012965	0.200691104	0.052112583	0.136625528	0.073755130	0.140339464	0.073784225	0.074318305	0.086994261	0.087366320
652	0	1	0.118897460	0.149231523	0.097149007	0.100483410	0.132574156	0.076754697	0.129144818	0.068384677	0.061707802	0.065672398
653	1	1	0.093075536	0.257331371	0.055845208	0.125720739	0.116456836	0.051544920	0.103063568	0.077444986	0.063036300	0.056480519
654	4	4	0.065019734	0.074383914	0.160828292	0.032019820	0.273652762	0.045174900	0.131325498	0.060753874	0.079354517	0.077486694
655	1	1	0.086446561	0.293712229	0.048963979	0.165270329	0.100271933	0.047906622	0.077480100	0.065332107	0.060304936	0.054311171
656	1	1	0.065551586	0.383787245	0.051769800	0.104528196	0.082127452	0.051834628	0.068330213	0.069068260	0.069613367	0.053389266
657	5	5	0.072813153	0.079725668	0.086593963	0.128519386	0.066181391	0.179008543	0.079385161	0.098856062	0.099497944	0.109418660
658	7	7	0.052353907	0.058924567	0.049005006	0.038857304	0.064394668	0.103331022	0.048257791	0.431917608	0.086194128	0.066764012
659	9	9	0.051886316	0.062220220	0.097594619	0.060688816	0.070440657	0.075386338	0.075387783	0.091295466	0.099867649	0.315232158
660	5	4	0.071938738	0.072631389	0.086322568	0.056035727	0.186598092	0.129882708	0.081342697	0.075848974	0.099672228	0.139726967
661	9	9	0.051328164	0.053415705	0.071506605	0.061722610	0.082409233	0.080545016	0.070448689	0.095167965	0.104504570	0.328951418
662	2	2	0.084157512	0.078229666	0.280921578	0.033352379	0.158031344	0.037344452	0.132713303	0.070061155	0.070475966	0.054712649
663	6	6	0.099021979	0.097034380	0.082302019	0.108647898	0.104985937	0.083408289	0.147420079	0.111876681	0.085804693	0.079498015
664	8	8	0.065052010	0.068766542	0.089048028	0.040157679	0.128110215	0.074524015	0.072787032	0.064802632	0.247305691	0.149446145
665	5	9	0.064311855	0.071219958	0.075568855	0.088529743	0.066342570	0.142659068	0.081896849	0.117449947	0.136227980	0.155793130
666	5	7	0.079148412	0.059104595	0.076203316	0.043484960	0.078014903	0.156908244	0.106107935	0.182976797	0.127411231	0.090639636
667	7	7	0.055257216	0.066479780	0.079736814	0.039705891	0.061153229	0.086336784	0.066713959	0.375156134	0.106798083	0.062662169
668	5	5	0.064050831	0.118047096	0.048251558	0.063119516	0.069438785	0.284833044	0.047543954	0.154273286	0.090614416	0.059827492
669	7	7	0.057883326	0.074780755	0.070871986	0.046994317	0.061377592	0.114638127	0.057618916	0.347872943	0.110218547	0.057743490
670	5	5	0.064676896	0.087663457	0.070075832	0.065511473	0.081533670	0.217187151	0.056952599	0.163590416	0.102015331	0.090793215
671	3	1	0.089095205	0.189503342	0.040503778	0.189265028	0.114968717	0.052881990	0.120556019	0.083753526	0.061701011	0.057771366
672	6	6	0.077221267	0.120078586	0.097019300	0.092636697	0.167278364	0.049948573	0.224160314	0.063780986	0.050730769	0.057145227
673	8	8	0.069302320	0.073326312	0.110371992	0.054260217	0.097213961	0.060648847	0.091681056	0.082607709	0.249350801	0.111236803
674	1	1	0.060068443	0.453866243	0.053281054	0.101481579	0.075805888	0.032696713	0.066444039	0.058177687	0.055223964	0.042954464
675	5	7	0.054313824	0.080932833	0.064565092	0.041218955	0.057378214	0.213776663	0.050218549	0.279344916	0.097751945	0.060499020
676	6	3	0.079645343	0.116301842	0.065273963	0.153577924	0.097807847	0.119834751	0.085089542	0.117727831	0.081120618	0.083620347
677	5	7	0.053505234	0.083440199	0.056299347	0.040120814	0.054175705	0.243547112	0.049849823	0.260274112	0.101911232	0.056876417
678	9	9	0.056120340	0.055412363	0.081847087	0.032389700	0.062141217	0.084326662	0.067508921	0.072702937	0.099611901	0.387938917
679	9	9	0.052795082	0.069245845	0.074840352	0.066058107	0.055489842	0.073859505	0.059911814	0.115735546	0.098668620	0.333395302
680	3	3	0.106888495	0.116945609	0.081881255	0.185007989	0.137364000	0.049810961	0.110077016	0.078917876	0.067679808	0.065427020
681	3	3	0.096621349	0.119225159	0.054438993	0.155923963	0.091527879	0.062544286	0.116709530	0.145812243	0.084467255	0.072729334
682	7	7	0.053794272	0.075953692	0.050550424	0.049462162	0.055495340	0.141527623	0.047993422	0.379078388	0.092038482	0.054106258
683	6	4	0.079407305	0.073819965	0.157495737	0.047511902	0.240335509	0.044288732	0.148312032	0.100671642	0.062336128	0.045821052
684	4	4	0.075795829	0.070763707	0.128000617	0.058666572	0.301570773	0.035503507	0.141555265	0.069303013	0.064407431	0.054433152
685	0	0	0.282041252	0.064993061	0.088967882	0.055701397	0.077147432	0.071984544	0.089395553	0.122941978	0.088484548	0.058342304
686	3	4	0.104858510	0.174315691	0.056070749	0.149560079	0.186604023	0.047662530	0.114178032	0.063730553	0.052498855	0.050521031
687	0	3	0.117100172	0.146987349	0.086224109	0.166671887	0.138843954	0.044285011	0.107625857	0.066729434	0.072603613	0.052928649
688	3	1	0.089230590	0.175896913	0.053353153	0.168834150	0.077271976	0.080085188	0.107849509	0.107009985	0.065183833	0.075284712
689	5	5	0.056083169	0.069528423	0.064548150	0.057828028	0.080627568	0.188928321	0.081088938	0.109594919	0.124064371	0.167708054
690	1	1	0.067772925	0.397873491	0.063934721	0.097118981	0.083046809	0.043279238	0.070176587	0.059143730	0.064604573	0.053048935
691	6	6	0.104947567	0.101819716	0.157645047	0.079338044	0.123700969	0.047827836	0.200602695	0.061567735	0.065255158	0.057295199
692	1	1	0.057523895	0.467898399	0.056808859	0.093318433	0.079511419	0.034184519	0.065522678	0.055182401	0.049970478	0.040078908
693	3	3	0.094748661	0.181109458	0.061078243	0.243367106	0.121135406	0.052999098	0.092439711	0.064448163	0.042553507	0.046120655
694	7	7	0.049154010	0.095747352	0.061467946	0.050298106	0.053434666	0.162604883	0.046385985	0.332074136	0.091118068	0.057714846
695	2	2	0.087121308	0.073536389	0.167646468	0.059584871	0.107729621	0.074849859	0.155167967	0.146851256	0.068329647	0.059182614
696	8	8	0.070141725	0.094696999	0.105818748	0.052786708	0.078907229	0.032046054	0.081064917	0.105940320	0.279744655	0.098852687
697	0	6	0.091194242	0.087562740	0.109996386	0.079355642	0.190424711	0.028267981	0.238363296	0.061281014	0.071124949	0.042429000
698	5	9	0.072078951	0.069731571	0.095570385	0.093306579	0.058288623	0.149890020	0.073792294	0.121739566	0.098603383	0.166998595
699	3	6	0.083572619	0.153039664	0.062235706	0.108261049	0.137468413	0.057328463	0.166483849	0.110528871	0.058712013	0.062369376
700	8	8	0.064796381	0.058696665	0.091349997	0.033623766	0.067006871	0.085651413	0.085653581	0.099303722	0.277817309	0.136100277
701	8	8	0.056220807	0.071677133	0.087956987	0.099869885	0.119205415	0.111240231	0.092503451	0.084724776	0.163374305	0.113226987
702	6	6	0.090717688	0.076487325	0.107089907	0.086308248	0.077889629	0.078043565	0.211331993	0.077937432	0.092454180	0.101739958
703	6	4	0.089751676	0.075480804	0.160896257	0.053668834	0.197279558	0.035983883	0.170450360	0.102406263	0.059569765	0.054512531
704	9	9	0.047877733	0.065896526	0.078649200	0.064958274	0.060942907	0.074777544	0.061154969	0.095522612	0.093357436	0.356862783
705	4	4	0.090041913	0.100926541	0.069071412	0.128272414	0.255205929	0.031792384	0.133224681	0.071405560	0.067201041	0.052858088
706	7	7	0.050483193	0.055858318	0.055214632	0.036226232	0.053386889	0.127390966	0.063375816	0.398371369	0.100592040	0.059100602
707	9	9	0.055850703	0.062549926	0.088806309	0.109794781	0.065400235	0.110095650	0.071462326	0.100908652	0.105740681	0.229390711
708	4	4	0.061391585	0.068334833	0.169896647	0.033133131	0.337740213	0.037884999	0.117915571	0.063472159	0.060085975	0.050144915
709	7	7	0.056931309	0.069333084	0.058618318	0.038997445	0.055373091	0.109243788	0.049278907	0.398199320	0.103296682	0.060728032
710	3	1	0.079219967	0.211087227	0.056397133	0.206988469	0.100156076	0.066005431	0.068939447	0.081600927	0.068596557	0.061008777
711	9	9	0.056747116	0.060415085	0.099121146	0.086567044	0.076660663	0.078498214	0.090985231	0.088094734	0.106609523	0.256301194
712	7	7	0.049619511	0.071229830	0.064886257	0.040881399	0.051512741	0.094624154	0.048347633	0.427883416	0.093338594	0.057676472
713	4	6	0.097095445	0.056866150	0.062376864	0.070532151	0.182471618	0.049855486	0.274688780	0.074213415	0.072672427	0.059227619
714	3	3	0.113097638	0.097033560	0.082782254	0.256995082	0.111421831	0.022613803	0.104817241	0.086745702	0.073407315	0.051085554
715	3	3	0.102005385	0.187018886	0.058180001	0.220138952	0.140343711	0.046170119	0.085838959	0.054124981	0.054185469	0.051993541
716	9	9	0.049736977	0.062896684	0.067207329	0.053416770	0.068589181	0.074004523	0.067894801	0.096851759	0.117068820	0.342333078
717	2	4	0.087370425	0.071329616	0.113347292	0.076800771	0.255096197	0.047192689	0.151376382	0.078724720	0.066915244	0.051846590
718	4	6	0.094708808	0.079757333	0.070396028	0.117492430	0.158172369	0.031644698	0.252641827	0.086159661	0.061133251	0.047893550
719	0	0	0.227391973	0.118710332	0.059246060	0.097257175	0.080056146	0.061601292	0.121306516	0.084467247	0.087447897	0.062515326
720	9	9	0.061718468	0.053953741	0.124391824	0.060463864	0.104286283	0.089086503	0.068872750	0.085520864	0.112865709	0.238839939
721	5	9	0.076159038	0.058327653	0.100423217	0.055742048	0.091659181	0.135299295	0.069579385	0.115589388	0.118684113	0.178536698
722	8	8	0.102829389	0.079463348	0.053473610	0.110869959	0.066697635	0.108495250	0.084658608	0.088175595	0.211036846	0.094299719
723	8	8	0.067461409	0.083257943	0.081795670	0.039837915	0.091455191	0.068681300	0.075446956	0.057865236	0.240663961	0.193534479
724	3	3	0.101862162	0.093669474	0.128686726	0.166239589	0.153127283	0.031576741	0.148953110	0.063464649	0.058628131	0.053792093
725	3	4	0.098618612	0.069631442	0.099200450	0.119151101	0.223001897	0.034108646	0.130142942	0.110111952	0.064083867	0.051949114
726	4	4	0.064260527	0.074606784	0.210588291	0.029337835	0.229049772	0.047793064	0.136420801	0.076930538	0.073093832	0.057918552
727	7	7	0.063504465	0.065048195	0.057591032	0.044353519	0.058267731	0.095375709	0.063729770	0.330483794	0.125966012	0.095679738
728	3	3	0.100220360	0.135052264	0.063575931	0.219011590	0.149614185	0.043892633	0.117122971	0.058304235	0.058302101	0.054903951
729	0	0	0.260400891	0.079762682	0.090429276	0.079139352	0.123559989	0.030534128	0.112790391	0.079039760	0.074509256	0.069834344
730	9	9	0.057874672	0.050418448	0.128836021	0.037042134	0.081724748	0.100249141	0.072458975	0.067938797	0.126690939	0.276766151
731	7	9	0.065449350	0.072061747	0.101626806	0.064208969	0.073279656	0.093553804	0.062561162	0.084860481	0.099190317	0.283207655
732	6	2	0.090846725	0.095180713	0.194569752	0.093209654	0.073249206	0.089349158	0.107633971	0.092072047	0.086117178	0.077771612
733	7	7	0.054636043	0.058850601	0.062529117	0.040984582	0.056351896	0.096110977	0.055674270	0.420319289	0.091610774	0.062932454
734	8	8	0.067609616	0.063081220	0.092052989	0.063600034	0.085614964	0.081466384	0.094117455	0.089723259	0.268557876	0.094176166
735	9	9	0.059279285	0.046449538	0.107880928	0.051794041	0.078420520	0.110833175	0.065345317	0.073231973	0.116504751	0.290260553
736	5	5	0.055729177	0.077304080	0.059256479	0.046769101	0.066064522	0.243776172	0.053209048	0.212939098	0.106745131	0.078207202
737	0	0	0.370401829	0.057182200	0.106485568	0.050538957	0.118619263	0.024574328	0.094231039	0.073743701	0.058262169	0.045960888
738	2	2	0.087888546	0.064715132	0.297622353	0.046494149	0.162838757	0.033987854	0.133575290	0.049971137	0.048528295	0.074378453
739	3	3	0.100959443	0.153779551	0.069669709	0.232685745	0.114077412	0.040725503	0.102646343	0.083619624	0.055255629	0.046581097
740	3	4	0.101289906	0.075985059	0.109161817	0.146590218	0.223340511	0.033941891	0.117468514	0.064933538	0.067926697	0.059361812
741	6	6	0.192377284	0.074934542	0.062170621	0.073321536	0.107411355	0.060858656	0.220411211	0.065186560	0.099408276	0.043919902
742	1	1	0.081094556	0.272499055	0.058090944	0.100295261	0.114160009	0.062667683	0.117007017	0.070973091	0.071917713	0.051294625
743	6	6	0.099741332	0.103406698	0.060829181	0.142242417	0.145105079	0.047258176	0.149455771	0.125905231	0.064123951	0.061932147
744	9	9	0.048789907	0.051636886	0.102493167	0.043516118	0.063975289	0.076582253	0.079655468	0.062510118	0.101419233	0.369421571
745	4	4	0.053595703	0.063965924	0.128698677	0.046012186	0.422515154	0.041684773	0.091424465	0.071063735	0.041605581	0.039433766
746	8	8	0.169056177	0.068623833	0.071320646	0.021315129	0.087061755	0.070524432	0.090470940	0.103271835	0.215967968	0.102387272
747	0	0	0.236743420	0.056634326	0.067474812	0.069202527	0.127598777	0.038250439	0.209930196	0.083822913	0.057378329	0.052964289
748	0	0	0.409387857	0.052531235	0.063088931	0.050944854	0.109372780	0.022902731	0.125549138	0.066875815	0.051071052	0.048275586
749	9	9	0.059020292	0.070361681	0.071179219	0.069252171	0.078416489	0.093414091	0.088535286	0.095755674	0.076117389	0.297947675
750	0	0	0.294853061	0.056906383	0.065704018	0.047963407	0.083458267	0.080263712	0.097437061	0.096698351	0.115979142	0.060736600
751	8	1	0.068872839	0.204382300	0.056960773	0.071998559	0.156651676	0.093700424	0.080430761	0.100691438	0.081340209	0.084970959
752	3	1	0.082963102	0.194466516	0.053409766	0.192830533	0.075046293	0.090506032	0.081026696	0.089735515	0.069157131	0.070858471
753	9	9	0.076546356	0.071188010	0.113539584	0.062072117	0.104828827	0.100909516	0.078844815	0.076484717	0.110582583	0.205003515
754	2	4	0.096415527	0.091164611	0.158189848	0.073895648	0.237727329	0.035927158	0.113562047	0.081660889	0.056904785	0.054552168
755	2	6	0.097294286	0.053322129	0.103661060	0.090048127	0.088942491	0.049598597	0.262791902	0.112222984	0.061786115	0.080332235
756	0	6	0.094285369	0.131554589	0.061874703	0.120033421	0.112240165	0.062342957	0.172454059	0.127290055	0.060882960	0.057041634
757	8	8	0.080996700	0.077882096	0.124401383	0.049385313	0.101544552	0.032756146	0.100949422	0.122896455	0.231975451	0.077212475
758	5	9	0.062760055	0.054706853	0.091361254	0.066353284	0.119285747	0.133539617	0.136359408	0.073701322	0.107972845	0.153959543
759	7	7	0.052367106	0.091238081	0.069639131	0.047150794	0.056870479	0.103096731	0.054024160	0.362583578	0.100235514	0.062794484
760	1	1	0.070428558	0.417053729	0.057162330	0.108560070	0.092007004	0.026057024	0.078639649	0.057838820	0.049617466	0.042635407
761	2	2	0.086722642	0.087459676	0.184410661	0.060832884	0.178805694	0.032264505	0.166274816	0.062542580	0.070024036	0.070662484
762	9	9	0.047162972	0.068237618	0.071536869	0.079343855	0.058961976	0.103278317	0.054883305	0.093469769	0.125216052	0.297909290
763	5	5	0.059293505	0.085173808	0.062643394	0.050743099	0.060046554	0.243284181	0.050658967	0.213451564	0.114433311	0.060271669
764	8	8	0.148352891	0.053852554	0.089302897	0.035818074	0.065786913	0.076028138	0.074867554	0.130095214	0.237430945	0.088464789
765	8	8	0.067289226	0.077984437	0.075789504	0.060267605	0.056639411	0.034015734	0.071144737	0.077412315	0.375482023	0.103975043
766	5	5	0.071017146	0.075453959	0.075932361	0.086030520	0.117751785	0.173958853	0.075865909	0.101661362	0.086602941	0.135725215
767	8	6	0.084348150	0.067214832	0.129289731	0.082539886	0.091862619	0.050900977	0.164437056	0.102923319	0.152534842	0.073948614
768	6	8	0.088905692	0.084443681	0.121080913	0.077638648	0.099359319	0.049436871	0.125988051	0.133625835	0.140466884	0.079054140
769	4	2	0.088978514	0.101304188	0.171125144	0.086691730	0.125632405	0.066743307	0.124235861	0.075266972	0.071494736	0.088527039
770	4	6	0.077509940	0.065959141	0.089283042	0.109521471	0.093790978	0.055011071	0.202251792	0.124425948	0.105198987	0.077047668
771	1	1	0.082733452	0.256080866	0.051620446	0.093861841	0.167767838	0.061229102	0.105637036	0.065487623	0.061894622	0.053687103
772	4	4	0.069978155	0.094768330	0.176906854	0.048391607	0.230482534	0.048344463	0.157211259	0.044244993	0.062289909	0.067381844
773	7	7	0.050092056	0.086801276	0.058870099	0.040858287	0.051050767	0.097020075	0.045278147	0.426080853	0.085953176	0.057995167
774	2	6	0.078595385	0.096591808	0.092913434	0.116526283	0.095426455	0.076581955	0.137247533	0.121652879	0.084503219	0.099960975
775	9	9	0.060052957	0.055819903	0.096588448	0.065925866	0.120858170	0.098867148	0.099615730	0.075732045	0.107166827	0.219372898
776	5	5	0.077227540	0.086958043	0.075753756	0.082097098	0.102547102	0.163657889	0.081987664	0.095772989	0.106381677	0.127616301
777	6	6	0.085421115	0.087239578	0.144053966	0.058499668	0.146753758	0.033717763	0.243819132	0.043401413	0.067506522	0.089586996
778	7	7	0.069642276	0.080235235	0.084717132	0.061691668	0.064635128	0.093131550	0.068622187	0.288450152	0.069165044	0.119709618
779	4	2	0.078950182	0.096032023	0.243050098	0.045895848	0.136564285	0.030204777	0.153309837	0.053295594	0.069317572	0.093379699
780	7	7	0.055886876	0.094582200	0.064296558	0.043417193	0.059860077	0.146829054	0.046885155	0.352377921	0.080813177	0.055051710
781	9	9	0.055043545	0.057110995	0.060257491	0.051662393	0.055006266	0.101901896	0.055645972	0.101687931	0.074157707	0.387525797
782	8	8	0.068918057	0.078658707	0.094794482	0.058824733	0.151982874	0.062590897	0.120003179	0.068698578	0.173812658	0.121715926
783	9	9	0.055959553	0.055102121	0.085708253	0.059978869	0.061309118	0.122427709	0.074213736	0.083399385	0.098035470	0.303865790
784	3	2	0.087193407	0.084259205	0.171036273	0.064397566	0.160306811	0.030012518	0.154323265	0.123766266	0.082947239	0.041757453
785	3	3	0.078153268	0.160712525	0.060007215	0.236462221	0.094987676	0.069242492	0.069991842	0.099824682	0.071322136	0.059295878
786	2	2	0.082415193	0.081779815	0.301289022	0.040139318	0.139330819	0.032733865	0.130911365	0.069506250	0.053861309	0.068033114
787	5	5	0.058365319	0.127984077	0.055945329	0.063228868	0.074024625	0.246380448	0.053825971	0.182897180	0.071064427	0.066283725
788	0	0	0.388035417	0.057473645	0.077139631	0.059553292	0.102092400	0.026889829	0.124033637	0.070298262	0.044184711	0.050299197
789	8	8	0.066835053	0.070360526	0.085214205	0.037524294	0.076791011	0.046197481	0.073420584	0.060789485	0.346669704	0.136197641
790	2	6	0.093201980	0.066634640	0.136791065	0.052175716	0.179572508	0.034340099	0.229887232	0.064005002	0.077491350	0.065900445
791	6	0	0.378553748	0.051797368	0.086658537	0.058445424	0.098086558	0.026171010	0.123990327	0.070265822	0.057458758	0.048572451
792	1	1	0.081272714	0.333742052	0.055242084	0.098954380	0.088608012	0.062779151	0.072771102	0.072382167	0.071443066	0.062805250
793	3	1	0.086019456	0.256003797	0.063529909	0.150459200	0.100604437	0.066577360	0.083452843	0.079310223	0.055277389	0.058765393
794	6	6	0.088819593	0.063589267	0.145713583	0.056847151	0.128475800	0.072394133	0.172366440	0.060785070	0.088980056	0.122028910
795	9	9	0.041348040	0.047261197	0.079553261	0.050873958	0.083849385	0.056137040	0.054976542	0.064542681	0.102300152	0.419157773
796	1	1	0.065019690	0.437959373	0.051282205	0.101075150	0.077454701	0.033036359	0.064432502	0.059945874	0.062713355	0.047080912
797	9	9	0.065796137	0.058125407	0.080626167	0.082697846	0.052619867	0.131814122	0.050293196	0.102232277	0.094711527	0.281083524
798	4	3	0.100344412	0.144539177	0.055055212	0.188344479	0.162693515	0.050491024	0.114828058	0.070959859	0.059997998	0.052746255
799	8	8	0.064524345	0.091005586	0.070937075	0.090741500	0.064677484	0.038930211	0.082066037	0.090733759	0.316941530	0.089442447
800	4	4	0.051944792	0.070449598	0.124299981	0.028617343	0.434078336	0.038741693	0.097610898	0.056431320	0.044055261	0.053770766
801	0	0	0.264017075	0.089889511	0.068789281	0.078384042	0.092682064	0.059512217	0.108765207	0.099700339	0.073836066	0.064424261
802	3	1	0.073734052	0.217784896	0.061478894	0.216296285	0.106521696	0.074291468	0.068773001	0.062721558	0.061001714	0.057396434
803	9	9	0.056725498	0.066609547	0.070265166	0.076614782	0.062367242	0.084329441	0.070799969	0.099790946	0.126094088	0.286403328
804	8	8	0.088653743	0.046668690	0.133045673	0.077199228	0.095659845	0.050140262	0.109647475	0.099016607	0.220650256	0.079318151
805	5	5	0.089955650	0.090505727	0.084914230	0.080583930	0.099673197	0.181491598	0.091854222	0.085204050	0.098241672	0.097575597
806	2	2	0.095914356	0.092874959	0.227719843	0.073391773	0.156337127	0.033311449	0.121380620	0.079733722	0.059064709	0.060271315
807	3	3	0.101565890	0.107683443	0.088857211	0.161286861	0.159835711	0.044075616	0.131824791	0.087767884	0.058802009	0.058300521
808	5	5	0.058933247	0.077264532	0.085924327	0.086628340	0.096812941	0.205173165	0.078283094	0.106505789	0.086155578	0.118318878
809	8	8	0.056316059	0.087169543	0.086727493	0.044068441	0.101114698	0.083541028	0.071676292	0.070822313	0.213116840	0.185447231
810	7	7	0.055992972	0.108411506	0.063413881	0.045818523	0.056904756	0.155594811	0.043954521	0.328359455	0.089882195	0.051667366
811	9	9	0.060204111	0.060746163	0.082225323	0.040701237	0.108654059	0.078765124	0.062468685	0.066413172	0.109188557	0.330633581
812	7	7	0.065620296	0.072085992	0.071355939	0.058796972	0.070602678	0.150645331	0.064127259	0.276415646	0.085374787	0.084975056
813	7	7	0.050926182	0.063590787	0.053024966	0.033859380	0.053976506	0.123097189	0.049923275	0.431184411	0.085890241	0.054527093
814	3	3	0.073143847	0.198099002	0.046491798	0.287963837	0.092012070	0.049456827	0.077067405	0.058007147	0.062140603	0.055617452
815	6	0	0.292481035	0.064770304	0.088876151	0.065288506	0.105542913	0.050958447	0.128602222	0.085812919	0.067516916	0.050150566
816	1	1	0.076962307	0.362090230	0.062598586	0.103068493	0.095009953	0.048744306	0.074430130	0.069027260	0.055542555	0.052526332
817	8	8	0.071968675	0.082683444	0.086364798	0.076685041	0.070768021	0.051624984	0.078444429	0.088339567	0.296678901	0.096442141
818	5	8	0.096943341	0.053270914	0.080027573	0.069545783	0.062875167	0.140436262	0.080627598	0.136652783	0.147120818	0.132499799
819	3	3	0.093429916	0.150025427	0.063973010	0.234170407	0.158559963	0.039392870	0.102165602	0.057270706	0.055392340	0.045619674
820	6	6	0.095237993	0.067710385	0.088864356	0.082944512	0.078973040	0.097229928	0.151117668	0.118429527	0.101760238	0.117732339
821	6	0	0.285633415	0.077069044	0.070503131	0.093986899	0.123466574	0.027299011	0.123028763	0.078304239	0.068221532	0.052487366
822	8	7	0.068016693	0.085055567	0.107347652	0.041891210	0.068522610	0.063484855	0.073622622	0.200896963	0.199728966	0.091432802
823	2	2	0.080733307	0.083530471	0.236286834	0.037009206	0.181748822	0.039437979	0.118441723	0.108130790	0.066795126	0.047885697
824	7	7	0.045514561	0.050213933	0.057031184	0.044826213	0.057963304	0.117956907	0.056012530	0.422887772	0.085251369	0.062342286
825	1	1	0.067606650	0.345426410	0.064405456	0.098589249	0.086587064	0.069953837	0.066395454	0.075510859	0.066252470	0.059272464
826	9	9	0.055782177	0.052106187	0.087558649	0.039388545	0.125268072	0.091802113	0.059051279	0.084137201	0.139362603	0.265543163
827	2	4	0.081308037	0.077893116	0.166618660	0.062807344	0.190614089	0.068382017	0.120922327	0.107330672	0.072796077	0.051327646
828	3	6	0.085559130	0.096060880	0.067571901	0.140100807	0.132315129	0.045416083	0.197603002	0.118057765	0.062388711	0.054926552
829	4	4	0.091276564	0.072118759	0.172125310	0.030197270	0.216839254	0.060818169	0.139969766	0.072075553	0.089601964	0.054977342
830	3	3	0.097676620	0.133158579	0.072111383	0.301629841	0.113900363	0.037110303	0.082543440	0.050863765	0.062236980	0.048768815
831	5	5	0.062452767	0.074733354	0.059229046	0.041574944	0.072493277	0.246324688	0.055664860	0.243547812	0.090137213	0.053841997
832	7	9	0.058837466	0.073710017	0.098642349	0.111559108	0.065817736	0.112011142	0.066430040	0.118995316	0.100950770	0.193046048
833	9	9	0.057984520	0.068926804	0.078500539	0.091697723	0.076378115	0.083008893	0.073884875	0.128368691	0.105154455	0.236095369
834	8	8	0.062695533	0.060753841	0.086263187	0.041772772	0.076017052	0.084657229	0.095416792	0.065747954	0.277658045	0.149017587
835	7	7	0.053969603	0.100661330	0.053822942	0.046580631	0.053593047	0.139931694	0.045871329	0.362392902	0.090497203	0.052679271
836	9	7	0.051586926	0.066598088	0.057895228	0.034928054	0.049609419	0.101962648	0.041626494	0.441983819	0.089969657	0.063839741
837	5	5	0.068873748	0.103749380	0.052758504	0.061142284	0.085957743	0.259526074	0.064087301	0.136249661	0.086212046	0.081443317
838	0	1	0.112354137	0.233416289	0.048100129	0.098564126	0.130645856	0.060559630	0.121384911	0.069282874	0.071584165	0.054107781
839	8	8	0.093867816	0.080737963	0.102260776	0.100460954	0.088689141	0.047679301	0.138029516	0.129416764	0.145892993	0.072964787
840	5	5	0.060899727	0.076305494	0.046147995	0.054266032	0.080999270	0.320693552	0.056380603	0.133444816	0.085842609	0.085019924
841	2	2	0.109311581	0.072751276	0.244616926	0.079388283	0.143477023	0.037473645	0.143526018	0.084234737	0.047883037	0.037337411
842	4	4	0.074750938	0.085601449	0.135137051	0.049643017	0.285115331	0.051009454	0.164083615	0.042139031	0.059862610	0.052657530
843	7	7	0.053862855	0.057589710	0.059513055	0.040176481	0.055414248	0.101331607	0.062884033	0.420278400	0.084800117	0.064149514
844	2	6	0.101624183	0.100915901	0.088644557	0.121772975	0.109181121	0.070600547	0.147482052	0.088952459	0.088118136	0.082708061
845	4	4	0.070857547	0.077245049	0.143634215	0.069261879	0.307593703	0.046376497	0.117613584	0.075964198	0.051018577	0.040434819
846	2	2	0.090464048	0.093509085	0.246738076	0.090395086	0.089903764	0.055065926	0.103403352	0.101780295	0.078389086	0.050351333
847	0	0	0.297461897	0.071339108	0.084958389	0.058319978	0.089718446	0.050429624	0.104763024	0.121522002	0.076382272	0.045105170
848	2	2	0.105489403	0.076924302	0.153073609	0.087714158	0.112873890	0.079875045	0.114737108	0.134415954	0.074797735	0.060098760
849	7	7	0.050021604	0.076853633	0.065805584	0.045818679	0.058125250	0.131236941	0.062636234	0.341522217	0.105085574	0.062894329
850	6	4	0.072547533	0.079313852	0.138551772	0.057483509	0.244261578	0.036703512	0.195094809	0.063380189	0.056349799	0.056313492
851	1	1	0.064366095	0.416555464	0.060999114	0.089818478	0.090044424	0.043562021	0.073193327	0.060568426	0.052222874	0.048669890
852	8	8	0.064929813	0.091010213	0.095160335	0.080692202	0.079441644	0.040679615	0.064157188	0.102459460	0.306782961	0.074686468
853	4	4	0.081160575	0.074144326	0.159796193	0.063684464	0.235629395	0.040467776	0.162644789	0.072304972	0.067551903	0.042615630
854	0	0	0.167584628	0.076295339	0.091380544	0.109450482	0.129356831	0.053730413	0.111688226	0.095521085	0.079630405	0.085361958
855	2	2	0.089206152	0.103015095	0.182197571	0.107099287	0.071755134	0.079325192	0.108235218	0.082519442	0.084307551	0.092339367
856	0	6	0.133629113	0.111721434	0.076756150	0.124363527	0.140662283	0.053678971	0.153943539	0.080712311	0.068835460	0.055697251
857	9	9	0.047974590	0.053593852	0.123576298	0.048489854	0.095425047	0.113888510	0.069191568	0.074042998	0.105489336	0.268327981
858	4	4	0.067026310	0.076075487	0.196652099	0.044548810	0.226209387	0.040968183	0.164743945	0.059629995	0.062657863	0.061487928
859	2	4	0.069298074	0.061252687	0.214884043	0.024743797	0.320036292	0.034234200	0.110721312	0.054043170	0.058636919	0.052149490
860	3	3	0.086167082	0.082326636	0.084650733	0.296493649	0.123674691	0.028792299	0.107138224	0.058478259	0.076493509	0.055784997
861	1	1	0.055769369	0.387818903	0.060156807	0.082699306	0.078815073	0.070246823	0.067113809	0.067438737	0.074225828	0.055715390
862	0	0	0.370178342	0.073945567	0.064088508	0.067439593	0.110477589	0.025090596	0.117040649	0.065581344	0.068400882	0.037756875
863	5	5	0.108411558	0.053213306	0.081668742	0.086628065	0.063415803	0.169962704	0.094756886	0.098017126	0.123308815	0.120617010
864	9	9	0.056561638	0.066141650	0.079977483	0.073499136	0.067742467	0.080236658	0.066145927	0.106891803	0.081511877	0.321291357
865	3	3	0.074930452	0.145702064	0.033927239	0.167223260	0.065512829	0.080860227	0.119547211	0.137025103	0.087509230	0.087762348
866	6	4	0.078607820	0.082310237	0.138852343	0.050675415	0.243807793	0.028610416	0.208041146	0.065502800	0.055174865	0.048417181
867	4	4	0.069575764	0.083187334	0.200264201	0.048475325	0.231510982	0.040239576	0.137046158	0.045938578	0.070937060	0.072825059
868	7	9	0.064450912	0.064966418	0.086428769	0.076277070	0.097968109	0.094435506	0.062748387	0.178057969	0.069859691	0.204807147
869	5	7	0.073946193	0.066211939	0.084466964	0.051558971	0.065981105	0.160383210	0.072281867	0.201233879	0.138967186	0.084968664
870	6	2	0.068227328	0.085181266	0.223689944	0.045607280	0.197908342	0.031651627	0.131526068	0.049301542	0.077631824	0.089274764
871	0	0	0.285140365	0.057596773	0.087297514	0.046105959	0.083500639	0.045122243	0.120663561	0.139087558	0.100123517	0.035361871
872	0	0	0.226546049	0.078323826	0.120566510	0.061694838	0.108653478	0.032417722	0.176578626	0.081368342	0.061969034	0.051881596
873	4	4	0.072962150	0.070747927	0.181639209	0.045320816	0.261529773	0.041230895	0.133594781	0.100151502	0.057930592	0.034892436
874	7	9	0.051524352	0.054750711	0.069389306	0.072521098	0.076700881	0.119863905	0.084836364	0.122800976	0.091912679	0.255699724
875	1	6	0.092661731	0.094467983	0.074435987	0.117762916	0.160933465	0.049778640	0.162821338	0.121608943	0.063960321	0.061568707
876	3	3	0.096505582	0.083508581	0.085228927	0.278632879	0.134739742	0.039440330	0.100210667	0.059688475	0.069716066	0.052328788
877	5	5	0.085077450	0.076860413	0.112884931	0.078868628	0.071110666	0.154300123	0.090362467	0.098652579	0.094232976	0.137649775
878	5	5	0.059230760	0.097616456	0.056577805	0.055526644	0.065070458	0.270008415	0.063424595	0.165263191	0.088864423	0.078417204
879	0	0	0.332807750	0.054687668	0.084813669	0.052146461	0.075323872	0.044399232	0.134005189	0.120279007	0.073972747	0.027564364
880	7	7	0.050751891	0.111060821	0.058775384	0.042215038	0.052094322	0.148110971	0.044534996	0.363172889	0.076634333	0.052649442
881	4	4	0.080558196	0.117275998	0.074450105	0.106343210	0.288657129	0.048920713	0.098077878	0.066069819	0.061838184	0.057808641
882	4	4	0.065661758	0.067408755	0.170287117	0.027505931	0.298457056	0.050020292	0.112307921	0.055502128	0.071849138	0.080999844
883	1	1	0.094664492	0.193173811	0.061963417	0.123001829	0.110785872	0.044116799	0.162939742	0.087390915	0.068510637	0.053452507
884	2	4	0.077933788	0.070029050	0.115831181	0.048672609	0.215408683	0.072771691	0.127123088	0.077787749	0.085529990	0.108912133
885	3	1	0.087851055	0.184393480	0.054080743	0.176242664	0.076708853	0.094335087	0.069630936	0.085768394	0.085440904	0.085547857
886	1	1	0.053137701	0.476318389	0.056490149	0.086978160	0.081497446	0.040289767	0.059622202	0.058591206	0.046300676	0.040774323
887	3	1	0.094429091	0.209896594	0.050850648	0.147150442	0.131236315	0.069900520	0.111973226	0.073423229	0.064370312	0.046769582
888	6	4	0.068138868	0.093199328	0.048312392	0.095248289	0.310618281	0.045438863	0.142345592	0.078172073	0.067260928	0.051265404
889	4	4	0.077097952	0.084027864	0.122932062	0.099481978	0.339328498	0.030508561	0.091367096	0.064917997	0.047271155	0.043066949
890	7	7	0.044866916	0.050425507	0.056101911	0.033683393	0.052450210	0.083017536	0.052480195	0.480654478	0.088746555	0.057573307
891	2	6	0.094873644	0.079738647	0.118220963	0.087258965	0.162182242	0.037819054	0.249349594	0.057986002	0.065275155	0.047295734
892	5	5	0.059379224	0.062919833	0.059815425	0.052854806	0.057642642	0.253512710	0.058998190	0.236312479	0.103252344	0.055312283
893	8	8	0.162082747	0.045126263	0.060864098	0.044111557	0.069095649	0.101120181	0.120936550	0.063371688	0.186209619	0.147081643
894	0	0	0.261163533	0.069830567	0.096739493	0.108453155	0.076741859	0.035773985	0.092937678	0.113478355	0.089643851	0.055237550
895	1	1	0.066505477	0.429671139	0.051957469	0.103296101	0.080965310	0.040305898	0.064070202	0.052959636	0.064624131	0.045644674
896	2	4	0.083776534	0.069701634	0.207048506	0.041289575	0.234990761	0.034968402	0.133282945	0.090903662	0.061622623	0.042415328
897	0	0	0.396526366	0.051745623	0.087224424	0.060294356	0.096122764	0.029571576	0.103068560	0.067053415	0.061022151	0.047370799
898	4	2	0.071565479	0.071880065	0.212801844	0.040793601	0.201562688	0.040387429	0.191826746	0.049572788	0.058006275	0.061603185
899	3	3	0.142460123	0.107690737	0.061414409	0.240673512	0.100135610	0.024211312	0.111213833	0.072108552	0.081421748	0.058670104
900	2	2	0.098545097	0.079371445	0.245465875	0.078328364	0.127451986	0.035175264	0.133403927	0.103800595	0.052448671	0.046008814
901	5	5	0.066507265	0.067889914	0.069916092	0.038347919	0.057756890	0.251232177	0.064608105	0.225977257	0.105465233	0.052299049
902	1	1	0.068991341	0.370744675	0.070694037	0.095922142	0.109544851	0.045020323	0.083253093	0.066783302	0.045268904	0.043777265
903	0	0	0.349498481	0.051065739	0.085527770	0.048183162	0.104272731	0.034949832	0.131383419	0.069550574	0.074767180	0.050801139
904	0	0	0.264324009	0.058817405	0.084990874	0.065067843	0.107750796	0.052537382	0.157685697	0.097772613	0.075341247	0.035712153
905	7	7	0.055740263	0.074710213	0.098399222	0.067333773	0.073752597	0.112133726	0.086595632	0.190231800	0.120263994	0.120838799
906	7	7	0.050948914	0.048765294	0.052796323	0.035521179	0.055791065	0.099018455	0.064188138	0.449147344	0.087600783	0.056222487
907	7	7	0.054338902	0.059273690	0.072454236	0.053032193	0.059716176	0.088203937	0.080987014	0.209288463	0.121401079	0.201304331
908	9	9	0.045002796	0.054871935	0.105777480	0.043379448	0.081623361	0.075569451	0.051176403	0.090634532	0.082160845	0.369803756
909	1	1	0.074716784	0.320767999	0.053007163	0.093129873	0.109742895	0.055240519	0.097308651	0.067736052	0.079170518	0.049179640
910	5	7	0.062345620	0.091023728	0.065136559	0.050208289	0.053728361	0.208659038	0.055864144	0.240498036	0.112955354	0.059580870
911	4	4	0.059020199	0.070043527	0.115487695	0.058283355	0.425481498	0.028367084	0.087220766	0.053335104	0.049330834	0.053429894
912	8	8	0.073168926	0.070366256	0.082523026	0.055245776	0.084018931	0.076147079	0.087038822	0.070524879	0.258374751	0.142591506
913	8	8	0.066668585	0.056088988	0.097215705	0.038882039	0.121972874	0.077370927	0.078709841	0.079220086	0.271881372	0.111989640
914	8	8	0.078483939	0.076843455	0.083187982	0.101816364	0.078710169	0.069731943	0.093934774	0.086096182	0.227564946	0.103630334
915	0	0	0.341042370	0.053806864	0.088247865	0.061140671	0.086092092	0.031789925	0.162080616	0.083544493	0.058784425	0.033470660
916	3	1	0.087234437	0.172767475	0.074506238	0.159347132	0.067037135	0.119421467	0.073743150	0.078752555	0.085633345	0.081557125
917	3	1	0.078918703	0.171076953	0.044741254	0.132554457	0.084004655	0.099555522	0.088999934	0.127247155	0.085032277	0.087869093
918	6	0	0.172090158	0.134308740	0.057018943	0.127060741	0.139276862	0.049395166	0.123027675	0.049766157	0.084625952	0.063429631
919	1	1	0.076599583	0.297558695	0.045248862	0.091573603	0.105401888	0.076147124	0.080098957	0.078885674	0.084430218	0.064055435
920	1	1	0.074617065	0.292980790	0.058804642	0.138657972	0.096296318	0.059162758	0.075804546	0.077238202	0.069425538	0.057012118
921	9	9	0.039769676	0.049600169	0.096649311	0.051573277	0.056983959	0.073649026	0.059356172	0.060356870	0.086181693	0.425879925
922	4	4	0.082246765	0.115425453	0.057241544	0.126774371	0.162770763	0.068140022	0.134169757	0.111010723	0.079781801	0.062438898
923	8	8	0.062897205	0.070542179	0.113359854	0.051275164	0.116213545	0.064330325	0.101791978	0.077433765	0.227155074	0.115000986
924	6	4	0.078473002	0.064577922	0.178955376	0.046814460	0.237172097	0.044996329	0.143280938	0.095308453	0.064902544	0.045518938
925	3	7	0.088510782	0.066612914	0.063071981	0.101668462	0.102643989	0.078242846	0.118535124	0.150894180	0.121318482	0.108501218
926	9	9	0.062466092	0.064169526	0.109949686	0.047988366	0.076566555	0.127292514	0.082535975	0.094712615	0.127671987	0.206646621
927	2	2	0.101251453	0.063282363	0.273689806	0.067760065	0.150708646	0.035526115	0.131874442	0.073667638	0.051081285	0.051158048
928	1	1	0.061295092	0.454942495	0.059690520	0.098319426	0.085627802	0.025268314	0.071714476	0.054602221	0.047627810	0.040911861
929	3	3	0.100526974	0.098109283	0.086948179	0.160058632	0.140482083	0.050028455	0.129993767	0.115413979	0.063992038	0.054446675
930	9	9	0.062837645	0.052004319	0.128110647	0.062502362	0.081236593	0.100930035	0.081629634	0.086375989	0.116946325	0.227426514
931	8	8	0.181646258	0.061624449	0.089822404	0.071278781	0.083003223	0.068290986	0.095271423	0.063445263	0.186256990	0.099360257
932	0	0	0.301491201	0.066537693	0.097332299	0.080192141	0.108516134	0.026914526	0.138388112	0.073001519	0.056786653	0.050839793
933	8	8	0.147982851	0.075282864	0.078614376	0.038849499	0.064807363	0.067000091	0.097080752	0.084363259	0.244946718	0.101072155
934	4	4	0.081808284	0.080436319	0.152798280	0.058881886	0.197715119	0.047430638	0.179564118	0.044851366	0.073773623	0.082740337
935	9	9	0.056534283	0.056612238	0.118715681	0.055419516	0.080930024	0.107976854	0.073372066	0.063887298	0.118257411	0.268294632
936	4	9	0.081520572	0.102121323	0.121862538	0.065909021	0.129219636	0.070749469	0.098476581	0.069481120	0.128095016	0.132564798
937	3	3	0.095626041	0.158543989	0.051746756	0.182026416	0.100192830	0.062447835	0.119021535	0.097904280	0.065266877	0.067223467
938	4	4	0.059987113	0.080791451	0.211807862	0.033850029	0.286752760	0.040510610	0.122702762	0.049029101	0.055623755	0.058944464
939	1	1	0.085198298	0.218579426	0.044686541	0.150233641	0.076324552	0.080901824	0.061836213	0.099713802	0.096141353	0.086384304
940	8	8	0.070009097	0.069021337	0.111310579	0.047435481	0.115462281	0.055342056	0.073128484	0.065181777	0.260766298	0.132342666
941	0	3	0.101734221	0.107242540	0.084149018	0.172991797	0.145790592	0.037992548	0.143466666	0.093815602	0.059176873	0.053640187
942	2	6	0.075891249	0.080671370	0.113995180	0.095420852	0.092181399	0.051769968	0.199473277	0.112584092	0.080446243	0.097566366
943	0	0	0.242195174	0.157127738	0.034892596	0.055086117	0.092419639	0.101617351	0.111715883	0.074329026	0.074467234	0.056149215
944	9	9	0.064991087	0.058087278	0.085951656	0.060663875	0.103299767	0.117945530	0.096682228	0.094346568	0.127836391	0.190195665
945	9	9	0.043370843	0.053943109	0.093330279	0.066627629	0.118919134	0.078363590	0.087370232	0.078620173	0.107522130	0.271932840
946	9	9	0.062455557	0.059942052	0.106213123	0.058874216	0.070976906	0.113561369	0.079974778	0.079305902	0.131644472	0.237051636
947	3	6	0.103450522	0.072758093	0.072000504	0.138256848	0.096533649	0.052264519	0.139391765	0.125296026	0.108703718	0.091344409
948	4	4	0.089508906	0.077356458	0.153260112	0.036058195	0.162443921	0.077850632	0.144492239	0.060491491	0.096100420	0.102437682
949	7	7	0.066190973	0.105389357	0.067550354	0.043316677	0.055052307	0.189022511	0.060738001	0.245465308	0.113365799	0.053908713
950	8	8	0.070199281	0.101593129	0.095966242	0.083098069	0.075120114	0.058868915	0.089370251	0.084942639	0.243577540	0.097263888
951	4	2	0.077677891	0.102532797	0.192126378	0.043966535	0.168550625	0.047646239	0.140408918	0.051636267	0.078381374	0.097072944
952	1	1	0.064275101	0.357744128	0.065610491	0.094437145	0.088470064	0.066256016	0.067538805	0.074246861	0.064440109	0.056981362
953	2	2	0.081474081	0.078955933	0.273057610	0.034189776	0.182501763	0.048094738	0.115853548	0.064845130	0.064355709	0.056671590
954	2	6	0.093416013	0.094492905	0.141980872	0.096192934	0.175234750	0.041034997	0.185378715	0.068791986	0.056943133	0.046533681
955	9	9	0.047568571	0.055318210	0.055927012	0.042230383	0.075627401	0.078121282	0.048949372	0.087729342	0.089226112	0.419302344
956	2	1	0.070342563	0.248198882	0.057942402	0.117561288	0.104996316	0.075021558	0.096746482	0.078148879	0.083821490	0.067220122
957	3	1	0.096530803	0.192185611	0.059518866	0.161522612	0.115184389	0.071721420	0.119872682	0.060380064	0.071831502	0.051252075
958	1	1	0.088977382	0.334054798	0.062933013	0.116866924	0.117700189	0.039326545	0.079499729	0.065342359	0.049288966	0.046010118
959	2	4	0.070972890	0.076118350	0.145280734	0.057267752	0.268540233	0.041688018	0.161071882	0.042690523	0.063712500	0.072657175
960	9	9	0.049339302	0.059184410	0.089826711	0.077128939	0.070611402	0.085663050	0.064445838	0.086654209	0.090637550	0.326508611
961	7	7	0.062270265	0.056982875	0.052585222	0.033324838	0.055346388	0.098392792	0.055898510	0.418557137	0.097708330	0.068933636
962	2	2	0.077797666	0.083449736	0.298652083	0.034794249	0.150772542	0.036077645	0.119557478	0.076165900	0.066537775	0.056194857
963	0	0	0.224951506	0.063124202	0.113061503	0.079157963	0.121437669	0.040096987	0.141408637	0.112318933	0.060486820	0.043955807
964	9	9	0.058423657	0.066603422	0.050617542	0.062622033	0.065754659	0.117118411	0.076610588	0.090722807	0.109167121	0.302359730
965	7	7	0.046992399	0.055801876	0.063390888	0.035537813	0.052965578	0.088273577	0.047121115	0.466975242	0.085605077	0.057336442
966	8	0	0.152805671	0.070710033	0.102132343	0.054016657	0.071215801	0.075858459	0.127074152	0.086810373	0.133185178	0.126191437
967	3	3	0.099501364	0.150147289	0.062412962	0.264828086	0.104812227	0.052614149	0.080887742	0.064273499	0.065644190	0.054878466
968	9	9	0.050001085	0.054413553	0.065440126	0.097929679	0.043560948	0.082338728	0.041298911	0.120804116	0.079548120	0.364664763
969	2	2	0.071996123	0.087244108	0.288254350	0.036015425	0.171069533	0.025797170	0.127680257	0.059262507	0.056567013	0.076113515
970	4	6	0.074459635	0.093367420	0.092573360	0.064598337	0.127897844	0.044759426	0.174603775	0.082412846	0.142637745	0.102689594
971	9	9	0.053067263	0.054461222	0.089555345	0.057576042	0.065431565	0.083665639	0.065541275	0.075805649	0.102954172	0.351941854
972	5	5	0.061740648	0.068144560	0.064750582	0.050770462	0.083666839	0.247707039	0.074128374	0.160507113	0.103470802	0.085113607
973	7	7	0.045896221	0.050095204	0.054845430	0.039598692	0.046698917	0.101375006	0.056076951	0.462754607	0.081591710	0.061067272
974	2	4	0.069438182	0.078272715	0.174908176	0.042541295	0.290501177	0.033913024	0.126498386	0.074014269	0.059486680	0.050426140
975	4	4	0.081605628	0.088255756	0.082629554	0.122723088	0.229700148	0.027902739	0.185441062	0.068683431	0.062164463	0.050894130
976	3	3	0.076790363	0.232838422	0.051672414	0.255443156	0.077949725	0.068343289	0.061159406	0.063527130	0.052462164	0.059813965
977	6	6	0.160520792	0.063546397	0.054959100	0.080249771	0.101727702	0.090129033	0.196427152	0.091287412	0.083949164	0.077203445
978	6	6	0.077987760	0.077524543	0.124845974	0.104736678	0.154945061	0.028242201	0.271023393	0.056037996	0.051720876	0.052935448
979	5	5	0.063645214	0.088734165	0.059764761	0.084846690	0.091128722	0.195982456	0.064535849	0.161364779	0.082406662	0.107590713
980	8	8	0.087967969	0.057725884	0.065245233	0.037171137	0.111748412	0.076018192	0.076688930	0.063860394	0.279563099	0.144010723
981	8	8	0.112282120	0.059185032	0.063318498	0.054789439	0.080858879	0.085714474	0.069137581	0.056453247	0.257763445	0.160497233
982	0	0	0.279956251	0.098600015	0.059361570	0.079340510	0.087861128	0.085189976	0.083027467	0.073623076	0.077552900	0.075487122
983	5	5	0.069996297	0.092151172	0.055178050	0.053656708	0.076818630	0.241327539	0.066411823	0.191009119	0.086526968	0.066923693
984	0	3	0.119266964	0.085928544	0.084328555	0.179330602	0.155617297	0.029374624	0.160981566	0.075311534	0.060239557	0.049620803
985	3	1	0.082817025	0.170129225	0.048919756	0.135498881	0.092577629	0.107737720	0.131879225	0.079142094	0.089853905	0.061444592
986	8	8	0.135371894	0.073062949	0.075172238	0.035094362	0.057225019	0.071415842	0.063576587	0.105965659	0.245190397	0.137925103
987	3	1	0.085506938	0.163400814	0.054232217	0.161601678	0.109027773	0.084136486	0.111705638	0.087842941	0.076694362	0.065851182
988	5	7	0.052791461	0.084455602	0.063988321	0.042502183	0.056316458	0.166467503	0.055779081	0.336088598	0.084026456	0.057584304
989	5	5	0.055767015	0.065590553	0.072836690	0.076181173	0.092589878	0.217789277	0.094473556	0.086205930	0.087145098	0.151420817
990	5	7	0.059506774	0.100518532	0.064808950	0.048821233	0.063147560	0.180720687	0.056004897	0.271992981	0.102042511	0.052435871
991	4	4	0.080960788	0.069231853	0.163847834	0.040485606	0.255165368	0.042471480	0.143334061	0.071290322	0.068171464	0.065041155
992	3	1	0.132104740	0.166900724	0.055666864	0.137663007	0.151153728	0.069018476	0.109398685	0.070969716	0.060457122	0.046666950
993	1	1	0.086257562	0.289597541	0.060397085	0.111201264	0.138939887	0.053149268	0.092135668	0.063964978	0.054163158	0.050193522
994	6	1	0.073731452	0.180842131	0.088486016	0.118625820	0.080224849	0.068304397	0.140643582	0.083173342	0.088235661	0.077732772
995	1	1	0.084637038	0.366427362	0.050507415	0.100659803	0.096364431	0.039215293	0.090363249	0.065565936	0.058383767	0.047875736
996	7	7	0.054947853	0.076752461	0.057228308	0.043986157	0.059757996	0.136975721	0.064028889	0.364746571	0.085169949	0.056406010
997	8	8	0.135677621	0.065058760	0.056172799	0.048430126	0.079238594	0.069623582	0.118209623	0.050781839	0.249996752	0.126810372
998	4	4	0.067485586	0.081688456	0.134125918	0.082854211	0.286235690	0.049727552	0.115844116	0.069897354	0.054156907	0.057984125
999	3	3	0.076450221	0.094644457	0.062698595	0.182172343	0.159091383	0.042516898	0.141132891	0.104067236	0.071305737	0.065920219
1000	9	9	0.053568192	0.048170201	0.095288582	0.060677893	0.052333385	0.057616990	0.072372153	0.084554322	0.099847145	0.375571072
1001	7	7	0.050898418	0.089158244	0.066583090	0.044469964	0.052158564	0.093498483	0.046817847	0.416158229	0.082724966	0.057532206
1002	5	7	0.060845055	0.068931326	0.055386949	0.053545501	0.066026717	0.216639802	0.077609941	0.244219735	0.087481305	0.069313645
1003	4	4	0.066479512	0.058229651	0.177670553	0.030271968	0.244294986	0.044108294	0.136177331	0.105870254	0.075464360	0.061433028
1004	4	7	0.074149430	0.091440134	0.107090808	0.076156259	0.130190313	0.092327401	0.101494253	0.172602624	0.086206459	0.068342246
1005	2	0	0.212454140	0.059259620	0.105436213	0.053323522	0.089066356	0.057353597	0.153383717	0.132868141	0.077125132	0.059729591
1006	2	4	0.080508761	0.083234183	0.165871993	0.050272714	0.225353256	0.050560616	0.120141193	0.097559482	0.068417743	0.058080107
1007	5	7	0.047348060	0.088950358	0.068354294	0.043878086	0.056959432	0.115291342	0.047810726	0.393601477	0.081038952	0.056767326
1008	8	8	0.138401911	0.078492671	0.076206714	0.027749840	0.088444866	0.068561494	0.087959565	0.097718798	0.201862276	0.134601906
1009	5	7	0.055343319	0.054099739	0.072977796	0.040893678	0.063365586	0.118282482	0.059392001	0.346724391	0.123423219	0.065497801
1010	5	5	0.060413983	0.102036700	0.059922777	0.055776294	0.061539207	0.237521857	0.049313076	0.208430767	0.096843131	0.068202212
1011	3	3	0.091953747	0.158133864	0.062268030	0.182091296	0.093993694	0.098880760	0.102900594	0.074460410	0.072114080	0.063203566
1012	5	5	0.057439968	0.084131211	0.063186690	0.094485387	0.070884496	0.239117250	0.087043129	0.098274931	0.080718912	0.124718115
1013	1	1	0.055657029	0.458556652	0.059067853	0.081869721	0.074264877	0.043752786	0.064877361	0.058954187	0.056944761	0.046054687
1014	0	0	0.272910625	0.084977143	0.090209790	0.070209995	0.117587410	0.037723742	0.134641513	0.070820071	0.075017847	0.045901924
1015	7	7	0.057641253	0.055110492	0.058178134	0.035344414	0.058061749	0.092079617	0.055408455	0.419380486	0.105442978	0.063352451
1016	5	5	0.055348709	0.083030514	0.064494073	0.049641363	0.057903387	0.328070134	0.054719694	0.153697342	0.086244568	0.066850200
1017	0	0	0.245095581	0.087376826	0.143382907	0.040432684	0.107168078	0.031392004	0.147560105	0.050867591	0.067841232	0.078883030
1018	0	0	0.221951380	0.070826113	0.160094962	0.046342596	0.099133030	0.040225059	0.160116404	0.038000785	0.081122130	0.082187466
1019	3	3	0.073493399	0.185794398	0.059579223	0.207599923	0.082799159	0.108125873	0.065780625	0.080591619	0.069427200	0.066808566
1020	0	0	0.270933300	0.065450273	0.112146974	0.039052036	0.128629670	0.044756640	0.122086860	0.096593693	0.081519239	0.038831364
1021	0	0	0.285941750	0.060344212	0.101783156	0.076268040	0.100716859	0.033774044	0.135239154	0.080231540	0.068663046	0.057038214
1022	1	1	0.069458187	0.431794971	0.054253098	0.104804285	0.088198058	0.037012223	0.065396115	0.057121195	0.045643285	0.046318520
1023	2	2	0.084394589	0.073561519	0.333453864	0.064132296	0.114171058	0.032832075	0.101128377	0.100415669	0.048017368	0.047893152
1024	8	8	0.076765053	0.076572493	0.135377437	0.055829950	0.096885525	0.049318980	0.089668892	0.091638066	0.227542818	0.100400791
1025	6	6	0.153787538	0.046125144	0.067918271	0.061859533	0.090277582	0.116926976	0.181499451	0.086044818	0.114462800	0.081097923
1026	3	8	0.076168485	0.087127872	0.092255391	0.080025770	0.118041456	0.079292372	0.119436741	0.117845833	0.150075182	0.079730853
1027	0	0	0.239742741	0.075625420	0.110017754	0.081700332	0.113241985	0.032178577	0.119086325	0.114163354	0.064741999	0.049501516
1028	3	3	0.073055841	0.180013940	0.044893194	0.251810402	0.062411543	0.087121405	0.066368558	0.077856585	0.078551531	0.077916935
1029	8	8	0.064126350	0.076691061	0.104182720	0.051376514	0.076353200	0.048735525	0.086451553	0.119146802	0.279111475	0.093824737
1030	6	0	0.180232346	0.065517671	0.092862122	0.096396528	0.142712936	0.049348328	0.133220553	0.101901233	0.090199418	0.047608800
1031	7	7	0.059492223	0.079822600	0.065525278	0.042674340	0.056928582	0.125314206	0.054924622	0.340056837	0.103861056	0.071400270
1032	2	2	0.076628409	0.075085044	0.301183730	0.049219266	0.128373936	0.031294100	0.132913053	0.058095459	0.056611199	0.090595782
1033	4	4	0.071496479	0.070183836	0.136348411	0.043795466	0.284055382	0.049528040	0.147518933	0.064592265	0.068980567	0.063500576
1034	6	4	0.072876573	0.077491172	0.170742795	0.038334385	0.208095446	0.037147604	0.194578424	0.048733927	0.073700644	0.078299008
1035	3	1	0.072180502	0.213046327	0.064444572	0.122783683	0.089245148	0.153760269	0.064511143	0.082127646	0.068397373	0.069503330
1036	0	6	0.191285044	0.063221507	0.128460735	0.057472486	0.109716676	0.028800419	0.231758490	0.091660529	0.053892020	0.043732107
1037	5	5	0.060630839	0.061846096	0.070164002	0.079625405	0.070042551	0.193662271	0.111194864	0.094011672	0.107875198	0.150947064
1038	5	5	0.054431289	0.074033611	0.076380648	0.125400856	0.093278401	0.172950998	0.074810043	0.107166074	0.086129330	0.135418713
1039	5	7	0.069249064	0.084870212	0.055129603	0.053208459	0.072193630	0.175439909	0.056058131	0.258218706	0.095116548	0.080515794
1040	0	0	0.262501240	0.045976292	0.103803352	0.026237708	0.156121373	0.049064618	0.139297411	0.109787136	0.072655499	0.034555256
1041	3	3	0.078114621	0.163780943	0.060922801	0.268941075	0.108392656	0.043439940	0.094295062	0.084592812	0.049017239	0.048502922
1042	0	0	0.391845435	0.055008907	0.085285433	0.051512823	0.080380730	0.027705258	0.101927519	0.085713923	0.072668374	0.047951575
1043	1	1	0.059155308	0.450247943	0.053029027	0.084688447	0.088331781	0.046029653	0.060838215	0.057954118	0.051984515	0.047741026
1044	2	4	0.068057075	0.086671688	0.235179752	0.024664039	0.238832861	0.039920025	0.117209330	0.041337382	0.074361265	0.073766634
1045	6	3	0.102132820	0.093684293	0.096893057	0.122500747	0.076378658	0.113107920	0.110254891	0.103497736	0.103786528	0.077763319
1046	9	9	0.052897263	0.058707222	0.083587818	0.046490096	0.066204958	0.080910109	0.058606636	0.076136991	0.102916911	0.373542041
1047	1	1	0.098186262	0.274432182	0.059419822	0.113002829	0.114330515	0.042460170	0.121737137	0.065049753	0.061287276	0.050094061
1048	5	7	0.058902625	0.097234465	0.069803014	0.050822694	0.052486721	0.204534590	0.053935882	0.242993161	0.110766061	0.058520865
1049	5	5	0.054544698	0.073210075	0.079716854	0.080865771	0.079039544	0.197325394	0.084636576	0.099473454	0.103891335	0.147296369
1050	5	5	0.068263218	0.071353942	0.076311074	0.080220968	0.063336819	0.205541983	0.085008226	0.090928368	0.116502762	0.142532721
1051	8	8	0.147145405	0.068112060	0.080942936	0.023647178	0.076138347	0.066472545	0.081223242	0.121821016	0.238400340	0.096096896
1052	3	3	0.091491647	0.146024540	0.069185592	0.290343970	0.103480741	0.057701029	0.059762739	0.070575640	0.054210775	0.057223421
1053	0	4	0.115355305	0.121113926	0.089666329	0.137837231	0.173465386	0.048783228	0.126496792	0.073666930	0.062638029	0.050976869
1054	5	5	0.071737103	0.071925782	0.050243858	0.044190608	0.086330898	0.276886761	0.062004536	0.167032823	0.099474475	0.070173129
1055	6	4	0.083310068	0.103612192	0.131707370	0.085732915	0.179258093	0.048183814	0.169896394	0.080931582	0.064428054	0.052939545
1056	8	8	0.077577055	0.048632119	0.095291562	0.049014837	0.102210917	0.070756048	0.106796347	0.070924275	0.253922522	0.124874346
1057	4	4	0.065846443	0.091333300	0.075817421	0.106936917	0.315540016	0.044711791	0.107621297	0.074693732	0.057796687	0.059702437
1058	6	4	0.089012221	0.079076283	0.139598206	0.081224203	0.194079533	0.043608021	0.193372920	0.058742631	0.059566326	0.061719712
1059	8	8	0.195121422	0.060645759	0.054695785	0.024795612	0.088914938	0.068137378	0.106622703	0.103823870	0.199711695	0.097530790
1060	7	7	0.054591056	0.099458463	0.057430394	0.059331194	0.058007039	0.184211388	0.052558560	0.288521290	0.085541680	0.060348906
1061	6	7	0.167883873	0.046054561	0.069353849	0.033968542	0.085664406	0.060622662	0.131771430	0.216228694	0.131943434	0.056508511
1062	0	0	0.297515213	0.058304980	0.101699211	0.064053386	0.111520410	0.022977764	0.108355545	0.102767237	0.083883084	0.048923146
1063	2	2	0.076547109	0.081229471	0.335868031	0.033965006	0.135351360	0.029835872	0.104530632	0.080561325	0.060523462	0.061587665
1064	0	0	0.312592030	0.090952829	0.064350061	0.051336050	0.083748266	0.071056113	0.094669461	0.092182867	0.082170598	0.056941729
1065	2	2	0.097231850	0.108413540	0.128317565	0.103539474	0.099698961	0.055323020	0.124717981	0.101961888	0.101477727	0.079318032
1066	8	8	0.099046268	0.056680504	0.087017559	0.052369766	0.100558050	0.070840687	0.124930978	0.063090041	0.225605518	0.119860649
1067	4	4	0.101525992	0.083108395	0.124317944	0.070857733	0.130846515	0.098337434	0.099700369	0.127674118	0.090034068	0.073597439
1068	7	9	0.059921943	0.058283355	0.082328916	0.060705200	0.087377235	0.107272275	0.069180258	0.116289034	0.087906450	0.270735353
1069	5	5	0.066229388	0.098434858	0.069661185	0.078877263	0.076918438	0.227089718	0.064962469	0.143189669	0.091788262	0.082848683
1070	6	6	0.086241901	0.082180656	0.116234161	0.093136713	0.172207147	0.038022995	0.251998812	0.066991150	0.052948087	0.040038433
1071	9	9	0.056938514	0.061271314	0.069490992	0.062828220	0.058735736	0.078171462	0.050171070	0.100301586	0.092419095	0.369672060
1072	0	0	0.223093867	0.068589203	0.060281895	0.104599409	0.067579210	0.052125193	0.154271096	0.115553528	0.079678476	0.074228138
1073	9	9	0.049714223	0.056724183	0.086646877	0.041249603	0.075987630	0.085192002	0.064456940	0.061588597	0.098890826	0.379549086
1074	4	4	0.086221814	0.076635726	0.084978417	0.146048874	0.202696308	0.035765052	0.134037718	0.100156747	0.066938251	0.066521160
1075	2	2	0.087449782	0.082154877	0.272951454	0.035358820	0.148019373	0.029344309	0.137488768	0.060748346	0.073265426	0.073218800
1076	1	1	0.075659983	0.361157209	0.061807301	0.093314238	0.117302135	0.037013888	0.094582818	0.058094583	0.056093257	0.044974633
1077	1	1	0.079324946	0.207320958	0.063577510	0.128832743	0.087458685	0.109664232	0.058055125	0.106088907	0.079229757	0.080447152
1078	2	2	0.089199267	0.086347871	0.275695086	0.035292365	0.116576433	0.044443559	0.115068883	0.071342885	0.073756129	0.092277579
1079	6	0	0.326217860	0.055458989	0.051269576	0.054569237	0.130272552	0.040936653	0.185875461	0.062175557	0.051247943	0.041976165
1080	6	6	0.080642425	0.123902000	0.083551444	0.100059085	0.149679378	0.060440071	0.222506925	0.059618626	0.062128305	0.057471823
1081	3	3	0.089839250	0.207195863	0.062121093	0.238362238	0.101981223	0.045259621	0.081722885	0.065509297	0.057424355	0.050584186
1082	0	6	0.119872421	0.104489058	0.094018616	0.140719399	0.124851547	0.040442921	0.164802715	0.082023963	0.068860523	0.059918839
1083	3	3	0.109046355	0.087871596	0.100819133	0.179063395	0.152796119	0.043018769	0.122938089	0.077289633	0.066965163	0.060191616
1084	2	4	0.072062269	0.071285985	0.146566659	0.034455091	0.165977761	0.079118714	0.145006955	0.104434341	0.094621308	0.086470999
1085	3	3	0.096178256	0.097885884	0.077856615	0.228617519	0.132783502	0.040001336	0.135363966	0.074946277	0.063037254	0.053329337
1086	6	4	0.082085446	0.103672273	0.057683293	0.116495505	0.161017418	0.071538493	0.152123079	0.110125475	0.075839333	0.069419704
1087	7	7	0.051314391	0.105340622	0.064406008	0.047069080	0.055996537	0.164838806	0.041644778	0.329431653	0.084152408	0.055805724
1088	9	9	0.064429864	0.052150309	0.103604250	0.053195842	0.067982316	0.098130330	0.103859358	0.064959943	0.120161138	0.271526605
1089	0	0	0.308897644	0.055434857	0.086801618	0.060118161	0.081443034	0.065427385	0.125686705	0.093575798	0.077505216	0.045109492
1090	1	1	0.063764714	0.367007166	0.067019835	0.088570505	0.089703783	0.067355230	0.065169424	0.072090633	0.063290864	0.056027867
1091	0	0	0.203341201	0.073064089	0.102394320	0.118180282	0.135500044	0.021785492	0.142840371	0.076059729	0.084730618	0.042103801
1092	3	7	0.082890071	0.087299161	0.056952264	0.131172240	0.083296984	0.078402534	0.099234827	0.195654675	0.094794750	0.090302512
1093	9	9	0.060549762	0.058417197	0.082349651	0.098012350	0.058719475	0.146419391	0.071640573	0.097761989	0.112297364	0.213832289
1094	8	9	0.090195708	0.077533722	0.102509633	0.081066683	0.114989668	0.071004868	0.125925690	0.088076547	0.114933282	0.133764178
1095	1	1	0.078457452	0.286321849	0.052318398	0.108309865	0.100056067	0.078584522	0.090364031	0.080286853	0.069722533	0.055578463
1096	9	9	0.063575350	0.054756768	0.106153674	0.042841718	0.132901683	0.101456404	0.071743414	0.082286626	0.104767203	0.239517137
1097	0	0	0.294428855	0.061848283	0.119653709	0.080874369	0.098665215	0.035666279	0.121402711	0.069915533	0.058288608	0.059256464
1098	8	8	0.104762346	0.077148750	0.093645670	0.018223433	0.082563937	0.063709944	0.078408524	0.152387157	0.227993190	0.101157084
1099	8	8	0.113885485	0.079617240	0.110841423	0.039080497	0.069957092	0.066823326	0.080612212	0.116017103	0.213242352	0.109923221
1100	3	6	0.097675927	0.076907597	0.070751071	0.108836584	0.076666519	0.071293816	0.147024721	0.123944335	0.095158808	0.131740570
1101	1	1	0.110514045	0.152068466	0.086063504	0.131917730	0.122655265	0.044940419	0.146838278	0.076180808	0.072455481	0.056366108
1102	8	8	0.108754463	0.086110711	0.091068551	0.120332181	0.095212772	0.066907331	0.106216349	0.083937407	0.153610289	0.087849908
1103	8	8	0.064376332	0.079925686	0.080330513	0.042419482	0.085959256	0.068810984	0.081842229	0.070520960	0.291601628	0.134212926
1104	9	9	0.074320443	0.048033435	0.082526252	0.054707695	0.094552323	0.110584646	0.091892123	0.075480416	0.130870759	0.237031952
1105	8	8	0.065238595	0.062744625	0.076989904	0.053245597	0.082249492	0.070795834	0.071516052	0.059292629	0.293374002	0.164553285
1106	7	7	0.054123983	0.094793476	0.057917286	0.038509469	0.061232213	0.120521180	0.043678008	0.387227535	0.086853735	0.055143088
1107	6	6	0.090465881	0.076095745	0.121352829	0.101323098	0.192242697	0.038797904	0.230297431	0.060107976	0.053017277	0.036299177
1108	0	6	0.101109587	0.053633288	0.073707953	0.161479205	0.153597772	0.035527777	0.211155087	0.099984959	0.060249202	0.049555227
1109	5	7	0.051355362	0.098669223	0.064729542	0.047000550	0.058280017	0.192892194	0.047331247	0.304715812	0.082015254	0.053010847
1110	6	4	0.087388203	0.075095944	0.161281690	0.061353486	0.218963906	0.048428312	0.181295156	0.083721079	0.053238962	0.029233364
1111	8	8	0.105181918	0.058802422	0.075671278	0.020523222	0.085452139	0.078610823	0.079114474	0.190419629	0.211893708	0.094330333
1112	4	4	0.055128854	0.066018052	0.138017699	0.025924653	0.356548667	0.036264587	0.141298652	0.042465001	0.068874359	0.069459535
1113	4	4	0.091708437	0.076837599	0.112110741	0.110212609	0.271185547	0.028295388	0.158178911	0.065705217	0.046268504	0.039496962
1114	6	6	0.102133758	0.085607216	0.134170234	0.075707063	0.158622906	0.036431074	0.203666493	0.069877900	0.073201187	0.060582206
1115	9	9	0.064369485	0.061776578	0.076769426	0.078595929	0.080703415	0.091777675	0.067563049	0.116604790	0.110306904	0.251532793
1116	1	0	0.151762262	0.108904056	0.082716070	0.093835369	0.112970158	0.054116249	0.146331176	0.113653049	0.063184723	0.072526902
1117	1	1	0.066870667	0.311474860	0.060774472	0.112311199	0.071718626	0.081845857	0.062697515	0.084781669	0.081606492	0.065918542
1118	6	6	0.090300962	0.076276697	0.116649076	0.098084584	0.146329552	0.034469392	0.266965091	0.059121519	0.057902452	0.053900663
1119	4	6	0.083800748	0.063382857	0.125067562	0.054714032	0.169393346	0.038119845	0.255245537	0.049228270	0.071016818	0.090030968
1120	8	8	0.112957641	0.069449686	0.080940858	0.032253034	0.097074784	0.072161168	0.090102449	0.105249748	0.216307789	0.123502880
1121	3	3	0.097297981	0.141924784	0.062455893	0.183630317	0.151816383	0.049330987	0.122804947	0.086090766	0.052875377	0.051772583
1122	4	6	0.092295036	0.092334852	0.099058099	0.092391364	0.205166832	0.025426131	0.208842859	0.065488972	0.068490468	0.050505418
1123	7	9	0.057628885	0.074032791	0.078092262	0.065449417	0.060364421	0.094251737	0.092790537	0.178131476	0.070793428	0.228465050
1124	0	0	0.240255907	0.058684837	0.085682884	0.066785328	0.109457336	0.037888557	0.180770189	0.059777327	0.079728588	0.080969080
1125	1	1	0.063580804	0.434664428	0.059718449	0.087353177	0.083029389	0.035866879	0.071319945	0.060911607	0.058456082	0.045099206
1126	5	5	0.099017903	0.067216910	0.072411910	0.081504948	0.103343055	0.187781274	0.096603476	0.094781518	0.081746854	0.115592122
1127	7	7	0.057591628	0.066680975	0.064654015	0.041863706	0.062754855	0.135706380	0.057979565	0.367699325	0.089228459	0.055841122
1128	0	0	0.187255368	0.077261701	0.065480702	0.096858732	0.091998197	0.127517998	0.101832703	0.097178243	0.089660488	0.064955808
1129	7	9	0.068262182	0.058812156	0.076481484	0.063436590	0.080700748	0.109540313	0.077702925	0.171895579	0.117444105	0.175723851
1130	7	7	0.051434867	0.095077455	0.067308784	0.043744519	0.055033863	0.133262590	0.057208356	0.351699173	0.090626232	0.054604180
1131	9	9	0.053513952	0.066155516	0.107134379	0.049933501	0.120009482	0.086127907	0.068734951	0.084804326	0.108830996	0.254755020
1132	4	4	0.070938356	0.067860141	0.125545651	0.062140636	0.371280372	0.044651199	0.099522211	0.076759137	0.043533452	0.037768848
1133	2	7	0.096057475	0.067350730	0.123324133	0.047792327	0.091596685	0.087661065	0.107769847	0.245858923	0.084332585	0.048256241
1134	9	9	0.063705921	0.049964156	0.124478213	0.059064269	0.077846989	0.093188755	0.107854858	0.063908942	0.106084846	0.253903031
1135	1	1	0.070733704	0.281837583	0.065251835	0.106021009	0.074585319	0.098389931	0.066336684	0.088083565	0.074916199	0.073844209
1136	8	8	0.079820611	0.080599710	0.097582616	0.120295510	0.080716826	0.057823427	0.128264084	0.080129407	0.186747834	0.088019945
1137	0	0	0.410893261	0.054695584	0.085031241	0.053400926	0.099439852	0.028197765	0.099166371	0.076588497	0.057648793	0.034937650
1138	4	4	0.061687518	0.069407105	0.162858963	0.034824282	0.336083680	0.033241756	0.120485418	0.052232467	0.063946731	0.065232158
1139	0	0	0.237186760	0.057985455	0.085440874	0.114224844	0.079795115	0.042044923	0.091237940	0.093359001	0.106600955	0.092124127
1140	9	9	0.044780537	0.059013151	0.090268604	0.041422103	0.080554247	0.082253546	0.067277215	0.087258562	0.100663751	0.346508294
1141	1	1	0.062232908	0.359652728	0.060228858	0.114813775	0.068779409	0.058068663	0.071269371	0.073335871	0.076488145	0.055130195
1142	8	0	0.170964226	0.056782529	0.067838520	0.044481929	0.071447365	0.070494376	0.138390496	0.089746647	0.166136667	0.123717390
1143	2	4	0.095100924	0.060209744	0.140829280	0.095591106	0.275994629	0.021321166	0.150900796	0.076515712	0.047139391	0.036397208
1144	4	4	0.076016925	0.068874791	0.137620553	0.142072201	0.265958160	0.036066271	0.083943516	0.094659507	0.050068777	0.044719256
1145	8	8	0.075661950	0.076087303	0.077727601	0.056340888	0.105251960	0.099298336	0.097540170	0.087974302	0.191857383	0.132260114
1146	3	6	0.098043449	0.072098017	0.075950257	0.112194665	0.145836622	0.032791682	0.261014640	0.095709428	0.056451995	0.049909227
1147	8	8	0.062159862	0.066304855	0.090426914	0.045117673	0.084121279	0.053268764	0.093351588	0.075689502	0.274747252	0.154812336
1148	2	4	0.085522257	0.078401968	0.143801853	0.096242592	0.209553629	0.053801157	0.116303042	0.084551677	0.063264981	0.068556875
1149	3	3	0.097322419	0.149598688	0.059207249	0.300370574	0.101804391	0.044216406	0.082743265	0.055213664	0.061715592	0.047807813
1150	4	4	0.078690596	0.088404424	0.170642316	0.080800764	0.239617169	0.038933620	0.131469995	0.066953562	0.055720359	0.048767142
1151	6	2	0.086281888	0.091090180	0.184467554	0.080340452	0.079958148	0.094559416	0.111419089	0.076019704	0.085912086	0.109951459
1152	6	6	0.096400760	0.076080494	0.167395040	0.059171822	0.139689311	0.046091516	0.208894849	0.064661503	0.082643576	0.058971178
1153	9	9	0.047125593	0.041277517	0.053314701	0.065879896	0.063022338	0.093561508	0.046379581	0.092528492	0.091371268	0.405539066
1154	0	0	0.205812663	0.067452259	0.106263913	0.083882280	0.137627095	0.033169303	0.161551654	0.069982558	0.072721586	0.061536759
1155	6	4	0.082411334	0.074676819	0.109591864	0.036823891	0.266647428	0.035753112	0.198880464	0.044506807	0.070955269	0.079753026
1156	9	9	0.049685974	0.065951385	0.092893049	0.062089555	0.095417351	0.101987332	0.068672530	0.091867872	0.096142463	0.275292516
1157	4	4	0.079613738	0.088495933	0.121322915	0.100890204	0.284205526	0.030069815	0.124714948	0.064629048	0.059388995	0.046668865
1158	1	1	0.088449247	0.214161694	0.049801908	0.104801305	0.141689077	0.064744569	0.122979514	0.094126314	0.064321794	0.054924585
1159	2	2	0.081170589	0.059330523	0.238781095	0.040325209	0.161396906	0.030909155	0.168160155	0.066569887	0.071767196	0.081589326
1160	8	8	0.073649943	0.067515716	0.108838834	0.055337928	0.086818710	0.053217158	0.078704432	0.072047956	0.269218564	0.134650752
1161	7	7	0.049433239	0.059434220	0.057604264	0.042786360	0.064247966	0.116717093	0.051109049	0.408019572	0.090163901	0.060484387
1162	6	2	0.071132869	0.081772730	0.203675628	0.070240147	0.172060609	0.045340125	0.151689291	0.065942407	0.073857747	0.064288534
1163	6	6	0.126979098	0.135962903	0.066065349	0.120888956	0.143257156	0.055535644	0.163856432	0.059966449	0.078916602	0.048571367
1164	8	8	0.139557496	0.087250650	0.097839855	0.036766127	0.066074342	0.038422920	0.081394821	0.105823956	0.273992866	0.072877027
1165	8	8	0.078662924	0.084493309	0.085713536	0.074849389	0.057369929	0.048375484	0.072482884	0.095968306	0.321736068	0.080348074
1166	3	1	0.096014626	0.224124044	0.061950292	0.178855971	0.099618539	0.070172302	0.067584433	0.068330474	0.063346975	0.070002325
1167	5	9	0.079596795	0.090151839	0.077919543	0.088259391	0.105658822	0.134897754	0.077742808	0.110565022	0.089465842	0.145742238
1168	9	9	0.059793927	0.061795216	0.087855056	0.115313478	0.072057560	0.114840895	0.064369269	0.110185683	0.103470027	0.210318983
1169	5	5	0.082699321	0.079325125	0.060096107	0.088644624	0.086160451	0.146660656	0.089563355	0.101174176	0.143246308	0.122429840
1170	8	8	0.095714450	0.078403883	0.108107224	0.084396377	0.085758485	0.048233997	0.073357828	0.113100596	0.239004761	0.073922336
1171	5	5	0.108108491	0.072405666	0.101071931	0.061494090	0.073790707	0.144675180	0.078476213	0.094393015	0.143376723	0.122208029
1172	7	7	0.057040464	0.053538926	0.073468901	0.035214826	0.060400423	0.096361436	0.064986572	0.411370695	0.087617360	0.060000397
1173	8	8	0.054855015	0.089455865	0.124362133	0.033781312	0.118826322	0.067330241	0.076829009	0.119969599	0.170132235	0.144458249
1174	2	2	0.081134446	0.079670809	0.236475691	0.039694276	0.168288663	0.050030448	0.116148874	0.054122429	0.073322453	0.101111978
1175	3	1	0.078273736	0.228656754	0.052803736	0.135763228	0.085662656	0.090935305	0.096383505	0.091170006	0.076031163	0.064320005
1176	4	4	0.076361455	0.101328410	0.127601504	0.075276680	0.272839040	0.040617172	0.110403754	0.069140308	0.061452359	0.064979404
1177	0	0	0.372895926	0.071808480	0.062253915	0.049985014	0.101612054	0.031670883	0.116906106	0.068551891	0.075415894	0.048899893
1178	6	1	0.109515570	0.174391180	0.053840157	0.119250298	0.111802667	0.083551884	0.101586446	0.074048527	0.102088511	0.069924697
1179	1	1	0.068342596	0.374934703	0.062922679	0.100103289	0.095755056	0.049770150	0.071577869	0.068063959	0.057515994	0.051013730
1180	5	5	0.076955259	0.063194551	0.085159995	0.097055949	0.086417794	0.148461387	0.084787428	0.140060797	0.092656910	0.125249937
1181	1	1	0.074237488	0.359684438	0.065929234	0.109741993	0.090855010	0.052598178	0.074117653	0.068407111	0.056482546	0.047946308
1182	8	8	0.073178701	0.100839980	0.079931125	0.085349850	0.069106914	0.075532310	0.152280018	0.081653021	0.177718058	0.104409948
1183	2	4	0.099123113	0.076410741	0.147503331	0.089443117	0.193230033	0.047249120	0.125213459	0.094744287	0.078766532	0.048316263
1184	6	0	0.165992305	0.069104820	0.072670296	0.066643484	0.083925128	0.100385286	0.095843807	0.143864378	0.149824053	0.051746424
1185	8	8	0.057289429	0.053936884	0.099994168	0.047942981	0.074460126	0.064850174	0.089543112	0.100293018	0.259116381	0.152573705
1186	0	0	0.391531080	0.047818828	0.094743609	0.042343546	0.092530005	0.034862481	0.086202130	0.091019906	0.076551370	0.042397086
1187	0	0	0.314280331	0.116648309	0.046766803	0.073122740	0.087121077	0.057594255	0.117930636	0.072100379	0.063781112	0.050654367
1188	5	5	0.073475316	0.078295738	0.053910039	0.076497927	0.076402962	0.256326109	0.069275290	0.134909987	0.091889679	0.089017004
1189	1	1	0.063820735	0.430864543	0.059955906	0.091859378	0.091654010	0.042189822	0.061992817	0.060675249	0.048459392	0.048528161
1190	4	2	0.087832309	0.090363376	0.161044106	0.066681266	0.098887682	0.108079650	0.134299070	0.089252554	0.087084524	0.076475486
1191	9	9	0.065063663	0.053537011	0.081855670	0.050245859	0.057890680	0.120606802	0.086463831	0.082769953	0.082900904	0.318665624
1192	3	3	0.115578808	0.088302471	0.071855895	0.237814322	0.141095117	0.026293579	0.137390658	0.070679456	0.058965940	0.052023731
1193	3	3	0.098934129	0.158392146	0.067907639	0.253390104	0.105444804	0.054330025	0.094644792	0.062158588	0.056042477	0.048755269
1194	3	3	0.084449738	0.157148555	0.068568252	0.175577968	0.077160038	0.111464284	0.069384962	0.082806796	0.088679850	0.084759600
1195	2	2	0.084878370	0.082177863	0.281974107	0.040427700	0.169617787	0.038330566	0.107335791	0.076485567	0.067837849	0.050934367
1196	4	6	0.095987409	0.086752497	0.062764928	0.121913619	0.189918071	0.031580187	0.218394294	0.086262085	0.060480833	0.045945976
1197	6	6	0.077810295	0.124704421	0.108093388	0.112005144	0.086243682	0.052841011	0.168501705	0.090674385	0.097162493	0.081963398
1198	1	1	0.058732625	0.441982836	0.055164460	0.093935296	0.083315313	0.042233229	0.073466361	0.051820766	0.056100573	0.043248590
1199	4	6	0.076849587	0.129499108	0.078403972	0.098180443	0.120765693	0.075378798	0.131149754	0.117438927	0.075300172	0.097033583
1200	8	8	0.157700330	0.055478152	0.053069323	0.041215271	0.081609294	0.064931512	0.134325206	0.092062846	0.191216081	0.128391922
1201	6	4	0.066658564	0.077441342	0.198831305	0.024172010	0.219742551	0.046839617	0.151398256	0.079297274	0.084190585	0.051428467
1202	0	0	0.358480543	0.054448355	0.080323853	0.062105943	0.145185962	0.031459399	0.106054261	0.067788087	0.051113646	0.043040060
1203	2	2	0.077640988	0.082459711	0.294368476	0.034025632	0.153592646	0.039266694	0.108786955	0.087412916	0.066778801	0.055667106
1204	2	4	0.078891426	0.081292391	0.162787005	0.036728699	0.269585371	0.039973896	0.134312987	0.078850016	0.067852333	0.049725838
1205	4	2	0.092023455	0.094476447	0.221156120	0.040361185	0.172774702	0.048199389	0.128825054	0.062053371	0.062083043	0.078047305
1206	4	4	0.073727779	0.059354980	0.206790969	0.038044609	0.227530226	0.034990132	0.156060785	0.045344383	0.071792156	0.086364023
1207	7	7	0.047775362	0.083661549	0.056573816	0.037926864	0.049493570	0.097493500	0.042500880	0.451488078	0.079510465	0.053575907
1208	8	8	0.151483491	0.063896820	0.069707327	0.043402363	0.071376376	0.065938346	0.109085105	0.101123236	0.212444991	0.111542001
1209	1	1	0.063031614	0.420129567	0.060976576	0.099286444	0.081059664	0.035261657	0.071833313	0.057297587	0.060899481	0.050224226
1210	7	9	0.062336382	0.072474144	0.067998141	0.068039358	0.067641042	0.099929109	0.077325299	0.120874815	0.126880154	0.236501589
1211	2	2	0.084852740	0.082804240	0.273136616	0.056215711	0.124306895	0.032248721	0.153405920	0.054607388	0.057339493	0.081082240
1212	6	8	0.111483619	0.090176694	0.133610204	0.053139873	0.111374922	0.056167793	0.105619848	0.056946889	0.147609293	0.133870944
1213	1	1	0.076128490	0.345652908	0.057610791	0.090353243	0.104453377	0.064989649	0.081012189	0.068784297	0.065245464	0.045769673
1214	0	0	0.181846082	0.071085326	0.117772095	0.070735537	0.108714312	0.043766316	0.171412066	0.113676772	0.079607174	0.041384291
1215	7	7	0.064724788	0.052752476	0.075019017	0.043365467	0.069954589	0.111655459	0.087745100	0.320624352	0.106977589	0.067181125
1216	4	4	0.078849964	0.155002847	0.062863663	0.112335972	0.232127532	0.061613530	0.108870894	0.065206945	0.067749150	0.055379517
1217	4	4	0.054805927	0.068600900	0.201902270	0.029309673	0.321774572	0.034194008	0.140134633	0.039897855	0.049469601	0.059910569
1218	2	2	0.071421251	0.090713084	0.248929903	0.029262455	0.214542031	0.042973809	0.118794076	0.066586673	0.065085396	0.051691305
1219	2	2	0.088697836	0.070876613	0.253994972	0.036937781	0.182677075	0.042364366	0.131037399	0.076848261	0.062873960	0.053691719
1220	7	7	0.057719439	0.095377520	0.073686741	0.044887632	0.061207145	0.123934984	0.059550013	0.340084881	0.089444116	0.054107524
1221	1	1	0.073767364	0.389941901	0.056458227	0.106275834	0.084912963	0.042222090	0.065293163	0.061516855	0.067352675	0.052258920
1222	8	8	0.070853002	0.098155789	0.070240334	0.085151471	0.057916760	0.040585138	0.072708309	0.093946099	0.332863003	0.077580132
1223	5	5	0.070248254	0.080198996	0.073214404	0.096972793	0.066652507	0.231357038	0.083080895	0.092930749	0.099069759	0.106274590
1224	8	8	0.079394802	0.064063929	0.090396583	0.133528411	0.096696332	0.051952638	0.077885993	0.088970363	0.212506965	0.104603894
1225	6	6	0.089433096	0.077022411	0.100395180	0.041200671	0.186264098	0.040971380	0.197683722	0.053612795	0.114435412	0.098981187
1226	1	1	0.103790186	0.229538634	0.058934864	0.117434122	0.122420110	0.049870048	0.126283094	0.080640197	0.053344425	0.057744320
1227	8	8	0.088328794	0.064992562	0.088986509	0.097199179	0.082532942	0.079447597	0.078807801	0.087439060	0.223032638	0.109232925
1228	2	2	0.098335490	0.077509142	0.224430889	0.103537850	0.095462613	0.056930341	0.128864631	0.071573459	0.078505382	0.064850137
1229	7	9	0.057508718	0.059679646	0.077952906	0.070830554	0.056505587	0.101505838	0.094002038	0.125486732	0.152745843	0.203782171
1230	7	7	0.053006966	0.092206642	0.059620816	0.048430823	0.054666296	0.115797013	0.049229059	0.391364545	0.085172705	0.050505158
1231	9	9	0.058985882	0.060312536	0.117962681	0.051888928	0.079652660	0.126476705	0.085305370	0.117335871	0.090032004	0.212047338
1232	7	7	0.055198498	0.060794167	0.060975630	0.036900871	0.050621964	0.094272666	0.046740405	0.430088192	0.098586969	0.065820679
1233	2	4	0.068217143	0.064908080	0.205970913	0.040770199	0.238499701	0.056034632	0.119988568	0.049331103	0.062784217	0.093495503
1234	1	1	0.068855278	0.379172415	0.061891541	0.084285811	0.108870976	0.048170839	0.080647923	0.063774355	0.054568123	0.049762812
1235	1	1	0.061772943	0.373290420	0.062011454	0.095534295	0.086184725	0.059943903	0.070301242	0.071645550	0.065292738	0.054022744
1236	1	1	0.072795369	0.163352787	0.044919346	0.141989708	0.093223654	0.074690714	0.107222766	0.130014077	0.089356586	0.082434975
1237	1	1	0.061240107	0.406107843	0.058545243	0.089645557	0.078300163	0.058098786	0.069110103	0.069697395	0.058960926	0.050293785
1238	2	0	0.225920156	0.074308909	0.132964328	0.045728646	0.077655651	0.072455764	0.095550500	0.098122619	0.100831702	0.076461717
1239	7	9	0.077425502	0.078190260	0.096015878	0.068847694	0.098184928	0.113412537	0.082728229	0.137501001	0.085552901	0.162141040
1240	7	9	0.063953556	0.054553501	0.087988399	0.077311590	0.087246358	0.092893645	0.093770541	0.135573760	0.112376943	0.194331631
1241	6	6	0.105130255	0.076329738	0.115653403	0.069113374	0.132049516	0.034413874	0.243805274	0.096618742	0.060191296	0.066694461
1242	2	4	0.099939451	0.066203669	0.181142151	0.078685157	0.226974741	0.044292986	0.116311945	0.092695117	0.060276050	0.033478633
1243	4	4	0.074323349	0.061178681	0.209683076	0.033741735	0.230492055	0.034161899	0.157073557	0.057451859	0.079558782	0.062335085
1244	1	1	0.060332585	0.454632223	0.058764506	0.088257723	0.079290740	0.039215684	0.060606107	0.059654120	0.050412275	0.048834119
1245	4	6	0.099675082	0.052486993	0.081556432	0.064333215	0.191653237	0.055868328	0.218267381	0.081835203	0.080833673	0.073490545
1246	1	1	0.056842089	0.460822999	0.057450607	0.092848703	0.080192514	0.042437945	0.062992252	0.060000837	0.045621194	0.040790819
1247	5	5	0.058200140	0.095868610	0.057854991	0.089085869	0.081136234	0.193143010	0.071453638	0.152433857	0.093142092	0.107681647
1248	6	6	0.093144931	0.073935941	0.105228439	0.118343249	0.197625026	0.029511292	0.200248078	0.063817337	0.065541439	0.052604333
1249	4	4	0.076237328	0.066702835	0.123023421	0.049905755	0.265809596	0.038408611	0.158147559	0.050090596	0.086750612	0.084923685
1250	3	6	0.109753028	0.073996596	0.100763924	0.046152670	0.140290499	0.046621982	0.268150091	0.069266409	0.087886788	0.057117991
1251	9	9	0.065629512	0.075340480	0.076845706	0.095368974	0.074572310	0.124853782	0.075209022	0.126989380	0.089850880	0.195339963
1252	2	2	0.070718005	0.073500738	0.322552413	0.042815227	0.130089566	0.046727374	0.126512229	0.064886451	0.068311863	0.053886220
1253	1	1	0.066066928	0.450522333	0.056754544	0.099407412	0.090571485	0.026126118	0.070746034	0.054005042	0.045290641	0.040509507
1254	9	9	0.038493820	0.061607804	0.082531124	0.062034331	0.067963064	0.096909977	0.051500060	0.102945298	0.074258924	0.361755610
1255	6	0	0.266882777	0.069636770	0.128430590	0.028726155	0.121325761	0.034974799	0.171713188	0.047725275	0.069137968	0.061446592
1256	7	7	0.048086878	0.086052664	0.062192611	0.044772651	0.047965538	0.127483398	0.046785187	0.398526996	0.085980982	0.052153211
1257	8	7	0.154199675	0.076060213	0.060342185	0.026764380	0.069874734	0.057175357	0.075386487	0.239549920	0.180794761	0.059852265
1258	3	3	0.090599321	0.162007421	0.058700629	0.177449226	0.151058108	0.051184233	0.118401572	0.084340006	0.052721936	0.053537592
1259	3	3	0.109127872	0.185851321	0.060324937	0.200719357	0.104048632	0.058728743	0.098673940	0.061211918	0.061998580	0.059314720
1260	3	3	0.100134887	0.112886690	0.057828341	0.209251955	0.145670146	0.029938811	0.126733273	0.103500597	0.062194344	0.051860884
1261	1	1	0.057424642	0.488096654	0.053028505	0.094066419	0.079474337	0.024538361	0.065208159	0.053121179	0.043882579	0.041159168
1262	1	1	0.091680944	0.180687070	0.066534393	0.117278375	0.109145366	0.059880938	0.176260576	0.087714188	0.058606744	0.052211396
1263	0	0	0.203648686	0.054378815	0.090047598	0.053576306	0.125269055	0.044499729	0.082359463	0.161782175	0.130996138	0.053441986
1264	6	2	0.091652751	0.097077422	0.177046388	0.085385770	0.111703284	0.067194827	0.120263390	0.080094531	0.086484261	0.083097406
1265	2	2	0.080652341	0.081504315	0.248825848	0.059349187	0.120469153	0.058340330	0.140062153	0.080212779	0.072316453	0.058267470
1266	5	5	0.059442226	0.092509456	0.104622632	0.088725351	0.097967125	0.162457645	0.082037292	0.088869177	0.084727302	0.138641804
1267	1	1	0.086310357	0.230890870	0.054037128	0.117353179	0.125144824	0.054080181	0.150659502	0.082331546	0.055046752	0.044145614
1268	3	1	0.078071669	0.203000486	0.064259157	0.196984813	0.106271788	0.077790685	0.081040032	0.072653718	0.063349098	0.056578528
1269	9	9	0.050260354	0.062349644	0.064245105	0.057415564	0.053799748	0.055833392	0.046257783	0.102428697	0.104295999	0.403113723
1270	7	7	0.054898299	0.053591941	0.049601067	0.036695823	0.051617101	0.097572818	0.054321930	0.448737502	0.095192984	0.057770602
1271	5	5	0.063591361	0.065063708	0.076863810	0.068412028	0.078393154	0.272848606	0.061767995	0.145058036	0.095876716	0.072124593
1272	1	1	0.066041447	0.378011495	0.055901736	0.101457819	0.079356350	0.051273938	0.070215434	0.076180138	0.064336345	0.057225410
1273	7	7	0.059671160	0.076444462	0.047827948	0.048463050	0.065975800	0.185860887	0.072463080	0.277196586	0.092339970	0.073757015
1274	1	1	0.064161927	0.445617884	0.063479289	0.101183802	0.084421717	0.026660062	0.072692081	0.053521287	0.047149763	0.041112237
1275	6	6	0.096803263	0.085862517	0.085728735	0.119385511	0.157358363	0.031618796	0.244196355	0.075125150	0.057620671	0.046300650
1276	5	5	0.058773346	0.106527425	0.065683357	0.058650419	0.056895364	0.264231980	0.049475789	0.172133297	0.097593829	0.070035256
1277	4	4	0.066190958	0.069412909	0.187980071	0.040278021	0.246046469	0.041159984	0.141541466	0.068498641	0.064797252	0.074094236
1278	2	2	0.066514499	0.076881930	0.283283383	0.032538429	0.186488926	0.042626012	0.111510478	0.062840074	0.074241139	0.063075155
1279	2	2	0.083133563	0.083430678	0.322755843	0.039658371	0.145305037	0.029433029	0.115777433	0.078097425	0.049876042	0.052532520
1280	4	1	0.080596179	0.223278284	0.049715217	0.124773197	0.145505831	0.050521225	0.119611993	0.087440670	0.062926419	0.055631038
1281	9	9	0.053808391	0.060842767	0.084559165	0.078053840	0.069399744	0.095021240	0.059523825	0.119057879	0.085725412	0.294007689
1282	9	9	0.049477022	0.048427757	0.075953953	0.037226263	0.058495626	0.067666851	0.066581689	0.088510200	0.104877159	0.402783453
1283	3	1	0.086798295	0.220728427	0.052944515	0.110311821	0.091299802	0.098786496	0.084508665	0.084133148	0.095493704	0.074995108
1284	9	9	0.052613698	0.054555032	0.077533200	0.059183352	0.058369327	0.064641245	0.062954515	0.101631843	0.095064290	0.373453528
1285	3	1	0.081175178	0.224671349	0.043876346	0.221178964	0.111821562	0.066248849	0.077645235	0.062496878	0.056148075	0.054737542
1286	1	1	0.084737711	0.236628368	0.047565177	0.106248826	0.109460086	0.073748551	0.102978736	0.114759110	0.062032722	0.061840773
1287	6	0	0.216584191	0.060433362	0.084983811	0.038149752	0.065600201	0.071136951	0.138206542	0.126548335	0.141766831	0.056590028
1288	4	4	0.062293518	0.077149861	0.177480564	0.034339681	0.291610181	0.030083114	0.149309218	0.051873546	0.062587716	0.063272603
1289	7	7	0.049510118	0.054704010	0.060428780	0.037096623	0.062119193	0.106340073	0.056057628	0.442389995	0.074584462	0.056769110
1290	4	2	0.085077651	0.082262121	0.198728010	0.028217606	0.170713529	0.051718995	0.130377963	0.130832657	0.080652446	0.041418996
1291	9	9	0.054783214	0.046049461	0.117752291	0.051830530	0.078567341	0.068613283	0.064327896	0.081915699	0.100671940	0.335488319
1292	6	4	0.080100358	0.082856059	0.143659890	0.071727991	0.228785947	0.029167555	0.188457146	0.071682081	0.060359173	0.043203779
1293	4	4	0.081883140	0.087472178	0.069704153	0.117606044	0.232239410	0.034620691	0.191431284	0.072704829	0.063949935	0.048388295
1294	2	2	0.098042727	0.069901772	0.232375741	0.068842776	0.132388473	0.038762975	0.148411408	0.106442377	0.059733957	0.045097742
1295	6	0	0.293824583	0.066198580	0.088982128	0.084001482	0.125711963	0.027609032	0.144613385	0.061179265	0.072847404	0.035032239
1296	7	7	0.051181324	0.056727115	0.057037044	0.041356601	0.052906036	0.109154932	0.058147121	0.433900863	0.085550770	0.054038174
1297	4	2	0.062804110	0.088079937	0.258925259	0.029955965	0.231639832	0.036525618	0.123419009	0.051850673	0.060809221	0.055990390
1298	7	7	0.047849789	0.053374726	0.065240376	0.039331328	0.050996572	0.104167715	0.046894677	0.420271784	0.094735853	0.077137150
1299	0	0	0.311822593	0.061185416	0.077478305	0.076263309	0.114947602	0.022146322	0.137739420	0.064278230	0.063141078	0.070997708
1300	2	2	0.136719450	0.094675370	0.175369382	0.056544386	0.106244929	0.074058935	0.125559449	0.061862446	0.078569792	0.090395927
1301	2	2	0.089924410	0.081096895	0.246069908	0.048458636	0.092157282	0.047876399	0.141780302	0.087545544	0.080902055	0.084188521
1302	9	9	0.047938716	0.070279717	0.075124502	0.085924864	0.061617173	0.125812203	0.058955118	0.124395289	0.100193456	0.249758899
1303	9	7	0.063825540	0.059060585	0.079220913	0.062686749	0.064044058	0.099353507	0.094811134	0.201477930	0.129286170	0.146233425
1304	4	6	0.079876505	0.083891675	0.104476765	0.084554382	0.183859855	0.032593776	0.250314832	0.066026814	0.064592384	0.049813014
1305	9	9	0.057935677	0.058658209	0.060951710	0.066879474	0.063915804	0.107865766	0.053462747	0.114830136	0.105458900	0.310041547
1306	1	1	0.071526177	0.328110695	0.061888263	0.100219153	0.080546178	0.080480881	0.071152017	0.077610709	0.067533545	0.060932312
1307	7	7	0.058137186	0.057784200	0.058242064	0.061475765	0.069096908	0.088503093	0.073471278	0.265284777	0.099629216	0.168375522
1308	7	7	0.041239072	0.075267889	0.052756216	0.049513713	0.056507193	0.132227495	0.053550545	0.396754682	0.079232305	0.062950850
1309	9	9	0.065125905	0.060054965	0.066112831	0.085622482	0.055079672	0.136735231	0.060870782	0.107500166	0.102615505	0.260282487
1310	9	9	0.049931854	0.051153015	0.097921908	0.044113204	0.063405052	0.100152738	0.066835493	0.056460287	0.099649310	0.370377213
1311	7	7	0.054322429	0.103636742	0.068807572	0.045369674	0.059190694	0.158337459	0.051246084	0.318272054	0.084132023	0.056685280
1312	5	7	0.073088899	0.064280868	0.061936751	0.039810821	0.063517168	0.218770936	0.064375617	0.250186175	0.102398299	0.061634511
1313	3	1	0.089998260	0.189390600	0.044484358	0.113010734	0.113181598	0.080873504	0.129967034	0.116714254	0.058639582	0.063740119
1314	1	1	0.056500118	0.497629791	0.053412069	0.085892648	0.073943451	0.029524317	0.062789604	0.054146644	0.045383278	0.040778097
1315	1	1	0.073253118	0.243615687	0.062464148	0.156630546	0.069406554	0.087579586	0.067190394	0.077773549	0.087155104	0.074931279
1316	5	5	0.075839005	0.070613340	0.062396392	0.083283506	0.151943281	0.168737128	0.099783957	0.076092325	0.092066608	0.119244479
1317	9	9	0.059141200	0.063357726	0.104512952	0.067812219	0.090134472	0.091379091	0.074581578	0.087147295	0.101257294	0.260676175
1318	1	1	0.087405302	0.325171292	0.057824362	0.105017632	0.119078420	0.044664197	0.103017844	0.061873451	0.055756096	0.040191460
1319	0	0	0.384090900	0.061058883	0.078771979	0.057661604	0.097512580	0.033401001	0.106480062	0.069687277	0.063424610	0.047911078
1320	9	9	0.055135302	0.066242307	0.089660913	0.067320406	0.074691363	0.104948461	0.063475490	0.072843492	0.101277478	0.304404795
1321	9	9	0.057710484	0.063849077	0.061139885	0.058155928	0.091723420	0.112765878	0.075730637	0.102689266	0.101351224	0.274884224
1322	1	1	0.074193202	0.352014452	0.070014492	0.106007546	0.094477236	0.051128015	0.082098745	0.068285458	0.050532717	0.051248144
1323	6	0	0.391548336	0.045774825	0.071710028	0.059518885	0.109169975	0.027246431	0.104309157	0.054268062	0.068581045	0.067873217
1324	1	1	0.080604888	0.306552529	0.053178411	0.095435724	0.119269826	0.060446296	0.092035055	0.075178117	0.065430656	0.051868495
1325	9	9	0.050658662	0.081918292	0.082907654	0.089972772	0.061545663	0.101924472	0.058399782	0.119584419	0.087828659	0.265259653
1326	2	4	0.080077983	0.064038925	0.175900951	0.062322453	0.242581531	0.052820675	0.117057145	0.096422888	0.061162941	0.047614500
1327	2	6	0.087630481	0.077617042	0.165192440	0.054848071	0.134025440	0.046857208	0.247285128	0.046909750	0.066308424	0.073326029
1328	2	4	0.085774846	0.091880396	0.129013985	0.102758691	0.252177149	0.056335490	0.081392884	0.093832240	0.057631113	0.049203206
1329	3	1	0.069225386	0.235186175	0.044781275	0.230704933	0.080441877	0.061538976	0.073858127	0.063134745	0.074779533	0.066349007
1330	0	6	0.106141247	0.070803247	0.095814474	0.112442650	0.127273932	0.031992525	0.244767442	0.071771562	0.057060793	0.081932127
1331	9	9	0.047493685	0.057753239	0.086643651	0.051397592	0.064640880	0.068239927	0.058524117	0.071468480	0.087157287	0.406681120
1332	8	8	0.164501369	0.073327228	0.072238326	0.039375182	0.109762259	0.061941735	0.083976015	0.050892618	0.204196781	0.139788494
1333	0	0	0.228892177	0.090696268	0.069104992	0.064234652	0.056078721	0.088181034	0.120706588	0.112046830	0.101945758	0.068113029
1334	3	3	0.115445875	0.085376367	0.082165539	0.196510538	0.128976658	0.038306367	0.129953682	0.088856407	0.076095358	0.058313269
1335	3	1	0.135315433	0.217239171	0.051879082	0.183287159	0.132064179	0.030851725	0.081127219	0.058139585	0.059945650	0.050150760
1336	8	0	0.201851457	0.051551286	0.058770400	0.026560696	0.122220762	0.075975724	0.124430366	0.099767067	0.180441603	0.058430661
1337	9	9	0.056690563	0.060664825	0.067795195	0.057131637	0.062590227	0.093510248	0.062455840	0.116914771	0.095464110	0.326782584
1338	9	9	0.051049512	0.052367494	0.077485524	0.084260970	0.060693953	0.092549354	0.058720220	0.109655015	0.093382820	0.319835126
1339	1	1	0.065184772	0.404139310	0.062099781	0.109764554	0.083190270	0.035436351	0.074813299	0.055512916	0.061944902	0.047913864
1340	4	4	0.087274373	0.064461216	0.135942325	0.061281823	0.155312374	0.090308450	0.130963653	0.071888477	0.103003748	0.099563539
1341	9	9	0.063132480	0.057185404	0.116491199	0.066474766	0.092125908	0.077827387	0.094369538	0.063096739	0.106987096	0.262309462
1342	0	0	0.333829761	0.059580017	0.074731082	0.056506570	0.091097891	0.067336462	0.118545711	0.072287261	0.078400038	0.047685184
1343	5	5	0.072328769	0.094992712	0.063587129	0.083811298	0.081844628	0.243963644	0.066935301	0.121431142	0.084454201	0.086651184
1344	7	7	0.051570229	0.067694470	0.054421324	0.037525974	0.053234689	0.103764661	0.050046615	0.455745220	0.076269463	0.049727354
1345	2	2	0.186979160	0.067045338	0.187077135	0.040370356	0.133744940	0.057046477	0.091803670	0.054614153	0.088048056	0.093270652
1346	3	3	0.154357508	0.168452352	0.051339053	0.173199639	0.095730506	0.067828365	0.110961169	0.069495425	0.059544150	0.049091786
1347	7	7	0.058879949	0.055590171	0.055975098	0.034182321	0.054968163	0.111855805	0.064849406	0.404756755	0.092134565	0.066807710
1348	9	9	0.048647925	0.054724865	0.097134776	0.054629847	0.085509948	0.112018220	0.054105297	0.086271636	0.120408326	0.286549151
1349	2	4	0.066087596	0.059938934	0.180601805	0.029055076	0.294221163	0.033978924	0.148892805	0.062905923	0.064593121	0.059724633
1350	9	9	0.058786120	0.070309594	0.070792697	0.077642314	0.086498477	0.124188915	0.063657753	0.120019540	0.088686660	0.239417970
1351	4	4	0.087012433	0.147701412	0.053706761	0.141584396	0.218433216	0.034268178	0.107064530	0.076114878	0.076155782	0.057958379
1352	3	3	0.148653209	0.142324612	0.058654923	0.203846544	0.113184087	0.046917509	0.098351844	0.068312779	0.066496618	0.053257879
1353	5	5	0.065483123	0.103364401	0.069008678	0.051313259	0.063954517	0.230344504	0.049278930	0.187226832	0.106304988	0.073720716
1354	5	5	0.066902772	0.073754527	0.070579529	0.103621714	0.079104885	0.226657853	0.066719383	0.108039416	0.076787449	0.127832502
1355	9	9	0.065884493	0.063405976	0.078468256	0.074541241	0.098165654	0.100821778	0.075646631	0.114178903	0.121086292	0.207800820
1356	9	9	0.110068932	0.059278179	0.070959695	0.080441900	0.087035052	0.121006832	0.057544895	0.119817704	0.134259179	0.159587651
1357	6	6	0.119104691	0.072800681	0.099131286	0.125453293	0.136470273	0.044787142	0.158506736	0.100529857	0.075062782	0.068153337
1358	7	7	0.046086967	0.055468328	0.054890309	0.035719115	0.049807969	0.100190006	0.043138638	0.476124555	0.082017772	0.056556314
1359	5	5	0.061157297	0.103371672	0.053177763	0.053044818	0.065646037	0.235763058	0.053684887	0.202967331	0.102467321	0.068719842
1360	1	1	0.059668262	0.446597368	0.057926882	0.097136743	0.072958447	0.033154927	0.065694064	0.053163383	0.066408269	0.047291607
1361	9	9	0.061478339	0.059766516	0.086255006	0.051488135	0.083156638	0.094958782	0.063411877	0.075067863	0.105750270	0.318666577
1362	6	6	0.075283825	0.067747973	0.086123243	0.043920670	0.090422444	0.061102338	0.196281791	0.133214027	0.134156495	0.111747257
1363	3	1	0.067477442	0.243984595	0.044237334	0.165677637	0.077193253	0.098874159	0.067027561	0.078631677	0.083144657	0.073751695
1364	1	1	0.060782846	0.431549907	0.057523087	0.086006381	0.084465466	0.048491828	0.063186005	0.062043536	0.054962263	0.050988674
1365	3	4	0.089365497	0.160870656	0.054508418	0.156589463	0.172638521	0.053981185	0.114555016	0.083008021	0.056370895	0.058112279
1366	4	4	0.073369227	0.076714449	0.151769936	0.066091910	0.301536530	0.033797529	0.118579090	0.079545483	0.050159946	0.048435859
1367	8	8	0.073374294	0.095514871	0.084503740	0.049925845	0.089997694	0.050697640	0.095220141	0.075855531	0.199015290	0.185894981
1368	5	9	0.078670166	0.057320282	0.070769921	0.069913231	0.079661168	0.123058990	0.092208751	0.123167016	0.145656317	0.159574181
1369	2	4	0.075327262	0.076773822	0.179451749	0.025375554	0.261508554	0.040774163	0.112697907	0.100198820	0.072243705	0.055648409
1370	3	1	0.062720053	0.271634251	0.054379560	0.167726725	0.068981759	0.078796819	0.065911330	0.076445483	0.082219541	0.071184449
1371	9	9	0.067317963	0.067306511	0.109449849	0.086331740	0.075592145	0.086382106	0.082545318	0.104242682	0.112672485	0.208159268
1372	8	8	0.076145105	0.084119760	0.084554158	0.090828434	0.085375905	0.073399223	0.097445227	0.093955554	0.213635758	0.100540906
1373	2	4	0.077080354	0.072664596	0.208525449	0.041688073	0.225560829	0.037196793	0.139073566	0.047701932	0.066693060	0.083815344
1374	3	7	0.084123097	0.110620216	0.053556435	0.131789729	0.121730097	0.055745903	0.127863139	0.138603136	0.095308401	0.080659829
1375	7	9	0.059977874	0.075460970	0.078059852	0.109091356	0.079270430	0.106901124	0.058286782	0.120462313	0.108315304	0.204173997
1376	4	4	0.075000182	0.078942612	0.092415094	0.091424890	0.254387170	0.041252315	0.203710914	0.052872509	0.060314097	0.049680248
1377	0	1	0.104143992	0.194240794	0.048659950	0.181056321	0.119259141	0.070752762	0.086182304	0.060415827	0.062455133	0.072833799
1378	6	6	0.116762958	0.061654970	0.086875610	0.087359719	0.152587995	0.036930706	0.241383031	0.098289430	0.062322348	0.055833217
1379	8	8	0.094048068	0.070281111	0.090007633	0.093007460	0.089750618	0.069261372	0.093254656	0.082221679	0.215160877	0.103006460
1380	4	4	0.058500417	0.069921844	0.138495862	0.042227685	0.394911349	0.031043613	0.099276640	0.062596492	0.055291109	0.047734980
1381	6	4	0.077081919	0.078210168	0.135974973	0.067680687	0.253801703	0.033617001	0.159667462	0.073798120	0.062961884	0.057206046
1382	2	2	0.074830748	0.100205280	0.198682025	0.108187526	0.082415991	0.083171055	0.094163403	0.080399588	0.087865196	0.090079129
1383	0	3	0.117927328	0.153544232	0.085751563	0.158048570	0.131191477	0.043919876	0.121738404	0.070194110	0.062242191	0.055442341
1384	3	3	0.174973756	0.108800009	0.066938251	0.214576542	0.116954550	0.025356097	0.119601302	0.055743575	0.062051840	0.055004001
1385	5	5	0.062102310	0.098379001	0.072774574	0.091982387	0.073849447	0.250997007	0.076472305	0.107820019	0.086046077	0.079576932
1386	3	3	0.128825322	0.138202295	0.067169145	0.166264296	0.119664162	0.053849664	0.123595171	0.074131764	0.073663004	0.054635167
1387	8	8	0.061301578	0.069815829	0.099467218	0.048552565	0.102271520	0.078950077	0.096253291	0.071981363	0.220137060	0.151269495
1388	5	5	0.057676017	0.099863537	0.049080946	0.071544215	0.073337749	0.305188626	0.053038597	0.137025818	0.081531748	0.071712740
1389	5	5	0.064732388	0.064987577	0.073954582	0.112644136	0.061119951	0.194202349	0.100665823	0.096661136	0.097140580	0.133891359
1390	4	4	0.072762437	0.075559564	0.181596518	0.053991895	0.252486408	0.052905563	0.117719702	0.072700292	0.061814826	0.058462787
1391	2	2	0.076744556	0.084246546	0.278257370	0.033690941	0.180215731	0.038386159	0.128734708	0.069893464	0.060037132	0.049793351
1392	3	3	0.083598644	0.162486315	0.044415131	0.182985902	0.068912983	0.058687534	0.109687231	0.130146220	0.084889315	0.074190646
1393	6	6	0.116920218	0.068875737	0.093716331	0.105261892	0.124603391	0.039207660	0.235800251	0.090546139	0.059640989	0.065427512
1394	7	9	0.061006662	0.063139021	0.076847136	0.080777921	0.059361394	0.137435392	0.052155368	0.114706464	0.094952986	0.259617716
1395	0	6	0.092686065	0.092909381	0.106186949	0.140856087	0.155700758	0.037267040	0.162583381	0.092912033	0.061172009	0.057726219
1396	4	4	0.076968186	0.065664463	0.182782263	0.030646360	0.245881170	0.042398289	0.153166100	0.076216936	0.069256514	0.057019729
1397	5	7	0.078240924	0.074903481	0.058799136	0.050776016	0.067224868	0.163694471	0.086289108	0.213552997	0.150067225	0.056451757
1398	9	9	0.060133930	0.081691779	0.087992355	0.066946022	0.067884989	0.103433967	0.074572675	0.125907093	0.104900785	0.226536393
1399	3	3	0.078572191	0.164034486	0.058449693	0.290904820	0.095025599	0.056531321	0.079149768	0.066473246	0.059262801	0.051595978
1400	4	4	0.076726794	0.079802588	0.114869550	0.076135613	0.219242841	0.028294673	0.218268022	0.058155738	0.065089278	0.063414969
1401	9	9	0.052895349	0.051727768	0.077112451	0.078391574	0.060409620	0.085129447	0.064426444	0.117740273	0.113199741	0.298967361
1402	5	7	0.062234137	0.074132234	0.064117305	0.036932819	0.070137940	0.223617554	0.055539083	0.250047654	0.105052345	0.058188930
1403	7	7	0.054369558	0.057969224	0.051680490	0.037671484	0.056206502	0.112931535	0.057264093	0.429611981	0.085877143	0.056417946
1404	4	4	0.067936532	0.081847057	0.122273251	0.038854796	0.271231294	0.023698390	0.206395596	0.044433825	0.078902461	0.064426832
1405	0	0	0.338120252	0.052887790	0.093300648	0.055387795	0.112231202	0.018176785	0.125476435	0.065863244	0.079477273	0.059078630
1406	8	7	0.146465987	0.066074707	0.060406659	0.035711739	0.066453807	0.085970834	0.071347184	0.214829668	0.179106429	0.073633023
1407	0	0	0.306649983	0.066562042	0.075985484	0.065677464	0.069547296	0.055841919	0.101994082	0.090605214	0.098923370	0.068213202
1408	6	0	0.372518897	0.066376522	0.059452705	0.042522669	0.119530343	0.030086664	0.120229468	0.067430593	0.077225901	0.044626214
1409	1	1	0.056760594	0.480984718	0.052838471	0.088091813	0.074254721	0.039346375	0.055363849	0.057144962	0.047191039	0.048023392
1410	4	2	0.076644421	0.088063486	0.208834335	0.034556542	0.183496490	0.037288927	0.153047681	0.055256080	0.075252950	0.087559044
1411	4	4	0.075580247	0.087955438	0.119350299	0.088692784	0.216503993	0.094146386	0.130379304	0.074274942	0.055050995	0.058065552
1412	9	9	0.060332142	0.071590222	0.080466755	0.074237742	0.061508968	0.096503526	0.068125270	0.106537588	0.097633518	0.283064246
1413	8	8	0.145541087	0.067278132	0.065069243	0.040456556	0.062345568	0.062358417	0.134073198	0.154679388	0.176235750	0.091962643
1414	7	7	0.054672342	0.056667365	0.079685971	0.074851736	0.063415706	0.090585358	0.091108024	0.200031579	0.093624853	0.195357069
1415	3	1	0.094822653	0.231787488	0.052446380	0.118974350	0.156712845	0.056818705	0.100757472	0.066274375	0.062723659	0.058682077
1416	0	0	0.399194539	0.060227171	0.088179678	0.035717048	0.090657368	0.031500544	0.093998656	0.098223157	0.067454383	0.034847300
1417	1	1	0.073911235	0.343191236	0.065469682	0.098470189	0.097108699	0.054909494	0.076256037	0.075796999	0.063511476	0.051375020
1418	9	9	0.085538052	0.063240401	0.088105522	0.057009563	0.129513696	0.121603191	0.100144736	0.062911503	0.124762565	0.167170748
1419	0	3	0.111805208	0.086872973	0.095657438	0.241474420	0.131436229	0.031352963	0.128966942	0.060256768	0.066529289	0.045647841
1420	4	6	0.084030882	0.070026658	0.150820687	0.083672561	0.151729420	0.025533499	0.180407926	0.060346037	0.113028310	0.080403976
1421	7	7	0.047676835	0.051071484	0.053017851	0.036673013	0.054868005	0.099185981	0.056378987	0.448072106	0.091706701	0.061349109
1422	9	9	0.081985362	0.064635463	0.114796795	0.068608314	0.099463210	0.112450890	0.118247867	0.064645812	0.097156256	0.178010076
1423	8	8	0.077754825	0.058544785	0.079480268	0.054730210	0.077391349	0.073992133	0.076788411	0.065066814	0.286343008	0.149908185
1424	4	4	0.083986834	0.082846932	0.167577267	0.042793289	0.192492768	0.057193160	0.140326858	0.092405990	0.087755308	0.052621659
1425	0	0	0.386793643	0.048687071	0.088237345	0.036342405	0.106724933	0.032047775	0.083442897	0.107049666	0.070095308	0.040578868
1426	3	3	0.089323737	0.191239059	0.050154552	0.257390082	0.076112419	0.047720466	0.071476713	0.066254839	0.081007384	0.069320723
1427	7	7	0.061284758	0.091493607	0.064986587	0.090974383	0.070902407	0.116011880	0.084229283	0.201627478	0.113198832	0.105290778
1428	2	2	0.074266538	0.092967317	0.207616165	0.038427465	0.174571380	0.046356346	0.150392771	0.041873727	0.077168740	0.096359581
1429	5	5	0.068948381	0.066939235	0.070394382	0.056800276	0.099557035	0.234488532	0.065463752	0.125792697	0.107817627	0.103798069
1430	8	8	0.185425356	0.055194873	0.078276955	0.016055819	0.110878594	0.073084004	0.076661967	0.122493111	0.187890217	0.094039120
1431	0	0	0.378582865	0.054005772	0.092116438	0.061309304	0.102894321	0.035631768	0.087822124	0.084804393	0.069070727	0.033762317
1432	8	8	0.089207336	0.065950975	0.076455042	0.085498281	0.101296827	0.065256663	0.128098011	0.078251198	0.220007047	0.089978598
1433	0	0	0.259113461	0.073839016	0.093191244	0.062427215	0.135921478	0.035954189	0.143340558	0.074179009	0.071874939	0.050158862
1434	5	5	0.075139746	0.078343056	0.070226401	0.089056574	0.077205122	0.210981801	0.060792871	0.102738246	0.085570171	0.149946049
1435	3	3	0.089391075	0.075737096	0.090653062	0.204774782	0.176305696	0.058562376	0.129438117	0.065428019	0.051733326	0.057976589
1436	1	1	0.091932699	0.241074339	0.047642384	0.090501666	0.100763574	0.087621666	0.092824973	0.103634164	0.069256030	0.074748561
1437	0	0	0.301782846	0.045174994	0.082035683	0.033021078	0.063862719	0.050668541	0.085588962	0.178805679	0.115791894	0.043267552
1438	0	0	0.336599380	0.059764005	0.086264998	0.066892110	0.092636213	0.025121689	0.095151931	0.102304630	0.084462136	0.050802901
1439	1	1	0.065399446	0.435066789	0.062073939	0.093304679	0.085423484	0.040416490	0.063626409	0.061068818	0.046880618	0.046739291
1440	7	7	0.048935857	0.092424884	0.062676035	0.043637812	0.052075222	0.098773144	0.044547830	0.419997990	0.083487786	0.053443454
1441	5	5	0.078840770	0.068140842	0.074679866	0.064892679	0.091979079	0.201903597	0.104171552	0.085702032	0.103074804	0.126614884
1442	2	4	0.083325975	0.073156260	0.144026816	0.101527661	0.311233103	0.035685655	0.087460987	0.077494957	0.048769403	0.037319221
1443	8	8	0.069397375	0.070725501	0.083430208	0.042690501	0.091635182	0.072954595	0.099108279	0.071525417	0.260235041	0.138297886
1444	3	4	0.098503791	0.074583679	0.110405728	0.146966338	0.158601806	0.023681259	0.157091394	0.107432932	0.054481212	0.068251841
1445	1	1	0.081536062	0.271658182	0.046922088	0.105509162	0.116860010	0.055722512	0.129300401	0.084009133	0.060943127	0.047539424
1446	0	0	0.341806382	0.048198611	0.114595711	0.036315851	0.101462439	0.028885880	0.085545614	0.114165612	0.083248571	0.045775346
1447	0	0	0.329512656	0.075680532	0.091861628	0.054154214	0.095823556	0.036000084	0.128615692	0.070304826	0.065690003	0.052356727
1448	0	0	0.322675318	0.068089679	0.078762792	0.070390083	0.087902173	0.053716071	0.075362071	0.087116845	0.101197094	0.054787803
1449	7	7	0.047806684	0.085645206	0.054927163	0.042902756	0.054978862	0.116279043	0.044583160	0.415610522	0.083370790	0.053895857
1450	7	7	0.057878375	0.049073827	0.055462994	0.040784117	0.057765845	0.093577497	0.063527502	0.443081856	0.082539476	0.056308508
1451	4	4	0.061872594	0.063885525	0.130604431	0.046327867	0.318513066	0.027193962	0.135012761	0.040018890	0.098086834	0.078484058
1452	5	9	0.104495756	0.044765003	0.095867872	0.045219403	0.097508103	0.121683687	0.122643009	0.067503318	0.111476243	0.188837558
1453	6	6	0.087502696	0.049727399	0.048726145	0.043578267	0.192194387	0.050218523	0.314749599	0.051506024	0.082821943	0.078975029
1454	8	7	0.115266204	0.065647975	0.075758010	0.032519028	0.088670164	0.086704507	0.062975086	0.208053827	0.198397145	0.066007994
1455	6	8	0.072939746	0.077326417	0.107770003	0.084483370	0.127470985	0.058000360	0.127755865	0.101834901	0.129252419	0.113165930
1456	1	1	0.063212037	0.435121536	0.062473163	0.086766243	0.087373085	0.038059294	0.065352038	0.058830142	0.053128928	0.049683519
1457	8	8	0.153567106	0.063194148	0.076119266	0.045818523	0.075120680	0.073333226	0.092474937	0.057347760	0.190242037	0.172782287
1458	9	9	0.050585821	0.071833335	0.141832069	0.063705586	0.098959573	0.099590786	0.068304420	0.074121594	0.108471937	0.222594842
1459	1	1	0.059780426	0.441558540	0.059881613	0.088079631	0.073985152	0.043923616	0.064395964	0.064006470	0.052909978	0.051478576
1460	1	1	0.108546056	0.256919473	0.058597289	0.104291558	0.110472284	0.044204067	0.135211572	0.066281483	0.063401081	0.052075103
1461	5	5	0.066301703	0.101695381	0.052908860	0.067324609	0.081422806	0.239668757	0.059046950	0.168139160	0.086190619	0.077301167
1462	3	3	0.084545374	0.160990208	0.061470527	0.168893695	0.098224752	0.060733359	0.107257470	0.119033620	0.075457811	0.063393168
1463	2	2	0.076638065	0.081457160	0.240259945	0.036917664	0.190770492	0.048704822	0.119103938	0.065011099	0.069755442	0.071381353
1464	5	5	0.066503763	0.083623990	0.066395074	0.067309022	0.082542673	0.252444685	0.067763507	0.124087252	0.093493357	0.095836654
1465	8	8	0.176449135	0.057184696	0.060489502	0.043183118	0.075301968	0.084221967	0.079260238	0.061393596	0.232221141	0.130294636
1466	5	5	0.061115839	0.078790694	0.084698327	0.127209067	0.076311655	0.141783163	0.079852164	0.120975114	0.104301430	0.124962538
1467	0	6	0.148531139	0.043696176	0.092885792	0.061700072	0.064540036	0.101853341	0.161705062	0.087958045	0.140730515	0.096399821
1468	2	8	0.125746340	0.057797983	0.100210220	0.030528670	0.149031445	0.059657685	0.119238771	0.118411578	0.166466400	0.072910890
1469	3	3	0.087343432	0.195667014	0.057172801	0.205871820	0.118460402	0.063103542	0.088120990	0.075753555	0.053313918	0.055192579
1470	2	6	0.099130847	0.108009860	0.094711535	0.088554524	0.143336743	0.044642206	0.201866820	0.071077920	0.086537197	0.062132306
1471	5	9	0.067831457	0.055139814	0.089347266	0.072522782	0.076002628	0.159161180	0.098602511	0.085167639	0.108873680	0.187351048
1472	2	2	0.084439762	0.082172066	0.273545384	0.057839271	0.110463828	0.048765700	0.114579931	0.110046275	0.058732931	0.059414871
1473	4	2	0.074131958	0.091644123	0.262603819	0.035532158	0.211137623	0.035928641	0.112230517	0.075102113	0.054888062	0.046800934
1474	0	0	0.378209591	0.050502397	0.082478955	0.042057294	0.089709438	0.034694318	0.107588887	0.099512279	0.083493724	0.031753182
1475	9	5	0.070625052	0.065441556	0.069537304	0.092054062	0.092014566	0.148002043	0.086880662	0.141689584	0.114811048	0.118944101
1476	4	2	0.065626353	0.076637484	0.275143206	0.037738618	0.188949123	0.037782118	0.123702399	0.049946073	0.058139496	0.086335115
1477	7	7	0.048289210	0.095182382	0.059961893	0.042186242	0.049575448	0.113592751	0.045004807	0.415076077	0.076953381	0.054177884
1478	6	4	0.073878393	0.056937229	0.171952099	0.033606920	0.217726812	0.034574132	0.208382249	0.052987736	0.068950653	0.081003800
1479	7	7	0.050653808	0.093040094	0.054801177	0.047914878	0.052540053	0.207545936	0.044227157	0.297269523	0.088132933	0.063874416
1480	3	3	0.102423780	0.121263646	0.081518941	0.251485169	0.094243899	0.049836025	0.089512862	0.075491600	0.081231132	0.052992873
1481	6	0	0.180381462	0.067872234	0.078183778	0.074627645	0.081756011	0.106829464	0.105654694	0.104451403	0.115208112	0.085035257
1482	3	3	0.092547655	0.134863526	0.051733937	0.186785117	0.089278892	0.091892645	0.102962025	0.099986412	0.079108484	0.070841283
1483	5	5	0.060911063	0.085962519	0.070978999	0.112641394	0.092620477	0.181912020	0.072880819	0.092966750	0.101935908	0.127190083
1484	4	2	0.066723675	0.074875697	0.291533798	0.031658664	0.209381714	0.029674156	0.116874896	0.064322770	0.056356404	0.058598246
1485	4	4	0.065423839	0.079988047	0.154154196	0.054477375	0.284213066	0.049665499	0.117415145	0.077771671	0.068620868	0.048270199
1486	1	1	0.060556870	0.423887461	0.062587619	0.089004792	0.079229794	0.052507725	0.060346797	0.064549759	0.057478216	0.049851112
1487	6	4	0.078503899	0.080797009	0.117999300	0.056858663	0.181497529	0.076670147	0.105565369	0.148797572	0.087659299	0.065651275
1488	9	9	0.067540757	0.072103590	0.080140993	0.081637800	0.066095851	0.081128567	0.070307747	0.115372807	0.116437227	0.249234587
1489	7	7	0.064118132	0.065154091	0.064339854	0.049148031	0.072255760	0.143591210	0.061972320	0.319450259	0.105247051	0.054723300
1490	2	2	0.071434297	0.085743770	0.231905907	0.032234084	0.177272528	0.045332618	0.125117123	0.056407791	0.077862538	0.096689433
1491	3	8	0.078317329	0.078248829	0.093458928	0.131783038	0.107620895	0.040408850	0.108967282	0.093828142	0.190560967	0.076805770
1492	0	0	0.339564770	0.057141077	0.077926122	0.069798112	0.110658139	0.047922947	0.092736073	0.080612972	0.074454628	0.049185179
1493	7	7	0.055454168	0.060134485	0.053210255	0.042004302	0.056836665	0.128219992	0.057853524	0.399354756	0.095214218	0.051717509
1494	7	7	0.056498878	0.086509563	0.067071244	0.047321953	0.059083957	0.144045368	0.061945736	0.318387151	0.096521027	0.062615156
1495	6	4	0.078082651	0.067376934	0.167644933	0.036615115	0.213554069	0.038466562	0.195664585	0.055037323	0.067481056	0.080076784
1496	0	0	0.228842467	0.050310001	0.070903242	0.032436527	0.115994647	0.081626944	0.102128632	0.112138540	0.136728302	0.068890698
1497	6	6	0.087266758	0.079131983	0.123970635	0.078553863	0.209817231	0.044190895	0.221891642	0.052524261	0.054663762	0.047988933
1498	4	4	0.072066553	0.074405141	0.166757524	0.052711505	0.313050896	0.044252194	0.105125740	0.059033215	0.063276254	0.049320880
1499	6	0	0.362924278	0.052369881	0.066938385	0.059431147	0.109216250	0.029431481	0.144106835	0.058259815	0.075352497	0.041969419
1500	5	9	0.054307356	0.064363278	0.068907157	0.086186819	0.058400735	0.175394475	0.062073283	0.129019096	0.108807974	0.192539781
1501	9	9	0.056471206	0.048732892	0.103917465	0.048948348	0.079675287	0.108133487	0.065529585	0.076719314	0.141369283	0.270503163
1502	6	6	0.088997640	0.071433850	0.106012188	0.152425587	0.122622289	0.040267035	0.225222036	0.063090347	0.063460216	0.066468731
1503	0	0	0.406197488	0.053152505	0.079870790	0.043491401	0.099208258	0.027742522	0.093555883	0.073661044	0.075926617	0.047193419
1504	0	0	0.359455705	0.058330018	0.089321166	0.061175734	0.093446553	0.043865580	0.110250935	0.074333049	0.062622823	0.047198456
1505	1	1	0.065293983	0.413097531	0.055366926	0.097221807	0.072803825	0.049382810	0.063435517	0.067843258	0.062126361	0.053427916
1506	1	1	0.073646635	0.375835150	0.060354210	0.103282668	0.089686714	0.051015541	0.077688418	0.065667830	0.054058898	0.048763983
1507	3	3	0.137240291	0.142983705	0.052724026	0.172765747	0.096157439	0.055730585	0.140949130	0.083595648	0.064653635	0.053199861
1508	8	8	0.111107208	0.079795405	0.088798694	0.054934546	0.098575518	0.041468330	0.108451009	0.086558364	0.216814399	0.113496490
1509	5	5	0.072846800	0.092458986	0.094461069	0.064342454	0.118993066	0.144414037	0.087755427	0.107493870	0.098903812	0.118330419
1510	3	3	0.078111328	0.137910262	0.063963883	0.276465237	0.103970297	0.054678168	0.074569434	0.068931408	0.080491662	0.060908400
1511	8	7	0.067664877	0.081966862	0.102327965	0.041644547	0.074962966	0.101240866	0.065066837	0.213035181	0.173981026	0.078108840
1512	4	4	0.077567041	0.085132629	0.140953556	0.097415686	0.239839390	0.074277863	0.099486880	0.068014249	0.060743179	0.056569535
1513	3	6	0.086083643	0.102873482	0.079069450	0.118468322	0.090300620	0.070052460	0.154194430	0.151308075	0.069857493	0.077791937
1514	1	1	0.099428102	0.283966482	0.057889942	0.102256224	0.108746298	0.056553409	0.109696411	0.067627817	0.062244032	0.051591262
1515	8	8	0.073945723	0.078043096	0.095601588	0.071536779	0.083438002	0.052913837	0.073845081	0.081641845	0.291021198	0.098012827
1516	6	6	0.180545941	0.053396802	0.072349705	0.029240003	0.085991561	0.086921357	0.181574270	0.063580163	0.128409758	0.117990397
1517	7	7	0.046422973	0.071622930	0.060802352	0.036914539	0.050719630	0.092021696	0.047788620	0.458188564	0.085754938	0.049763784
1518	7	7	0.054987531	0.101897575	0.065473042	0.055799287	0.064701095	0.174424857	0.052437015	0.266929090	0.104358084	0.058992401
1519	1	1	0.059770044	0.380544007	0.068799175	0.094681077	0.078502700	0.065176331	0.066438518	0.071398884	0.060425997	0.054263279
1520	8	8	0.058206324	0.096150905	0.090347469	0.097804517	0.074005015	0.115088567	0.072756656	0.120724365	0.144746631	0.130169556
1521	4	4	0.061921477	0.084173396	0.200546294	0.041822318	0.259690523	0.048166715	0.141723678	0.053442150	0.053135615	0.055377856
1522	7	7	0.048080515	0.058382642	0.054888230	0.033679742	0.052529547	0.107935384	0.053944882	0.460892022	0.076202512	0.053464495
1523	1	1	0.065395735	0.402258664	0.062290266	0.086786054	0.087079734	0.055488609	0.066397063	0.068579726	0.056297153	0.049427029
1524	2	2	0.085892417	0.088070221	0.266211361	0.061570108	0.107985161	0.049796645	0.109292969	0.103630647	0.059653442	0.067896985
1525	3	3	0.075028859	0.150348648	0.064407639	0.315839767	0.120922036	0.040719196	0.078144886	0.058468837	0.050965685	0.045154404
1526	0	0	0.410547495	0.055260483	0.068838619	0.051367942	0.097801879	0.026356308	0.087449610	0.087019734	0.075711928	0.039645862
1527	3	3	0.097054705	0.164209813	0.054745328	0.177309692	0.124347389	0.060024671	0.112740934	0.086304672	0.066069476	0.057193287
1528	5	5	0.074237123	0.065929204	0.074574083	0.132141650	0.064407736	0.185006216	0.077748246	0.102551751	0.099749066	0.123654962
1529	6	0	0.287009865	0.055985164	0.064281948	0.090524226	0.133604839	0.027437517	0.152864933	0.085021898	0.050033484	0.053236205
1530	5	9	0.077563055	0.063684374	0.077991575	0.076092757	0.065971300	0.105994530	0.072395958	0.116358727	0.120382033	0.223565623
1531	0	0	0.306237996	0.075805910	0.079184957	0.088453449	0.111228071	0.038956530	0.118474774	0.057830300	0.062920168	0.060907826
1532	4	4	0.083933242	0.087934688	0.119762272	0.093041383	0.218858957	0.044876117	0.133839726	0.085096806	0.072184794	0.060471956
1533	0	0	0.359268665	0.049639087	0.115864776	0.053046763	0.083848447	0.026830554	0.089747086	0.100495748	0.079653844	0.041604970
1534	9	9	0.060187396	0.055119645	0.054884233	0.065098606	0.064342611	0.097522750	0.061400298	0.092892952	0.087522782	0.361028701
1535	7	7	0.047526099	0.054667823	0.047873162	0.034472547	0.049002703	0.113068312	0.053592626	0.460353523	0.083125226	0.056318000
1536	8	3	0.080525227	0.133409262	0.057024892	0.151129156	0.100654736	0.087570749	0.075904213	0.088644490	0.127398327	0.097738899
1537	0	0	0.315648794	0.065566711	0.105805568	0.055990364	0.088681400	0.035405915	0.110679872	0.106092833	0.067244850	0.048883613
1538	4	4	0.091039754	0.066213839	0.087051317	0.048554197	0.211141139	0.061550833	0.207968459	0.049567707	0.086690001	0.090222754
1539	1	1	0.083374955	0.212184340	0.058756340	0.117680840	0.082244359	0.110468410	0.082320519	0.078684539	0.090497524	0.083788179
1540	1	1	0.057377968	0.424096107	0.058782768	0.084308207	0.071233355	0.058043685	0.058185603	0.072828121	0.057579692	0.057564598
1541	2	2	0.083983928	0.081020556	0.288092047	0.102428377	0.074844301	0.052796505	0.116584986	0.081316501	0.071251750	0.047681112
1542	8	8	0.062453281	0.091597602	0.098642617	0.053508673	0.082901388	0.032765578	0.098201841	0.109758601	0.262459040	0.107711352
1543	7	7	0.061112102	0.064317226	0.066519380	0.042892214	0.056707315	0.077288434	0.058291554	0.374900788	0.119605973	0.078365020
1544	0	0	0.206192806	0.093657933	0.065940082	0.068462655	0.154984742	0.043212183	0.168345988	0.072066136	0.067037538	0.060099877
1545	6	7	0.092426591	0.058061495	0.119761981	0.105430312	0.110875346	0.049858175	0.158159912	0.164484903	0.078735068	0.062206250
1546	3	3	0.095070109	0.186948165	0.050190132	0.192446753	0.138008267	0.051469490	0.106943965	0.061789054	0.060466506	0.056667540
1547	4	4	0.060854059	0.078121416	0.135033891	0.047584631	0.273180217	0.058697578	0.090365715	0.129682750	0.067574494	0.058905281
1548	3	3	0.098407656	0.140201673	0.058981374	0.174337700	0.151339978	0.049649969	0.120609716	0.071892567	0.074460156	0.060119178
1549	5	7	0.060743190	0.096006200	0.051068131	0.046428617	0.073236048	0.236198038	0.046825316	0.257762522	0.077969439	0.053762522
1550	0	0	0.352259010	0.061314609	0.091497883	0.070186332	0.097555123	0.031775299	0.108390570	0.069450103	0.065348066	0.052223060
1551	3	1	0.080836669	0.220568836	0.061664268	0.198399499	0.095761441	0.055141751	0.082680918	0.077445172	0.069602840	0.057898548
1552	3	4	0.087634377	0.090870902	0.057456005	0.114151336	0.210382596	0.048808254	0.154770643	0.089847691	0.079874083	0.066204153
1553	4	4	0.056925040	0.059930239	0.222837046	0.021698834	0.312161952	0.030795060	0.133673668	0.045915231	0.061702371	0.054360561
1554	3	3	0.078464776	0.173040226	0.056466155	0.235922888	0.124698088	0.069208488	0.078181125	0.067229129	0.060819220	0.055969886
1555	2	2	0.097793862	0.106752358	0.167067915	0.098732442	0.073937066	0.103105992	0.088164501	0.096579224	0.079352744	0.088513926
1556	1	1	0.067488164	0.415887654	0.056507435	0.099820748	0.089670487	0.040889751	0.080436468	0.060995087	0.047759429	0.040544674
1557	7	7	0.042682730	0.064846426	0.060948331	0.037441701	0.046658635	0.074267343	0.048363294	0.487035513	0.083453625	0.054302391
1558	0	6	0.125593558	0.063276589	0.095790900	0.040925242	0.129244104	0.059715677	0.223632649	0.067756854	0.083142281	0.110922195
1559	4	4	0.083831824	0.079559207	0.135016084	0.071432866	0.233299434	0.045213424	0.147184849	0.073937431	0.073007166	0.057517700
1560	7	7	0.047851492	0.053483561	0.048116077	0.038563143	0.049175531	0.081294492	0.043647733	0.501233578	0.079451129	0.057183281
1561	2	2	0.075149551	0.082201622	0.256419063	0.038123161	0.165454447	0.032582995	0.151589364	0.044906117	0.062234979	0.091338731
1562	8	8	0.141794235	0.078286476	0.085078910	0.035936907	0.081334330	0.053459931	0.074048728	0.092793927	0.209510133	0.147756487
1563	2	4	0.068594888	0.102417432	0.081774645	0.097762488	0.201241955	0.083029710	0.096342362	0.096642256	0.081232890	0.090961426
1564	2	2	0.070821784	0.084808245	0.250124067	0.057492293	0.149465367	0.034537453	0.136332840	0.102300256	0.059356086	0.054761659
1565	7	7	0.047877502	0.056089550	0.060381174	0.034229852	0.051757101	0.092451945	0.051191691	0.466122329	0.087151989	0.052746810
1566	8	8	0.081717148	0.104724109	0.087548450	0.080182403	0.080443531	0.077834994	0.138651878	0.095203847	0.164929062	0.088764668
1567	7	9	0.068269268	0.061230063	0.052157629	0.065191671	0.060424000	0.096141875	0.072681323	0.185607731	0.110357516	0.227938861
1568	5	5	0.063669831	0.084381722	0.067289174	0.099845186	0.076257601	0.201465368	0.071408793	0.104102559	0.108328156	0.123251617
1569	8	7	0.090992488	0.083644085	0.103663549	0.025312688	0.077175878	0.075745746	0.080888398	0.188248545	0.175068885	0.099259764
1570	5	5	0.074267901	0.073366851	0.081208475	0.120924577	0.061160706	0.170056492	0.081059881	0.109618217	0.101943433	0.126393452
1571	5	7	0.055017971	0.102851793	0.056936886	0.049516078	0.059342965	0.198772073	0.050711751	0.271287709	0.097391613	0.058171149
1572	8	8	0.080183141	0.081278950	0.109480090	0.095983140	0.081990689	0.059059639	0.105893247	0.088174179	0.188299060	0.109657861
1573	6	6	0.182027280	0.069418229	0.088646233	0.082503147	0.144827798	0.036836684	0.201231420	0.072423168	0.073083527	0.049002394
1574	7	7	0.047917042	0.067625865	0.055073347	0.038510144	0.051496882	0.084066659	0.048171859	0.467690498	0.086688407	0.052759286
1575	3	3	0.094293244	0.090730622	0.072932266	0.244055688	0.127749741	0.032076523	0.128996760	0.094195232	0.066391103	0.048578780
1576	2	2	0.082817584	0.102242321	0.185377866	0.075690873	0.079463288	0.084000230	0.103758514	0.087413669	0.112172343	0.087063298
1577	0	0	0.210044444	0.068689741	0.112658843	0.051385336	0.147932321	0.042555392	0.095241413	0.100646093	0.114439696	0.056406729
1578	3	4	0.085619405	0.098817334	0.078585282	0.126932248	0.211886853	0.052972835	0.131210268	0.088746391	0.059410378	0.065819010
1579	3	1	0.094743744	0.254525781	0.054040544	0.176701561	0.108712077	0.046850029	0.086231381	0.062427919	0.064207643	0.051559318
1580	9	9	0.067231670	0.069541514	0.077728681	0.078591727	0.071292058	0.102940962	0.103548646	0.111926720	0.091864131	0.225333884
1581	8	8	0.173998967	0.045839220	0.058526643	0.022902798	0.076230638	0.074505880	0.083286658	0.178784922	0.218353480	0.067570791
1582	1	1	0.064294383	0.442845970	0.055321902	0.097970046	0.086126894	0.034462228	0.061225314	0.059500832	0.050411053	0.047841344
1583	6	6	0.101429030	0.064853884	0.079829738	0.116145723	0.112015791	0.033518445	0.259913772	0.100366235	0.066234328	0.065693013
1584	6	6	0.091830596	0.078643434	0.144740507	0.111255705	0.131204188	0.060612082	0.186963886	0.072884433	0.061849430	0.060015719
1585	3	4	0.072974131	0.150191724	0.049997810	0.157599643	0.196672529	0.059131294	0.106881201	0.088300914	0.065326564	0.052924249
1586	2	2	0.076581582	0.070535377	0.291794717	0.039362039	0.150672913	0.028209442	0.157050982	0.057521176	0.058039412	0.070232294
1587	5	5	0.056670375	0.068718024	0.072273716	0.073848918	0.073925428	0.176383436	0.090665869	0.101873353	0.131879821	0.153761044
1588	4	4	0.072906651	0.071339220	0.199551806	0.052835748	0.227705508	0.045895927	0.112557314	0.076421492	0.071545698	0.069240674
1589	0	0	0.377141714	0.052778970	0.064228117	0.046330642	0.089484379	0.046096671	0.104121529	0.105440594	0.069535531	0.044841927
1590	8	8	0.073256634	0.063713238	0.073071033	0.109629571	0.083789341	0.071976729	0.098429531	0.081946425	0.247952908	0.096234530
1591	9	9	0.053992264	0.058733985	0.099233255	0.054817785	0.077047445	0.125911981	0.075906478	0.095886461	0.128460541	0.230009899
1592	8	8	0.084387392	0.068839684	0.118866570	0.059068099	0.100233458	0.036577962	0.115022890	0.113572054	0.231174663	0.072257146
1593	4	4	0.075853243	0.064807460	0.105504110	0.086200804	0.333102584	0.031996492	0.133761451	0.057809528	0.060518052	0.050446302
1594	2	4	0.082535319	0.084874190	0.173189625	0.075251929	0.196663663	0.040825147	0.153035194	0.075500250	0.059502304	0.058622375
1595	2	6	0.076097794	0.070106819	0.110850967	0.064322881	0.204012573	0.031355035	0.262850791	0.056839079	0.064405940	0.059158068
1596	9	9	0.054325543	0.057700109	0.108932048	0.049474135	0.084915593	0.131827995	0.069377363	0.084588975	0.111724146	0.247134179
1597	6	6	0.064542621	0.070369601	0.202949464	0.047945864	0.189142123	0.028514292	0.213708669	0.052559562	0.062166423	0.068101443
1598	8	1	0.107083067	0.136631221	0.060042396	0.115251951	0.079363652	0.121463932	0.071252942	0.094220415	0.128140554	0.086549826
1599	7	7	0.042099364	0.050649211	0.052147388	0.043121651	0.055534810	0.118011564	0.054164510	0.443451226	0.073305823	0.067514457
1600	6	4	0.097789966	0.073289759	0.177520305	0.063888960	0.206430599	0.029803116	0.142382100	0.092419684	0.068073630	0.048401810
1601	8	8	0.097417332	0.047721203	0.083484083	0.048130110	0.143214136	0.071258128	0.129628658	0.054024760	0.200412586	0.124709040
1602	5	7	0.054382760	0.104878083	0.059939794	0.045121897	0.052534103	0.213740990	0.046951219	0.275154024	0.088039204	0.059257876
1603	1	1	0.092289880	0.304094821	0.045490120	0.100826830	0.124481611	0.049638331	0.109913938	0.065061539	0.054235958	0.053966925
1604	7	7	0.048977170	0.057845499	0.050663870	0.034917139	0.059398144	0.099645883	0.047912359	0.469541728	0.077595890	0.053502321
1605	7	7	0.047002632	0.046719145	0.060894169	0.038761515	0.055712786	0.075705349	0.053641219	0.474979013	0.086964726	0.059619375
1606	8	8	0.122729659	0.048474539	0.060492653	0.040686339	0.109725654	0.072123043	0.133009613	0.077458769	0.218944505	0.116355151
1607	5	5	0.059707858	0.071439229	0.076879114	0.108567379	0.073996916	0.229266748	0.063566200	0.109351292	0.095602944	0.111622311
1608	7	9	0.062650867	0.064648509	0.080485754	0.062854432	0.060002573	0.099369727	0.090115979	0.175558805	0.075642124	0.228671268
1609	6	4	0.061620515	0.056727778	0.183174103	0.038463768	0.252403408	0.030182846	0.208408743	0.050901916	0.059383430	0.058733508
1610	6	6	0.095990472	0.091508709	0.143096238	0.070185564	0.163233444	0.043480061	0.199267462	0.071892299	0.067448191	0.053897653
1611	2	1	0.074916683	0.139171764	0.068301529	0.105807714	0.076851033	0.129683763	0.110561460	0.127937779	0.072404929	0.094363295
1612	6	0	0.327176243	0.060995739	0.091725893	0.072570726	0.093141064	0.024733152	0.158972129	0.074935861	0.051398236	0.044351000
1613	4	4	0.064737327	0.072274186	0.150215089	0.036288612	0.291441739	0.038543083	0.161648318	0.052164070	0.071255699	0.061431892
1614	4	4	0.057671465	0.058056112	0.251941741	0.024261080	0.260402650	0.029070480	0.140823305	0.043871317	0.061002806	0.072899081
1615	2	2	0.097534545	0.080049127	0.182897821	0.084534578	0.097164296	0.059432764	0.135769248	0.079482719	0.098613709	0.084521182
1616	1	1	0.061176654	0.390996546	0.064499862	0.088368721	0.087475620	0.056438938	0.066364214	0.070835099	0.060844865	0.052999515
1617	8	8	0.102806702	0.082819715	0.072132856	0.025492586	0.063737862	0.050426271	0.079583690	0.162819937	0.257822454	0.102357909
1618	0	3	0.091812178	0.159969538	0.073848367	0.217422009	0.114616834	0.042730946	0.106444553	0.068524107	0.068661280	0.055970121
1619	3	1	0.067277908	0.233937144	0.054669224	0.187389866	0.066620849	0.089246772	0.057503868	0.081152402	0.082303576	0.079898447
1620	1	1	0.072897054	0.298157126	0.071365140	0.099385247	0.103709050	0.090234824	0.060360484	0.079403989	0.058436837	0.066050142
1621	4	6	0.084433556	0.079148263	0.072673514	0.068640746	0.189255059	0.032100637	0.270815223	0.073953696	0.068686441	0.060292859
1622	1	1	0.073333107	0.382244557	0.065882690	0.110289484	0.096982360	0.039886680	0.076425135	0.061960451	0.049236942	0.043758627
1623	0	0	0.279335499	0.056893554	0.075130895	0.090411320	0.101036884	0.043304529	0.132506385	0.092517942	0.067289382	0.061573636
1624	5	5	0.061507199	0.084380709	0.071004570	0.064073235	0.080868341	0.266466379	0.057001647	0.159960955	0.087083958	0.067652971
1625	9	9	0.056578781	0.067570731	0.089661673	0.056057494	0.086031668	0.064833753	0.065263428	0.075477012	0.100902744	0.337622672
1626	1	1	0.060390219	0.323156327	0.062921248	0.086609863	0.079783365	0.099007197	0.061607555	0.073875792	0.085592493	0.067055963
1627	5	7	0.056954183	0.084216975	0.069589421	0.034773581	0.061833344	0.171516538	0.060067210	0.295956403	0.105536744	0.059555650
1628	2	4	0.084954642	0.077345014	0.159377083	0.093508378	0.167546690	0.077948943	0.122132570	0.090556934	0.069449961	0.057179805
1629	8	8	0.162289694	0.059495375	0.056710456	0.019234583	0.086613730	0.088047005	0.091158129	0.100458398	0.244604081	0.091388561
1630	4	4	0.067543909	0.074403986	0.102257967	0.084235817	0.308092058	0.028783195	0.157171041	0.060315557	0.057334479	0.059862003
1631	0	0	0.341395319	0.065435268	0.076248899	0.086087257	0.092308424	0.027970983	0.132124215	0.067606658	0.055894468	0.054928500
1632	4	4	0.063050367	0.074750289	0.191180736	0.039740428	0.256663144	0.029628774	0.177956000	0.038568504	0.057331041	0.071130633
1633	3	4	0.096548013	0.160679027	0.053323071	0.154544532	0.162948474	0.058426954	0.119578771	0.083948366	0.053303111	0.056699663
1634	1	1	0.069339655	0.382600844	0.064964525	0.104692087	0.087146029	0.052605081	0.064986199	0.067883998	0.053016815	0.052764680
1635	6	6	0.088983729	0.071880624	0.079190314	0.087197557	0.174586609	0.032131977	0.294537812	0.064182863	0.057661075	0.049647417
1636	0	0	0.295649171	0.081327781	0.057988629	0.061567564	0.070204481	0.097318038	0.072870992	0.095325343	0.092368595	0.075379342
1637	0	0	0.326481491	0.070032619	0.056221850	0.089403749	0.106368259	0.031245152	0.099152170	0.070373267	0.080978550	0.069742791
1638	8	8	0.056089923	0.060424149	0.100321420	0.033645157	0.105327085	0.054232020	0.080331407	0.078227796	0.309907883	0.121493138
1639	5	5	0.053488620	0.097245507	0.062661789	0.059629440	0.071800381	0.272258341	0.057534818	0.144833937	0.095726632	0.084820494
1640	2	2	0.088202298	0.082991213	0.270987600	0.052180476	0.127961710	0.047360484	0.109038487	0.083550423	0.071254291	0.066472985
1641	7	7	0.056660887	0.095870718	0.069440104	0.044411138	0.062434737	0.155008718	0.050864369	0.320413142	0.093502961	0.051393148
1642	4	4	0.085266255	0.073523857	0.177133441	0.041319318	0.240859628	0.050221339	0.149467200	0.038950056	0.071524568	0.071734391
1643	4	4	0.049887162	0.068880282	0.186203569	0.027308030	0.349710554	0.031132212	0.110960670	0.067681469	0.055111181	0.053124852
1644	2	2	0.080839805	0.080213264	0.230894551	0.035120502	0.152293727	0.032199454	0.156765640	0.094845898	0.079784229	0.057042915
1645	1	1	0.094589479	0.303433955	0.066474594	0.100546710	0.126164794	0.053895175	0.084675997	0.065379269	0.046800643	0.058039431
1646	1	3	0.077020139	0.206838846	0.054424435	0.239941791	0.080478348	0.066398233	0.064577453	0.067876451	0.075417705	0.067026533
1647	1	1	0.062108699	0.426047593	0.063350402	0.091056786	0.081867576	0.041216638	0.068898275	0.059482407	0.057939421	0.048032101
1648	4	4	0.065455750	0.078790210	0.114217661	0.082699999	0.347551793	0.030012190	0.116271108	0.060443874	0.055012275	0.049545161
1649	5	5	0.057814155	0.087256894	0.034683131	0.068961360	0.083917618	0.312382102	0.059439138	0.094322093	0.074591778	0.126631558
1650	6	6	0.098694555	0.090536982	0.111047603	0.082624130	0.129030451	0.059246782	0.227988705	0.070005372	0.069627561	0.061197769
1651	1	1	0.063217238	0.451426268	0.057858739	0.088195041	0.099604510	0.034250218	0.064019881	0.049760651	0.047342081	0.044325400
1652	8	4	0.053291511	0.064855665	0.120708339	0.059638586	0.160638705	0.093073040	0.088481367	0.057216093	0.155096471	0.147000164
1653	9	9	0.052512515	0.044273902	0.107543439	0.038658168	0.064948678	0.100793399	0.068064116	0.063078873	0.096875861	0.363251090
1654	9	9	0.068137154	0.055332184	0.106489554	0.041397050	0.099571899	0.101525709	0.079970978	0.048602652	0.090963118	0.308009744
1655	2	2	0.084899440	0.075200357	0.173451498	0.039197866	0.117772073	0.068598032	0.125992730	0.112484217	0.122811824	0.079592019
1656	1	1	0.066897646	0.356480032	0.063448995	0.089746423	0.101610959	0.056485012	0.067798637	0.076742589	0.066149697	0.054639999
1657	4	6	0.085488886	0.102364682	0.063304566	0.126461968	0.168156058	0.043540586	0.174270049	0.104204074	0.071690269	0.060518831
1658	9	9	0.059736691	0.072057702	0.062137801	0.052797150	0.069597237	0.089481153	0.080030285	0.094186790	0.102597930	0.317377239
1659	5	5	0.073611461	0.073465548	0.085042581	0.100863814	0.086685888	0.201062769	0.068438701	0.094778247	0.085316211	0.130734742
1660	6	4	0.076149136	0.077460296	0.209163606	0.031891096	0.238356829	0.045801967	0.130841285	0.067851827	0.061424781	0.061059222
1661	0	0	0.366473109	0.053214289	0.100261055	0.039892625	0.132161707	0.026040135	0.095228165	0.070743129	0.067802228	0.048183579
1662	8	8	0.050613463	0.063289575	0.114365280	0.030858433	0.085920922	0.055760384	0.072339676	0.074995987	0.319741964	0.132114336
1663	4	4	0.084799729	0.082904339	0.140259549	0.063293792	0.220980912	0.069537409	0.115103826	0.090623207	0.078581259	0.053915922
1664	7	7	0.067822374	0.082689710	0.056058146	0.037523106	0.062992513	0.154797152	0.061098214	0.314854652	0.105387241	0.056776971
1665	8	8	0.095529281	0.089591049	0.062816747	0.108322866	0.084054805	0.074271701	0.089378096	0.100486852	0.192727774	0.102820888
1666	2	2	0.072396852	0.083185844	0.233040839	0.032506488	0.194871619	0.037859157	0.149808988	0.052383985	0.073847488	0.070098668
1667	5	7	0.060333513	0.088568769	0.062984511	0.052258950	0.056229211	0.219565183	0.056441724	0.232191578	0.116042845	0.055383723
1668	7	7	0.048275128	0.078490682	0.057786897	0.042874265	0.050983954	0.117129534	0.047269423	0.419172853	0.081708796	0.056308415
1669	8	8	0.058839571	0.059047796	0.076972544	0.075911283	0.084037445	0.110399164	0.074966274	0.077186413	0.229484588	0.153154954
1670	6	6	0.090693295	0.107551381	0.111325242	0.094823189	0.139969572	0.055477656	0.212699831	0.066203363	0.059105176	0.062151328
1671	4	4	0.087100670	0.138362840	0.064914368	0.103685260	0.183701813	0.073411226	0.098264173	0.096154995	0.072880149	0.081524417
1672	7	7	0.047285855	0.074151255	0.057501607	0.037885103	0.049861755	0.089395314	0.042641759	0.473371446	0.076817259	0.051088609
1673	3	3	0.088509463	0.099490866	0.057904825	0.168410599	0.129711971	0.055936035	0.132521018	0.113970317	0.074462049	0.079082847
1674	0	0	0.301638871	0.068136148	0.078481071	0.056509390	0.112772375	0.032578021	0.121077277	0.085267596	0.092789501	0.050749704
1675	6	2	0.079690106	0.103131667	0.195956513	0.033190358	0.090906262	0.061760470	0.117880695	0.156530231	0.103970625	0.056983177
1676	8	8	0.141948715	0.075218856	0.063731104	0.066108428	0.091749489	0.078565530	0.086988121	0.135603577	0.176410362	0.083675832
1677	7	7	0.062104195	0.057860661	0.076298937	0.050737660	0.058984023	0.158711314	0.074387684	0.279954851	0.122163154	0.058797512
1678	7	7	0.053201504	0.057282723	0.047588900	0.034360811	0.050985675	0.097159393	0.047862943	0.479979962	0.078950472	0.052627645
1679	2	2	0.077844173	0.059399851	0.240647197	0.030317578	0.207733735	0.028733104	0.168809310	0.071790338	0.063581668	0.051143084
1680	7	9	0.066956252	0.070835367	0.075053103	0.068979591	0.107789956	0.098691329	0.067340590	0.114320092	0.111748084	0.218285590
1681	4	4	0.054607462	0.054952666	0.135269597	0.038277745	0.405010104	0.032499824	0.132391274	0.034110636	0.054413516	0.058467183
1682	2	2	0.084406868	0.059338436	0.189344615	0.061072182	0.162381411	0.053682685	0.131881341	0.071372233	0.098440461	0.088079832
1683	2	2	0.078548037	0.071307391	0.248837769	0.039977666	0.196042553	0.031863745	0.139358103	0.071483038	0.060771268	0.061810389
1684	5	7	0.051328015	0.075350590	0.058181025	0.052567553	0.061026771	0.191323280	0.053728856	0.312042028	0.087081283	0.057370558
1685	9	9	0.060345195	0.063566223	0.082828388	0.100893743	0.065476052	0.086008832	0.056605607	0.108019516	0.107960880	0.268295556
1686	2	4	0.087689362	0.065295771	0.181971967	0.065277755	0.261773646	0.038401861	0.108045854	0.083881140	0.065651953	0.042010777
1687	8	8	0.103640288	0.092571013	0.089262284	0.031019416	0.061550271	0.053179309	0.068144396	0.180409506	0.240189403	0.080034092
1688	2	2	0.064104639	0.071099363	0.190250024	0.050883934	0.109116986	0.073787272	0.160859436	0.068775192	0.081402816	0.129720390
1689	3	3	0.087966241	0.110658430	0.059485320	0.269742608	0.121208780	0.047438648	0.099546395	0.069371797	0.084948622	0.049633186
1690	2	2	0.093394347	0.073471919	0.224097729	0.072697781	0.174824402	0.031081736	0.133683324	0.073023997	0.055201326	0.068523504
1691	8	8	0.085018218	0.070543349	0.084943242	0.100694403	0.083351776	0.075849496	0.115436457	0.100817487	0.191965759	0.091379754
1692	4	4	0.058109492	0.077854425	0.233158484	0.031036872	0.284926236	0.037836250	0.118978679	0.040763251	0.053273454	0.064062767
1693	0	6	0.121223830	0.074666418	0.100947976	0.159500346	0.153476194	0.032109495	0.164844662	0.064318836	0.073228277	0.055683952
1694	5	5	0.059495397	0.055820063	0.075173490	0.098107815	0.075352393	0.221531615	0.084329471	0.096544161	0.116776630	0.116868995
1695	2	2	0.089928180	0.081175007	0.172915012	0.078249805	0.104512811	0.083066456	0.110847019	0.123168200	0.096061848	0.060075607
1696	1	1	0.062141322	0.426359087	0.063826948	0.091823190	0.081824176	0.036973558	0.069073252	0.060960699	0.056680731	0.050337076
1697	0	0	0.196732432	0.066332243	0.116966851	0.059708174	0.145496964	0.037010789	0.152760029	0.098348342	0.072754622	0.053889610
1698	7	7	0.054012954	0.059720818	0.056894023	0.044571508	0.062366676	0.129909858	0.053747158	0.400627732	0.081682727	0.056466591
1699	1	1	0.066251449	0.429239392	0.056582447	0.099982336	0.089342698	0.040222153	0.064664297	0.058416139	0.047505852	0.047793318
1700	4	4	0.073168837	0.085676499	0.157807678	0.044415683	0.262060910	0.058281031	0.090045758	0.115645282	0.066012532	0.046885826
1701	1	1	0.072474808	0.359130323	0.053582981	0.139463797	0.091858618	0.034991182	0.072321929	0.060518511	0.065486483	0.050171405
1702	2	2	0.080007866	0.074589573	0.313301653	0.036020909	0.167085856	0.029723305	0.105025180	0.066504501	0.058716085	0.069025069
1703	8	8	0.075255774	0.073067270	0.077221505	0.050909385	0.063428476	0.051910423	0.066661336	0.109343514	0.350260079	0.081942201
1704	1	1	0.068216950	0.376149535	0.057971209	0.086321913	0.097279228	0.047024556	0.085232385	0.070399716	0.059896860	0.051507588
1705	0	0	0.164950833	0.135438651	0.060609981	0.137780711	0.131561950	0.034867961	0.128400296	0.057757959	0.087398693	0.061232962
1706	1	1	0.071747743	0.412343711	0.056443650	0.116058990	0.085829720	0.036034700	0.065626197	0.060544029	0.046686798	0.048684463
1707	2	1	0.076965772	0.204108715	0.043704320	0.129412085	0.094617873	0.072013974	0.114848867	0.113024943	0.088938206	0.062365245
1708	5	5	0.060976915	0.075882554	0.089886375	0.086023346	0.123484775	0.184491143	0.078113034	0.086905845	0.088262044	0.125974059
1709	4	4	0.082762636	0.090102814	0.115321577	0.100073077	0.244126037	0.033368964	0.177624494	0.064843155	0.046671838	0.045105480
1710	2	2	0.083326988	0.091389269	0.236368150	0.140922204	0.098023117	0.043678101	0.131063759	0.059699222	0.054863051	0.060666166
1711	0	0	0.357533723	0.058089595	0.090681255	0.058137592	0.097343512	0.022310233	0.116787679	0.082110763	0.070784234	0.046221323
1712	7	7	0.047384892	0.060299192	0.055755377	0.039601680	0.053721558	0.103658378	0.054199148	0.447893739	0.085931838	0.051554218
1713	6	6	0.086769409	0.058872789	0.094330952	0.046099961	0.192668825	0.045315344	0.240968615	0.068285644	0.076124236	0.090564154
1714	0	0	0.403025806	0.054454789	0.097252771	0.041315064	0.105752334	0.029550985	0.085194625	0.076745234	0.060392447	0.046315931
1715	6	0	0.189534292	0.069947831	0.094006971	0.087429859	0.116146594	0.048499711	0.181650206	0.102497809	0.069148876	0.041137863
1716	6	0	0.242537796	0.128461465	0.043289259	0.071316272	0.079517700	0.070800707	0.153957620	0.064790964	0.088365652	0.056962557
1717	1	1	0.075306885	0.319493055	0.059035685	0.086655594	0.082719229	0.079959981	0.071828358	0.069655888	0.090751112	0.064594336
1718	7	7	0.053140029	0.061525125	0.055142339	0.041058809	0.053818829	0.088200822	0.056081109	0.436941028	0.075625554	0.078466363
1719	3	1	0.080777995	0.223807320	0.053543940	0.202607498	0.087320752	0.072865702	0.083906837	0.064989023	0.071354464	0.058826383
1720	0	0	0.372676253	0.050277218	0.095862217	0.042701755	0.091955565	0.033743825	0.105020151	0.083928585	0.077222459	0.046611995
1721	4	4	0.083758198	0.073047660	0.130279079	0.102192499	0.282377809	0.037886284	0.103796698	0.084859543	0.053244717	0.048557505
1722	0	1	0.109498851	0.181629077	0.077511370	0.156815961	0.136478215	0.043717496	0.112041928	0.069312483	0.060793962	0.052200578
1723	0	3	0.102354422	0.110429503	0.061010085	0.147129714	0.079867579	0.072753847	0.130604371	0.115018427	0.105097786	0.075734310
1724	8	8	0.061274886	0.068433665	0.093681261	0.065012716	0.098909877	0.105324246	0.080494992	0.071206652	0.195619822	0.160041943
1725	3	6	0.098162390	0.116421647	0.080829047	0.138911620	0.144542783	0.049302787	0.168102369	0.090714835	0.063252017	0.049760569
1726	5	5	0.097303018	0.079111338	0.073999628	0.098664246	0.096762568	0.156764448	0.099357985	0.080592982	0.100262336	0.117181443
1727	7	7	0.059985477	0.150172144	0.067015506	0.062282361	0.059479203	0.184273541	0.051658664	0.220493540	0.079720318	0.064919256
1728	7	9	0.068787575	0.068793669	0.082604758	0.095912300	0.081087716	0.106293410	0.088946529	0.139471307	0.082300328	0.185802341
1729	6	6	0.081265517	0.091628894	0.091724016	0.129395425	0.097056746	0.110026203	0.135703057	0.083319992	0.094565690	0.085314505
1730	3	3	0.090494506	0.177251741	0.057820156	0.186594054	0.119559355	0.073088169	0.107360989	0.065963298	0.059552632	0.062315017
1731	6	4	0.080588028	0.076646484	0.151208371	0.042211309	0.213158697	0.036156181	0.210656509	0.050977364	0.076476552	0.061920509
1732	0	0	0.300628066	0.064795010	0.073714301	0.069282405	0.095684282	0.067131445	0.109989315	0.094569512	0.081914783	0.042290915
1733	7	9	0.063111119	0.073782846	0.083584204	0.065554604	0.073500894	0.126496792	0.068381861	0.138170660	0.107730418	0.199686587
1734	2	6	0.077289224	0.066023469	0.151081979	0.058255587	0.131950438	0.091361038	0.155801773	0.065387942	0.089806087	0.113042414
1735	2	7	0.098037221	0.068847187	0.168905720	0.038957298	0.089050107	0.101988837	0.099382445	0.177519932	0.108800896	0.048510302
1736	2	2	0.084942110	0.075329162	0.241927788	0.038587853	0.174755529	0.046201721	0.106967561	0.101952210	0.075392224	0.053943742
1737	1	1	0.063792475	0.378130019	0.063915640	0.085410208	0.099852696	0.053685956	0.084502198	0.068436608	0.056594357	0.045679890
1738	2	2	0.073155068	0.086626396	0.268822342	0.036200378	0.183457956	0.035726629	0.128999770	0.053923544	0.059481286	0.073606625
1739	1	2	0.075097486	0.057351585	0.145441458	0.061035719	0.102342263	0.112887308	0.120875463	0.102844916	0.095741510	0.126382247
1740	8	8	0.076099098	0.069047011	0.124043763	0.072550453	0.096878693	0.092174560	0.080394559	0.073943555	0.186158851	0.128709406
1741	6	4	0.084500499	0.076625019	0.147020161	0.057145689	0.252309740	0.043706153	0.169599205	0.075220264	0.052724358	0.041148912
1742	9	9	0.065611266	0.054386478	0.093424365	0.046830408	0.084509507	0.109793961	0.082633987	0.049916502	0.131516859	0.281376690
1743	5	5	0.086060882	0.075231433	0.084077269	0.091208629	0.071050331	0.209897071	0.063979723	0.105265886	0.080535389	0.132693395
1744	0	0	0.381277323	0.055726223	0.062113892	0.066104285	0.099552542	0.041741610	0.109769151	0.069697797	0.062327392	0.051689774
1745	8	8	0.062658966	0.076108694	0.089496978	0.119054846	0.073786035	0.044238225	0.099010691	0.077357769	0.269952208	0.088335581
1746	7	7	0.044641424	0.054315940	0.058772329	0.040711131	0.050794937	0.064942345	0.050872210	0.491368860	0.082443662	0.061137237
1747	8	8	0.106036454	0.081394665	0.124589570	0.079216540	0.068478234	0.062481690	0.095450446	0.119449295	0.174574867	0.088328220
1748	3	4	0.110931046	0.096156619	0.089238822	0.132921934	0.195410773	0.038928438	0.140368760	0.072267815	0.063741945	0.060033850
1749	3	1	0.090629771	0.186426148	0.059105009	0.180820316	0.132852048	0.072651774	0.070710458	0.091556311	0.055923071	0.059325051
1750	0	0	0.213822275	0.073876262	0.114660613	0.040953096	0.107925430	0.045223456	0.148176372	0.072880670	0.115169346	0.067312539
1751	8	8	0.168983325	0.050849129	0.059922587	0.022810426	0.112923190	0.069287173	0.071749404	0.106786422	0.239256486	0.097431801
1752	6	2	0.080307446	0.088341415	0.223344192	0.034258757	0.186402589	0.042147953	0.147922084	0.068564564	0.063539512	0.065171376
1753	3	3	0.124117017	0.129811004	0.054070339	0.224529013	0.128772601	0.044421863	0.108673953	0.070353970	0.062588044	0.052662112
1754	8	8	0.069404498	0.069545709	0.084264323	0.048579205	0.090916470	0.094346896	0.077445671	0.086910374	0.282089919	0.096496940
1755	3	1	0.080746226	0.172738642	0.060700353	0.160336360	0.082844011	0.115058847	0.061329387	0.086489983	0.094563402	0.085192814
1756	0	0	0.249334410	0.055597357	0.109817117	0.036577296	0.125091970	0.036905795	0.109237775	0.115326248	0.117951490	0.044160571
1757	0	0	0.333054602	0.057449713	0.096430488	0.053660646	0.081119455	0.031350434	0.149885893	0.096552573	0.065146260	0.035349980
1758	6	6	0.082969695	0.151963234	0.052725941	0.100509487	0.087668270	0.093954392	0.169587404	0.137459457	0.060842667	0.062319525
1759	3	1	0.094796926	0.177276999	0.068761013	0.144074827	0.153265342	0.054382700	0.120899945	0.079852693	0.055393834	0.051295675
1760	1	1	0.063983113	0.399870634	0.058324769	0.098357357	0.089351624	0.048418116	0.071910843	0.068197973	0.053201299	0.048384305
1761	3	1	0.076773889	0.199342608	0.058958665	0.178274035	0.078306347	0.064461827	0.080451623	0.085831113	0.099727564	0.077872254
1762	7	7	0.043026935	0.055374332	0.051160090	0.033229616	0.050147615	0.094709069	0.043527316	0.492132276	0.084181242	0.052511565
1763	2	2	0.072878391	0.082884371	0.311835736	0.035440084	0.142359510	0.029954847	0.129260421	0.076278530	0.057001647	0.062106445
1764	9	9	0.066066086	0.061945256	0.104854956	0.046629839	0.083213657	0.112949401	0.079491764	0.094096258	0.133876234	0.216876462
1765	4	4	0.057500374	0.071974628	0.149501488	0.040208396	0.319488794	0.044423856	0.126389146	0.066094682	0.060794000	0.063624673
1766	5	5	0.081654489	0.076648504	0.076146103	0.078444935	0.075468004	0.185378522	0.074950635	0.120699115	0.080720484	0.149889186
1767	4	4	0.092350036	0.104977727	0.076139562	0.129563436	0.222159579	0.032368742	0.127705619	0.071518004	0.082421795	0.060795490
1768	6	4	0.075146675	0.072625279	0.176799670	0.038883172	0.190012634	0.032423470	0.155803412	0.097676143	0.101828091	0.058801420
1769	5	7	0.056751497	0.090156958	0.055162158	0.039327182	0.055579241	0.220818698	0.044120673	0.274656415	0.104158513	0.059268668
1770	2	2	0.099444218	0.074382454	0.219557658	0.098152436	0.121575683	0.054833580	0.124246657	0.087550715	0.062878646	0.057378028
1771	5	7	0.056267232	0.085485220	0.062347569	0.050101973	0.053435374	0.226636395	0.046203546	0.248793349	0.111385100	0.059344336
1772	2	4	0.066421032	0.060859397	0.207922041	0.024836540	0.288763613	0.040631048	0.121025935	0.060115457	0.075724423	0.053700466
1773	2	2	0.096821405	0.070152305	0.218733042	0.095869556	0.156328022	0.048367787	0.111451045	0.081425220	0.063343056	0.057508521
1774	1	1	0.064278744	0.376111448	0.067967005	0.088733092	0.079209469	0.064242110	0.070251420	0.065824993	0.069120176	0.054261625
1775	5	5	0.074288182	0.095720500	0.058005523	0.046882723	0.076453045	0.244223550	0.062896073	0.171620056	0.097747438	0.072162934
1776	8	8	0.069053233	0.065219231	0.106571808	0.047207907	0.075764395	0.051436570	0.082973689	0.155582517	0.282984138	0.063206568
1777	8	8	0.052062951	0.094618201	0.072189510	0.105092719	0.069009654	0.046258111	0.094706297	0.073683098	0.284867853	0.107511602
1778	0	0	0.262446702	0.066843599	0.103810906	0.103776202	0.116723202	0.041387912	0.130912960	0.062171441	0.052046865	0.059880283
1779	1	1	0.087505981	0.280998737	0.062870614	0.121371567	0.116226479	0.045821905	0.103171356	0.072121106	0.059692100	0.050220128
1780	1	1	0.062362745	0.419916958	0.057960108	0.097036168	0.080191255	0.043114219	0.070836723	0.064804763	0.053569183	0.050207920
1781	0	6	0.231775597	0.048950125	0.070059873	0.090009980	0.103354611	0.023030454	0.269820213	0.048217565	0.058334880	0.056446698
1782	9	9	0.083945818	0.065752983	0.079005502	0.103849642	0.070154145	0.134216890	0.078692541	0.099466026	0.122886635	0.162029818
1783	5	7	0.051196769	0.071374521	0.051579501	0.038644314	0.057279710	0.110127807	0.048124492	0.445813835	0.077439234	0.048419755
1784	6	8	0.101750530	0.082685903	0.109867424	0.077556431	0.097370096	0.100202657	0.110721745	0.093657091	0.115305655	0.110882483
1785	6	2	0.118588112	0.071020074	0.196934685	0.108679414	0.137983695	0.043923959	0.136045501	0.067285746	0.065951921	0.053586975
1786	8	8	0.158991769	0.070284031	0.062872171	0.029810384	0.075706311	0.067978255	0.068019085	0.176057681	0.203652233	0.086628094
1787	1	1	0.073815197	0.378432155	0.060338467	0.099260338	0.094488047	0.040985133	0.082853712	0.065828927	0.058359012	0.045639075
1788	5	5	0.057863977	0.096475758	0.054497622	0.050141677	0.062185828	0.260823160	0.050208662	0.210431173	0.096978232	0.060393900
1789	8	7	0.063792653	0.084813975	0.093626969	0.044983801	0.067504309	0.083232962	0.065156788	0.283457965	0.156695351	0.056735296
1790	9	9	0.062272772	0.058241650	0.079662673	0.069806196	0.060051467	0.119315542	0.089206047	0.118395016	0.111161120	0.231887549
1791	8	8	0.187364787	0.063799843	0.058145355	0.060780007	0.077056393	0.084696747	0.088625349	0.064118542	0.195711061	0.119701944
1792	8	8	0.061831247	0.080276221	0.087897845	0.074617617	0.071101762	0.071348004	0.086600721	0.078471042	0.217923954	0.169931620
1793	6	2	0.097875670	0.096079126	0.130704030	0.043173701	0.101136334	0.122038566	0.111879930	0.096800640	0.125645921	0.074666202
1794	4	4	0.084469952	0.165828541	0.038098756	0.114228681	0.169707879	0.091722377	0.112575389	0.084155135	0.081864841	0.057348434
1795	8	9	0.165341541	0.062918909	0.059736565	0.057418674	0.077091731	0.070570305	0.104859769	0.062641628	0.166572183	0.172848687
1796	4	4	0.068277419	0.071307763	0.123965949	0.050974194	0.314169854	0.027220236	0.174513012	0.044527251	0.063070811	0.061973520
1797	8	8	0.110471480	0.069645844	0.065284796	0.039938632	0.062580690	0.074471429	0.059294622	0.204299778	0.258081555	0.055931170
1798	6	7	0.176267415	0.052777629	0.057754062	0.058691453	0.058540966	0.069538668	0.125466451	0.227047801	0.129910499	0.044005118
1799	3	3	0.087277986	0.152669325	0.062360741	0.291701734	0.094943695	0.055676054	0.072984718	0.060551420	0.069027632	0.052806683
1800	1	1	0.062127337	0.416256487	0.060216952	0.096358515	0.082380027	0.038472127	0.071057267	0.064327531	0.058465302	0.050338477
1801	7	7	0.050095085	0.095861711	0.069029160	0.046579838	0.054143410	0.095231906	0.048635688	0.394733578	0.087563276	0.058126371
1802	8	9	0.048233055	0.075140499	0.096763290	0.037597451	0.114065133	0.058976427	0.073770508	0.078845836	0.197956890	0.218650877
1803	2	4	0.081971616	0.072390467	0.137309030	0.098557748	0.280027807	0.026289284	0.130574346	0.074576445	0.051522143	0.046781164
1804	4	1	0.072425902	0.158940032	0.067104913	0.090491265	0.138963848	0.116714723	0.090136774	0.098642133	0.080602579	0.085977733
1805	2	6	0.127787605	0.093452282	0.128831878	0.081661873	0.085276529	0.061455138	0.154343799	0.095629364	0.084180288	0.087381244
1806	4	4	0.077587798	0.088923194	0.147164077	0.073474698	0.218569919	0.029133862	0.195696846	0.061859794	0.056188803	0.051400933
1807	5	5	0.076938130	0.062926061	0.073011957	0.051309615	0.083205566	0.216958314	0.068697765	0.176660493	0.105340563	0.084951602
1808	3	3	0.105405234	0.079641081	0.102400668	0.155087560	0.127725884	0.043902811	0.127559558	0.124193460	0.070783168	0.063300580
1809	3	3	0.087931357	0.135664463	0.044765081	0.146261960	0.094375201	0.086685658	0.102941722	0.129350275	0.079996228	0.092028022
1810	8	7	0.085716955	0.074904032	0.111963287	0.058319092	0.078166619	0.093879052	0.077836946	0.178848207	0.169580102	0.070785545
1811	3	3	0.096788488	0.120175570	0.076723196	0.281925350	0.118998244	0.036617652	0.092397124	0.056422964	0.069154456	0.050796941
1812	5	7	0.061169617	0.085253380	0.064374678	0.045325734	0.052982248	0.235272303	0.050715875	0.240596533	0.106885999	0.057423566
1813	4	4	0.090601824	0.087443888	0.077180639	0.109564081	0.187174618	0.045541577	0.163678110	0.106986135	0.070414424	0.061414659
1814	1	1	0.068059064	0.372578144	0.062496535	0.105335303	0.090120852	0.051804617	0.069703408	0.067443855	0.061587442	0.050870836
1815	5	9	0.065773129	0.063649684	0.062273894	0.053758025	0.076928809	0.176440865	0.094869591	0.106072657	0.120043099	0.180190206
1816	6	7	0.117113091	0.072163448	0.075031579	0.133157283	0.075677186	0.051040579	0.133451968	0.142204404	0.104372844	0.095787615
1817	2	6	0.120642737	0.089851148	0.135144144	0.093219459	0.127344191	0.056590583	0.150969699	0.094975956	0.076967843	0.054294240
1818	1	1	0.061995987	0.426393390	0.048991732	0.091979109	0.082598023	0.050836898	0.058918126	0.073212638	0.056251638	0.048822459
1819	8	9	0.087681204	0.060731251	0.098463230	0.066560589	0.096863605	0.076916181	0.108515859	0.081979558	0.151940271	0.170348227
1820	8	8	0.089809507	0.079444140	0.091030687	0.072296612	0.065846309	0.058872841	0.061649207	0.110937275	0.278416663	0.091696769
1821	8	8	0.074227281	0.076566987	0.087604649	0.067602172	0.123788908	0.082219802	0.109072231	0.074457236	0.204243541	0.100217253
1822	0	0	0.352882892	0.058735020	0.095067136	0.061336953	0.090353288	0.036041867	0.096582577	0.077425562	0.069005840	0.062568888
1823	6	4	0.071908034	0.058007464	0.190293595	0.055338774	0.210083365	0.049958263	0.130211890	0.075039826	0.072310202	0.086848468
1824	4	4	0.090473704	0.087259658	0.065683834	0.111070812	0.261746913	0.040289629	0.155837223	0.074635446	0.057619080	0.055383656
1825	5	5	0.087216228	0.063197233	0.085096605	0.087790929	0.075319722	0.160260856	0.064089544	0.118201129	0.125757739	0.133070081
1826	0	0	0.298355401	0.065947786	0.079400972	0.054731686	0.095037110	0.089617707	0.080928631	0.085151218	0.084912591	0.065916926
1827	6	6	0.087664098	0.085240729	0.106107794	0.104811519	0.134070128	0.034320962	0.278087795	0.063347831	0.057881501	0.048467636
1828	4	4	0.102037303	0.169903979	0.055113781	0.118780255	0.196183950	0.051094513	0.126150578	0.057508137	0.064743765	0.058483735
1829	6	0	0.169599518	0.071349502	0.065544344	0.089656800	0.097377680	0.071016945	0.112703048	0.103484742	0.113879956	0.105387405
1830	9	9	0.056332029	0.065408692	0.105409920	0.053333599	0.070335567	0.115916193	0.061326575	0.058749843	0.107910506	0.305277109
1831	6	0	0.351824790	0.064646363	0.107838258	0.065605752	0.108747780	0.025583034	0.097276583	0.068569511	0.056819499	0.053088363
1832	6	0	0.245963067	0.072074600	0.095550932	0.084170319	0.084985055	0.040995426	0.199357718	0.075106710	0.065936536	0.035859540
1833	0	0	0.325807184	0.059945092	0.070850760	0.047170475	0.063864902	0.089864969	0.081875168	0.111763865	0.097596407	0.051261127
1834	7	7	0.056069061	0.075539708	0.079238109	0.052817050	0.075152978	0.146270514	0.068205059	0.222249463	0.112880148	0.111577906
1835	5	5	0.061416887	0.073957063	0.089745030	0.075160667	0.092245720	0.222329468	0.065144658	0.095899329	0.081422925	0.142678261
1836	4	4	0.069418713	0.076253630	0.176979244	0.036730021	0.238537759	0.031502929	0.173847511	0.048251510	0.065341264	0.083137520
1837	4	4	0.067802936	0.072831117	0.104956374	0.083028071	0.392353326	0.027359959	0.093142889	0.074101597	0.045975748	0.038448051
1838	1	1	0.062691122	0.405925423	0.062798716	0.094771661	0.087148286	0.044038892	0.067598790	0.066533446	0.057898235	0.050595392
1839	3	4	0.089571394	0.167931795	0.043967929	0.142992094	0.175645277	0.051730871	0.120709062	0.088585727	0.061969575	0.056896325
1840	6	6	0.065243632	0.074259579	0.068134323	0.093642704	0.081631467	0.080436952	0.176625177	0.144667327	0.126129135	0.089229636
1841	7	7	0.078217164	0.058789603	0.071184486	0.053618554	0.083505698	0.122785382	0.095546857	0.228944525	0.106561780	0.100845926
1842	6	6	0.097259976	0.077517174	0.135214329	0.054560192	0.142634183	0.071664102	0.168893695	0.072831132	0.090710089	0.088715054
1843	9	9	0.056752838	0.072133459	0.065285295	0.065489136	0.078218907	0.087750293	0.066403098	0.089921162	0.104831196	0.313214630
1844	0	3	0.103660956	0.162978664	0.074633621	0.197288245	0.097637303	0.072105832	0.085474774	0.075354524	0.067617767	0.063248329
1845	9	9	0.072666854	0.059577651	0.099325866	0.054560892	0.087318592	0.107095867	0.085308768	0.066317081	0.112287305	0.255541176
1846	5	5	0.066010557	0.110639617	0.063701734	0.060053170	0.085355885	0.215066776	0.076987892	0.143667772	0.083383828	0.095132701
1847	3	1	0.114104167	0.196055233	0.057533663	0.185033575	0.140509561	0.050648581	0.099623673	0.058397423	0.053586964	0.044507064
1848	8	0	0.150577009	0.044040300	0.055342183	0.067322679	0.097731210	0.086738251	0.145733863	0.123776540	0.137982398	0.090755612
1849	8	8	0.145951986	0.069862433	0.064952105	0.043064356	0.080890164	0.058711257	0.074545339	0.188233837	0.210932001	0.062856458
1850	6	6	0.120200850	0.169564173	0.056890495	0.089996755	0.124333188	0.055415012	0.178847671	0.078514248	0.072063088	0.054174561
1851	4	4	0.089418329	0.081984408	0.139748141	0.108227924	0.267443627	0.032163467	0.100147150	0.087818444	0.052782804	0.040265694
1852	9	9	0.055984423	0.060064126	0.094928466	0.045927320	0.082067445	0.090695083	0.084887750	0.070662305	0.100494042	0.314289063
1853	1	1	0.101039320	0.250012845	0.052717820	0.118416749	0.124582708	0.052917257	0.118117422	0.073789462	0.060535938	0.047870424
1854	2	2	0.072941251	0.076845281	0.243800998	0.036992270	0.162206441	0.045993678	0.132720649	0.042913754	0.081079923	0.104505710
1855	2	0	0.175566763	0.061365318	0.069681190	0.059416797	0.093606874	0.084100172	0.119942211	0.106500909	0.111916348	0.117903374
1856	6	6	0.081656367	0.119367875	0.070514306	0.120128401	0.189167053	0.045776680	0.205653548	0.068737805	0.053025320	0.045972630
1857	1	1	0.068889096	0.421744347	0.064598978	0.089409009	0.082402684	0.045264892	0.070054688	0.061370641	0.052255448	0.044010267
1858	8	8	0.095648177	0.065415904	0.090340763	0.090634756	0.095191129	0.055681497	0.064330481	0.105916895	0.232382745	0.104457587
1859	4	1	0.074235372	0.208819717	0.040560979	0.109254122	0.122488655	0.088171579	0.112195969	0.105384864	0.072516322	0.066372409
1860	7	7	0.058882970	0.065544248	0.064389415	0.061102301	0.064014383	0.104543060	0.071104124	0.282221794	0.092082232	0.136115476
1861	9	9	0.047812354	0.054811623	0.080202937	0.062681943	0.061626904	0.081581563	0.072126314	0.071122684	0.097267710	0.370765924
1862	5	5	0.069239222	0.075376973	0.080037467	0.069591567	0.085412100	0.206434906	0.070602030	0.112317957	0.096982598	0.134005189
1863	0	1	0.093647815	0.197737470	0.056386419	0.147860706	0.080104731	0.090011574	0.087763496	0.092405252	0.080797933	0.073284574
1864	9	9	0.052153666	0.062681288	0.071523607	0.051540881	0.052301910	0.078321032	0.051852643	0.091458909	0.072596602	0.415569514
1865	5	7	0.057336833	0.048740190	0.072801471	0.050067138	0.098932639	0.196058691	0.064112812	0.245069489	0.092511624	0.074369080
1866	9	9	0.042466328	0.052383520	0.106723055	0.055558264	0.061956704	0.083909199	0.075170197	0.074993692	0.100687839	0.346151173
1867	7	7	0.049299445	0.065151833	0.058940977	0.032430734	0.053357288	0.103562921	0.049877837	0.450763673	0.083320022	0.053295318
1868	1	1	0.105721824	0.220151901	0.059042674	0.135251448	0.126275420	0.046279233	0.116398923	0.072811984	0.063606113	0.054460365
1869	6	2	0.074399605	0.093630135	0.154449224	0.061761942	0.112684131	0.095480166	0.088182963	0.065931201	0.126214400	0.127266273
1870	4	1	0.089130975	0.169286937	0.083774984	0.039740834	0.107337676	0.130191505	0.109891631	0.117792010	0.096872598	0.055980861
1871	8	8	0.139509276	0.060373645	0.095334731	0.053981848	0.076928496	0.073269807	0.078540593	0.131582320	0.200714022	0.089765184
1872	5	7	0.063830271	0.061895091	0.069806360	0.077355966	0.088868208	0.143064827	0.093104906	0.158234566	0.103695586	0.140144214
1873	5	5	0.053134538	0.079229981	0.058120251	0.093247816	0.081213340	0.257839948	0.072073631	0.092132449	0.090043709	0.122964293
1874	5	5	0.050548948	0.085179940	0.055564057	0.047095370	0.058503866	0.292055130	0.046883609	0.204579145	0.088452220	0.071137697
1875	1	1	0.060329519	0.455223739	0.053078510	0.091625862	0.080491304	0.033007357	0.067234568	0.061341755	0.054438140	0.043229211
1876	2	2	0.083989188	0.093107060	0.280334473	0.040220667	0.153143629	0.037368324	0.116179995	0.055471823	0.056800205	0.083384655
1877	6	6	0.084078781	0.086710237	0.122016348	0.077772886	0.147890434	0.033437438	0.281165481	0.058988333	0.057479467	0.050460618
1878	8	8	0.181547016	0.063992999	0.062026836	0.020715438	0.067151248	0.069132984	0.073665969	0.157587796	0.209207579	0.094972111
1879	3	3	0.091770925	0.086089969	0.092957273	0.220082402	0.140094832	0.030921645	0.129587099	0.092920102	0.058475610	0.057100132
1880	0	0	0.388365328	0.062419705	0.082120627	0.054894816	0.104730517	0.024415543	0.107287519	0.068962723	0.056380894	0.050422277
1881	7	7	0.050181787	0.078056701	0.071714737	0.047166295	0.055249870	0.115832075	0.048029695	0.381726891	0.095092334	0.056949675
1882	2	2	0.094035275	0.086826958	0.270564377	0.043500610	0.124358498	0.044135649	0.101445533	0.115918852	0.064261280	0.054952975
1883	6	0	0.264539003	0.050849207	0.067162089	0.105742089	0.115886800	0.030087421	0.150807798	0.096285418	0.054575030	0.064065203
1884	6	6	0.091703571	0.116302773	0.069720954	0.117930070	0.091166921	0.063196518	0.192654788	0.124210745	0.070194080	0.062919468
1885	6	4	0.066249028	0.080049723	0.118194669	0.053212788	0.209113166	0.034598637	0.172215357	0.092306361	0.097841479	0.076218754
1886	3	6	0.075681761	0.076970182	0.093840539	0.117516570	0.095432714	0.082340263	0.161885068	0.137742460	0.081877559	0.076712869
1887	6	6	0.078814954	0.114270099	0.111709289	0.087310351	0.095498800	0.044443537	0.262948602	0.072254263	0.073760167	0.058989950
1888	6	0	0.178410217	0.066953368	0.063228242	0.133402094	0.083322778	0.044977237	0.142686948	0.120532624	0.091699377	0.074787132
1889	9	9	0.063091524	0.052984770	0.115696736	0.050796542	0.077716775	0.118160315	0.055232059	0.081439786	0.161780983	0.223100543
1890	1	1	0.074101940	0.393461257	0.060599364	0.094372742	0.088939309	0.039720029	0.078679264	0.064835683	0.058321342	0.046969071
1891	5	5	0.060842600	0.057196062	0.062509269	0.062322833	0.074201822	0.263201177	0.084639065	0.122683957	0.098363601	0.114039622
1892	9	7	0.059010975	0.058170229	0.088459760	0.044536132	0.079434037	0.100101590	0.069015160	0.316521108	0.090496935	0.094254069
1893	9	9	0.069545597	0.061398339	0.089238144	0.050357860	0.071090616	0.134651974	0.072863325	0.088553548	0.139964119	0.222336397
1894	1	1	0.066659831	0.427015394	0.055882987	0.104128748	0.084611125	0.029441450	0.072174132	0.060760185	0.053503454	0.045822680
1895	5	5	0.057813950	0.107968397	0.054682311	0.087951489	0.077555761	0.258214146	0.055877753	0.140070617	0.073904082	0.085961476
1896	9	9	0.072955504	0.051444475	0.072327919	0.059950113	0.092210203	0.105005451	0.105325401	0.105328240	0.133550167	0.201902553
1897	9	9	0.066147320	0.057205215	0.111247264	0.050684426	0.078046821	0.136503279	0.064301722	0.086435303	0.142376110	0.207052588
1898	1	1	0.072805397	0.373771220	0.058694154	0.104770854	0.099220276	0.042940319	0.082404092	0.063432716	0.056701690	0.045259304
1899	6	4	0.055110596	0.078814387	0.151644200	0.047996063	0.224914491	0.053063568	0.140640333	0.040447108	0.089960396	0.117408827
1900	4	4	0.068347074	0.061412554	0.178352758	0.026504032	0.297242254	0.046967909	0.124458052	0.057561893	0.060655814	0.078497730
1901	1	1	0.061990879	0.426168948	0.057969559	0.093716949	0.082159713	0.045161303	0.062018942	0.070477322	0.051668812	0.048667628
1902	2	2	0.084448285	0.063332923	0.170458123	0.037550945	0.166939318	0.066159934	0.147273824	0.114879631	0.074400693	0.074556366
1903	8	3	0.085454375	0.119675443	0.061463535	0.199239224	0.078780778	0.062703043	0.074886076	0.088314012	0.150192231	0.079291239
1904	7	9	0.058143303	0.061393876	0.058896333	0.082695402	0.054432891	0.070453793	0.089899711	0.173281267	0.112398572	0.238404781
1905	5	5	0.100878321	0.074216194	0.099605761	0.070819259	0.087283365	0.156444669	0.079878382	0.096013129	0.114515454	0.120345384
1906	3	3	0.099291213	0.104179211	0.061842110	0.164140865	0.120922789	0.060520403	0.131732538	0.125064909	0.069384716	0.062921263
1907	1	1	0.059429359	0.473906428	0.055171270	0.085743017	0.076839164	0.036436770	0.057441104	0.056670371	0.052148551	0.046213988
1908	7	7	0.056696504	0.047281392	0.068495363	0.043852206	0.061915100	0.110909268	0.070915483	0.376283377	0.100589782	0.063061558
1909	7	9	0.057859499	0.074183442	0.090956531	0.103948154	0.094923474	0.138871059	0.071716756	0.120408982	0.096184008	0.150948122
1910	6	0	0.207560435	0.067203611	0.095085576	0.042593610	0.085613631	0.074795313	0.128781721	0.106788807	0.089937374	0.101639822
1911	8	8	0.067338809	0.063253760	0.093325734	0.055160791	0.088861883	0.054941341	0.072092354	0.071562260	0.285113364	0.148349687
1912	6	6	0.078023143	0.069419481	0.166342556	0.045646165	0.199232996	0.040156592	0.209065408	0.056908753	0.067443363	0.067761511
1913	4	4	0.061055992	0.073161140	0.168400675	0.036089968	0.327388912	0.024562126	0.142198458	0.044675793	0.062039062	0.060427845
1914	2	4	0.094815746	0.063333198	0.166628167	0.050342191	0.221712083	0.053101122	0.130374700	0.075715899	0.081502415	0.062474489
1915	7	7	0.044839107	0.058967862	0.064540543	0.039630193	0.048960339	0.078729615	0.048977245	0.461227387	0.095314302	0.058813423
1916	4	4	0.092515968	0.111302719	0.084122859	0.120770663	0.193264559	0.065163873	0.121480241	0.075325340	0.065834582	0.070219301
1917	6	0	0.299219638	0.104694515	0.051633518	0.065779626	0.081134483	0.071668848	0.142769486	0.062663756	0.072659723	0.047776267
1918	2	4	0.070950508	0.076203465	0.124823853	0.044674143	0.204131037	0.054499205	0.118998267	0.191488564	0.067738108	0.046492919
1919	1	1	0.062480550	0.449507833	0.061870657	0.087828837	0.082978599	0.040676273	0.063864194	0.057519674	0.046796501	0.046476904
1920	8	6	0.130354822	0.061023213	0.048210949	0.047357611	0.090003870	0.095555641	0.179143205	0.091825306	0.156722039	0.099803276
1921	1	1	0.065749742	0.446584255	0.054325949	0.101862811	0.087598972	0.026076255	0.070222415	0.054696873	0.050987419	0.041895293
1922	8	0	0.183155581	0.081172422	0.067782238	0.062724978	0.074751094	0.068225384	0.104182035	0.081521608	0.173919439	0.102565199
1923	2	4	0.065066926	0.060078081	0.238895148	0.028053762	0.243088365	0.036651433	0.142121047	0.056460030	0.070470281	0.059114907
1924	5	5	0.057682615	0.087002963	0.052298762	0.042433817	0.068608224	0.262666225	0.065517418	0.177318662	0.108717188	0.077754058
1925	6	6	0.085768260	0.079379700	0.122016422	0.048507713	0.167622149	0.037554871	0.228123263	0.049785454	0.087057255	0.094184823
1926	4	6	0.079993062	0.059269447	0.077374801	0.054322701	0.138331681	0.058832575	0.263156176	0.071271621	0.107190721	0.090257183
1927	2	4	0.067812502	0.071529612	0.197300553	0.039086424	0.217524931	0.035578392	0.181311414	0.059265036	0.070085488	0.060505655
1928	9	9	0.062757894	0.062928095	0.106932864	0.051764015	0.087177962	0.119357236	0.082216933	0.060024343	0.104320861	0.262519777
1929	4	4	0.099274449	0.097480878	0.076409519	0.113245167	0.202178836	0.032717694	0.184023365	0.063952096	0.064898491	0.065819502
1930	6	6	0.085054629	0.076657206	0.114153385	0.077795774	0.127475247	0.030316042	0.298460454	0.052908290	0.061333615	0.075845338
1931	0	1	0.088179149	0.168798506	0.064923070	0.119726643	0.074432433	0.129039332	0.088667385	0.089984417	0.099013269	0.077235870
1932	7	7	0.043430693	0.063329183	0.046698321	0.039919533	0.052893814	0.106274776	0.046410259	0.465848178	0.087302163	0.047893032
1933	0	6	0.117245719	0.074086756	0.098613918	0.071139783	0.180394962	0.051207043	0.204021633	0.097951613	0.061926547	0.043411970
1934	8	8	0.071688220	0.068379708	0.082564145	0.047007017	0.090760656	0.071847677	0.075213678	0.077606842	0.274846375	0.140085697
1935	6	6	0.085745998	0.115831494	0.147550330	0.074304372	0.072665200	0.085249811	0.158945233	0.084938206	0.087832421	0.086936913
1936	6	0	0.242527917	0.085222714	0.073565483	0.063130260	0.077487439	0.094624564	0.115639597	0.080108829	0.096273497	0.071419664
1937	9	9	0.056499422	0.059929177	0.110068768	0.054460619	0.082052737	0.099176221	0.061922316	0.080200471	0.087453984	0.308236301
1938	8	8	0.055369690	0.067202866	0.095294416	0.046034873	0.075305156	0.085637033	0.085200392	0.120054595	0.216792479	0.153108582
1939	3	0	0.284817189	0.082715191	0.074697800	0.083265789	0.145180598	0.032067683	0.128255576	0.063002788	0.057774711	0.048222706
1940	5	7	0.053063866	0.080714919	0.066033311	0.042609695	0.058942411	0.215301216	0.058011703	0.294438511	0.080292560	0.050591826
1941	1	1	0.067142159	0.376307428	0.063618325	0.096269794	0.088483907	0.056356080	0.065379739	0.075632192	0.054868933	0.055941518
1942	9	9	0.080446713	0.073941588	0.059576940	0.088017128	0.064250074	0.098677598	0.107753158	0.131735772	0.107966475	0.187634557
1943	0	6	0.111309513	0.074089885	0.141402215	0.099279240	0.147783488	0.040244658	0.156712547	0.127657145	0.057427261	0.044094019
1944	1	1	0.061139014	0.412845522	0.063255191	0.098592624	0.080551699	0.040745046	0.066573545	0.064585656	0.060946565	0.050764982
1945	5	5	0.076121338	0.068632081	0.059694838	0.041256126	0.074280500	0.245815635	0.062876910	0.175825611	0.118740693	0.076756231
1946	9	9	0.072659239	0.064271010	0.075388879	0.064782523	0.076082364	0.129241526	0.096745074	0.126889989	0.130597278	0.163342163
1947	8	8	0.070936203	0.061357420	0.078304566	0.048412316	0.082720615	0.082225285	0.072070830	0.071784914	0.290237695	0.141950145
1948	6	2	0.078783736	0.081057392	0.242562309	0.046118762	0.219367340	0.032315433	0.099315904	0.098788910	0.056364283	0.045325924
1949	5	5	0.058775015	0.065791272	0.062859729	0.065365702	0.110633552	0.265279651	0.059063904	0.147606134	0.087176792	0.077448249
1950	6	0	0.190493643	0.072668865	0.071960881	0.117582984	0.108118281	0.035888992	0.157509044	0.099170387	0.076013975	0.070592858
1951	4	4	0.093402706	0.084993221	0.082352847	0.119733818	0.218140781	0.033488970	0.191370383	0.058155119	0.062480710	0.055881482
1952	7	7	0.063314497	0.064856142	0.054151598	0.052056912	0.063796155	0.140793800	0.053362817	0.358261019	0.094709396	0.054697651
1953	4	4	0.086174421	0.085026264	0.127087206	0.086992666	0.170821518	0.108847797	0.107757643	0.075434327	0.080263428	0.071594685
1954	1	1	0.098045938	0.236815035	0.051927738	0.096658707	0.128068224	0.065591678	0.125067607	0.092322476	0.057920430	0.047582172
1955	9	9	0.037497856	0.046364706	0.084197298	0.059550822	0.054324634	0.088509850	0.063043788	0.081671856	0.088938311	0.395900905
1956	6	6	0.109969810	0.070725091	0.076356575	0.117142454	0.132210791	0.040470582	0.193740949	0.110057563	0.082887635	0.066438489
1957	0	0	0.270539850	0.069439046	0.080827974	0.073413856	0.120105363	0.057584476	0.120339498	0.077679321	0.061707746	0.068362780
1958	4	4	0.086845562	0.070580222	0.173044920	0.065809734	0.219401464	0.040501188	0.157559082	0.052024167	0.068659350	0.065574281
1959	0	0	0.393349767	0.049009386	0.078247905	0.050965998	0.119437248	0.030981909	0.095684655	0.084974155	0.059947338	0.037401561
1960	5	5	0.061755758	0.061696395	0.083214834	0.098608181	0.078786358	0.190208092	0.077514671	0.103352085	0.096206434	0.148657098
1961	8	7	0.062368855	0.100680187	0.088519290	0.041936047	0.106737264	0.069297671	0.074902102	0.226318642	0.158986181	0.070253782
1962	0	0	0.399522424	0.060875777	0.078962065	0.055318695	0.091616534	0.029137999	0.104491666	0.076185524	0.054794040	0.049095243
1963	2	2	0.097679876	0.092512377	0.183733672	0.041959833	0.104767129	0.090587735	0.110031389	0.129118830	0.088120580	0.061488617
1964	6	6	0.082913183	0.078511365	0.105228126	0.095129222	0.127070993	0.078843378	0.144227311	0.078091726	0.128906041	0.081078671
1965	2	2	0.100968547	0.073942162	0.273344785	0.080084257	0.152617171	0.029000308	0.108925089	0.085161164	0.048021905	0.047934528
1966	0	0	0.355548561	0.052975729	0.086547069	0.044051819	0.124553375	0.038859375	0.122437805	0.065212436	0.061532389	0.048281431
1967	6	6	0.095024168	0.096022345	0.128463864	0.085443884	0.174555287	0.053545054	0.176373348	0.076831371	0.066636451	0.047104198
1968	3	1	0.067767963	0.307984263	0.053177744	0.126239806	0.064413279	0.077230692	0.060688786	0.078093283	0.087879837	0.076524414
1969	6	0	0.343417495	0.055563841	0.084587187	0.088041231	0.126301125	0.022209810	0.113287561	0.052571956	0.063512743	0.050507076
1970	8	8	0.064844735	0.086281471	0.090834618	0.055254076	0.078506701	0.061054084	0.070034444	0.082772680	0.277339458	0.133077756
1971	7	9	0.061879396	0.071658343	0.072719052	0.073572896	0.055841353	0.080808848	0.060494635	0.146110997	0.088527516	0.288387030
1972	9	7	0.051260155	0.051692814	0.063278213	0.052758753	0.062610030	0.105562434	0.081361867	0.324665993	0.103814319	0.102995530
1973	1	1	0.090220541	0.322479069	0.066620246	0.104276016	0.120125048	0.044940539	0.103072293	0.056683589	0.047404852	0.044177871
1974	8	8	0.072862633	0.057417072	0.074822448	0.061619621	0.119316265	0.100870885	0.110883638	0.062078279	0.203466013	0.136663064
1975	7	7	0.054873735	0.072271906	0.066870444	0.040973891	0.050708000	0.092698291	0.050470222	0.422478020	0.090318628	0.058336779
1976	3	1	0.069257535	0.252695858	0.043386959	0.223999262	0.070064522	0.074721016	0.062311739	0.068802536	0.069715723	0.065044820
1977	6	4	0.083526447	0.063881546	0.148612276	0.046264350	0.212760374	0.038435228	0.204905406	0.050372068	0.080758534	0.070483789
1978	8	7	0.065758578	0.077277303	0.088518038	0.079443119	0.068849847	0.128013238	0.063857585	0.191524863	0.124357283	0.112400137
1979	9	9	0.055512223	0.065072671	0.084628969	0.089563429	0.057145488	0.083753169	0.062057622	0.105822533	0.116230816	0.280213058
1980	4	6	0.088697620	0.102264419	0.121372968	0.071588673	0.121523112	0.073788375	0.155657247	0.087790735	0.091278516	0.086038388
1981	7	7	0.050039545	0.098396003	0.061085630	0.057510551	0.061356738	0.180460617	0.046470631	0.298535347	0.089257769	0.056887157
1982	3	6	0.088256285	0.087808803	0.097210936	0.127490491	0.109560139	0.060973682	0.182707071	0.114947654	0.065331720	0.065713115
1983	3	3	0.085608371	0.199572906	0.059498303	0.221681684	0.077247672	0.068724297	0.070902266	0.067885041	0.075900838	0.072978593
1984	7	7	0.060073022	0.062296975	0.063073166	0.034317378	0.058545236	0.129429519	0.051588744	0.381829470	0.105133951	0.053712487
1985	3	1	0.083130881	0.232864857	0.053602554	0.199736759	0.098254420	0.065650597	0.076320834	0.066686936	0.059407588	0.064344704
1986	3	3	0.103273734	0.091715373	0.095990524	0.154168010	0.151434496	0.042744670	0.147718564	0.078206167	0.069862671	0.064885706
1987	1	1	0.054988392	0.468595117	0.060151260	0.084653735	0.083652079	0.038356658	0.058833823	0.058041625	0.047988459	0.044738825
1988	6	4	0.081654102	0.071996629	0.143108711	0.059380885	0.159851551	0.065083377	0.136223227	0.094506659	0.095304914	0.092889853
1989	8	8	0.076841064	0.072074354	0.066589296	0.052537527	0.062450632	0.056885712	0.071882330	0.091517746	0.357163101	0.092058189
1990	5	7	0.063716672	0.078955285	0.057478927	0.044473354	0.061795153	0.240639582	0.047400832	0.255139410	0.095986679	0.054414105
1991	3	1	0.084166691	0.232361421	0.057609420	0.177992642	0.104495272	0.058565509	0.070350133	0.083271369	0.066504411	0.064683102
1992	2	2	0.098182760	0.075544134	0.214630499	0.067651063	0.149910703	0.036087364	0.172071069	0.075657621	0.059616331	0.050648548
1993	5	7	0.064146742	0.051562510	0.064883053	0.037061319	0.062374733	0.177392855	0.070392489	0.302882016	0.111207820	0.058096427
1994	3	4	0.092693970	0.110978298	0.065036505	0.130464420	0.227137312	0.042522110	0.145879805	0.063658990	0.066620685	0.055007886
1995	3	1	0.065240532	0.238582194	0.041796893	0.226415008	0.072094478	0.067737751	0.070600249	0.064920619	0.084536538	0.068075791
1996	6	4	0.064648964	0.077070139	0.092000201	0.056857273	0.181594029	0.040749315	0.146291941	0.065213576	0.142618954	0.132955596
1997	7	7	0.047404718	0.057456631	0.052420571	0.034894995	0.051232629	0.109784149	0.048511233	0.465396851	0.082358003	0.050540298
1998	7	9	0.073444039	0.081968926	0.070075601	0.082830429	0.106436931	0.136333361	0.079506971	0.113162093	0.108202487	0.148039192
1999	3	1	0.092266761	0.211389229	0.060881522	0.162601396	0.096838713	0.078385852	0.074275203	0.082213201	0.070998825	0.070149273
