index	true	predicted	p0	p1	p2	p3	p4	p5	p6	p7	p8	p9
0	5	5	0.100485265	0.051097807	0.046745926	0.112627141	0.082626686	0.192582428	0.107508421	0.105317704	0.128390014	0.072618619
1	4	4	0.056437477	0.062020171	0.061104916	0.083113223	0.244030014	0.078575075	0.073066898	0.097444519	0.085375406	0.158832297
2	2	2	0.082343921	0.124113619	0.147142693	0.109785110	0.071320683	0.059666358	0.072958112	0.105439432	0.104554214	0.122675754
3	0	0	0.318479627	0.051646631	0.054076705	0.088307306	0.077250533	0.062808834	0.107361950	0.055890512	0.110515773	0.073662207
4	1	1	0.065476753	0.281299859	0.059413530	0.058669690	0.091388091	0.056879833	0.081598207	0.095899887	0.106088646	0.103285514
5	0	0	0.207833454	0.050358005	0.047460400	0.113247447	0.078350194	0.044815991	0.180142045	0.062881023	0.139970884	0.074940607
6	0	0	0.224009857	0.073897056	0.078617960	0.112326682	0.066030994	0.067125268	0.079321861	0.073421694	0.106011711	0.119236834
7	5	5	0.079870872	0.053999379	0.073126487	0.081586458	0.079500467	0.210733801	0.118402891	0.124345236	0.091284588	0.087149724
8	8	8	0.098529443	0.040774576	0.055401415	0.092082918	0.087833717	0.052771177	0.162729383	0.077561609	0.259916484	0.072399236
9	6	6	0.137902409	0.050677102	0.049115986	0.099885732	0.060062487	0.121114366	0.180008471	0.065742470	0.138857588	0.096633427
10	1	1	0.092616133	0.159975708	0.141408443	0.098427489	0.069244966	0.057616368	0.088694885	0.113776222	0.092749372	0.085490391
11	7	7	0.060054760	0.070685692	0.090255991	0.077487260	0.067592353	0.056103222	0.072862349	0.307175487	0.082400419	0.115382455
12	2	2	0.089351550	0.076521195	0.213880420	0.062262021	0.098918699	0.056231048	0.104316063	0.121222474	0.103371650	0.073924951
13	5	5	0.099178880	0.060615052	0.087884739	0.082094535	0.058622688	0.185486808	0.121548541	0.079669505	0.090339571	0.134559676
14	1	1	0.084926181	0.193791762	0.163278714	0.101634391	0.078562103	0.063218743	0.072761610	0.087927088	0.071504839	0.082394555
15	6	6	0.120244116	0.047007412	0.053971153	0.092634372	0.073532030	0.070249259	0.212105036	0.079820678	0.162507758	0.087928072
16	7	7	0.077087462	0.119539849	0.100721590	0.064459689	0.093775019	0.044008762	0.080693163	0.267556220	0.068412215	0.083746061
17	6	8	0.071810775	0.071995787	0.075489625	0.149101883	0.122208655	0.045292124	0.079872064	0.097477555	0.221029997	0.065721609
18	3	6	0.105841011	0.058815807	0.051690079	0.161042273	0.102473564	0.076191679	0.170776471	0.082620859	0.104812346	0.085735902
19	0	0	0.186292723	0.047184579	0.075722367	0.091047794	0.065817863	0.070873126	0.145562291	0.086335711	0.126575112	0.104588501
20	0	0	0.171616808	0.066149332	0.085053049	0.090183638	0.098549135	0.079585813	0.118749246	0.066954792	0.128162697	0.094995491
21	9	9	0.121584937	0.041855641	0.069667391	0.134409308	0.086205900	0.066743836	0.148867294	0.065639853	0.109085970	0.155939877
22	2	2	0.081549279	0.106269188	0.128895208	0.069292910	0.078288637	0.091136642	0.101561978	0.128549233	0.105776861	0.108680055
23	0	0	0.231267735	0.053503625	0.057372794	0.100767292	0.083195485	0.067243062	0.119504191	0.055026133	0.142265663	0.089853980
24	9	9	0.079249248	0.046651810	0.018273609	0.058976255	0.105582692	0.085647970	0.068424009	0.059982289	0.098958798	0.378253222
25	6	6	0.120200947	0.048388667	0.055421893	0.116007380	0.063562274	0.055624515	0.204257175	0.079107255	0.178953558	0.078476295
26	9	9	0.050027065	0.045245208	0.024869781	0.041419189	0.097602621	0.090433285	0.076156944	0.080285750	0.061988790	0.431971341
27	4	4	0.077176422	0.099917270	0.098467812	0.071294412	0.147203922	0.049416505	0.120250016	0.102590732	0.125942066	0.107740805
28	8	8	0.116216756	0.049523041	0.075750820	0.097615868	0.083326884	0.064134605	0.120462969	0.065478839	0.188011020	0.139479235
29	7	7	0.042777658	0.106836624	0.049564272	0.089484729	0.128603563	0.036621075	0.054741494	0.254114687	0.085286029	0.151969954
30	9	9	0.124880195	0.048438791	0.036563195	0.073485896	0.096624248	0.109167524	0.112908706	0.095346861	0.127544135	0.175040439
31	0	0	0.244543850	0.068194531	0.064225376	0.132359937	0.083000191	0.071820587	0.080037370	0.063963689	0.102311894	0.089542598
32	9	9	0.053497102	0.083513081	0.035606276	0.044431273	0.103860207	0.085727707	0.072001122	0.099154413	0.084134698	0.338074088
33	1	1	0.072514437	0.232374355	0.100298777	0.063851327	0.090421058	0.063401066	0.084394932	0.095661364	0.090155140	0.106927589
34	4	4	0.058904447	0.087587669	0.106201924	0.071956187	0.253015429	0.061284959	0.072924130	0.113942392	0.091155916	0.083026908
35	1	1	0.067811310	0.246613279	0.113372803	0.062815033	0.094075747	0.056482475	0.087500520	0.098743133	0.082063444	0.090522252
36	4	4	0.061584566	0.057982530	0.052604984	0.067783631	0.266441882	0.061518956	0.072514176	0.099420220	0.118402988	0.141746044
37	5	5	0.115519263	0.078457057	0.064941823	0.078741953	0.093338348	0.148228064	0.146510631	0.096136950	0.093762524	0.084363379
38	1	1	0.064312786	0.200783789	0.143247634	0.110756189	0.076710135	0.067815535	0.085265353	0.091177188	0.077491805	0.082439587
39	3	3	0.095739849	0.080958694	0.058782358	0.167902380	0.088703401	0.086553417	0.099204272	0.090710998	0.112266131	0.119178511
40	6	6	0.144420668	0.040730819	0.051598858	0.084991589	0.069552280	0.112767994	0.256059527	0.056414917	0.110487774	0.072975613
41	7	7	0.050175272	0.089584671	0.054167014	0.073658966	0.110401526	0.052021019	0.066072039	0.276097029	0.071621820	0.156200632
42	1	1	0.062992096	0.217067316	0.119490236	0.099628873	0.107792407	0.055703759	0.068659469	0.129781544	0.068898387	0.069985941
43	3	3	0.083197184	0.102772772	0.091939099	0.193691522	0.072943412	0.083590880	0.094371036	0.090352505	0.093889095	0.093252487
44	1	1	0.074985318	0.209035695	0.092342108	0.067717172	0.096267112	0.065219529	0.080428936	0.110428341	0.118071027	0.085504703
45	2	2	0.079469159	0.051108230	0.187281147	0.065827988	0.075133398	0.113584191	0.150980055	0.113696218	0.051904570	0.111015022
46	5	5	0.080691785	0.037316065	0.058631305	0.096984625	0.068288751	0.276736110	0.116138428	0.089746796	0.096802339	0.078663819
47	7	7	0.103610449	0.092055969	0.110392921	0.067921408	0.109398320	0.039434500	0.092899159	0.214519203	0.098497964	0.071270145
48	9	9	0.105689302	0.041407891	0.030281505	0.058967598	0.136945918	0.094584636	0.094246201	0.093214817	0.110780932	0.233881265
49	7	7	0.105931774	0.111611679	0.125520810	0.068194933	0.095204532	0.040726315	0.073632702	0.221918285	0.092253901	0.065005206
50	7	7	0.074667431	0.096051715	0.102787085	0.064494878	0.078180753	0.045714363	0.072371081	0.303655595	0.070289977	0.091787182
51	5	8	0.086715132	0.075925075	0.066101521	0.086924233	0.103126988	0.088676475	0.131240621	0.099733323	0.138184696	0.123371892
52	2	2	0.079029091	0.115332037	0.217145324	0.075301945	0.078714609	0.051920548	0.074697487	0.169995010	0.072320826	0.065543152
53	2	2	0.097190298	0.104583062	0.203219771	0.072251655	0.082159102	0.071131870	0.092395738	0.123981282	0.095867261	0.057219855
54	6	6	0.135459930	0.058886249	0.071580730	0.094590090	0.114915162	0.078983687	0.147541270	0.082506113	0.135559037	0.079977795
55	8	6	0.122256838	0.040248461	0.053352728	0.082446732	0.095142134	0.076870292	0.180126414	0.102791645	0.148457497	0.098307282
56	6	6	0.105676524	0.058300771	0.070990272	0.102097034	0.090246886	0.080137670	0.193170205	0.087898806	0.145297810	0.066184044
57	7	7	0.071547918	0.137044847	0.073662877	0.107893787	0.114883341	0.079721816	0.065141097	0.139590830	0.084982790	0.125530735
58	7	7	0.094101176	0.127978623	0.116338812	0.104112431	0.075734161	0.062357392	0.081181012	0.142835721	0.101671182	0.093689591
59	2	2	0.097454615	0.075782642	0.223335192	0.075917967	0.071422331	0.058203816	0.076960787	0.137606323	0.084977962	0.098338380
60	2	2	0.081212826	0.078406259	0.194148615	0.090388551	0.109007180	0.042402983	0.079500951	0.144071594	0.107389338	0.073471621
61	4	4	0.046599269	0.040574227	0.050154354	0.067211166	0.327937752	0.055293884	0.071846753	0.092819318	0.093159467	0.154403821
62	4	4	0.069711052	0.101577885	0.122067474	0.086395398	0.172520801	0.058784582	0.108127825	0.109189421	0.092991523	0.078633972
63	8	8	0.104101129	0.045946330	0.039970864	0.078998871	0.081345871	0.063210852	0.125013739	0.072701946	0.219837144	0.168873265
64	7	7	0.060122173	0.091181502	0.093431801	0.053546213	0.091736332	0.056664977	0.069662742	0.304469377	0.073403291	0.105781518
65	8	8	0.114173755	0.048943393	0.079187393	0.069608644	0.099745885	0.053231724	0.156121194	0.072090767	0.194178730	0.112718448
66	7	7	0.099126965	0.081461556	0.112584107	0.061722998	0.091304593	0.027869755	0.081112646	0.305927873	0.070349604	0.068539843
67	9	9	0.088007033	0.061526410	0.050594326	0.104274280	0.103162311	0.080442540	0.070135839	0.051026084	0.104558036	0.286273181
68	2	2	0.068946131	0.082380697	0.199939862	0.097863846	0.090209313	0.049490143	0.080702499	0.167774901	0.094293088	0.068399534
69	0	6	0.172075674	0.058236752	0.061301697	0.072921351	0.096658885	0.107042439	0.172237158	0.074180476	0.100581251	0.084764391
70	7	7	0.061646275	0.059772946	0.082439385	0.076956339	0.067597650	0.063313544	0.087861270	0.301491767	0.094258174	0.104662642
71	1	1	0.069825418	0.270058602	0.083376482	0.054213852	0.094592668	0.069589265	0.081605092	0.099025346	0.085913584	0.091799699
72	0	0	0.231735215	0.065293193	0.068041675	0.091845982	0.071775958	0.087962441	0.125440314	0.061964270	0.100298069	0.095642827
73	7	7	0.076040208	0.147502318	0.078317769	0.084628306	0.090522364	0.041929856	0.069348469	0.230726749	0.071266688	0.109717302
74	4	4	0.074298829	0.119131140	0.110704832	0.059150282	0.194904193	0.055761050	0.099909343	0.111303121	0.089543872	0.085293382
75	4	4	0.102220051	0.072392233	0.068525262	0.075604163	0.183755353	0.063000448	0.094301961	0.128405869	0.088757508	0.123037152
76	1	1	0.074111603	0.213349372	0.119686581	0.067183487	0.089589283	0.065923944	0.104237787	0.099036992	0.076415002	0.090465859
77	5	5	0.091379642	0.058956396	0.055024050	0.095051251	0.090158693	0.145795867	0.139013752	0.120835558	0.118690796	0.085094042
78	7	7	0.064307630	0.132414848	0.063954510	0.079495288	0.120020404	0.049829353	0.066676840	0.202849835	0.078301698	0.142149597
79	2	2	0.081713744	0.061792549	0.196687907	0.068243094	0.133837953	0.038989574	0.100408033	0.139488965	0.110031277	0.068806902
80	8	8	0.092954703	0.044554863	0.059113637	0.100353606	0.082402281	0.053246085	0.182837546	0.077478088	0.216092080	0.090967156
81	2	2	0.069652453	0.091513999	0.162534058	0.133348569	0.099906743	0.040034916	0.068997227	0.154014483	0.101218939	0.078778662
82	9	9	0.065204218	0.066723861	0.058084890	0.092172906	0.101182006	0.098786093	0.072717600	0.116603956	0.102599300	0.225925103
83	5	5	0.079389594	0.046366304	0.081826977	0.094594598	0.064096846	0.165799156	0.157090068	0.093914598	0.086595394	0.130326405
84	5	7	0.086911045	0.059847847	0.043430850	0.090000689	0.100567318	0.122579478	0.125771716	0.132964522	0.124570236	0.113356307
85	8	8	0.130828947	0.074889369	0.073763847	0.080181055	0.083741836	0.083954096	0.104169898	0.060072199	0.185308114	0.123090670
86	7	7	0.089877293	0.126952514	0.101794302	0.105041273	0.089879677	0.056773301	0.070061475	0.203129977	0.073470697	0.083019547
87	2	2	0.069183201	0.128268927	0.181484804	0.089267202	0.058484536	0.039574709	0.107423708	0.104416795	0.109257370	0.112638809
88	1	1	0.078501858	0.184599116	0.145611778	0.103570096	0.089614473	0.058694426	0.079860553	0.102154315	0.079310782	0.078082576
89	2	2	0.077057227	0.101166174	0.175296158	0.088460550	0.058679588	0.042618696	0.101847298	0.102026671	0.120584376	0.132263228
90	5	6	0.120298676	0.067355685	0.062807806	0.083021641	0.086019315	0.140381321	0.157567188	0.085939996	0.100072719	0.096535638
91	0	0	0.291480184	0.048869427	0.048881933	0.070335470	0.071911380	0.066992879	0.157106236	0.080217481	0.090929732	0.073275343
92	3	3	0.103261754	0.078607075	0.098247647	0.154812440	0.088741198	0.088279255	0.092679217	0.091843501	0.109574266	0.093953699
93	6	6	0.083806805	0.046485607	0.093310215	0.090685740	0.080418855	0.087849922	0.255827338	0.081674039	0.080223352	0.099718072
94	8	8	0.136601135	0.032219339	0.053973105	0.071752369	0.090688974	0.063489772	0.140242025	0.050313450	0.294234335	0.066485494
95	6	6	0.092920564	0.052335985	0.108286358	0.100667082	0.093443125	0.116084471	0.172389477	0.086930849	0.097014904	0.079927206
96	1	9	0.045681037	0.135973096	0.040159699	0.084605187	0.139694586	0.064204417	0.059403360	0.127774209	0.087683573	0.214820758
97	7	7	0.069082081	0.089077175	0.119313866	0.088778697	0.084843874	0.039800826	0.063609079	0.318850875	0.060376626	0.066266805
98	1	1	0.096086025	0.196080714	0.156457424	0.088419214	0.061245091	0.078012995	0.072855093	0.083816439	0.087639563	0.079387367
99	6	6	0.130346939	0.040700614	0.055095546	0.087310255	0.083659768	0.098106280	0.236587659	0.077804759	0.128834501	0.061553683
100	4	4	0.071169630	0.069372669	0.102506258	0.076909423	0.263344228	0.051185463	0.086376593	0.087613992	0.112418532	0.079103164
101	0	0	0.204465970	0.064931646	0.086879119	0.105317093	0.063430697	0.068104349	0.103449441	0.070365570	0.110790439	0.122265697
102	3	7	0.093887798	0.078947194	0.096312568	0.127094597	0.061737876	0.124458946	0.096832305	0.129340932	0.095850341	0.095537417
103	7	7	0.107471712	0.112204611	0.110155188	0.057129655	0.118142918	0.044917203	0.081491068	0.212453872	0.083081596	0.072952211
104	5	5	0.091777727	0.050450310	0.082288630	0.137899876	0.077655114	0.168513432	0.130404770	0.088757373	0.085941985	0.086310804
105	2	2	0.088484906	0.109958179	0.158277839	0.103248499	0.076243892	0.059134983	0.085609347	0.152081653	0.079568021	0.087392621
106	8	8	0.099640578	0.065075181	0.076558299	0.104664750	0.108231634	0.068838157	0.125919864	0.085634865	0.142904013	0.122532688
107	2	2	0.074731976	0.095778815	0.195712715	0.100864209	0.116721764	0.041062824	0.079409420	0.116213121	0.105729401	0.073775850
108	7	7	0.064562790	0.137421459	0.068590768	0.128559127	0.105324909	0.050337397	0.060827479	0.176895037	0.087489977	0.119991004
109	2	1	0.089421831	0.141306698	0.132385045	0.081320003	0.085840113	0.048850216	0.127592921	0.108295552	0.089297190	0.095690466
110	7	7	0.062933840	0.085447446	0.112829626	0.062003084	0.075656369	0.068171158	0.083314843	0.272520304	0.094074480	0.083048850
111	4	4	0.054875623	0.076702766	0.100812711	0.085174210	0.164909586	0.045556363	0.139716104	0.117368817	0.091375932	0.123507902
112	8	8	0.083472073	0.083663650	0.049634527	0.100459635	0.105206825	0.047709428	0.086164378	0.067422323	0.228936628	0.147330597
113	9	8	0.091349736	0.088086531	0.069939017	0.112126410	0.095077135	0.121757813	0.086454511	0.073500752	0.132132858	0.129575208
114	7	7	0.063969232	0.102183983	0.101350434	0.077551819	0.064100504	0.060984623	0.106844075	0.290237099	0.056928400	0.075849786
115	8	8	0.126186803	0.042429645	0.044637308	0.097103797	0.073973283	0.067452803	0.137990505	0.076599479	0.204151362	0.129475027
116	4	4	0.091404974	0.083204083	0.114702173	0.078341007	0.183230042	0.058960374	0.094533101	0.107652254	0.106258780	0.081713185
117	2	2	0.077261344	0.110476099	0.167025790	0.105098762	0.054063007	0.045577280	0.104055971	0.096012495	0.107372940	0.133056283
118	5	5	0.077698670	0.060623985	0.102229588	0.100777887	0.065355033	0.146004602	0.122867949	0.103106931	0.090916373	0.130418956
119	3	7	0.085124344	0.070317067	0.113392241	0.132512152	0.064053543	0.117813922	0.091564089	0.146425650	0.096167803	0.082629167
120	1	1	0.060280554	0.254295349	0.082332566	0.049622741	0.076311029	0.065022983	0.081714548	0.100043692	0.111938357	0.118438162
121	1	1	0.053843264	0.189398095	0.118499622	0.143137351	0.087020084	0.044542838	0.100399621	0.119502425	0.059586052	0.084070563
122	6	6	0.082362093	0.068971008	0.101315394	0.090684704	0.111251004	0.092103072	0.149257734	0.102579840	0.100238390	0.101236843
123	8	8	0.113044038	0.075933017	0.085833490	0.117054284	0.072640330	0.077206634	0.099800587	0.064043887	0.154041022	0.140402749
124	3	3	0.101553902	0.049776148	0.043253139	0.161287576	0.092580847	0.074271098	0.122255467	0.084931172	0.115050934	0.155039772
125	6	6	0.130528733	0.049998693	0.062175401	0.083701715	0.078523546	0.111220516	0.227750137	0.065096572	0.128000990	0.063003719
126	6	6	0.095922604	0.049936380	0.093690485	0.074571952	0.078799613	0.094307996	0.236427322	0.089726165	0.081009164	0.105608359
127	6	6	0.128564358	0.040307544	0.053715799	0.086161837	0.073444031	0.041771702	0.241498977	0.069531754	0.174058840	0.090945236
128	4	4	0.076539502	0.087719552	0.119684950	0.072915539	0.171142787	0.058793768	0.108302779	0.115498684	0.117880307	0.071522161
129	0	0	0.176090598	0.063704126	0.094183639	0.103404656	0.091058962	0.069055334	0.093160190	0.099162176	0.124795616	0.085384697
130	3	3	0.120274849	0.099047936	0.089282468	0.150150612	0.087117545	0.082117692	0.085804358	0.095328234	0.103397794	0.087478429
131	8	8	0.120735787	0.033640642	0.059030998	0.090313047	0.112078935	0.061803166	0.147388607	0.078501329	0.222062334	0.074445143
132	4	4	0.051605131	0.039040413	0.049001481	0.071643934	0.239023313	0.052910961	0.076339893	0.100727275	0.116218425	0.203489184
133	6	6	0.085585773	0.068706580	0.102346122	0.082153462	0.083369680	0.091971099	0.199333400	0.087677374	0.094716705	0.104139850
134	9	9	0.098851964	0.050220639	0.049535587	0.090811729	0.110346548	0.078585267	0.103876926	0.042442854	0.090143099	0.285185397
135	4	9	0.061901014	0.050359871	0.047070280	0.072679244	0.195605963	0.078182273	0.083408363	0.089101762	0.095493533	0.226197705
136	7	7	0.071574017	0.104055032	0.094928123	0.080405116	0.095594525	0.053819068	0.083183363	0.221481606	0.099373832	0.095585227
137	9	9	0.071581364	0.122250117	0.083823070	0.061596043	0.080234304	0.089061946	0.099378809	0.107344024	0.100272268	0.184458092
138	1	1	0.082264014	0.163019344	0.146516114	0.093050361	0.093662336	0.069334157	0.095143281	0.097383730	0.081997551	0.077629164
139	6	6	0.161605865	0.046224266	0.051821072	0.083105102	0.090647899	0.119073205	0.163448825	0.047722224	0.127894193	0.108457327
140	9	8	0.106996834	0.048279390	0.049199171	0.082676440	0.073170230	0.078293301	0.133448750	0.098208345	0.189955086	0.139772430
141	8	8	0.111603528	0.057242353	0.058261067	0.090497263	0.073482938	0.054786172	0.121698648	0.053081919	0.253684014	0.125662103
142	8	8	0.125705674	0.067042261	0.079728052	0.108902790	0.075630993	0.104529582	0.106595904	0.058679085	0.160960943	0.112224698
143	1	1	0.069235019	0.267544746	0.085120857	0.055817343	0.088599302	0.053426486	0.100094885	0.083529547	0.076291896	0.120340012
144	8	8	0.083516106	0.051064741	0.069089733	0.130737528	0.085777558	0.103279471	0.153254285	0.082016625	0.165985316	0.075278632
145	7	7	0.078934856	0.092487104	0.085802890	0.090283513	0.061795592	0.078393936	0.091217451	0.264683157	0.073786244	0.082615271
146	4	4	0.056565557	0.044632908	0.033117294	0.064362355	0.294205457	0.054623585	0.067038357	0.097742528	0.076856218	0.210855767
147	1	1	0.110560119	0.162448898	0.106025882	0.072481602	0.099052124	0.078550205	0.086342633	0.106616430	0.092993550	0.084928632
148	7	7	0.064761974	0.107436150	0.070357710	0.077052169	0.103260472	0.053509396	0.071727432	0.270893544	0.064581700	0.116419479
149	7	7	0.073323220	0.079538107	0.100446247	0.047875971	0.112267196	0.042245209	0.072047591	0.325259507	0.071793631	0.075203396
150	3	3	0.089301616	0.107902154	0.100200921	0.192051083	0.084393114	0.080396131	0.089048624	0.097248748	0.086206183	0.073251411
151	8	8	0.117353022	0.043653801	0.064495802	0.079143383	0.108658738	0.076592162	0.144713670	0.072647050	0.214763477	0.077979013
152	0	6	0.159876943	0.041643579	0.058546983	0.072383933	0.102904335	0.085270695	0.215465918	0.084028922	0.108470120	0.071408562
153	7	7	0.088166960	0.083787888	0.106726535	0.094828993	0.064985804	0.062857047	0.109270446	0.229980737	0.080685586	0.078709997
154	0	0	0.168498963	0.065375984	0.084746122	0.094325528	0.095206864	0.083432965	0.122138314	0.098154917	0.101305962	0.086814463
155	5	6	0.088220574	0.055780411	0.067156427	0.112685934	0.085455179	0.139651537	0.155557796	0.093248323	0.110563092	0.091680668
156	9	9	0.089036651	0.060738288	0.045750208	0.086828008	0.093578376	0.078027934	0.084891960	0.087308444	0.079314329	0.294525832
157	2	2	0.112588741	0.063119762	0.211110577	0.047279939	0.065464817	0.096163541	0.125046372	0.126878083	0.054802369	0.097545877
158	9	9	0.085617311	0.049580559	0.024553152	0.071699858	0.125698984	0.092380054	0.060803127	0.066980824	0.096086130	0.326599985
159	8	8	0.101015635	0.053995363	0.057670638	0.100435697	0.094401129	0.081771858	0.157710969	0.079998218	0.203669950	0.069330573
160	9	9	0.068704143	0.109164536	0.069429204	0.040384144	0.082668781	0.081959151	0.093860321	0.135272354	0.092354670	0.226202667
161	9	9	0.088267721	0.050773222	0.038408052	0.074738756	0.080352023	0.113685712	0.117790051	0.103755958	0.149592221	0.182636201
162	0	0	0.176569387	0.075874344	0.069942527	0.095735252	0.073855162	0.107258506	0.131851941	0.053538091	0.098579466	0.116795458
163	3	6	0.089406408	0.051187180	0.054600965	0.131564513	0.082806028	0.081655033	0.175756946	0.088307865	0.154278159	0.090436950
164	2	2	0.059197560	0.083297446	0.186637759	0.102851756	0.112090997	0.029621763	0.080447003	0.144686252	0.129899979	0.071269460
165	8	8	0.079787053	0.033535685	0.031980239	0.113075003	0.114301302	0.050810494	0.146077052	0.073557571	0.229101300	0.127774283
166	7	7	0.065733202	0.087562822	0.084361747	0.053800322	0.133262798	0.042787507	0.070089951	0.310713768	0.063273355	0.088414505
167	8	8	0.097378604	0.031977199	0.046466500	0.097520404	0.093045622	0.086542428	0.179372922	0.055381916	0.237388954	0.074925408
168	5	5	0.085411176	0.061087299	0.087948136	0.089847326	0.079507113	0.193701312	0.134327143	0.089474350	0.087656796	0.091039255
169	7	9	0.056820340	0.106090471	0.043605905	0.117533751	0.145378351	0.077579074	0.060442351	0.125592679	0.092201322	0.174755737
170	0	0	0.187411964	0.065456823	0.062984735	0.082947552	0.087368898	0.093753956	0.144940406	0.075877085	0.106780946	0.092477664
171	9	9	0.053725686	0.049983043	0.030738343	0.037877578	0.101756811	0.095666640	0.080861002	0.079446308	0.073935166	0.396009386
172	7	7	0.073807672	0.079804271	0.116006441	0.082862012	0.067119829	0.080724493	0.105685122	0.214505821	0.070008010	0.109476358
173	4	4	0.061089348	0.053931680	0.070853740	0.077385180	0.255661160	0.066317782	0.115040705	0.092903763	0.092832074	0.113984481
174	2	2	0.101621419	0.082865052	0.135178998	0.090842687	0.068617307	0.103871636	0.126527011	0.097044557	0.065079309	0.128352076
175	1	1	0.091541387	0.170910537	0.139313728	0.128594562	0.082187600	0.058645431	0.071924798	0.099091806	0.078874670	0.078915410
176	6	6	0.106814705	0.057497535	0.052066442	0.076703474	0.086206235	0.082517765	0.258207023	0.077612691	0.126209751	0.076164320
177	4	4	0.069900326	0.108237617	0.095085621	0.076801263	0.149132416	0.038028751	0.097609572	0.113959856	0.127163962	0.124080621
178	8	9	0.083042711	0.094003037	0.079918519	0.099729612	0.084197260	0.072487280	0.118947946	0.093853898	0.129331499	0.144488186
179	9	9	0.050591961	0.055797406	0.026996301	0.063733146	0.111053966	0.070229530	0.072607264	0.065409958	0.088271573	0.395308882
180	2	2	0.065002136	0.068121135	0.223002166	0.063987032	0.102080576	0.036736060	0.087555766	0.148829237	0.137665004	0.067020863
181	1	1	0.074094415	0.198068574	0.078639291	0.073616020	0.118890658	0.063920058	0.077089027	0.114270054	0.079083256	0.122328654
182	1	1	0.078577951	0.205657214	0.112040073	0.084142931	0.097836636	0.075697199	0.073035218	0.115442157	0.079101011	0.078469582
183	4	4	0.080562167	0.108609304	0.098635085	0.062764451	0.169615343	0.066670917	0.108275265	0.110063061	0.094952025	0.099852353
184	7	7	0.082114972	0.124972679	0.085767917	0.081730187	0.093633898	0.049561687	0.094423071	0.197425351	0.084221028	0.106149256
185	8	6	0.124705940	0.046451494	0.045436904	0.073239826	0.091946132	0.078103989	0.206033319	0.060586698	0.175011829	0.098483898
186	9	9	0.125093624	0.100381941	0.087282434	0.071564980	0.065425761	0.095543429	0.078679584	0.058058139	0.110730924	0.207239121
187	4	4	0.070235342	0.063155450	0.086691439	0.070513956	0.256663352	0.064041011	0.088453531	0.105551772	0.103364035	0.091330178
188	2	2	0.083286218	0.083495878	0.252417833	0.082701616	0.074083269	0.059684422	0.072214209	0.135003477	0.090731941	0.066381119
189	9	9	0.106214508	0.063969888	0.068328470	0.103484787	0.086195022	0.067292042	0.110832892	0.093528256	0.077840172	0.222313911
190	9	9	0.081260093	0.046231780	0.018012080	0.055268478	0.120132253	0.082821772	0.059204355	0.055835608	0.105124108	0.376109511
191	4	4	0.045612242	0.047842953	0.044488356	0.065722406	0.345745564	0.057046179	0.055460323	0.084570669	0.092060007	0.161451310
192	1	1	0.070349962	0.265151441	0.067476742	0.048337072	0.093717895	0.056891985	0.091303349	0.105464794	0.103181526	0.098125227
193	1	2	0.091033138	0.126822457	0.131931320	0.115015164	0.097055398	0.080569416	0.101207860	0.093247674	0.083923511	0.079194158
194	1	1	0.079340056	0.219272867	0.145182520	0.094371468	0.071304895	0.077380545	0.085059293	0.101245284	0.061568104	0.065274939
195	7	9	0.043203477	0.100808330	0.055259041	0.115930215	0.122088574	0.069386527	0.074110456	0.142591879	0.095648922	0.180972621
196	7	7	0.049293235	0.097811177	0.070188195	0.063482970	0.120728150	0.054799844	0.070116825	0.282898962	0.067072958	0.123607688
197	0	0	0.174230427	0.047637578	0.086426869	0.101287395	0.087716594	0.063830622	0.122772940	0.107539892	0.105453834	0.103103772
198	3	3	0.096829481	0.062736385	0.093004473	0.171980351	0.075318515	0.069092669	0.106017292	0.093005113	0.127012283	0.105003394
199	4	4	0.062284138	0.058645651	0.057693549	0.065045007	0.229175344	0.072245225	0.086772509	0.102999672	0.087136924	0.178001940
200	6	6	0.108811632	0.043142330	0.062900074	0.094255663	0.066980667	0.057265926	0.218538359	0.067132302	0.184797034	0.096175976
201	5	6	0.093314484	0.043562178	0.056286611	0.086383700	0.082363673	0.178449929	0.199799716	0.078053728	0.109664544	0.072121456
202	0	6	0.165171325	0.051360149	0.067397490	0.089629777	0.077057093	0.085034728	0.167161658	0.088085979	0.127235860	0.081865877
203	7	1	0.085257620	0.167411625	0.111933969	0.098634034	0.091717869	0.033602066	0.078453898	0.137342453	0.111842394	0.083803967
204	9	9	0.080776632	0.035276763	0.021714892	0.057560075	0.108656123	0.080895729	0.101850890	0.085082531	0.100758538	0.327427804
205	0	0	0.280977398	0.053040348	0.037197117	0.070519343	0.066011809	0.074003354	0.162458614	0.062995382	0.107304059	0.085492559
206	5	6	0.073538274	0.053049769	0.056491327	0.160665169	0.076461829	0.077226840	0.168532804	0.100002497	0.137996092	0.096035473
207	0	8	0.137603164	0.057341721	0.106078364	0.086439148	0.082081571	0.062791415	0.137749314	0.085191734	0.147314578	0.097408950
208	2	2	0.101132877	0.087419733	0.245652869	0.056419201	0.079492174	0.060009211	0.104422718	0.129115447	0.065020494	0.071315289
209	6	0	0.167707890	0.048782140	0.059322637	0.095853277	0.070861138	0.096649632	0.156388029	0.061279554	0.135273829	0.107881822
210	8	6	0.094178177	0.048401907	0.053413272	0.109607227	0.089031398	0.085625365	0.181096807	0.076517262	0.159163758	0.102964826
211	1	1	0.084688626	0.201333448	0.114865966	0.083978526	0.075344756	0.065043576	0.091220394	0.098544478	0.079787813	0.105192438
212	6	6	0.138854519	0.051069088	0.063104890	0.118847184	0.071519837	0.115343161	0.157417402	0.066342480	0.119039930	0.098461576
213	3	3	0.104635991	0.064938396	0.104991287	0.201683730	0.078813143	0.060010161	0.089694619	0.091249540	0.105963483	0.098019607
214	9	9	0.068223447	0.056743518	0.035155140	0.063855149	0.120503701	0.103370726	0.077977598	0.078197688	0.084711336	0.311261743
215	0	8	0.139604360	0.062208679	0.094740078	0.092020340	0.091130242	0.075405888	0.124219291	0.072252318	0.143610731	0.104808010
216	8	6	0.123752527	0.040448382	0.051833894	0.097855702	0.077178605	0.064408824	0.206106305	0.071115777	0.168783426	0.098516546
217	2	2	0.094779931	0.106329493	0.152940214	0.080410026	0.087086312	0.069670722	0.107320771	0.132090852	0.084467866	0.084903747
218	7	7	0.065610275	0.135755435	0.088519081	0.083125703	0.123877190	0.053713545	0.080587290	0.145429373	0.095956333	0.127425820
219	3	3	0.093294375	0.073014125	0.105068766	0.148303851	0.078200527	0.066114254	0.121245392	0.096859924	0.103789471	0.114109285
220	8	8	0.121025145	0.047744751	0.103005432	0.083065003	0.084496483	0.071726464	0.116919182	0.058753993	0.177756965	0.135506541
221	0	0	0.174718916	0.078986473	0.085668348	0.086263321	0.086309053	0.092395738	0.116150446	0.088561878	0.096667014	0.094278842
222	2	2	0.070550315	0.061271980	0.164964050	0.074445769	0.086799875	0.117850184	0.109915018	0.128556758	0.054338794	0.131307244
223	6	6	0.091694728	0.069915719	0.098512165	0.067823403	0.117263086	0.058061965	0.204674691	0.098841444	0.119574755	0.073638059
224	8	8	0.101302296	0.032153461	0.055683263	0.105903782	0.102091439	0.046542127	0.110791132	0.055414055	0.328062564	0.062055804
225	4	4	0.055458914	0.045043107	0.040848784	0.072652519	0.240666941	0.078241602	0.083615609	0.092008337	0.075664446	0.215799749
226	5	5	0.095560797	0.076824874	0.061458569	0.085991219	0.094525181	0.176715672	0.097409487	0.097557433	0.107421912	0.106534839
227	6	6	0.131372184	0.051898111	0.046640228	0.075065829	0.098327346	0.109234914	0.207828909	0.079434477	0.111433692	0.088764347
228	6	6	0.083796859	0.032041710	0.037296683	0.094392069	0.142519191	0.043851096	0.214655384	0.118146025	0.172259241	0.061041731
229	3	3	0.094949141	0.063086830	0.064637698	0.183391988	0.084666640	0.088230535	0.121411443	0.087198295	0.122972541	0.089454867
230	2	2	0.103832036	0.073694296	0.216441020	0.088689111	0.102949008	0.054588322	0.060246971	0.110859983	0.101989642	0.086709708
231	3	3	0.096418239	0.041887842	0.065385148	0.179585308	0.069166496	0.105020247	0.149552226	0.081575640	0.143593401	0.067815453
232	8	8	0.113765635	0.043223698	0.036073118	0.086363316	0.084600881	0.078200966	0.179647967	0.081898510	0.201399729	0.094826192
233	2	2	0.089524731	0.100298844	0.198230833	0.072060078	0.066692524	0.078666367	0.101611406	0.098304428	0.077726029	0.116884761
234	0	0	0.269376129	0.048356321	0.044863805	0.103456877	0.067837611	0.059116598	0.158760279	0.078727737	0.104435407	0.065069258
235	5	8	0.085968070	0.054822262	0.057476029	0.134873733	0.077054694	0.100411795	0.121683240	0.112007134	0.164135501	0.091567487
236	2	2	0.072929032	0.061449837	0.154555500	0.093558401	0.089266561	0.060344450	0.119242884	0.111353725	0.151015341	0.086284257
237	5	5	0.075290859	0.052047595	0.062223010	0.107855417	0.075871155	0.209033415	0.107347190	0.125417620	0.097824670	0.087089159
238	2	2	0.062068790	0.076218612	0.216453522	0.077859528	0.113607459	0.036318783	0.088652506	0.148881495	0.108869553	0.071069695
239	0	0	0.240964517	0.056024130	0.067438573	0.084036134	0.068542197	0.070618294	0.138558462	0.051060740	0.122460216	0.100296713
240	0	0	0.238063008	0.064732566	0.055778436	0.097569793	0.075646520	0.101015165	0.114428706	0.058896247	0.098395973	0.095473565
241	4	4	0.065804146	0.075505465	0.079456694	0.091550700	0.223645449	0.076519579	0.078496963	0.102596946	0.088333718	0.118090399
242	9	9	0.081459843	0.041533079	0.016051818	0.050663933	0.101764761	0.083430357	0.080674529	0.066024788	0.117799811	0.360597104
243	5	5	0.096675508	0.037339080	0.063291907	0.113081671	0.061551336	0.192552760	0.157112062	0.092379525	0.093014173	0.093001910
244	8	8	0.082150631	0.031311911	0.046327069	0.174556732	0.073454157	0.060206477	0.152847841	0.064183451	0.226352692	0.088609070
245	4	4	0.071548119	0.109829068	0.126023486	0.075693130	0.157666668	0.056803036	0.102583475	0.110114560	0.104187593	0.085550919
246	6	6	0.119135201	0.059060019	0.099836364	0.081722677	0.081924893	0.098465629	0.220084578	0.096660003	0.069448195	0.073662423
247	5	6	0.119095430	0.042738702	0.044799041	0.070240073	0.105194889	0.140595898	0.187295526	0.103059769	0.113813341	0.073167443
248	6	6	0.119507737	0.061471034	0.056686316	0.094063506	0.080356866	0.073623434	0.229965433	0.089791499	0.125940025	0.068594120
249	4	8	0.071958385	0.125595644	0.092032060	0.087916397	0.109167516	0.070358656	0.080872037	0.109338932	0.131154135	0.121606223
250	0	3	0.124677442	0.076802775	0.080562524	0.128337622	0.085213758	0.073316276	0.126480609	0.083289228	0.109545700	0.111774109
251	3	3	0.107684106	0.083902769	0.065860540	0.138923079	0.079092272	0.121389799	0.080504782	0.103946537	0.125402004	0.093294166
252	5	5	0.109782867	0.075226292	0.084116355	0.063431367	0.112535037	0.143040195	0.136761546	0.094835550	0.103802562	0.076468267
253	2	2	0.091643393	0.081729494	0.200415209	0.067923285	0.127164200	0.048102465	0.068025321	0.123028941	0.113885380	0.078082256
254	6	6	0.114582367	0.046212535	0.053565077	0.080914415	0.082175896	0.103441909	0.205173016	0.078225523	0.155711934	0.079997309
255	3	6	0.123820677	0.051700953	0.061220758	0.109028406	0.081155613	0.109982960	0.179650545	0.078324221	0.129009932	0.076106004
256	6	6	0.099937446	0.047458112	0.064874448	0.076980256	0.085807927	0.111063041	0.259642214	0.071711086	0.086903229	0.095622279
257	8	8	0.110885009	0.042952109	0.070319705	0.125088662	0.079029754	0.065152779	0.099475488	0.054762814	0.278554261	0.073779352
258	7	7	0.064459451	0.077500373	0.073809586	0.077129684	0.094237417	0.065874882	0.088290088	0.276622891	0.077112153	0.104963481
259	5	6	0.085359529	0.054230459	0.039446194	0.082619078	0.108987033	0.132163063	0.136799499	0.131610543	0.094216958	0.134567559
260	3	3	0.088686600	0.083754085	0.099232048	0.180557162	0.078698054	0.077055909	0.074608929	0.100289151	0.111873403	0.105244756
261	9	6	0.151158333	0.046073060	0.054206830	0.091695368	0.078724481	0.087137319	0.159471363	0.064239696	0.141090676	0.126202852
262	0	0	0.267978936	0.047049586	0.062498398	0.084459625	0.083397046	0.051106941	0.107060380	0.043440487	0.157312542	0.095696099
263	5	5	0.087491564	0.049393740	0.065099955	0.083342396	0.103750817	0.183737561	0.146458790	0.084895954	0.119570144	0.076259077
264	9	9	0.072838180	0.058990877	0.028050914	0.064281873	0.115264736	0.058765505	0.057863414	0.075127490	0.091935143	0.376881897
265	7	7	0.050965566	0.061168302	0.064750753	0.072307952	0.088212155	0.104455478	0.094400667	0.269282460	0.051478833	0.142977849
266	4	4	0.085900351	0.091884010	0.109240346	0.061180770	0.254596174	0.050136991	0.067375571	0.107428715	0.103154749	0.069102280
267	0	6	0.196312249	0.035078738	0.043314092	0.061084040	0.071951203	0.061011408	0.215962455	0.052084263	0.133078769	0.130122855
268	3	3	0.094401866	0.087226287	0.094072059	0.160945058	0.085172869	0.078954987	0.073547170	0.064606488	0.119120158	0.141953066
269	2	2	0.074541472	0.104648240	0.174834803	0.090639278	0.091567375	0.065874405	0.075722881	0.159055203	0.078570217	0.084546119
270	1	7	0.085854441	0.125887081	0.101776168	0.091602698	0.115819663	0.071486630	0.108360879	0.128648311	0.094213925	0.076350152
271	9	9	0.058230922	0.064398684	0.024447443	0.045883652	0.127891928	0.088380143	0.063252121	0.074379355	0.087679841	0.365455866
272	0	0	0.350549668	0.031459603	0.029027143	0.060618639	0.061227228	0.064575881	0.181717783	0.037624963	0.110963486	0.072235569
273	9	9	0.103215247	0.035800368	0.080791518	0.123144962	0.069857493	0.090747163	0.126566365	0.069805145	0.109876409	0.190195307
274	1	1	0.082321197	0.203134611	0.152532995	0.098890543	0.059916075	0.065177321	0.076321110	0.088756725	0.076151319	0.096798152
275	9	9	0.067531437	0.048389364	0.028860163	0.065564997	0.088340834	0.082929872	0.051116377	0.054416392	0.081977829	0.430872738
276	6	6	0.176916182	0.037989747	0.040485982	0.096389987	0.072450973	0.108897366	0.223098457	0.045184221	0.125481904	0.073105291
277	8	8	0.098208129	0.057554401	0.088078059	0.104254387	0.118368931	0.061897222	0.099928819	0.079186797	0.219091877	0.073431388
278	6	8	0.148784041	0.057368882	0.125609562	0.078391559	0.067398600	0.063632511	0.147713035	0.054312259	0.160442874	0.096346676
279	9	8	0.097791120	0.062975407	0.049551293	0.070708282	0.074539341	0.106024228	0.133664086	0.104600005	0.156290501	0.143855780
280	6	7	0.098209597	0.086689621	0.092129774	0.104367860	0.085134655	0.100469582	0.129806817	0.130023986	0.092426136	0.080741957
281	2	2	0.103358373	0.091151066	0.187605619	0.083382636	0.056863740	0.067357890	0.087653950	0.130060732	0.084250674	0.108315416
282	3	0	0.157141447	0.085533485	0.113665886	0.139528319	0.077833854	0.095448241	0.071112774	0.097881973	0.095217623	0.066636421
283	4	4	0.075506158	0.128227398	0.126162469	0.055179339	0.142871231	0.056125429	0.087548509	0.108270779	0.132134840	0.087973803
284	3	3	0.132602856	0.053754456	0.036125008	0.191796258	0.073882334	0.093340322	0.113273472	0.070388779	0.141819879	0.093016580
285	8	6	0.098895065	0.054050237	0.066839442	0.125437587	0.087002672	0.091040261	0.168805584	0.085512944	0.139831856	0.082584329
286	8	8	0.098439142	0.061823919	0.062593438	0.130740702	0.076692231	0.084033474	0.135940909	0.076750174	0.195376039	0.077609986
287	7	7	0.077236511	0.107387103	0.070146367	0.072829366	0.086410910	0.045527302	0.069077112	0.304605186	0.070906691	0.095873453
288	2	2	0.055152871	0.078986019	0.235122621	0.093534544	0.110171400	0.033470493	0.095982358	0.146236330	0.085978366	0.065365098
289	2	2	0.076182671	0.132391453	0.173999622	0.098850384	0.070456319	0.047846302	0.113679633	0.108431369	0.080916412	0.097245753
290	3	3	0.105924919	0.069979370	0.092478447	0.168154985	0.075594306	0.071138293	0.098426498	0.079309955	0.133739948	0.105253391
291	9	9	0.069982670	0.050165515	0.024840381	0.074950725	0.112571284	0.099664055	0.050822824	0.056997161	0.083163105	0.376842260
292	7	7	0.081567205	0.142591253	0.117719710	0.107937261	0.076164626	0.026841318	0.082130402	0.149135351	0.099792883	0.116120040
293	9	9	0.070230477	0.051187754	0.022907818	0.054667141	0.102976806	0.057726335	0.060663108	0.063466847	0.075534724	0.440639019
294	5	5	0.112308867	0.067608275	0.064324372	0.077270597	0.090916820	0.140769526	0.102039553	0.108357586	0.135548681	0.100855738
295	1	1	0.087310567	0.234835684	0.119348504	0.083117902	0.086518310	0.058279835	0.074307919	0.103870392	0.080514006	0.071896859
296	8	8	0.074375227	0.058864720	0.078785181	0.109905489	0.073233940	0.106536150	0.125364512	0.093595892	0.181773454	0.097565465
297	9	9	0.081643283	0.061393861	0.041870203	0.079786107	0.093119033	0.105807036	0.074138246	0.079520419	0.102412894	0.280308902
298	1	1	0.086021647	0.198475346	0.112362146	0.075929247	0.107725307	0.071400411	0.083886795	0.108189531	0.074626446	0.081383049
299	1	1	0.070832871	0.217407376	0.107563987	0.077346079	0.084028237	0.054339573	0.101003468	0.089120187	0.091263257	0.107094981
300	4	4	0.090635240	0.091139466	0.120532937	0.076810479	0.165669188	0.052462984	0.118164949	0.104878277	0.096724659	0.082981750
301	4	4	0.065124646	0.058017690	0.074344084	0.083250396	0.204156712	0.070255466	0.088785008	0.103166416	0.115620084	0.137279600
302	3	3	0.110051326	0.052847546	0.055356137	0.168500617	0.092889838	0.067144476	0.121247135	0.069469452	0.165696144	0.096797273
303	3	3	0.104556836	0.082434312	0.088691227	0.164278015	0.078762807	0.076774850	0.084528498	0.093702711	0.117801391	0.108469315
304	8	8	0.121290095	0.048602268	0.096249640	0.082522601	0.095219709	0.057482727	0.136121467	0.066317543	0.182151884	0.114042006
305	9	9	0.067411646	0.105115958	0.049050033	0.063002028	0.111033216	0.078455761	0.093940780	0.112518787	0.122912444	0.196559384
306	7	7	0.069726132	0.085975319	0.069217287	0.079467781	0.098508082	0.055025794	0.080974892	0.291388899	0.067516848	0.102198981
307	0	0	0.221830994	0.050616726	0.044206705	0.133925006	0.061394457	0.059242815	0.128188133	0.069248632	0.137763396	0.093583219
308	1	1	0.097297050	0.234298497	0.125004038	0.087162264	0.075154960	0.066385508	0.057204459	0.108627103	0.082674451	0.066191584
309	8	8	0.078607410	0.049635552	0.057835821	0.110193655	0.059159104	0.072013326	0.116399087	0.081031553	0.310860753	0.064263687
310	4	4	0.089725234	0.137735456	0.109099619	0.086055025	0.165056691	0.072585300	0.091584407	0.100283355	0.081555121	0.066319823
311	5	5	0.082156472	0.049616259	0.058255490	0.091148973	0.094303690	0.203149095	0.116798244	0.111998506	0.108185694	0.084387541
312	0	0	0.253562480	0.077232108	0.071226723	0.089448228	0.075904414	0.073237143	0.101398960	0.067762159	0.085211329	0.105016492
313	5	5	0.085103273	0.065649837	0.064080752	0.090334021	0.088000864	0.138980389	0.138525456	0.123277903	0.097375199	0.108672328
314	2	2	0.097073779	0.071737871	0.183793604	0.071008533	0.089059554	0.090282582	0.093365088	0.101965807	0.067324586	0.134388655
315	9	0	0.139879838	0.046285488	0.069772623	0.125746682	0.077077799	0.087716922	0.134759605	0.069663085	0.135528818	0.113569155
316	3	3	0.080817111	0.059215333	0.036443736	0.164099216	0.104599759	0.069779158	0.145469576	0.087781921	0.109212682	0.142581478
317	7	7	0.062506787	0.063715182	0.108900532	0.074372686	0.070815407	0.084668837	0.088031426	0.258029848	0.082810313	0.106148966
318	5	6	0.105344817	0.061439808	0.055343501	0.101752877	0.096382491	0.099525705	0.152145818	0.136582047	0.113128297	0.078354657
319	4	1	0.072858401	0.138627663	0.081370212	0.066128366	0.127229810	0.072773434	0.093755901	0.104669377	0.118388146	0.124198683
320	9	9	0.072262637	0.059411984	0.028112981	0.042994272	0.101571552	0.037820403	0.061456453	0.064215891	0.094274655	0.437879175
321	5	9	0.086325020	0.061632052	0.048217013	0.089929588	0.100449927	0.125025272	0.124852702	0.127991855	0.106061704	0.129514903
322	3	0	0.146702901	0.075482048	0.084214643	0.143921226	0.077980846	0.078502223	0.109472170	0.071988419	0.102606066	0.109129533
323	1	1	0.089941464	0.227568105	0.097174086	0.065798260	0.077901259	0.069308206	0.087269701	0.100161374	0.083695441	0.101182148
324	8	8	0.124233142	0.052748654	0.094939858	0.079264969	0.116563879	0.065870173	0.136750400	0.054992069	0.197602496	0.077034399
325	0	0	0.263272107	0.049908143	0.045256820	0.092897154	0.070973665	0.075408854	0.147408605	0.068219855	0.100927494	0.085727371
326	8	8	0.125426218	0.069321588	0.080391861	0.109515190	0.077959210	0.090876967	0.112424076	0.063034981	0.162581876	0.108467929
327	7	7	0.062583238	0.094372928	0.059592966	0.075995214	0.112956733	0.090559676	0.077715553	0.219722167	0.081732877	0.124768674
328	4	4	0.063941196	0.135506526	0.085867532	0.056771867	0.152217522	0.085796811	0.109993733	0.090306811	0.104282014	0.115316018
329	5	5	0.081176206	0.061397303	0.063863240	0.101946615	0.098402061	0.195527345	0.113369972	0.084889494	0.118312836	0.081114970
330	4	4	0.079464741	0.146959797	0.072783075	0.055181202	0.150556684	0.084133960	0.081195414	0.099067584	0.106862575	0.123794951
331	5	6	0.075613044	0.050046496	0.068559475	0.113384843	0.084624037	0.089349873	0.152906865	0.107276760	0.150654465	0.107584096
332	3	9	0.091825254	0.039745886	0.028868601	0.124464050	0.096998140	0.084572859	0.127643079	0.083182544	0.125884354	0.196815223
333	6	6	0.096364766	0.049739480	0.076850995	0.066364959	0.077464275	0.113740541	0.249171451	0.078197159	0.088665426	0.103441007
334	0	0	0.236105517	0.044870526	0.042310894	0.079456031	0.079441935	0.078427590	0.134883359	0.098038293	0.103176177	0.103289731
335	2	2	0.078466006	0.105088376	0.160308227	0.101569861	0.073673636	0.073550791	0.110201754	0.088578805	0.081401974	0.127160504
336	6	6	0.113800675	0.037966330	0.065347053	0.118309356	0.095269866	0.043979213	0.198386982	0.082382321	0.163537204	0.081020929
337	4	4	0.070007466	0.066868261	0.104309797	0.092475921	0.189296797	0.052846074	0.106233470	0.097983658	0.115541033	0.104437500
338	4	4	0.062514365	0.055201866	0.064299710	0.074685305	0.224115923	0.060780909	0.068554722	0.112874001	0.110559136	0.166413993
339	9	9	0.074645251	0.087764315	0.054171823	0.053074636	0.098694615	0.105141729	0.092039078	0.111665718	0.096398622	0.226404205
340	2	2	0.058719479	0.084452391	0.186679214	0.118433632	0.081984535	0.039523154	0.116762534	0.124367036	0.112719730	0.076358385
341	5	5	0.092880435	0.080814347	0.057518762	0.072309889	0.106253721	0.148244962	0.125345841	0.102762237	0.109025255	0.104844607
342	0	0	0.171793178	0.071149193	0.087974355	0.081012689	0.094275177	0.086770833	0.123449683	0.070890367	0.111091323	0.101593219
343	8	8	0.101959102	0.038557280	0.086791202	0.109398782	0.088572994	0.041009903	0.154765904	0.078868657	0.211127937	0.088948205
344	6	6	0.129495174	0.053120717	0.042493597	0.090159923	0.083597258	0.122421756	0.197371334	0.070459649	0.119566880	0.091313668
345	4	4	0.067989275	0.090261422	0.129948646	0.067653544	0.183369517	0.056405563	0.108807586	0.100776628	0.086785719	0.108002029
346	8	8	0.109365731	0.040909890	0.064026430	0.100348763	0.084250912	0.075499102	0.125826895	0.060717907	0.246776685	0.092277683
347	7	7	0.066226237	0.083342835	0.063479938	0.071980216	0.102209665	0.062566176	0.080526195	0.278509974	0.072788507	0.118370235
348	6	8	0.165966451	0.030238809	0.039110027	0.069561206	0.074220672	0.061819386	0.218262255	0.044082224	0.218487725	0.078251258
349	2	2	0.088868439	0.070134036	0.244425938	0.066129737	0.066979751	0.070038594	0.126917049	0.130204171	0.069061905	0.067240410
350	9	9	0.105823874	0.058806792	0.050245568	0.106457122	0.084511518	0.107584484	0.093439817	0.066137865	0.140755892	0.186237097
351	1	1	0.063376099	0.256821603	0.101908594	0.055999115	0.090659261	0.054325428	0.077230118	0.092620835	0.086574890	0.120484114
352	3	3	0.087952904	0.090957373	0.074551769	0.183667496	0.084423333	0.069250554	0.100172661	0.100063659	0.125521943	0.083438314
353	1	2	0.092579916	0.138563648	0.140815973	0.102780715	0.065356255	0.047654212	0.096904978	0.116835348	0.097638875	0.100870036
354	1	1	0.075814635	0.155808821	0.115084074	0.114486061	0.085716508	0.075838119	0.082904741	0.110282890	0.096632779	0.087431416
355	8	8	0.094080582	0.049877122	0.050251056	0.139740199	0.053759508	0.067275167	0.154149577	0.087114185	0.213857666	0.089894935
356	3	3	0.091439404	0.090899326	0.123373367	0.160794720	0.075447693	0.086365186	0.119943760	0.090201505	0.097380877	0.064154163
357	2	2	0.066633828	0.085431479	0.199318513	0.094835572	0.118778624	0.062189456	0.064384289	0.130191028	0.111786783	0.066450469
358	1	1	0.058169872	0.321152180	0.088577144	0.075735770	0.103927180	0.043404177	0.067460038	0.107980564	0.067797929	0.065795146
359	1	1	0.084164113	0.163078219	0.131336242	0.117676958	0.068349034	0.074469700	0.097169891	0.089594372	0.079030052	0.095131360
360	9	9	0.070081286	0.126730070	0.058284964	0.065351695	0.092427842	0.068849817	0.074936196	0.123255327	0.127072483	0.193010300
361	3	3	0.111330122	0.063597925	0.094023526	0.177602917	0.101810172	0.066545196	0.078602426	0.082254872	0.114690885	0.109541908
362	0	0	0.201554745	0.050407320	0.067433111	0.098067865	0.065278873	0.082993329	0.109846957	0.087902158	0.130851105	0.105664469
363	5	6	0.104551367	0.039427131	0.047582097	0.089213267	0.066176437	0.143539935	0.227511570	0.105421811	0.102989681	0.073586822
364	0	0	0.176531747	0.047847237	0.081367426	0.099770606	0.084018499	0.069407932	0.155942813	0.081696302	0.115498431	0.087918937
365	8	8	0.118354902	0.092903197	0.072109245	0.074186243	0.089080192	0.094814003	0.112833284	0.050987769	0.151318341	0.143412799
366	9	9	0.051343516	0.061834414	0.032982655	0.060143024	0.116583973	0.083783522	0.056735914	0.091417670	0.083463013	0.361712337
367	4	9	0.067618065	0.042906687	0.047024686	0.086417563	0.186888188	0.084136739	0.076001897	0.093975082	0.107662261	0.207368821
368	1	1	0.089788139	0.167214826	0.104307629	0.130126446	0.095439523	0.059861872	0.074388817	0.109038010	0.085519180	0.084315516
369	8	8	0.114207484	0.076575093	0.098897107	0.111371972	0.079972580	0.070434332	0.075629868	0.121076517	0.150374115	0.101460934
370	3	0	0.154745325	0.103796862	0.082875982	0.148551658	0.069196709	0.088083677	0.090341806	0.096782140	0.095156573	0.070469193
371	8	8	0.103722937	0.054054767	0.045465887	0.104415916	0.086968727	0.083616361	0.139645100	0.079161748	0.171584681	0.131363928
372	9	9	0.118548244	0.076229282	0.067635946	0.119967915	0.075310878	0.063381858	0.082693227	0.048643749	0.078727610	0.268861294
373	2	2	0.079376392	0.142950550	0.189229205	0.070998177	0.076786391	0.068142749	0.086196996	0.115775600	0.086705752	0.083838262
374	5	6	0.108368345	0.043457258	0.052806776	0.078362510	0.075867720	0.142009333	0.250855535	0.076816618	0.099980049	0.071475834
375	4	4	0.059431564	0.089803651	0.120531440	0.085449651	0.175806716	0.055085029	0.114575759	0.110090189	0.101008512	0.088217452
376	5	5	0.090185240	0.047281004	0.061496258	0.101720922	0.066964291	0.210145667	0.138386771	0.099241801	0.086182475	0.098395705
377	6	0	0.163106039	0.046473317	0.070746459	0.079172105	0.092050649	0.054967921	0.144440725	0.076957583	0.159380004	0.112705171
378	9	9	0.080005072	0.043978371	0.025991391	0.073147863	0.116124347	0.084538519	0.046670910	0.049086139	0.078695886	0.401761532
379	7	9	0.067792371	0.126698330	0.053104963	0.061892614	0.145741507	0.069577418	0.056536693	0.130940899	0.087002851	0.200712368
380	5	6	0.097714908	0.039834138	0.030428324	0.089309394	0.098046489	0.147423699	0.167634323	0.062780447	0.165567487	0.101260848
381	3	3	0.117680304	0.074844718	0.066962242	0.161852717	0.057615805	0.105934776	0.097100258	0.091596156	0.110005923	0.116407134
382	9	9	0.064888850	0.061856907	0.030451436	0.052439343	0.112190545	0.077070966	0.092410937	0.070335984	0.079022937	0.359332114
383	6	6	0.111197039	0.051882129	0.065602191	0.103756294	0.077869557	0.102296308	0.207435936	0.080452032	0.133152381	0.066356152
384	7	7	0.064812012	0.088779874	0.149073273	0.068071507	0.072904810	0.044051524	0.068840541	0.219974130	0.094301157	0.129191115
385	9	9	0.112343229	0.083147876	0.065860808	0.140503019	0.080831930	0.073042251	0.101766966	0.056472376	0.120362461	0.165669084
386	6	6	0.124437943	0.057838488	0.046009284	0.075477079	0.071808189	0.091727540	0.230962709	0.066427298	0.149377689	0.085933827
387	7	7	0.047125842	0.078378245	0.113288224	0.054140672	0.068302192	0.071986191	0.085980847	0.327881724	0.062498018	0.090418033
388	6	6	0.155024052	0.058136906	0.061310779	0.100999236	0.069161929	0.094769292	0.186673000	0.064739354	0.122998193	0.086187296
389	5	8	0.074811243	0.066109881	0.054238405	0.122807279	0.075040743	0.079582170	0.136986867	0.108099096	0.156369939	0.125954375
390	0	7	0.109668434	0.102140389	0.087045766	0.101296522	0.079032183	0.098561160	0.107059479	0.112993516	0.101780050	0.100422427
391	5	7	0.093297094	0.093762077	0.064925484	0.092949212	0.100174628	0.134871736	0.101955183	0.138721973	0.104052626	0.075290009
392	2	2	0.078692257	0.089322418	0.158339217	0.091834880	0.074406445	0.094653450	0.120847248	0.095604293	0.073138431	0.123161413
393	5	5	0.097027376	0.060286034	0.088010766	0.105599478	0.064190678	0.184299186	0.102876827	0.082588762	0.091357812	0.123763077
394	1	1	0.052296605	0.283718884	0.162743449	0.076735638	0.074243434	0.042351268	0.086797848	0.097546823	0.055689871	0.067876078
395	3	3	0.091485702	0.078767583	0.051733285	0.182131335	0.067248926	0.080113888	0.086341918	0.082718566	0.114779763	0.164679050
396	4	4	0.056714080	0.080068007	0.111448370	0.080931544	0.201896653	0.040983237	0.077954359	0.118128270	0.140975595	0.090899885
397	3	5	0.081086874	0.080588356	0.059543476	0.120335713	0.094671734	0.129402459	0.103149354	0.122627228	0.091727398	0.116867311
398	9	6	0.094722092	0.085161142	0.119890667	0.105160557	0.080325924	0.108790979	0.125259742	0.092596963	0.087453276	0.100638650
399	7	7	0.101194426	0.110949539	0.102122232	0.071958758	0.117911562	0.044715799	0.080106921	0.185915902	0.103147469	0.081977427
400	3	3	0.104807660	0.066564359	0.041200910	0.150576994	0.087409422	0.106061712	0.106017530	0.080999024	0.135314941	0.121047422
401	9	9	0.083993748	0.054770954	0.037758209	0.084003314	0.110382557	0.072874039	0.060038410	0.043654688	0.071625441	0.380898625
402	3	3	0.119879127	0.087169386	0.095208518	0.194896311	0.081619345	0.096604154	0.080435574	0.084690437	0.091308624	0.068188600
403	9	9	0.089055978	0.069493107	0.049814843	0.061989330	0.114692211	0.061671987	0.052620567	0.084688090	0.093646839	0.322327077
404	7	7	0.070322230	0.102662779	0.070411555	0.087940790	0.109276563	0.048653748	0.077034786	0.201723576	0.099839948	0.132133946
405	9	9	0.135171413	0.051407132	0.050563585	0.122284010	0.085106216	0.090678774	0.095839463	0.063877501	0.146283805	0.158788159
406	9	9	0.064265169	0.069571719	0.039170887	0.053185225	0.120318703	0.047864206	0.053934142	0.105497807	0.113029875	0.333162308
407	5	6	0.124835573	0.071561158	0.049228035	0.069621086	0.090263233	0.133901760	0.154811308	0.088750109	0.115957983	0.101069756
408	7	7	0.084763221	0.136699468	0.101539828	0.096102476	0.071356140	0.028158214	0.082602940	0.174054965	0.105211526	0.119511276
409	2	2	0.090680562	0.097340763	0.224411935	0.071238361	0.081945755	0.082325265	0.086777687	0.121380031	0.072499342	0.071400329
410	9	9	0.081518956	0.071748912	0.079313517	0.099631093	0.088026360	0.106782228	0.119150825	0.114193536	0.079861976	0.159772664
411	7	7	0.089548066	0.111706823	0.093979023	0.096182898	0.089220248	0.042255919	0.093531974	0.227239013	0.069607452	0.086728536
412	7	7	0.058049485	0.072102092	0.102309979	0.071592316	0.077153206	0.064513139	0.064560644	0.292883873	0.082473293	0.114361949
413	7	7	0.082013912	0.086785018	0.109160319	0.073957644	0.071677938	0.050076097	0.076200351	0.299851298	0.070715509	0.079561934
414	6	6	0.115030892	0.058269139	0.050742045	0.089002788	0.108156554	0.082520090	0.212230146	0.104411654	0.103463769	0.076172933
415	0	0	0.194548547	0.040247999	0.059969250	0.088569827	0.072600096	0.077367596	0.180058420	0.078656018	0.121031202	0.086951084
416	1	1	0.071330890	0.164904028	0.098165385	0.086996131	0.114617385	0.055656511	0.087806553	0.106535695	0.110839315	0.103148155
417	3	3	0.116754942	0.083712555	0.074593119	0.135765865	0.093467824	0.102739260	0.104192033	0.080944888	0.111428432	0.096401118
418	0	0	0.126574442	0.084414825	0.081818260	0.125877410	0.096551858	0.099200010	0.095054142	0.082537904	0.086231314	0.121739902
419	8	6	0.106363498	0.060710188	0.043362942	0.114157252	0.092733406	0.086303614	0.159412265	0.080655456	0.138870090	0.117431238
420	2	2	0.092241265	0.080210701	0.228667632	0.096201204	0.066320613	0.057964139	0.078112505	0.124396220	0.093955658	0.081929967
421	8	8	0.103314586	0.066184096	0.096217014	0.101015911	0.088576034	0.070500225	0.102976471	0.075236864	0.207428545	0.088550277
422	7	7	0.103786334	0.079665571	0.102237269	0.064074285	0.097609997	0.035535932	0.083842784	0.283928454	0.088958777	0.060360532
423	7	7	0.045948043	0.075201362	0.056454487	0.068663284	0.102320962	0.059883568	0.058319643	0.340314150	0.067337617	0.125556856
424	9	9	0.064946689	0.047576256	0.044663534	0.045882888	0.092265159	0.092436604	0.091748558	0.079502158	0.076080643	0.364897490
425	6	6	0.104878277	0.050183441	0.061089177	0.099679530	0.075746715	0.073280789	0.194061756	0.080750674	0.157660946	0.102668725
426	7	7	0.074704029	0.072861128	0.086068653	0.052917983	0.085611649	0.041088924	0.061504625	0.363226801	0.075466387	0.086549833
427	5	5	0.120209560	0.075615846	0.053609908	0.067655139	0.104711160	0.164937496	0.127210781	0.086176910	0.091548420	0.108324759
428	4	4	0.080190517	0.080890663	0.093352735	0.080527849	0.205094963	0.062692292	0.076294363	0.106594868	0.109628819	0.104732975
429	8	8	0.114279866	0.045897145	0.066658922	0.114798948	0.090105139	0.058314826	0.157380119	0.081144527	0.205861539	0.065559097
430	8	8	0.117839806	0.045058977	0.064037092	0.115121372	0.093771338	0.071561471	0.132254928	0.067120053	0.211563185	0.081671841
431	9	9	0.060491916	0.093667172	0.038345940	0.033680759	0.106018305	0.080815390	0.069490530	0.110052846	0.087527804	0.319909334
432	4	4	0.078533404	0.106426418	0.068279155	0.062377814	0.151454508	0.096951269	0.104276739	0.097606152	0.090401672	0.143692806
433	6	6	0.115895540	0.036073543	0.054335069	0.109869339	0.072053187	0.036267407	0.224552006	0.076995030	0.180302218	0.093656622
434	8	8	0.094634995	0.046697751	0.059426341	0.117802233	0.063017629	0.069951020	0.153662622	0.075387463	0.250024796	0.069395125
435	8	8	0.106276184	0.040989347	0.051702175	0.084924944	0.093843549	0.053684544	0.173272207	0.089988060	0.209627807	0.095691234
436	9	9	0.098256879	0.094087385	0.098026320	0.089600854	0.075725585	0.109554052	0.090823449	0.061429143	0.113264263	0.169232070
437	2	2	0.095113367	0.115801670	0.146937996	0.066440061	0.105170831	0.075687550	0.095543332	0.135830298	0.084589586	0.078885287
438	7	7	0.092243411	0.134155408	0.082134441	0.053178813	0.075519718	0.081021413	0.073170602	0.217519298	0.104501918	0.086555026
439	6	6	0.112044163	0.054069441	0.055759158	0.086498521	0.117571987	0.075927705	0.215545207	0.095803708	0.115849271	0.070930831
440	4	4	0.075495720	0.070356101	0.063433297	0.087475099	0.151170403	0.094296195	0.125725582	0.098641776	0.082964905	0.150440827
441	1	1	0.085369885	0.235394955	0.066538543	0.058292750	0.079578504	0.072518803	0.084160529	0.095393181	0.108879395	0.113873459
442	0	0	0.169802010	0.052934151	0.039334498	0.076035403	0.086445078	0.082263477	0.147075742	0.090972647	0.117370948	0.137766123
443	7	7	0.061372183	0.164862648	0.117612384	0.097388111	0.078492828	0.045476019	0.095557399	0.186409086	0.069101274	0.083728097
444	9	9	0.083788350	0.045174483	0.020389181	0.060652345	0.100179873	0.089335918	0.071375385	0.059388012	0.099955015	0.369761527
445	0	0	0.225230590	0.052716665	0.043351073	0.062102579	0.074248277	0.078464031	0.188706234	0.088265859	0.101989649	0.084924974
446	6	6	0.164869159	0.046967812	0.044501685	0.076391816	0.082098611	0.094346307	0.213222653	0.061747581	0.128512874	0.087341480
447	8	8	0.099242233	0.030187298	0.063347995	0.082478426	0.113511384	0.054399855	0.143099204	0.063084006	0.273965240	0.076684415
448	0	0	0.184505165	0.049611155	0.062716573	0.072273411	0.081306301	0.071493678	0.167633876	0.083582029	0.140251234	0.086626634
449	5	5	0.095360927	0.059183680	0.090391308	0.102578148	0.079051308	0.169562727	0.128348768	0.098307982	0.089284346	0.087930851
450	2	2	0.082785003	0.057913329	0.251490116	0.067005821	0.051194269	0.062894404	0.130216077	0.137742251	0.059097547	0.099661112
451	4	4	0.064765386	0.152234152	0.124322355	0.082582541	0.169110417	0.055246193	0.075471550	0.113814816	0.088904887	0.073547699
452	2	2	0.100880481	0.066491149	0.163659334	0.064936809	0.074237898	0.117365614	0.131272405	0.101942994	0.077776402	0.101436861
453	9	9	0.063712820	0.076449417	0.042036347	0.082222059	0.118087485	0.075592816	0.065937765	0.087775998	0.077332579	0.310852677
454	1	1	0.082800634	0.172306105	0.108217672	0.080664381	0.088658996	0.073848307	0.076689899	0.126775771	0.092118539	0.097919777
455	1	1	0.068040982	0.183193222	0.168712065	0.110955022	0.072144210	0.057716083	0.082396030	0.103818364	0.060104810	0.092919260
456	3	3	0.120170072	0.079363011	0.099732086	0.133742645	0.069703318	0.094014838	0.096281171	0.076629095	0.114618726	0.115745097
457	8	8	0.088638626	0.048515722	0.063988276	0.089358732	0.129543081	0.054621756	0.151056796	0.092940427	0.219286621	0.062050007
458	9	9	0.058660179	0.038750526	0.036074534	0.043374024	0.073521949	0.104024403	0.102906443	0.080180652	0.060780469	0.401726812
459	8	8	0.095088154	0.035911661	0.062910870	0.108576074	0.090028249	0.043702118	0.178506970	0.069333620	0.225274667	0.090667598
460	5	5	0.078200690	0.072603822	0.049685214	0.099583998	0.107341111	0.148182079	0.104174979	0.131953314	0.093134746	0.115140021
461	0	0	0.122245520	0.079384193	0.102671854	0.111708522	0.107936047	0.070537381	0.096435823	0.093307614	0.115332030	0.100441068
462	8	8	0.112741597	0.031043014	0.051090118	0.112948537	0.075169548	0.057253104	0.145037249	0.065383151	0.266812444	0.082521245
463	6	8	0.125153899	0.056059893	0.048339602	0.095750540	0.081385061	0.058309309	0.171234846	0.080575854	0.199497491	0.083693504
464	4	4	0.057853315	0.061153535	0.085764825	0.081936873	0.231970116	0.057160739	0.096116103	0.113037422	0.099933334	0.115073815
465	5	5	0.103021391	0.053605661	0.059909724	0.089743607	0.097917467	0.163092837	0.152380407	0.093857504	0.109283283	0.077188067
466	0	0	0.226513430	0.037630998	0.052654665	0.073849946	0.076680169	0.066340387	0.162452683	0.089369394	0.110813193	0.103695095
467	0	0	0.176307768	0.049993116	0.034867324	0.092990182	0.105580598	0.092952184	0.136057377	0.088593699	0.102702953	0.119954795
468	7	7	0.079206899	0.113140635	0.102328099	0.113696888	0.098019727	0.052731995	0.077428222	0.158668905	0.122090027	0.082688637
469	7	7	0.065954342	0.064176276	0.089916244	0.075142220	0.061284356	0.059245050	0.075398356	0.344511837	0.062070053	0.102301292
470	3	7	0.125136539	0.083182901	0.069119848	0.113336518	0.077310413	0.121526010	0.107403494	0.137894183	0.094126329	0.070963748
471	5	6	0.113432169	0.046115525	0.039075330	0.099925086	0.081793383	0.126007378	0.208444446	0.102813520	0.117452897	0.064940251
472	1	1	0.068991020	0.234761328	0.102144420	0.064038076	0.087707482	0.059039615	0.090484269	0.090781011	0.086300783	0.115752056
473	0	8	0.176940963	0.053372383	0.057379831	0.124339648	0.062332373	0.061664946	0.121899739	0.084546462	0.178536698	0.078986995
474	8	8	0.114868440	0.051733062	0.073001027	0.084580459	0.068434760	0.084356777	0.121241286	0.087409034	0.255546033	0.058829114
475	8	8	0.103655592	0.042277303	0.051452275	0.129466057	0.095669575	0.084083892	0.112860359	0.062952355	0.204814062	0.112768449
476	5	6	0.109699443	0.057417408	0.065662920	0.096793644	0.076283343	0.130392015	0.185294971	0.090061277	0.099643312	0.088751607
477	0	0	0.171342075	0.066954158	0.069715619	0.115111075	0.084496617	0.072895736	0.117875852	0.061233677	0.132491812	0.107883416
478	9	9	0.089626245	0.038325749	0.023215042	0.068142064	0.120820932	0.097690046	0.082162254	0.068638913	0.102658696	0.308720022
479	3	8	0.117596187	0.089804389	0.101031326	0.124282174	0.086404875	0.094474144	0.084370591	0.082501426	0.126548171	0.092986710
480	1	1	0.103327289	0.168024376	0.140927255	0.096951328	0.069121428	0.058815159	0.080455281	0.109936297	0.081843562	0.090597980
481	9	9	0.065638512	0.060571153	0.026939312	0.044595301	0.109901875	0.075787552	0.058903348	0.084095106	0.087586388	0.385981411
482	4	4	0.071365662	0.080263376	0.082169294	0.079460032	0.219176531	0.083621979	0.092796385	0.102683552	0.085878745	0.102584444
483	9	8	0.141908079	0.040515251	0.066056684	0.088375613	0.088970482	0.078396805	0.134155318	0.099462628	0.169932321	0.092226841
484	9	9	0.153371081	0.077597931	0.088947304	0.118381813	0.092825048	0.066661134	0.097006448	0.048865139	0.096826226	0.159517854
485	5	5	0.093606278	0.065485537	0.082831107	0.132171646	0.063615702	0.146903545	0.116234750	0.072500207	0.100660279	0.125990972
486	6	8	0.122239187	0.043491870	0.042627234	0.095361054	0.073911242	0.044042014	0.156638369	0.069209814	0.243285909	0.109193258
487	4	4	0.076201595	0.077178799	0.076832272	0.083115429	0.190959185	0.063071623	0.097648330	0.099723622	0.112505540	0.122763678
488	5	5	0.129018992	0.075714096	0.061191931	0.064281128	0.099032409	0.151130721	0.149364561	0.100709416	0.086501144	0.083055601
489	4	4	0.076677777	0.111341573	0.108736828	0.092436537	0.162288740	0.058102194	0.077280082	0.115743361	0.112438731	0.084954210
490	9	6	0.099907003	0.063152328	0.089103036	0.094575092	0.095356010	0.090517633	0.142817393	0.101795703	0.081976272	0.140799463
491	4	9	0.066152759	0.059112903	0.044335991	0.079553902	0.142340809	0.112156875	0.073185921	0.108448379	0.085236110	0.229476377
492	1	1	0.091391250	0.252575994	0.073569968	0.044383850	0.083859466	0.063851535	0.086663619	0.096919917	0.100057781	0.106726684
493	4	4	0.055718370	0.035848331	0.041193858	0.069336176	0.240483031	0.065665871	0.081592165	0.086162880	0.086282901	0.237716407
494	8	8	0.095748283	0.047516592	0.063668504	0.126893565	0.064981967	0.094593555	0.122573286	0.075642101	0.241018400	0.067363687
495	0	0	0.191484153	0.042289656	0.055939294	0.079178460	0.078698710	0.074130349	0.188074827	0.076067463	0.136268720	0.077868283
496	0	0	0.248037845	0.062623166	0.074565560	0.105925821	0.087897502	0.063306347	0.124726400	0.056180932	0.099268898	0.077467524
497	3	3	0.082632281	0.074208610	0.098896526	0.184304178	0.085496791	0.085471474	0.081990361	0.091860458	0.097956829	0.117182441
498	6	6	0.129090995	0.071564883	0.087338522	0.075242482	0.086482123	0.091879465	0.232258201	0.070239030	0.085464679	0.070439570
499	4	4	0.073634699	0.138032570	0.069887899	0.050003197	0.160715789	0.093993895	0.127201006	0.089244731	0.086573981	0.110712171
500	8	8	0.128780633	0.052992433	0.055213735	0.105104990	0.060398906	0.043921582	0.113757275	0.058814645	0.253682107	0.127333701
501	7	7	0.077269040	0.110045768	0.101270549	0.109025940	0.067788951	0.052268688	0.090217307	0.262055546	0.065557919	0.064500280
502	4	4	0.073919125	0.074872345	0.078682512	0.085613906	0.167404100	0.061268102	0.083640657	0.130296618	0.107074998	0.137227610
503	9	9	0.058774810	0.070637487	0.044227291	0.045270048	0.072099909	0.102150902	0.095817052	0.094455458	0.090743676	0.325823367
504	9	9	0.096899495	0.076550677	0.049815718	0.078601539	0.084293231	0.091187604	0.067447387	0.049288742	0.118844047	0.287071586
505	5	5	0.091710523	0.048666943	0.061187778	0.102140717	0.075308345	0.196458757	0.142248094	0.105901346	0.087896504	0.088481031
506	1	1	0.082129374	0.210508212	0.120283760	0.076088645	0.083206862	0.078402415	0.078115001	0.098728187	0.073780052	0.098757520
507	9	9	0.075128786	0.061036956	0.020610338	0.067437924	0.092341602	0.096701384	0.054810658	0.062309600	0.103082530	0.366540223
508	3	3	0.092376836	0.076136827	0.085911080	0.176443085	0.075628676	0.066786475	0.082706504	0.091456398	0.129167572	0.123386458
509	3	0	0.142791510	0.092904411	0.082214288	0.136177063	0.062745884	0.099669389	0.092722282	0.097636618	0.107538715	0.085599773
510	0	0	0.237259164	0.049052283	0.055927370	0.100413874	0.066584013	0.070934802	0.114554994	0.083903015	0.144360915	0.077009603
511	6	6	0.120677277	0.045847315	0.062258080	0.089395292	0.083631672	0.103032514	0.203480810	0.086311810	0.134459257	0.070905954
512	2	2	0.070361704	0.071090259	0.188721791	0.082527168	0.122696020	0.061105505	0.097344197	0.110496767	0.132081389	0.063575193
513	5	5	0.083765656	0.103316449	0.087630957	0.079917222	0.079574324	0.150459468	0.088131651	0.091430955	0.094296053	0.141477272
514	5	6	0.116167516	0.071466587	0.063066870	0.091231488	0.083436497	0.127141163	0.143858090	0.113301270	0.093937427	0.096393049
515	6	6	0.157801256	0.045962650	0.055371918	0.096721821	0.085010305	0.107925512	0.168023691	0.063280560	0.117618911	0.102283314
516	2	2	0.079411581	0.119920149	0.145062163	0.113614202	0.096215747	0.059379935	0.093502037	0.123156369	0.086903900	0.082833879
517	6	8	0.124884844	0.056535847	0.087410085	0.074261725	0.084008627	0.061814815	0.136384323	0.074476913	0.198109895	0.102112927
518	7	7	0.090760663	0.149350315	0.094696790	0.091301136	0.087526970	0.034160335	0.081039608	0.191086084	0.088537298	0.091540858
519	8	8	0.101338729	0.043329276	0.055874914	0.124890707	0.073232353	0.079342343	0.159911692	0.076204762	0.215346172	0.070528984
520	8	8	0.099205121	0.042237893	0.058370154	0.140518844	0.104270257	0.050376527	0.122951530	0.065333150	0.255047113	0.061689466
521	9	9	0.128303602	0.044461533	0.053997431	0.110289298	0.103424273	0.083864130	0.106496498	0.071181633	0.120321698	0.177659914
522	1	1	0.050495621	0.184751198	0.066455744	0.092335209	0.113261648	0.074404642	0.061507996	0.117112212	0.084822528	0.154853240
523	6	6	0.121737443	0.060956735	0.101158790	0.082087427	0.091279916	0.088632107	0.228450865	0.086775146	0.064046025	0.074875548
524	4	4	0.061304707	0.040768903	0.044565875	0.062617354	0.330223739	0.056595370	0.060252335	0.083793335	0.074650824	0.185227618
525	3	3	0.138496518	0.076382667	0.041537605	0.147502884	0.069728196	0.084090933	0.115509056	0.079897568	0.111153759	0.135700822
526	0	0	0.215548038	0.054821197	0.055319067	0.105015181	0.083438098	0.052722126	0.164947107	0.068105511	0.132794365	0.067289330
527	8	8	0.114723131	0.051904332	0.061815519	0.145377710	0.080919884	0.081237778	0.123223685	0.068052918	0.180591866	0.092153199
528	9	9	0.056051701	0.076936826	0.052020084	0.052022893	0.097510502	0.075747348	0.074496880	0.137045532	0.117359348	0.260808855
529	4	9	0.079800263	0.086096823	0.055391490	0.064674675	0.158968702	0.058576450	0.085399263	0.109373778	0.127408847	0.174309775
530	8	8	0.091798946	0.042511430	0.054740816	0.103665195	0.077963740	0.079291679	0.162268147	0.077215225	0.235651284	0.074893542
531	0	0	0.230945483	0.050256934	0.063756585	0.095829859	0.061133102	0.063194454	0.153277233	0.076916285	0.113802128	0.090888016
532	1	1	0.080914706	0.235895768	0.078228571	0.082161941	0.098708235	0.057448722	0.080168225	0.104969673	0.084925659	0.096578509
533	0	0	0.271653950	0.065976873	0.071968399	0.085609518	0.096631430	0.058517311	0.114533603	0.059350807	0.097826637	0.077931494
534	8	8	0.092165008	0.071674474	0.079508141	0.133951321	0.084465131	0.066810362	0.123994082	0.096201226	0.158876687	0.092353560
535	9	9	0.057133660	0.083927266	0.034440044	0.039798710	0.106516264	0.068673089	0.062535368	0.114596568	0.103430785	0.328948289
536	6	6	0.175269544	0.046048924	0.050565407	0.084978476	0.089658767	0.088224225	0.199899018	0.063647591	0.121543869	0.080164179
537	9	9	0.062881835	0.044527300	0.025177961	0.048356380	0.108142719	0.075219721	0.067718722	0.063374326	0.085767478	0.418833554
538	7	7	0.066301852	0.068288632	0.086587749	0.080235466	0.102125973	0.079504997	0.081093729	0.214348018	0.076688953	0.144824579
539	5	7	0.077193297	0.088195443	0.074974492	0.099053636	0.093597956	0.118092351	0.106377661	0.125545830	0.102002986	0.114966244
540	0	0	0.276965767	0.046652783	0.049566042	0.072643131	0.070373312	0.078387231	0.139265105	0.054778468	0.125814483	0.085553624
541	1	1	0.065237418	0.265155315	0.065575108	0.049315121	0.103684992	0.065841980	0.089469463	0.105691664	0.086693436	0.103335500
542	3	3	0.087910891	0.048857365	0.090748183	0.173173770	0.076087914	0.063073054	0.145446569	0.064897083	0.150842845	0.098962463
543	8	8	0.112765856	0.042081885	0.055619974	0.081362627	0.079448402	0.063463248	0.172274366	0.078379869	0.209386334	0.105217472
544	5	6	0.091722399	0.064288519	0.088420212	0.090969630	0.093946874	0.138710052	0.152421415	0.082746625	0.105117962	0.091656357
545	4	4	0.060033679	0.045428939	0.068112992	0.075684354	0.261688709	0.058007348	0.086916946	0.096842542	0.103331149	0.143953308
546	9	9	0.112378605	0.047728825	0.042890813	0.110718787	0.077969305	0.114870578	0.089171946	0.068090469	0.125121906	0.211058795
547	5	5	0.082017310	0.047683954	0.045350108	0.102160938	0.090324409	0.145801231	0.142435402	0.117840737	0.126788765	0.099597134
548	3	3	0.147855565	0.072147779	0.070744433	0.150928259	0.059693001	0.112940371	0.081161126	0.115223296	0.101522841	0.087783314
549	1	1	0.080033615	0.201371953	0.084707744	0.061648365	0.109594278	0.047470726	0.090244032	0.142495468	0.086107403	0.096326426
550	5	5	0.081247143	0.083602831	0.058920458	0.073104277	0.131780133	0.152345911	0.100629330	0.123093642	0.088618740	0.106657580
551	1	1	0.079215676	0.184304982	0.134959191	0.122113504	0.086256497	0.059758987	0.087990746	0.101871639	0.069589198	0.073939651
552	1	1	0.066631123	0.209718227	0.154794008	0.078591742	0.081545740	0.059330385	0.106621534	0.102964111	0.062780581	0.077022597
553	8	8	0.117656253	0.051527977	0.087331846	0.115056448	0.095668040	0.079270050	0.136487946	0.060208749	0.166398302	0.090394393
554	7	7	0.075950570	0.098157197	0.091952309	0.052361213	0.118935712	0.037146684	0.074443199	0.234502852	0.131916463	0.084633820
555	4	4	0.075054787	0.072347045	0.101994060	0.089536116	0.260477990	0.050065894	0.059601828	0.096303187	0.113673612	0.080945462
556	5	6	0.081779718	0.053267311	0.059391472	0.103215910	0.086121023	0.115466788	0.158555970	0.106118187	0.137660831	0.098422803
557	1	1	0.073152184	0.206911460	0.103518240	0.094901167	0.107380480	0.036510076	0.086674929	0.146145910	0.075538866	0.069266804
558	8	8	0.119819745	0.020869786	0.038757984	0.104327843	0.070904471	0.054694217	0.161270961	0.044381887	0.314837664	0.070135511
559	0	0	0.180033088	0.048930485	0.047971398	0.073468611	0.068894491	0.097734831	0.173109442	0.078975312	0.123169273	0.107713051
560	1	1	0.071105354	0.237154767	0.134216145	0.102091432	0.082116641	0.049537841	0.084228076	0.087685950	0.061433777	0.090429977
561	4	9	0.056792602	0.052353762	0.040374435	0.073412992	0.223577634	0.069295540	0.066080652	0.097622968	0.089514650	0.230974808
562	4	9	0.055622604	0.056043081	0.062461235	0.085524283	0.142275363	0.077927679	0.163333252	0.102601312	0.064764954	0.189446241
563	5	6	0.090676479	0.033232547	0.063232683	0.066540658	0.073543586	0.180296287	0.234258190	0.072331272	0.092094302	0.093794063
564	1	1	0.092506364	0.238783151	0.117077410	0.096565746	0.076355733	0.055195656	0.064726129	0.101022735	0.081607461	0.076159634
565	9	9	0.075723499	0.051533282	0.057193663	0.076523907	0.090523064	0.115834668	0.104518220	0.114185497	0.072363749	0.241600499
566	1	1	0.063718155	0.258167922	0.069921441	0.052836463	0.076420300	0.069223627	0.072396152	0.118004240	0.108876772	0.110434942
567	1	1	0.059553258	0.227808803	0.106204882	0.086115584	0.086404823	0.073709503	0.069135465	0.120439142	0.085656375	0.084972180
568	3	7	0.107416660	0.047532059	0.045429122	0.120599426	0.081700236	0.123851322	0.106187075	0.161718473	0.131942332	0.073623292
569	1	1	0.070311405	0.273630649	0.117698476	0.090171784	0.087858446	0.046825156	0.057528898	0.102653481	0.088087127	0.065234520
570	2	2	0.077581123	0.076173119	0.195002720	0.075026885	0.084844641	0.061819673	0.077279173	0.169628978	0.090975098	0.091668576
571	9	9	0.095193267	0.047397148	0.022494655	0.065468408	0.138063401	0.094218910	0.064267442	0.057978354	0.083957091	0.330961317
572	1	1	0.079541720	0.193203732	0.122607641	0.098956734	0.089520350	0.070504867	0.082236208	0.099079110	0.078769363	0.085580274
573	7	7	0.081197985	0.107077971	0.090078935	0.079946898	0.087508224	0.065521948	0.082918450	0.190241441	0.090731502	0.124776639
574	1	1	0.107039735	0.191336036	0.115415692	0.061654896	0.112272032	0.069913462	0.080651075	0.114299037	0.077782795	0.069635130
575	0	8	0.151696101	0.046394143	0.088855594	0.096330889	0.083201937	0.055372700	0.133213177	0.071788654	0.178617537	0.094529308
576	9	9	0.133413419	0.072383009	0.074430332	0.116951592	0.076923877	0.074751973	0.080662251	0.052960549	0.106471635	0.211051360
577	9	9	0.115086444	0.052519459	0.064232834	0.073986925	0.084336564	0.107253186	0.142549619	0.090403177	0.080556378	0.189075366
578	7	7	0.095431343	0.132838085	0.097292066	0.098000862	0.077344991	0.049373265	0.135281205	0.155732915	0.086711012	0.071994223
579	0	0	0.162746623	0.070262611	0.055678755	0.100421593	0.099253260	0.092075370	0.108787455	0.093766332	0.092949905	0.124058098
580	3	3	0.110261470	0.048480641	0.077534080	0.164910734	0.077220581	0.081663884	0.120365128	0.122222722	0.120172583	0.077168129
581	7	7	0.052746471	0.070242696	0.123959787	0.072570257	0.086203001	0.044929601	0.075139679	0.296391368	0.078385845	0.099431254
582	5	5	0.098217092	0.053609297	0.097876780	0.088258430	0.050705161	0.245056748	0.096661024	0.080400273	0.089464046	0.099751152
583	8	6	0.100341655	0.054632317	0.060209483	0.140218586	0.071184427	0.077469178	0.186355323	0.079057477	0.152746916	0.077784680
584	1	1	0.062502362	0.283885002	0.063937023	0.048055429	0.080982782	0.073207244	0.066443697	0.106332235	0.099055849	0.115598388
585	4	4	0.074671715	0.050596837	0.086735055	0.062625811	0.267032593	0.072793059	0.075170152	0.090774812	0.097710133	0.121889859
586	0	0	0.171211571	0.072384916	0.072668836	0.101774082	0.091289356	0.078254566	0.089995526	0.078887299	0.151897654	0.091636226
587	6	6	0.140569836	0.058353242	0.059321448	0.085297704	0.072541498	0.117711090	0.193649411	0.076184951	0.136071399	0.060299464
588	4	1	0.089002781	0.141331047	0.071825624	0.042584714	0.135761976	0.104622573	0.112700723	0.097991273	0.093034089	0.111145228
589	7	7	0.077966176	0.109791964	0.105166525	0.071182564	0.110689513	0.064277858	0.064876139	0.214372456	0.087875053	0.093801796
590	3	3	0.085300878	0.099708721	0.110713713	0.141784057	0.073181532	0.079678610	0.087782979	0.100534350	0.134179845	0.087135315
591	6	6	0.097273126	0.063475266	0.089091733	0.075018868	0.085990846	0.112808235	0.200998202	0.083785005	0.096967928	0.094590820
592	1	1	0.094121873	0.187893406	0.146362856	0.102173358	0.075343385	0.062347170	0.091238096	0.103087857	0.066350661	0.071081325
593	6	6	0.152742654	0.041125052	0.034475069	0.090082921	0.065910205	0.096984364	0.256770492	0.048187338	0.125213906	0.088507988
594	2	2	0.085519984	0.094310261	0.168400541	0.085911214	0.090076834	0.059715927	0.118351474	0.128875658	0.074473724	0.094364375
595	7	7	0.073561266	0.111971200	0.091809899	0.129962102	0.102051057	0.058927760	0.065118127	0.198155612	0.075386584	0.093056440
596	1	1	0.063038163	0.321306884	0.062566981	0.041207407	0.086966842	0.063623652	0.073726311	0.089599088	0.087988645	0.109975979
597	8	8	0.117809616	0.065512426	0.035483852	0.093972325	0.090766951	0.076003447	0.122813068	0.057488654	0.195002332	0.145147368
598	7	7	0.102063797	0.113753393	0.097581342	0.051255915	0.098453917	0.050570481	0.099757262	0.172986329	0.115998365	0.097579114
599	2	9	0.069417842	0.134910330	0.134896263	0.106844209	0.072213195	0.045404028	0.099483192	0.107269123	0.092556670	0.137005195
600	7	9	0.050516747	0.123079173	0.050610248	0.089987442	0.140814513	0.052164022	0.055217098	0.154705241	0.104838133	0.178067356
601	9	9	0.119342759	0.047973543	0.068818942	0.120405041	0.072738998	0.087257974	0.121446721	0.076587468	0.121204272	0.164224327
602	4	4	0.048415843	0.052436199	0.047761898	0.072076902	0.295382857	0.046139434	0.068711139	0.116208486	0.109520555	0.143346697
603	2	2	0.065392911	0.075493008	0.236917630	0.074686930	0.120989099	0.036266349	0.087591849	0.145902917	0.094877228	0.061882120
604	8	8	0.095873624	0.055572160	0.074047543	0.147441939	0.084188521	0.071372099	0.089697711	0.065037839	0.217408523	0.099359974
605	4	4	0.065732300	0.092293151	0.109507203	0.078668743	0.237357333	0.052690793	0.064824149	0.110656023	0.103574276	0.084696069
606	4	3	0.087874167	0.098417372	0.108344771	0.109778121	0.083274111	0.108949907	0.096217513	0.104085296	0.098160461	0.104898289
607	3	3	0.117800690	0.093826167	0.090093039	0.152331427	0.069104113	0.083302565	0.114280201	0.057391152	0.115888715	0.105981909
608	7	7	0.069338165	0.102694534	0.083655491	0.077468567	0.105860658	0.035387531	0.081939481	0.259021938	0.087257065	0.097376525
609	4	4	0.052091852	0.040051043	0.040883195	0.054575160	0.304893494	0.047645602	0.060818054	0.093131669	0.095370427	0.210539430
610	5	7	0.092017040	0.071893282	0.082459040	0.110573523	0.083608039	0.112528145	0.107246667	0.122245796	0.109257735	0.108170651
611	2	2	0.071268596	0.092338420	0.189611182	0.080169179	0.089922816	0.056603502	0.077715814	0.151252493	0.112615645	0.078502342
612	8	9	0.091396026	0.049725916	0.031700421	0.115481898	0.121182628	0.071330599	0.089677587	0.083533280	0.171332523	0.174639136
613	3	3	0.093845196	0.066672757	0.088654779	0.208402291	0.071838327	0.057142124	0.093198188	0.074418791	0.160597280	0.085230328
614	1	1	0.083959311	0.175058648	0.083179787	0.061134502	0.120791331	0.072958104	0.073137604	0.109730273	0.087316766	0.132733673
615	7	7	0.061860967	0.084801868	0.054978509	0.072371982	0.100402988	0.057828989	0.057119641	0.330339193	0.068337895	0.111957923
616	9	9	0.085712910	0.058485344	0.049055606	0.135379791	0.082144201	0.113348089	0.074905224	0.085977860	0.131474614	0.183516353
617	9	9	0.055148330	0.047731992	0.044454530	0.059087317	0.118152246	0.084287994	0.079768911	0.097567588	0.080009297	0.333791733
618	9	9	0.046719104	0.034917720	0.019851817	0.040990788	0.079988226	0.076449968	0.063226819	0.062325712	0.057615880	0.517913878
619	7	7	0.088636458	0.097019732	0.082071267	0.085999049	0.079838693	0.039138727	0.094524287	0.278864026	0.071267448	0.082640313
620	1	1	0.053987097	0.315282166	0.065708324	0.051433016	0.092174269	0.059828382	0.084293604	0.094664238	0.090948977	0.091679923
621	3	3	0.094844788	0.072646372	0.083155498	0.189636067	0.075427942	0.100808740	0.117068790	0.090476811	0.089586198	0.086348906
622	9	9	0.044916961	0.069190614	0.029095415	0.042677917	0.116107747	0.083367653	0.056298841	0.079112396	0.073359355	0.405873179
623	6	6	0.109385714	0.070602238	0.100654729	0.096510209	0.096338406	0.088801093	0.175353169	0.106880702	0.071774296	0.083699517
624	0	0	0.172917202	0.069232456	0.080148205	0.116528705	0.089120805	0.063670717	0.102017850	0.085730553	0.117645986	0.102987491
625	0	8	0.120136343	0.066634789	0.066778772	0.116374716	0.099776387	0.066939518	0.118641719	0.107714057	0.124702848	0.112300880
626	9	9	0.074940547	0.059957452	0.024839599	0.069690764	0.109431937	0.090990491	0.060784541	0.072916001	0.098122060	0.338326663
627	0	0	0.195168674	0.095678836	0.074542187	0.107084803	0.070434161	0.072043695	0.067288086	0.077503495	0.109988816	0.130267218
628	6	8	0.151160821	0.049988974	0.042402200	0.071644843	0.071513154	0.069066986	0.167669639	0.065757543	0.179614320	0.131181553
629	1	1	0.087094262	0.153100699	0.152926207	0.114702523	0.075188838	0.076902799	0.087347038	0.087126166	0.076428883	0.089182638
630	4	4	0.051291991	0.073033571	0.092076220	0.089591481	0.209659457	0.051141903	0.074932232	0.113650054	0.153449163	0.091173954
631	4	4	0.060826994	0.079136387	0.124554537	0.068150766	0.219520822	0.055248559	0.123115651	0.094195053	0.091262497	0.083988763
632	0	0	0.332191050	0.053063694	0.052716628	0.080049463	0.077341788	0.068544418	0.115243256	0.050224166	0.093825944	0.076799661
633	9	9	0.083825968	0.050183725	0.025699951	0.065460652	0.101247042	0.090532973	0.148092836	0.066713654	0.116898663	0.251344562
634	3	6	0.118342653	0.050285634	0.082575701	0.130771831	0.075061217	0.103753224	0.148655117	0.110543415	0.112612724	0.067398518
635	4	4	0.063107446	0.072508723	0.082333244	0.067989603	0.178997159	0.049667332	0.098907039	0.110984579	0.124249615	0.151255190
636	6	6	0.092923589	0.082239218	0.039898176	0.061150603	0.100280054	0.098593652	0.191853508	0.099348724	0.134203300	0.099509098
637	0	0	0.162720218	0.073472291	0.052003309	0.116686627	0.091357149	0.084491380	0.119724467	0.072036676	0.105048336	0.122459546
638	6	6	0.107295625	0.051787768	0.063064948	0.095039845	0.082380012	0.135734692	0.177085146	0.078963116	0.131966323	0.076682508
639	3	3	0.091683432	0.054237813	0.030412471	0.204775766	0.096307397	0.078203596	0.084797747	0.112763986	0.089556828	0.157260984
640	0	0	0.190498874	0.042492475	0.050741788	0.069177337	0.082772009	0.083885640	0.182861105	0.075175643	0.141169220	0.081225820
641	1	1	0.074332632	0.214059889	0.133536085	0.091407225	0.086478241	0.061801180	0.077819698	0.108253233	0.067705348	0.084606536
642	4	4	0.060759544	0.051662151	0.057652652	0.047699980	0.331771195	0.038145281	0.061678838	0.095058016	0.122033983	0.133538321
643	8	8	0.104705460	0.066143177	0.087393664	0.105759367	0.083374441	0.054300394	0.097470775	0.057278689	0.227873921	0.115700141
644	8	8	0.095323049	0.040885646	0.036382359	0.121755674	0.089708425	0.067099988	0.149352804	0.082908541	0.187743977	0.128839538
645	2	2	0.096278034	0.108542345	0.179959491	0.080326952	0.070697911	0.075756282	0.081334084	0.131597281	0.098131366	0.077376202
646	5	5	0.111074962	0.060497679	0.065999188	0.098784596	0.071822546	0.156858563	0.150944874	0.096278608	0.096809790	0.090929210
647	1	1	0.102606289	0.210159525	0.107917458	0.069827162	0.114773192	0.062837310	0.076022156	0.103013232	0.079033464	0.073810138
648	1	1	0.071382679	0.220797792	0.143919840	0.102916710	0.075990535	0.063769311	0.076662175	0.095093459	0.067757182	0.081710309
649	0	0	0.335928798	0.055295721	0.046129365	0.095528677	0.074483082	0.058079466	0.101328626	0.051787443	0.104193233	0.077245519
650	8	8	0.120400310	0.078527637	0.072483622	0.096324161	0.090995096	0.084261633	0.093960159	0.065169796	0.165738031	0.132139519
651	0	0	0.256105870	0.051216271	0.033038955	0.064388536	0.073168233	0.081110284	0.184057817	0.054308753	0.110501453	0.092103735
652	2	2	0.088102341	0.065465145	0.201854482	0.066937804	0.069229648	0.103099905	0.142433405	0.102043711	0.059078079	0.101755425
653	4	4	0.061796553	0.093282416	0.117431536	0.091598213	0.212852135	0.049008984	0.072538555	0.119352430	0.110235840	0.071903378
654	7	7	0.063233688	0.118069790	0.060768466	0.101784080	0.122979209	0.063475072	0.077094838	0.158265308	0.091103688	0.143225908
655	5	5	0.110164754	0.052634992	0.044322062	0.105159216	0.082676269	0.175835028	0.127384618	0.103287876	0.118453376	0.080081686
656	2	2	0.093819648	0.076186307	0.211286694	0.078012355	0.068260320	0.081690498	0.088714339	0.168784529	0.067501567	0.065743804
657	3	3	0.108523704	0.078269146	0.047226444	0.177341446	0.068271153	0.082464173	0.064741001	0.091743745	0.117004476	0.164414704
658	6	6	0.157890826	0.048568781	0.055578664	0.076192506	0.092791155	0.105704308	0.197994426	0.057042927	0.126540929	0.081695572
659	5	5	0.073457077	0.077308886	0.062273566	0.082691610	0.088361248	0.157456070	0.116396420	0.114290759	0.120935306	0.106829002
660	8	8	0.116319336	0.080523789	0.087666564	0.106477223	0.074026890	0.068203717	0.091159150	0.067961551	0.168631032	0.139030740
661	6	6	0.141422376	0.048373863	0.052951511	0.078779034	0.071036048	0.104093529	0.222754449	0.073534645	0.143426538	0.063627906
662	3	3	0.083575472	0.056492724	0.054675758	0.157396376	0.091998614	0.081091039	0.134300783	0.137413770	0.120924026	0.082131460
663	9	9	0.086247928	0.099683568	0.064954378	0.082421243	0.086709499	0.050284896	0.084269792	0.094789147	0.113647021	0.236992538
664	1	1	0.093106754	0.201311916	0.168252677	0.085217364	0.073470764	0.066822223	0.073548838	0.088407606	0.070904516	0.078957319
665	8	8	0.116127692	0.052356638	0.063921347	0.076346956	0.085885398	0.060480103	0.128851771	0.067429766	0.205803007	0.142797306
666	6	8	0.130448133	0.045992482	0.083558910	0.081701778	0.087876588	0.071365476	0.146105915	0.099516205	0.173935398	0.079499163
667	0	0	0.214375570	0.120137073	0.102497414	0.097598165	0.065002136	0.070019707	0.079710297	0.094680838	0.087838054	0.068140768
668	6	6	0.101252720	0.040398765	0.059390411	0.096058950	0.084964059	0.040940750	0.205788866	0.081803560	0.187459812	0.101942070
669	4	4	0.060079779	0.092091367	0.069801353	0.066419207	0.170228988	0.051574767	0.112632923	0.103842020	0.125295684	0.148033962
670	4	4	0.070009567	0.090124689	0.095487177	0.060346086	0.272455513	0.053039182	0.110327564	0.096009865	0.076417342	0.075782977
671	1	1	0.078101344	0.222435489	0.161827877	0.071749806	0.082061946	0.056695089	0.080479234	0.100634798	0.072016180	0.073998325
672	7	7	0.038288608	0.086636484	0.051286642	0.083322197	0.129932582	0.050842725	0.067424893	0.257240504	0.064283371	0.170741946
673	4	4	0.060607929	0.050805375	0.049919922	0.065419078	0.283852398	0.065197118	0.099902548	0.085765056	0.077613391	0.160917178
674	7	7	0.074014992	0.108517990	0.100484662	0.088743165	0.084905788	0.034345899	0.079737745	0.243265480	0.084409051	0.101575196
675	0	0	0.223245040	0.044012070	0.041268371	0.071142353	0.093324058	0.089466617	0.184905544	0.075702593	0.102621451	0.074311927
676	8	8	0.124078006	0.082543485	0.075888440	0.084795557	0.086694777	0.092764668	0.090502352	0.060049836	0.170201048	0.132481813
677	0	0	0.184124857	0.052504897	0.056758467	0.082525246	0.081979208	0.104510196	0.131794438	0.075754061	0.147386342	0.082662307
678	7	7	0.067455061	0.147871152	0.097657159	0.109022103	0.095242620	0.071794257	0.075257964	0.149381265	0.114676729	0.071641698
679	7	7	0.089847311	0.095893547	0.104892455	0.096434243	0.096231289	0.048063502	0.067164563	0.222201735	0.105940171	0.073331244
680	0	0	0.211906314	0.055744864	0.047753040	0.126039609	0.076854326	0.083278038	0.130685151	0.079973616	0.109624542	0.078140490
681	9	6	0.142703027	0.046300828	0.053889684	0.091028281	0.087151982	0.102831528	0.154668227	0.076855682	0.124225184	0.120345466
682	8	8	0.100465104	0.053429630	0.059664056	0.146052435	0.077062503	0.072326303	0.121723399	0.079864845	0.199576855	0.089834876
683	2	2	0.098887458	0.077528901	0.205769926	0.066243187	0.083919525	0.078437902	0.133564264	0.116269551	0.062816910	0.076562360
684	6	6	0.104727693	0.054887895	0.101044066	0.080698170	0.088758543	0.116549872	0.202226803	0.081307776	0.086129904	0.083669282
685	8	8	0.107073806	0.060438130	0.082889467	0.106156148	0.101414442	0.069787174	0.108481586	0.104736254	0.170424178	0.088598788
686	7	7	0.073980287	0.120410152	0.105357595	0.070034750	0.107568592	0.045735486	0.075584948	0.241398066	0.087584302	0.072345845
687	3	3	0.083880514	0.092243791	0.059930481	0.263727069	0.062795401	0.065609723	0.081267692	0.090431362	0.123383813	0.076730236
688	3	3	0.100200072	0.090950631	0.095925041	0.181581691	0.071456499	0.089636356	0.090699218	0.127345338	0.086728416	0.065476671
689	3	3	0.100647368	0.093976274	0.104905121	0.154488444	0.097196065	0.073724069	0.073984675	0.088444889	0.108818576	0.103814557
690	7	1	0.065789111	0.152371302	0.089927688	0.107841454	0.122489728	0.039024103	0.075954311	0.137040690	0.098370977	0.111190662
691	6	6	0.084856734	0.055070393	0.101738960	0.091850847	0.062820174	0.097167559	0.221818253	0.084436432	0.074432947	0.125807703
692	9	9	0.072568581	0.030886890	0.019967118	0.071956001	0.117503501	0.085900888	0.114950173	0.072161987	0.107227385	0.306877494
693	4	4	0.054007906	0.058047686	0.083534658	0.083445549	0.284514606	0.060395796	0.062362950	0.086673655	0.101832002	0.125185192
694	6	6	0.131603613	0.040970877	0.077048294	0.082587041	0.093595199	0.056356821	0.170853868	0.113462500	0.146280065	0.087241709
695	3	3	0.109045826	0.073230751	0.085629575	0.145141184	0.075979687	0.095923334	0.080719478	0.096538879	0.136010319	0.101780944
696	1	1	0.099112004	0.180714712	0.146312207	0.096229032	0.071914807	0.052455314	0.080003485	0.115265422	0.083987549	0.074005447
697	5	6	0.074040763	0.061779603	0.116674364	0.106073417	0.060035326	0.146322012	0.154353216	0.093590595	0.076361276	0.110769473
698	9	9	0.055699714	0.041750908	0.029613055	0.061318841	0.096646778	0.097338125	0.062269501	0.082933009	0.081802353	0.390627772
699	5	5	0.117432147	0.060878035	0.103549287	0.082585275	0.059230410	0.169489250	0.123669691	0.089046627	0.085917994	0.108201385
700	0	0	0.148375928	0.070279941	0.075770259	0.089306377	0.096064411	0.079341829	0.125676692	0.084603436	0.118172057	0.112409107
701	7	7	0.075725593	0.155243903	0.090351403	0.141534820	0.100351058	0.055817463	0.065675907	0.159577623	0.076579645	0.079142585
702	5	5	0.110098511	0.076485991	0.063556887	0.108243339	0.069640011	0.181481034	0.083425201	0.110630050	0.108175151	0.088263810
703	1	1	0.061685104	0.211570159	0.153908953	0.108579844	0.082805403	0.057458024	0.074581675	0.101266675	0.077169687	0.070974492
704	5	9	0.117072694	0.085722014	0.057977851	0.081952624	0.090825722	0.105916917	0.119600095	0.093340874	0.123600841	0.123990379
705	0	0	0.238297313	0.069111824	0.077221170	0.113154560	0.081088744	0.065543719	0.106252223	0.057728983	0.097361311	0.094240203
706	3	3	0.112633497	0.053331781	0.082018092	0.184967682	0.068246797	0.066724889	0.117173620	0.087788351	0.125455588	0.101659700
707	2	2	0.076439492	0.092118219	0.234791204	0.082696259	0.067924395	0.038940009	0.097335875	0.137278035	0.092538387	0.079938225
708	7	9	0.046672888	0.110041104	0.043494675	0.077272952	0.149915934	0.068165489	0.062197205	0.147406057	0.078075752	0.216757953
709	1	1	0.054251909	0.229914397	0.078224286	0.120233677	0.100225538	0.047501501	0.068129651	0.111718930	0.086956911	0.102843158
710	5	5	0.093897134	0.040277403	0.060748801	0.102736697	0.076544270	0.204627618	0.153773963	0.082285680	0.112370662	0.072737746
711	7	3	0.076462977	0.131500974	0.109755740	0.145866930	0.093573265	0.063894928	0.077122629	0.144344524	0.089940086	0.067537956
712	6	6	0.120111018	0.054994341	0.050853189	0.080349959	0.077340290	0.074470468	0.274997294	0.081771925	0.119290911	0.065820552
713	1	1	0.072457455	0.238729388	0.061139755	0.056619983	0.097226121	0.070365429	0.078164652	0.093947247	0.119702697	0.111647241
714	5	6	0.096083522	0.063947789	0.049762510	0.091999136	0.085411862	0.131381646	0.166990802	0.122472577	0.110251352	0.081698865
715	4	9	0.059704471	0.046757374	0.042379815	0.067276746	0.214447320	0.061943054	0.076455668	0.099717319	0.098716244	0.232602075
716	8	8	0.110372365	0.063324697	0.101323977	0.096763089	0.119081773	0.062048156	0.099344566	0.067719340	0.215516716	0.064505331
717	5	5	0.092778794	0.083598800	0.099820249	0.088535100	0.102344804	0.149902359	0.111931123	0.093849130	0.094095640	0.083143979
718	0	0	0.175762236	0.067923382	0.075172819	0.135048956	0.078296237	0.065114260	0.125416577	0.084014066	0.105324917	0.087926567
719	8	8	0.126351222	0.056281675	0.067375503	0.096056871	0.073658951	0.109863095	0.146540746	0.084342681	0.169053853	0.070475399
720	0	0	0.160823554	0.098863840	0.104327053	0.112968937	0.076378867	0.084780052	0.089146934	0.093722135	0.092948653	0.086039983
721	2	2	0.064047709	0.074859291	0.166357353	0.061314620	0.125420332	0.068204537	0.104211770	0.120683923	0.138010830	0.076889634
722	9	9	0.074602269	0.059528351	0.025341600	0.051503576	0.102034964	0.066282466	0.059288099	0.076638632	0.088601507	0.396178603
723	3	3	0.106449485	0.048913799	0.077896811	0.163664758	0.086261652	0.063723996	0.139072299	0.068607673	0.130607054	0.114802487
724	8	8	0.111086614	0.048030928	0.052199379	0.101679519	0.078294925	0.104887068	0.134031340	0.082420304	0.225338846	0.062031083
725	5	5	0.065570079	0.098950431	0.074991666	0.100913249	0.120857872	0.151394740	0.074701004	0.116448872	0.095108360	0.101063751
726	3	4	0.101308867	0.074229993	0.051522523	0.127189830	0.130650699	0.089758538	0.098993808	0.094467223	0.112829059	0.119049393
727	9	9	0.054758940	0.080554806	0.033935267	0.041887078	0.099783242	0.074803032	0.059838988	0.149709061	0.082341634	0.322387964
728	4	4	0.063185781	0.077978551	0.082735926	0.077025346	0.212472320	0.050221380	0.087496236	0.129060492	0.118302234	0.101521693
729	8	8	0.080683492	0.031915464	0.030395491	0.110393941	0.103585295	0.060245506	0.133597583	0.066803016	0.268222839	0.114157356
730	4	4	0.075403117	0.078338273	0.109694831	0.087397121	0.211191252	0.041224658	0.118476897	0.112318315	0.093149111	0.072806381
731	6	6	0.102099486	0.063909657	0.088771209	0.094693698	0.074961439	0.124924481	0.143392116	0.080442086	0.122138433	0.104667351
732	6	6	0.134048909	0.056611437	0.083534308	0.093582205	0.104509898	0.094774038	0.142884314	0.076295801	0.093959048	0.119800024
733	5	5	0.123550333	0.064362384	0.063031666	0.098667361	0.091457963	0.154059306	0.110405877	0.061368767	0.138007537	0.095088825
734	2	2	0.097669713	0.066460572	0.160798758	0.081705771	0.053899385	0.067337014	0.108716913	0.100411810	0.123533726	0.139466330
735	9	9	0.142243803	0.044408429	0.044111528	0.100770988	0.086442716	0.086895198	0.097053327	0.050821688	0.118268222	0.228984103
736	4	4	0.055020548	0.039557476	0.036536157	0.061028648	0.352899760	0.050680045	0.053594127	0.083730236	0.084257193	0.182695746
737	4	4	0.062140338	0.087209694	0.110571325	0.062024217	0.256052285	0.062931083	0.076521732	0.095403031	0.094052993	0.093093276
738	0	0	0.252620876	0.063995056	0.041989543	0.067727126	0.081565715	0.103514351	0.122961521	0.049757428	0.130934581	0.084933877
739	6	6	0.129375860	0.059852902	0.087138385	0.063731425	0.140983939	0.073300369	0.171117082	0.080195569	0.120123416	0.074181125
740	8	8	0.116907269	0.059886966	0.072716124	0.109567650	0.091106266	0.060870077	0.086802863	0.076204680	0.245268404	0.080669664
741	8	8	0.084645458	0.095121019	0.078440771	0.069146074	0.093913518	0.063163556	0.098120548	0.105677433	0.164393723	0.147377998
742	3	9	0.080934867	0.043142561	0.032714993	0.128687456	0.120220244	0.098203585	0.140353411	0.118641809	0.093630835	0.143470228
743	5	6	0.083242856	0.061546911	0.044777762	0.081628442	0.101959147	0.142432600	0.154831290	0.124542497	0.102243140	0.102795318
744	7	7	0.061691161	0.074848443	0.113471709	0.058948155	0.084535494	0.039221779	0.072588049	0.345055223	0.079134956	0.070505038
745	1	1	0.065745026	0.219163105	0.118832253	0.085850298	0.090210170	0.050024454	0.088616595	0.112547807	0.082732394	0.086277939
746	1	1	0.076824434	0.150216773	0.120640725	0.097671889	0.081953444	0.053305980	0.087467745	0.100405768	0.093566716	0.137946501
747	8	8	0.106299885	0.047573812	0.058003012	0.126816347	0.099179484	0.080151848	0.130154595	0.081594735	0.198241428	0.071984857
748	0	0	0.288946986	0.048714060	0.056507494	0.073762454	0.067486197	0.067635611	0.139772743	0.082500085	0.102288961	0.072385274
749	4	9	0.069839992	0.047526114	0.051739853	0.096604541	0.159118325	0.077455528	0.075663589	0.120390236	0.084490895	0.217171073
750	7	7	0.074861050	0.141611993	0.088143334	0.087147921	0.085216701	0.044748921	0.115210839	0.201682180	0.084239066	0.077137984
751	8	8	0.118424885	0.041486591	0.045999356	0.091137372	0.090577431	0.059550490	0.147217497	0.061967585	0.246018648	0.097620256
752	2	2	0.077968918	0.064918332	0.245842233	0.059092309	0.103477336	0.044957038	0.102464549	0.132385805	0.090828523	0.078064971
753	5	6	0.101642713	0.043515660	0.079153851	0.101813607	0.067988873	0.136500597	0.214410692	0.082263000	0.080899455	0.091811515
754	9	9	0.054908209	0.041574843	0.032909717	0.057104729	0.104573607	0.090920694	0.067765683	0.078808181	0.070350312	0.401083946
755	3	3	0.098404974	0.085205883	0.093145251	0.153108567	0.089565866	0.083916962	0.071607530	0.080590643	0.116889164	0.127565190
756	4	9	0.066424087	0.052543141	0.049526069	0.068003371	0.203428447	0.055696059	0.080609247	0.097918265	0.104286954	0.221564367
757	8	8	0.114368208	0.082499571	0.066545971	0.089417502	0.084935553	0.087618031	0.088326730	0.061948322	0.165519431	0.158820674
758	1	1	0.068354756	0.223394737	0.089497633	0.078478359	0.116741814	0.061203908	0.081840649	0.109517135	0.094358556	0.076612405
759	0	0	0.277187109	0.045559838	0.039044976	0.092929199	0.065628856	0.081328325	0.133861735	0.048649963	0.108490229	0.107319795
760	8	8	0.108282812	0.048794810	0.055156562	0.080839209	0.078579031	0.060139824	0.162243664	0.087469265	0.194074348	0.124420479
761	0	0	0.246121958	0.055690501	0.050290149	0.073675446	0.075441062	0.068636291	0.179146916	0.083485447	0.104312964	0.063199170
762	9	9	0.054797258	0.039168324	0.028743261	0.066195354	0.105368979	0.083301455	0.089823648	0.062716313	0.064074799	0.405810595
763	7	7	0.064230978	0.094008349	0.094909690	0.076703936	0.081053361	0.041095324	0.060456928	0.316902637	0.085285395	0.085353337
764	7	7	0.073698364	0.112851962	0.104080006	0.085495308	0.072308689	0.078003883	0.099009998	0.174913958	0.091091119	0.108546622
765	7	7	0.065172337	0.103275537	0.072260812	0.088676125	0.106181405	0.081375472	0.104038969	0.177283973	0.088542320	0.113193065
766	5	5	0.100060567	0.068328507	0.064655297	0.078226008	0.097415119	0.183755904	0.121687584	0.084897272	0.086154103	0.114819668
767	4	4	0.049457133	0.075319722	0.133577585	0.071777597	0.228333816	0.037205338	0.087329976	0.109415099	0.136719525	0.070864223
768	5	9	0.097108491	0.073678486	0.083628155	0.106750369	0.078027293	0.108154833	0.114581786	0.104488418	0.108737618	0.124844536
769	5	5	0.083520770	0.048844039	0.052392069	0.105764411	0.086844310	0.199995443	0.119984411	0.094894238	0.125932857	0.081827417
770	6	6	0.106269509	0.053073995	0.080654070	0.062674940	0.074548066	0.106356211	0.260705382	0.070774615	0.076709516	0.108233683
771	4	4	0.054209910	0.088311449	0.122237116	0.077252097	0.229629517	0.036932718	0.081067666	0.102242053	0.140203163	0.067914277
772	7	7	0.059557229	0.076333612	0.121010758	0.061382856	0.082868911	0.063050210	0.091283917	0.283491701	0.076571465	0.084449358
773	9	9	0.057633121	0.076541632	0.028469749	0.031826831	0.095859542	0.059523802	0.057384610	0.089729957	0.086103983	0.416926742
774	3	6	0.122632183	0.060310546	0.065870196	0.098568007	0.082231410	0.097267590	0.156575859	0.100892380	0.128260180	0.087391704
775	2	2	0.091262542	0.071650475	0.209710419	0.064552613	0.114721850	0.060558051	0.086405821	0.128395826	0.107061669	0.065680698
776	2	2	0.091927409	0.104279116	0.201591551	0.056211296	0.073059417	0.075189821	0.109461717	0.120516911	0.069901310	0.097861387
777	8	9	0.069167532	0.072758950	0.073288627	0.072450362	0.080183163	0.077141918	0.140700415	0.093516305	0.144205585	0.176587164
778	5	3	0.103329428	0.084506363	0.068856031	0.138269007	0.085204817	0.127265647	0.083314136	0.126313150	0.101755187	0.081186265
779	6	6	0.147549003	0.056899093	0.053953670	0.060039636	0.101348974	0.095777132	0.220559746	0.081702396	0.117580391	0.064589851
780	9	9	0.106734343	0.035874471	0.035386242	0.091557540	0.078644484	0.079770654	0.077585436	0.049665380	0.103462510	0.341318935
781	7	7	0.083943784	0.104815662	0.129662439	0.087949775	0.094494313	0.053917121	0.103892066	0.137487382	0.095379412	0.108457983
782	2	2	0.072457880	0.054956764	0.223096147	0.064427122	0.130362362	0.047447179	0.125541121	0.132278696	0.091391094	0.058041684
783	6	6	0.082113765	0.044089280	0.084063105	0.067406617	0.070041947	0.089727551	0.303462088	0.070598990	0.081382044	0.107114553
784	3	5	0.111613519	0.073255055	0.078723431	0.134155959	0.066401891	0.141835004	0.102964751	0.094549082	0.112898573	0.083602719
785	4	4	0.061227877	0.106300890	0.125431895	0.061404597	0.223106429	0.042806763	0.085757397	0.097828180	0.113107547	0.083028384
786	5	5	0.083571337	0.073679186	0.065733626	0.081926763	0.076341353	0.171758905	0.108770519	0.112280577	0.100909472	0.125028312
787	4	4	0.064059854	0.060017277	0.102560267	0.076131403	0.241925642	0.055405844	0.084596090	0.096214324	0.124141224	0.094948061
788	7	7	0.060637586	0.110938095	0.107228786	0.104908898	0.084749915	0.072049335	0.111159541	0.193581760	0.066592894	0.088153183
789	4	4	0.109493926	0.114536591	0.117688447	0.065946601	0.119478606	0.083707616	0.113106191	0.096889578	0.101660162	0.077492334
790	1	1	0.068322323	0.214505553	0.197169259	0.065873392	0.077867031	0.067119896	0.073131502	0.097052358	0.067936376	0.071022272
791	8	8	0.120187327	0.024054451	0.022482038	0.095887199	0.077848703	0.076443836	0.151296377	0.049155373	0.246956632	0.135688111
792	0	0	0.197444901	0.060794320	0.062434301	0.078479752	0.078526333	0.105762489	0.152737498	0.079004504	0.104166649	0.080649182
793	0	0	0.232192457	0.048865531	0.063730188	0.097093232	0.070268840	0.053349067	0.167075291	0.076742850	0.101898178	0.088784426
794	4	4	0.085047677	0.079952106	0.116870195	0.079643041	0.186547697	0.061321408	0.107746445	0.097252697	0.102368258	0.083250493
795	3	3	0.105888210	0.104691312	0.083488628	0.179932326	0.068292566	0.084983312	0.089725740	0.111409403	0.096476421	0.075112090
796	3	0	0.150952429	0.069901586	0.064664580	0.127613679	0.064589210	0.096505657	0.134234443	0.069062851	0.105356380	0.117119238
797	2	2	0.064502053	0.072324954	0.200950548	0.096203662	0.108441733	0.064709716	0.088059984	0.112567119	0.117814265	0.074426085
798	0	0	0.210540980	0.057192739	0.048981242	0.077960104	0.073375322	0.085763842	0.161584571	0.072222725	0.116614901	0.095763639
799	4	4	0.060311045	0.056225345	0.068862714	0.083730571	0.210975170	0.073967308	0.104521088	0.107441641	0.089680262	0.144284844
800	0	0	0.303079247	0.047929652	0.038277104	0.097233035	0.055146452	0.088586159	0.100762077	0.060351141	0.112600081	0.096035123
801	5	6	0.088095821	0.069470093	0.062375478	0.078171335	0.114280716	0.128972709	0.155134842	0.085912339	0.131198362	0.086388245
802	7	7	0.064281873	0.067841463	0.102860145	0.072315864	0.073224314	0.094259478	0.093474887	0.259514302	0.081301153	0.090926580
803	5	5	0.081095748	0.058689676	0.094444096	0.065451212	0.070465475	0.207317680	0.112083830	0.117023170	0.087561660	0.105867393
804	9	9	0.116129585	0.040040821	0.068633720	0.141345739	0.072690167	0.086031057	0.131126389	0.068204321	0.111114480	0.164683700
805	6	6	0.119746283	0.045418657	0.042316586	0.050076205	0.079557709	0.048461810	0.223707572	0.068603173	0.199951425	0.122160561
806	5	5	0.082260035	0.059880942	0.083362460	0.127651528	0.073609374	0.169957370	0.095077440	0.104515038	0.097893432	0.105792299
807	5	5	0.085707642	0.057233430	0.051921710	0.128674850	0.069221124	0.163159326	0.151041001	0.091570057	0.114508167	0.086962678
808	8	8	0.108691610	0.052405573	0.080282234	0.128240108	0.092656106	0.060003094	0.091097713	0.060228899	0.241162226	0.085232489
809	3	3	0.107834972	0.078944042	0.080365442	0.184051201	0.065437019	0.111828916	0.083084181	0.106653973	0.096894644	0.084905662
810	2	2	0.071879722	0.055149350	0.255504996	0.060928088	0.128390953	0.043217000	0.102855749	0.141516998	0.087689325	0.052867927
811	2	2	0.111822084	0.060843047	0.193312839	0.062262364	0.078957751	0.107545599	0.135597289	0.102891758	0.055190600	0.091576770
812	5	5	0.085165337	0.057621237	0.084191427	0.086434945	0.075020380	0.199019715	0.123512194	0.094129615	0.081952907	0.112952210
813	6	6	0.096304744	0.037174713	0.070229314	0.079322629	0.079753742	0.103204019	0.281284183	0.070300162	0.096448027	0.085978433
814	8	6	0.119502246	0.072607830	0.081800602	0.085285194	0.087997548	0.085380010	0.140619114	0.080938622	0.129043967	0.116824836
815	5	6	0.106190316	0.045374028	0.056648225	0.086141303	0.079940133	0.135494396	0.192941368	0.101946250	0.106502056	0.088821933
816	0	0	0.142276466	0.086737663	0.085603021	0.079390720	0.093579382	0.105927482	0.115583718	0.090187430	0.090188093	0.110525914
817	3	3	0.128780842	0.099835560	0.071392439	0.132517874	0.079575352	0.100045182	0.093557954	0.090956457	0.114448234	0.088890128
818	2	2	0.084897235	0.111997612	0.188079417	0.084380351	0.083046570	0.062879972	0.077515617	0.151884705	0.080583625	0.074734919
819	3	3	0.103570275	0.074443482	0.096853875	0.210184082	0.061713759	0.091278911	0.100864768	0.065659396	0.110401079	0.085030437
820	7	1	0.075181313	0.159872815	0.123401277	0.097281769	0.085544072	0.057339329	0.076464929	0.150540769	0.078963615	0.095410071
821	7	7	0.084889933	0.103207462	0.117925674	0.057302523	0.130996570	0.035340119	0.077095166	0.214986607	0.108090974	0.070165068
822	4	4	0.077130184	0.089129537	0.096847974	0.100898460	0.172907621	0.081840925	0.097871833	0.099593967	0.089097619	0.094681911
823	0	0	0.219306603	0.045326166	0.064049639	0.078044705	0.063740656	0.093498446	0.163065359	0.080541074	0.114135094	0.078292266
824	8	8	0.115779012	0.045920447	0.059866015	0.083354197	0.091790065	0.096315987	0.143797696	0.083248764	0.204253867	0.075673983
825	0	0	0.271632493	0.071391813	0.070518836	0.094486803	0.072184794	0.071778685	0.092373043	0.062647499	0.082566805	0.110419303
826	0	0	0.228875637	0.048569612	0.057494957	0.114311017	0.062693410	0.066828936	0.126645714	0.064818613	0.128872901	0.100889266
827	5	5	0.116403811	0.066991270	0.071746118	0.107294463	0.074269608	0.162152454	0.113112338	0.083769977	0.103393175	0.100866854
828	5	3	0.095113121	0.084462352	0.073700644	0.129059583	0.083547838	0.097576104	0.092873469	0.127013937	0.109079935	0.107573025
829	4	9	0.080060571	0.125737458	0.074960224	0.072608598	0.116482496	0.088514373	0.091035776	0.105853215	0.114795633	0.129951656
830	6	6	0.095587812	0.066814780	0.066030733	0.086559862	0.085893199	0.135547847	0.143406272	0.084637113	0.140076920	0.095445469
831	7	1	0.068126038	0.164787963	0.094289012	0.081760906	0.107738040	0.066454425	0.065191463	0.158286095	0.096223854	0.097142071
832	4	4	0.056558207	0.066294365	0.057971828	0.059316125	0.222466633	0.060173504	0.074542537	0.114050463	0.106412552	0.182213798
833	6	6	0.126885444	0.059224371	0.070066825	0.070996448	0.076477684	0.097766183	0.263320535	0.075776741	0.091213435	0.068272345
834	9	9	0.107671261	0.066407546	0.041597493	0.068570197	0.098974891	0.072487585	0.054111771	0.046509560	0.083589077	0.360080600
835	8	8	0.108132623	0.056416977	0.069121197	0.113708042	0.078313887	0.066042095	0.095583744	0.062508024	0.249501660	0.100671783
836	7	7	0.073743545	0.106724821	0.089327291	0.077766933	0.116357297	0.044320043	0.078736469	0.269266874	0.063003920	0.080752753
837	7	7	0.091217324	0.082428306	0.098926447	0.094050348	0.054070339	0.101908490	0.088458821	0.237590075	0.075958647	0.075391218
838	0	0	0.222498327	0.035481036	0.067001976	0.069714352	0.079588562	0.069432043	0.171869054	0.052010611	0.131138712	0.101265326
839	8	8	0.092862815	0.045001306	0.038948942	0.083797075	0.087845087	0.046265125	0.119795650	0.058183480	0.301246524	0.126054004
840	4	9	0.059387300	0.055857401	0.046579108	0.091953032	0.162078783	0.083810911	0.076806687	0.097844809	0.076929584	0.248752445
841	4	4	0.055070620	0.042360004	0.038414899	0.062681749	0.288736969	0.067119054	0.059314173	0.093078464	0.092268303	0.200955778
842	3	3	0.077298529	0.067271315	0.107859053	0.230197936	0.057355482	0.101865202	0.091272570	0.131966650	0.069478020	0.065435201
843	0	0	0.222110972	0.068559535	0.107344344	0.105045900	0.069648452	0.059611343	0.109038487	0.062425021	0.110246338	0.085969537
844	2	2	0.072317980	0.054222424	0.215400100	0.068309799	0.096356072	0.051785793	0.104274362	0.159245640	0.113784328	0.064303510
845	9	9	0.059157863	0.053209070	0.018343864	0.034137923	0.099332802	0.078690499	0.065496631	0.059164811	0.096280135	0.436186403
846	7	7	0.042362634	0.067632183	0.042857312	0.057182550	0.113871366	0.052801576	0.059851393	0.308065891	0.060304649	0.195070431
847	9	9	0.048452023	0.049156457	0.024452550	0.037716988	0.100736395	0.084107690	0.063978247	0.077337392	0.067650042	0.446412176
848	2	2	0.107133299	0.099635862	0.187707245	0.086046360	0.077081576	0.076346599	0.118282288	0.096375890	0.079140529	0.072250366
849	3	3	0.113404505	0.087594979	0.064708404	0.181225345	0.098036528	0.073010072	0.063681550	0.092335872	0.103816710	0.122186005
850	0	0	0.193029031	0.051691044	0.060559660	0.115674287	0.083504833	0.076606192	0.118663132	0.084404983	0.127876088	0.087990724
851	0	0	0.208887771	0.049104773	0.078620344	0.100039221	0.080079339	0.076632053	0.112474963	0.095471352	0.104629338	0.094060808
852	9	9	0.069117308	0.055458061	0.026279960	0.050187103	0.109343968	0.070741370	0.053847939	0.072941206	0.083827034	0.408256114
853	1	1	0.067261681	0.238534838	0.103625894	0.101030491	0.115516499	0.043432098	0.069570504	0.111378811	0.079719603	0.069929503
854	6	6	0.170261741	0.047539756	0.049788747	0.074864410	0.071591094	0.116597682	0.205720425	0.049256533	0.131470874	0.082908779
855	5	5	0.064848356	0.072173454	0.051892322	0.089326128	0.114865884	0.145740524	0.087791510	0.137747824	0.096098796	0.139515206
856	6	6	0.081411444	0.047087397	0.042051859	0.106021337	0.135859311	0.059350725	0.194190353	0.128247574	0.138910040	0.066869982
857	6	0	0.174535364	0.053296581	0.081587061	0.089017071	0.078168064	0.099872537	0.142651975	0.068498991	0.098986417	0.113385886
858	2	2	0.064569719	0.135590240	0.176620230	0.098624699	0.069731280	0.045940526	0.075306766	0.105814800	0.108414769	0.119387075
859	2	2	0.075187527	0.066339068	0.243124187	0.067704663	0.096813008	0.059028234	0.085784152	0.138453290	0.108283862	0.059282050
860	0	0	0.180746406	0.048260491	0.066429503	0.079364501	0.078908861	0.082005225	0.167614251	0.085518859	0.128437847	0.082714066
861	1	1	0.073944680	0.176128015	0.102299228	0.093920089	0.100685284	0.057686631	0.084239587	0.126209155	0.106613182	0.078274153
862	5	5	0.085611425	0.104346350	0.062222593	0.076505654	0.094715305	0.122479796	0.102959946	0.117102385	0.113031022	0.121025480
863	9	9	0.065903947	0.051046371	0.020982033	0.049870953	0.116490960	0.084206171	0.057679918	0.064077847	0.097735964	0.392005891
864	5	6	0.092110075	0.053906284	0.039788600	0.091725580	0.107450008	0.141703948	0.183843702	0.094378620	0.107591942	0.087501213
865	5	5	0.064759508	0.071494758	0.045955665	0.084877856	0.122726902	0.146810472	0.093082048	0.136454552	0.090186857	0.143651426
866	1	1	0.086283550	0.210963637	0.152042985	0.083042935	0.075075231	0.061193354	0.077901207	0.095940970	0.074709475	0.082846560
867	1	1	0.081683770	0.179096743	0.143749967	0.089443624	0.085083872	0.072495237	0.079817779	0.097526312	0.092020832	0.079081796
868	3	0	0.152973205	0.073692575	0.044478860	0.142460972	0.072972886	0.085451834	0.114205182	0.065972835	0.138878152	0.108913496
869	0	0	0.231754422	0.068489723	0.064767294	0.133091196	0.063013516	0.073986791	0.092223339	0.048123311	0.126213223	0.098337114
870	3	0	0.148694754	0.079487555	0.091447338	0.128498420	0.068394758	0.070519865	0.132495195	0.057770461	0.097032435	0.125659257
871	1	1	0.085015997	0.171032965	0.159443453	0.113800749	0.083046474	0.063393936	0.085059710	0.098788835	0.069201015	0.071216889
872	9	9	0.080901466	0.043144904	0.026461467	0.077354446	0.098007791	0.105521262	0.078978628	0.084874444	0.128791869	0.275963694
873	9	9	0.084621973	0.050522592	0.026180061	0.077444702	0.125839978	0.069563881	0.055284400	0.068401709	0.079516195	0.362624496
874	5	5	0.082249045	0.073813885	0.105543241	0.090916052	0.077706121	0.204746038	0.079954341	0.103122748	0.081740431	0.100208014
875	3	6	0.127483264	0.057065967	0.058740702	0.085242063	0.104902558	0.111010417	0.161223128	0.081208721	0.122735523	0.090387695
876	9	9	0.106817536	0.063517153	0.063573897	0.105770938	0.077331111	0.114925183	0.080188625	0.083376735	0.142804623	0.161694244
877	7	7	0.079156458	0.119810142	0.097725183	0.069715232	0.108840294	0.063597731	0.111421607	0.130215302	0.117252864	0.102265276
878	0	0	0.180794105	0.045871262	0.066587590	0.078378595	0.063978560	0.072702676	0.156133682	0.077942640	0.106337294	0.151273638
879	4	4	0.057817191	0.086265981	0.105538048	0.070710532	0.181286737	0.038514797	0.086523719	0.119022869	0.159728184	0.094591893
880	3	8	0.106800795	0.061702970	0.091601081	0.136682481	0.073934026	0.075765833	0.114051811	0.085991941	0.172312871	0.081156172
881	6	6	0.081894040	0.050344512	0.053567771	0.071939863	0.104695462	0.071641490	0.245643854	0.109522462	0.125064775	0.085685775
882	6	6	0.072096735	0.050364103	0.105857514	0.085511163	0.075429633	0.074976429	0.272335887	0.083021641	0.072694674	0.107712194
883	9	9	0.094601065	0.053720079	0.028547013	0.055491824	0.085867502	0.099384151	0.112829715	0.094673172	0.129728630	0.245156780
884	7	7	0.079625994	0.120548308	0.090623386	0.087086417	0.086784579	0.050625399	0.086105295	0.249157831	0.077097118	0.072345749
885	0	0	0.170955256	0.079546444	0.069485471	0.140520096	0.073277868	0.064788744	0.101916976	0.070983879	0.095485456	0.133039817
886	0	0	0.278668821	0.047798648	0.043122426	0.085349351	0.072220579	0.065363817	0.162037507	0.081104726	0.092370853	0.071963213
887	0	0	0.183927536	0.081240006	0.062314950	0.077634230	0.088786095	0.089046970	0.116455004	0.063203871	0.109267883	0.128123358
888	9	9	0.076943681	0.046011232	0.022396361	0.052932497	0.096895061	0.077395536	0.055491481	0.052255739	0.104092464	0.415586054
889	4	9	0.068004124	0.055407166	0.047550946	0.077093601	0.166660905	0.087068327	0.089067817	0.100147374	0.075027317	0.233972430
890	8	8	0.101652928	0.050138921	0.053372230	0.095210120	0.076626949	0.072232053	0.129419401	0.079811938	0.274140894	0.067394570
891	4	4	0.041708242	0.041156631	0.039634466	0.064845189	0.305330992	0.047731109	0.066206872	0.109944329	0.096409477	0.187032685
892	6	6	0.120007038	0.041810524	0.059475966	0.092261396	0.086525731	0.102758057	0.199079663	0.081096485	0.150763124	0.066222012
893	8	8	0.093123861	0.045127634	0.071318597	0.086598001	0.099689521	0.056044720	0.159301728	0.081542820	0.183913842	0.123339392
894	3	8	0.141006410	0.073479809	0.074900053	0.143815398	0.079542004	0.071405038	0.104142167	0.088048987	0.145028397	0.078631729
895	1	1	0.072713643	0.172547475	0.143270552	0.124938644	0.089566432	0.060408786	0.078922100	0.095171690	0.084296815	0.078163922
896	6	6	0.088549070	0.049000531	0.096124470	0.093576506	0.084238373	0.090357020	0.185524613	0.088801682	0.123654358	0.100173242
897	7	7	0.057961013	0.082962595	0.045133382	0.075000241	0.165239573	0.071745463	0.066046081	0.177173063	0.089153908	0.169584736
898	9	9	0.077507414	0.051509578	0.038410429	0.082972452	0.109245837	0.075283356	0.081519321	0.083638661	0.080968358	0.318944544
899	8	8	0.092261426	0.044574864	0.029226309	0.097501703	0.092521437	0.077199221	0.167899266	0.074876018	0.177269280	0.146670416
900	2	2	0.068273641	0.064171895	0.247650504	0.060277954	0.116543554	0.055831730	0.085200757	0.124198161	0.107228287	0.070623472
901	9	9	0.052303087	0.072271377	0.035126731	0.093817338	0.121604070	0.085930593	0.050612006	0.093789324	0.090910047	0.303635448
902	3	6	0.113202728	0.071977362	0.071543135	0.123792276	0.083390124	0.086137727	0.160961241	0.122683167	0.095789947	0.070522234
903	0	0	0.172639593	0.058635402	0.032817572	0.102340102	0.104229994	0.093603835	0.119733319	0.066790044	0.090225860	0.158984289
904	6	6	0.100417621	0.039855551	0.069534190	0.091696844	0.117275953	0.036858365	0.200172454	0.085515268	0.168022439	0.090651296
905	6	6	0.132720962	0.047112197	0.031864028	0.050516959	0.064663865	0.088576853	0.308333099	0.054185234	0.145930156	0.076096736
906	1	1	0.096484140	0.158393413	0.133170500	0.094505362	0.072783194	0.066691741	0.094314367	0.093109541	0.081582852	0.108964913
907	3	3	0.138985842	0.083137371	0.073255494	0.159818247	0.076875202	0.073095530	0.116648369	0.057743162	0.120384030	0.100056693
908	5	7	0.088569470	0.058599237	0.048533902	0.094665997	0.104170181	0.111808300	0.128250256	0.143596023	0.126650229	0.095156290
909	0	0	0.182456449	0.053574443	0.067247801	0.084998570	0.081652164	0.073735774	0.157599762	0.087049410	0.126421437	0.085264243
910	7	7	0.069065079	0.119123131	0.092074871	0.089147262	0.101761505	0.050297294	0.074029200	0.198557928	0.073850289	0.132093370
911	7	7	0.081397638	0.136417419	0.098821498	0.102399699	0.099202037	0.039505940	0.086306438	0.174594074	0.085689507	0.095665708
912	1	1	0.059208624	0.282357186	0.062294129	0.039258104	0.080159917	0.072116502	0.067152821	0.096776359	0.118515380	0.122161031
913	0	0	0.226933137	0.057166539	0.047109626	0.111311257	0.071788564	0.079927921	0.133568048	0.072617717	0.118001930	0.081575170
914	2	2	0.107656077	0.095379017	0.220560506	0.070150509	0.077181816	0.062983893	0.101623356	0.113711618	0.063196301	0.087556809
915	7	1	0.094705977	0.151752800	0.135205880	0.089760855	0.062384415	0.033288270	0.096596427	0.141503185	0.081948310	0.112853959
916	9	9	0.064136662	0.051602539	0.028071038	0.070890568	0.103531681	0.109174900	0.057232793	0.065188400	0.079238728	0.370932668
917	3	3	0.084948823	0.088397138	0.090877339	0.153048307	0.072950266	0.092104606	0.094641700	0.101865999	0.134161636	0.087004274
918	2	2	0.061050899	0.080432564	0.210198447	0.101282865	0.087283194	0.048628252	0.068929411	0.142127320	0.136045143	0.064021848
919	8	8	0.101127416	0.065090261	0.058327686	0.111733265	0.084171467	0.054237489	0.108919583	0.065263957	0.189004064	0.162124842
920	7	7	0.084765069	0.096175224	0.092060044	0.094777852	0.090068907	0.055997062	0.096926957	0.239937618	0.079554476	0.069736719
921	3	6	0.113262206	0.066026717	0.076158717	0.117970213	0.089824222	0.102748767	0.154814199	0.084750950	0.120876700	0.073567308
922	4	4	0.073583908	0.151346475	0.101500615	0.041653320	0.157911941	0.053103205	0.123880975	0.112156600	0.095744528	0.089118451
923	7	7	0.057344504	0.143449605	0.072724812	0.089449011	0.119940706	0.065759420	0.072369002	0.151845247	0.096195303	0.130922303
924	0	0	0.239585578	0.064543866	0.075775266	0.108637162	0.068680070	0.058708079	0.091667928	0.071625076	0.113335207	0.107441843
925	3	8	0.105121672	0.074044056	0.081099011	0.126406699	0.094618328	0.056501109	0.095972434	0.069402285	0.162776977	0.134057447
926	1	1	0.078799896	0.179081514	0.140914008	0.114508532	0.079182297	0.058164306	0.090182848	0.097520448	0.076073878	0.085572258
927	6	6	0.157075137	0.043542057	0.049965680	0.069385573	0.088733837	0.075067058	0.230061725	0.062398545	0.152106836	0.071663529
928	2	8	0.067859866	0.089556843	0.143331841	0.082996778	0.102791391	0.052438624	0.099570706	0.099557124	0.146115020	0.115781739
929	2	2	0.055239283	0.057663400	0.238605529	0.070661448	0.131144732	0.029309319	0.096905455	0.155549198	0.105279937	0.059641711
930	7	7	0.088638291	0.089890577	0.105776899	0.074753575	0.098563798	0.036830917	0.083115123	0.265960515	0.087475620	0.068994656
931	1	1	0.081059568	0.206527382	0.066942744	0.053607140	0.088966593	0.056212168	0.113742411	0.123039782	0.117371932	0.092530310
932	1	1	0.078345358	0.206447199	0.161749005	0.100941822	0.063417189	0.062819719	0.068392895	0.097693637	0.077313922	0.082879126
933	9	9	0.085211650	0.075715877	0.039528344	0.056396551	0.088786110	0.053784631	0.067462869	0.070674814	0.093613029	0.368826121
934	6	6	0.131763965	0.047333475	0.045649942	0.056422457	0.071292721	0.059943870	0.246739447	0.072308809	0.185020998	0.083524309
935	6	6	0.107641160	0.034057811	0.070261151	0.069280647	0.061276879	0.119363800	0.298381895	0.070069604	0.074201904	0.095465124
936	8	8	0.107831098	0.082543977	0.099336632	0.091404729	0.085522719	0.076175533	0.076158673	0.062806278	0.173230276	0.144990101
937	8	8	0.099916905	0.046837438	0.087840997	0.090447135	0.076791145	0.054743972	0.102628723	0.078688867	0.276349336	0.085755527
938	2	2	0.077293262	0.062383775	0.189731538	0.075441897	0.109615520	0.048765037	0.094065018	0.124747641	0.144802272	0.073154107
939	0	0	0.213209882	0.046769496	0.052129839	0.093557939	0.074513309	0.060248654	0.169988543	0.081278577	0.131227762	0.077075988
940	0	0	0.283664465	0.049886655	0.036791563	0.109340951	0.059949066	0.071630672	0.111994766	0.053895604	0.138979673	0.083866566
941	5	5	0.075431377	0.046606123	0.030533316	0.070348240	0.122221813	0.153829396	0.144998088	0.101198010	0.105605155	0.149228469
942	8	8	0.092620604	0.040222201	0.034107417	0.114656113	0.089017764	0.057846230	0.134767503	0.083408177	0.220454648	0.132899359
943	8	8	0.098891295	0.048408180	0.100493982	0.121467382	0.092331618	0.050759926	0.131132632	0.087476201	0.156657517	0.112381265
944	0	0	0.258095264	0.062008604	0.067980334	0.101931252	0.077081516	0.066994064	0.090940081	0.065149799	0.121861637	0.087957449
945	5	6	0.072836429	0.054452963	0.054285515	0.096893415	0.116355993	0.099782392	0.179919824	0.094162866	0.140406564	0.090904057
946	5	6	0.118206680	0.064841785	0.052254502	0.084453546	0.089659035	0.126412123	0.171135053	0.123711243	0.100367449	0.068958625
947	7	7	0.055578198	0.075314701	0.095677204	0.076940730	0.091219768	0.071636133	0.078664348	0.274927378	0.081317566	0.098724023
948	5	8	0.142872870	0.059237756	0.055316515	0.094682910	0.086866267	0.116509683	0.138145462	0.059258830	0.151214406	0.095895268
949	0	0	0.278826445	0.046291985	0.057775181	0.117385872	0.064337529	0.057507087	0.105097786	0.054337591	0.113807566	0.104632974
950	8	8	0.102965422	0.039210048	0.044545367	0.124215223	0.069433898	0.037949573	0.141162410	0.056299705	0.312985837	0.071232475
951	1	1	0.067951784	0.197664425	0.112550780	0.094766185	0.072928458	0.055582210	0.082848758	0.102279782	0.101885967	0.111541629
952	3	3	0.135946348	0.087393910	0.075030409	0.145801753	0.083159328	0.106138371	0.098040543	0.090612791	0.099314108	0.078562409
953	7	7	0.059346933	0.078532360	0.090508662	0.060680274	0.126580313	0.089018591	0.084509134	0.207425043	0.096361049	0.107037596
954	9	9	0.060635142	0.102604397	0.045940377	0.041388161	0.092823416	0.091550522	0.067212798	0.102045052	0.095322862	0.300477207
955	9	9	0.075755790	0.044691686	0.020998489	0.052595835	0.120029055	0.079361856	0.069584101	0.063574709	0.089314118	0.384094298
956	4	4	0.080439664	0.105366930	0.102123931	0.061748806	0.181533352	0.083215892	0.089108042	0.099792562	0.089766070	0.106904611
957	3	6	0.121430814	0.072404891	0.064199083	0.103553407	0.076041326	0.124543689	0.143727437	0.096318834	0.103835911	0.093944654
958	3	3	0.060323313	0.062637269	0.031977586	0.231450841	0.087926783	0.064162798	0.082071073	0.100433864	0.106937550	0.172078863
959	9	9	0.105310440	0.048473224	0.036732454	0.064013235	0.077220276	0.101008937	0.126018614	0.079409368	0.146548524	0.215264857
960	6	6	0.115831777	0.058941081	0.073731966	0.086436898	0.069250986	0.133883968	0.161237359	0.074105166	0.117650799	0.108929947
961	2	2	0.090620153	0.080885552	0.187231064	0.110368535	0.109083846	0.046407916	0.075922213	0.123003125	0.114006139	0.062471397
962	4	4	0.079615630	0.119096950	0.114693992	0.088472828	0.202396795	0.044465408	0.075879566	0.113928109	0.093596078	0.067854673
963	0	0	0.177065134	0.101584569	0.050917186	0.085266627	0.079868659	0.085108027	0.079376139	0.100649588	0.088846892	0.151317179
964	6	6	0.113127530	0.057308950	0.068103530	0.084219411	0.092317335	0.110678099	0.175105959	0.084132075	0.146138981	0.068868034
965	0	0	0.127669513	0.101477809	0.075188130	0.121514939	0.079677135	0.098593585	0.084260941	0.092791945	0.117160529	0.101665482
966	7	7	0.075630493	0.138786212	0.093668193	0.100383669	0.086531311	0.039234880	0.094438270	0.146618545	0.125061467	0.099646941
967	2	2	0.081645645	0.077632308	0.242964566	0.066977687	0.075001359	0.057450805	0.097455159	0.139642805	0.081457168	0.079772554
968	5	5	0.075763136	0.068503186	0.077260152	0.102338031	0.089524880	0.182873979	0.115278952	0.102066949	0.102547109	0.083843589
969	7	7	0.065791056	0.077270277	0.072199613	0.065154307	0.102881625	0.049393728	0.071112923	0.326050103	0.068368800	0.101777583
970	9	9	0.084176064	0.060683943	0.050432630	0.100269362	0.107786976	0.103137158	0.085045755	0.088934071	0.104056157	0.215477854
971	0	6	0.203177363	0.037591960	0.032487120	0.081888199	0.088511191	0.067157410	0.229495004	0.071527220	0.087567233	0.100597315
972	2	2	0.061123416	0.093818478	0.180835143	0.071341127	0.116514578	0.037025653	0.092934676	0.116385378	0.123054683	0.106966831
973	4	9	0.065470129	0.042145912	0.065450363	0.091851152	0.135657504	0.100309759	0.092278346	0.120746136	0.103939302	0.182151437
974	8	8	0.095406629	0.059592761	0.075731710	0.108754955	0.079394057	0.080107287	0.142839357	0.089703940	0.201206610	0.067262843
975	0	0	0.300273418	0.038033467	0.047484253	0.085687242	0.051451340	0.067891672	0.121255599	0.050948668	0.147883028	0.089091398
976	6	6	0.124302216	0.050394304	0.059988983	0.080115460	0.089997791	0.125780299	0.195332736	0.075989440	0.122885793	0.075213015
977	3	8	0.090480521	0.044513471	0.045280710	0.148269117	0.087388389	0.080780014	0.156369254	0.082854658	0.168516666	0.095547184
978	8	8	0.088133857	0.037963577	0.039910395	0.082541242	0.091606826	0.073849350	0.186875254	0.104623191	0.199310631	0.095185712
979	4	4	0.076898225	0.095389761	0.108758546	0.083973534	0.185425177	0.068940692	0.092103153	0.102361105	0.102925427	0.083224297
980	5	5	0.097618274	0.066011243	0.050176479	0.103936844	0.091932021	0.145010844	0.129264653	0.124414690	0.106923647	0.084711239
981	3	6	0.118008956	0.062741660	0.063286826	0.128725514	0.082818978	0.089476727	0.150393471	0.091138810	0.129234478	0.084174536
982	0	6	0.149142548	0.038479891	0.037587471	0.083888076	0.086564325	0.080361657	0.206510857	0.083799623	0.112929933	0.120735630
983	7	7	0.062821291	0.090474047	0.103705131	0.085490182	0.081678584	0.061413538	0.075985260	0.276902735	0.068722457	0.092806816
984	9	9	0.076427832	0.047541711	0.016682465	0.059569940	0.100121245	0.095559724	0.054239292	0.051984034	0.107925229	0.389948547
985	8	8	0.076439090	0.057333730	0.073457383	0.151465788	0.081893601	0.062635437	0.080776110	0.087056279	0.260448903	0.068493731
986	7	9	0.047673505	0.107521117	0.049464494	0.069225632	0.143984005	0.072547823	0.063833088	0.124716103	0.079014607	0.242019698
987	1	1	0.106059417	0.225410953	0.118886992	0.077444308	0.089329064	0.058424175	0.078429461	0.104584396	0.077380180	0.064051002
988	4	4	0.073362127	0.070589326	0.103882879	0.090702057	0.241785929	0.051263724	0.083967783	0.109238744	0.096141621	0.079065830
989	0	0	0.151674435	0.079578914	0.100240335	0.069283664	0.086601496	0.107444398	0.124579243	0.094267204	0.075274572	0.111055739
990	0	0	0.157481030	0.108346507	0.081933282	0.125951752	0.079212472	0.089060761	0.067717582	0.082502216	0.117345557	0.090448834
991	0	0	0.267347574	0.074608892	0.076802246	0.095253840	0.074339949	0.063480191	0.092354581	0.067648888	0.096753553	0.091410324
992	4	4	0.049199093	0.039145879	0.043783419	0.088004336	0.309247911	0.044666868	0.072156198	0.090173841	0.085307904	0.178314537
993	3	0	0.143939108	0.078679897	0.068008102	0.122735858	0.082358189	0.090008050	0.125072122	0.073255107	0.115934484	0.100009084
994	7	7	0.070519269	0.137685776	0.074670069	0.055087268	0.112995803	0.054681756	0.135294527	0.157971352	0.090021871	0.111072294
995	8	8	0.097257227	0.057219110	0.055044606	0.111898020	0.072895207	0.076333456	0.131220654	0.094238788	0.243672013	0.060220864
996	6	6	0.097893976	0.061449979	0.082130291	0.080020569	0.131271854	0.085477471	0.174917310	0.088512868	0.122684918	0.075640798
997	3	3	0.103184976	0.091086790	0.067550294	0.147466645	0.092032984	0.098777659	0.066969432	0.102699205	0.108942702	0.121289402
998	9	9	0.145640031	0.084101930	0.089710243	0.119540796	0.086902812	0.060077332	0.099291891	0.049861938	0.106368527	0.158504486
999	1	1	0.072185144	0.164440215	0.103637569	0.101777062	0.101590723	0.071068019	0.100183435	0.116642773	0.088349879	0.080125205
1000	1	1	0.073009856	0.158386230	0.146719277	0.119060777	0.091837756	0.064121142	0.086184733	0.104830235	0.081283383	0.074566543
1001	7	1	0.087157592	0.166169316	0.099075869	0.103159413	0.087875202	0.033638299	0.083044179	0.147815689	0.104080886	0.087983586
1002	1	1	0.118251361	0.162588060	0.120978437	0.090123340	0.092620902	0.067077912	0.081146352	0.123367421	0.077826805	0.066019394
1003	3	3	0.085360393	0.067517363	0.108681373	0.151534393	0.083367035	0.095187418	0.076038741	0.087802008	0.151154667	0.093356617
1004	5	8	0.081690803	0.050826844	0.060438238	0.097150221	0.086693414	0.087677367	0.163098544	0.096075162	0.181997329	0.094352186
1005	9	9	0.079548605	0.051867157	0.027564749	0.072962150	0.112026490	0.088332556	0.051842656	0.057761587	0.083066992	0.375027120
1006	3	6	0.104059443	0.064068548	0.074105941	0.156308532	0.079830967	0.094209544	0.160479054	0.095426552	0.102206185	0.069305278
1007	8	8	0.083838247	0.052573536	0.074002244	0.113667056	0.095234834	0.075050347	0.099528462	0.106990024	0.150740415	0.148374796
1008	5	5	0.080847569	0.064002305	0.064492688	0.099874415	0.099543087	0.189646885	0.101441473	0.112030230	0.098016761	0.090104602
1009	8	8	0.116359897	0.051946059	0.053494688	0.084045440	0.083363958	0.079163328	0.159507111	0.098118097	0.204200506	0.069800943
1010	5	5	0.081959680	0.077281453	0.083676644	0.093534268	0.089708164	0.194266781	0.069632530	0.117550842	0.100602694	0.091786981
1011	6	6	0.081603967	0.040865377	0.044448640	0.063716635	0.128383785	0.057088245	0.297466666	0.083635226	0.142616108	0.060175274
1012	8	8	0.102671847	0.067248538	0.077413812	0.114212826	0.078438796	0.079100184	0.090597630	0.067027397	0.241523013	0.081765942
1013	9	9	0.090556629	0.054677632	0.021340139	0.063246876	0.103576407	0.096379250	0.063860208	0.059417237	0.125761211	0.321184456
1014	6	6	0.136854202	0.047957644	0.054819819	0.085735552	0.080156453	0.131455436	0.190330565	0.072541505	0.134916410	0.065232344
1015	9	9	0.102086209	0.067876220	0.049228594	0.073602930	0.089313805	0.117999561	0.081533410	0.064765513	0.117979042	0.235614806
1016	2	2	0.093448639	0.096252851	0.180169210	0.076812893	0.088386059	0.068588950	0.093944594	0.142609075	0.075757667	0.084030017
1017	8	8	0.113697760	0.053846002	0.047087766	0.071643680	0.083904557	0.077025488	0.172894239	0.087029569	0.205650836	0.087220080
1018	9	9	0.065928876	0.071196668	0.036613401	0.061554123	0.109245889	0.059828132	0.072265655	0.077391244	0.098184690	0.347791314
1019	4	4	0.042270742	0.035489101	0.043198802	0.049459439	0.344159871	0.049899694	0.063474707	0.088903412	0.094260715	0.188883439
1020	3	3	0.096812129	0.081979975	0.064137094	0.142233059	0.103624545	0.069999471	0.081770495	0.094893523	0.136732727	0.127817005
1021	7	7	0.066838600	0.139966771	0.104318857	0.120844640	0.106023610	0.051712360	0.050210476	0.204185769	0.085924558	0.069974422
1022	2	2	0.079385385	0.067159034	0.208546087	0.093647413	0.067000508	0.056443427	0.082314976	0.115459748	0.127435490	0.102607980
1023	8	8	0.095135905	0.031465072	0.026829259	0.100865766	0.093605116	0.083810449	0.174312010	0.080971010	0.199163854	0.113841474
1024	0	0	0.169098154	0.048700985	0.060267989	0.106631443	0.072414808	0.067295708	0.165957198	0.075656071	0.145371452	0.088606149
1025	3	6	0.101673469	0.045751635	0.053662386	0.143167764	0.094781049	0.083779186	0.161995128	0.130852535	0.115941636	0.068395197
1026	8	8	0.138849407	0.065339342	0.070761718	0.114469655	0.071765423	0.073674105	0.096204765	0.062679984	0.176934794	0.129320830
1027	3	3	0.115772791	0.096709952	0.090354718	0.159131393	0.063778557	0.070609465	0.096704237	0.074483722	0.116409957	0.116045177
1028	2	2	0.091963291	0.070407987	0.226715356	0.080044724	0.067096427	0.065748453	0.107838653	0.103943914	0.084294111	0.101947047
1029	8	8	0.098358169	0.041146167	0.050456569	0.119474754	0.088687457	0.069644466	0.141655713	0.064986274	0.235937089	0.089653388
1030	6	6	0.099885322	0.057648476	0.082375497	0.116678983	0.067421086	0.067661136	0.177919149	0.069925584	0.165094674	0.095390104
1031	9	9	0.084251374	0.082452260	0.058507431	0.074103393	0.091454819	0.059747826	0.069213741	0.089087188	0.124519356	0.266662657
1032	7	7	0.082824454	0.127389029	0.114691198	0.100941300	0.081112549	0.068205513	0.104600169	0.155631408	0.090180561	0.074423842
1033	1	1	0.071114600	0.147678509	0.128052279	0.092196703	0.104136422	0.089762956	0.095496371	0.115700372	0.087644190	0.068217583
1034	8	8	0.118297741	0.056488696	0.046583805	0.083283134	0.111806579	0.089677386	0.156239435	0.076130763	0.182121992	0.079370491
1035	1	1	0.101242103	0.164375022	0.141667381	0.097295076	0.076065823	0.049253039	0.085172229	0.114428334	0.083293557	0.087207437
1036	7	9	0.048787232	0.051125210	0.040720191	0.061563279	0.106716514	0.073184997	0.085668541	0.215857834	0.075388052	0.240988106
1037	6	6	0.146236792	0.039831132	0.048914779	0.074705184	0.067079216	0.066765927	0.284622729	0.059997778	0.136955559	0.074890889
1038	2	2	0.093222424	0.072469980	0.172251776	0.074122950	0.080100432	0.107238308	0.147115529	0.099006362	0.063522808	0.090949401
1039	7	7	0.067555420	0.073113374	0.080731049	0.068848006	0.074043922	0.083768860	0.075946897	0.275843143	0.079407737	0.120741621
1040	4	4	0.060599171	0.055637479	0.056810368	0.067469686	0.249637946	0.071255274	0.083026066	0.108178012	0.081410691	0.165975347
1041	2	2	0.081098728	0.083192006	0.213226676	0.084974669	0.070114553	0.066355295	0.124270014	0.132271990	0.067695737	0.076800264
1042	7	1	0.068313926	0.152853966	0.087587714	0.127081826	0.073784597	0.077859186	0.081452526	0.152234331	0.103598550	0.075233392
1043	4	4	0.081862032	0.116302609	0.089549415	0.059917789	0.187527865	0.065107614	0.093616717	0.097253554	0.102246627	0.106615789
1044	0	0	0.208231419	0.061945111	0.102924846	0.111313760	0.067776807	0.046544764	0.137718007	0.053929720	0.105553232	0.104062296
1045	2	2	0.084617041	0.125941679	0.142819554	0.102761187	0.085221425	0.060225464	0.090550154	0.125969559	0.092479385	0.089414589
1046	2	2	0.088101260	0.090747081	0.166877776	0.064353645	0.082829088	0.093399271	0.105945952	0.131446689	0.086806625	0.089492559
1047	8	8	0.099570267	0.050583098	0.075569071	0.072935715	0.093583547	0.055221029	0.147544339	0.082026616	0.195025221	0.127941161
1048	5	5	0.090212084	0.067426823	0.079319298	0.083029032	0.086435057	0.189920336	0.099772446	0.101112805	0.097097963	0.105674140
1049	8	8	0.119265698	0.039016768	0.055903934	0.100988850	0.083395042	0.081117682	0.169749498	0.070162013	0.200568780	0.079831704
1050	4	4	0.106042966	0.095796674	0.110422112	0.079095401	0.128110528	0.122025147	0.098768130	0.083827190	0.085095584	0.090816282
1051	8	8	0.109309047	0.035711970	0.065708049	0.105129130	0.093253650	0.064932697	0.167141542	0.090175450	0.182502821	0.086135656
1052	2	2	0.109041005	0.089092545	0.186555520	0.061889064	0.091885872	0.061961692	0.108713768	0.107594207	0.092503019	0.090763330
1053	3	3	0.093386471	0.078785516	0.085510142	0.206207290	0.073877804	0.074311770	0.069880843	0.081666470	0.126682758	0.109690934
1054	7	7	0.077920578	0.129651979	0.113289773	0.091388568	0.072305866	0.038101908	0.080602534	0.243012726	0.064072587	0.089653470
1055	4	9	0.057345606	0.083307259	0.049423408	0.065209031	0.185755029	0.066479608	0.079375871	0.104157627	0.081225842	0.227720708
1056	3	3	0.136060745	0.069196522	0.052698817	0.165720567	0.058427438	0.092872694	0.125858054	0.077969171	0.100962661	0.120233357
1057	6	0	0.157406926	0.066765226	0.069754116	0.105475619	0.083984576	0.116863780	0.123217545	0.063028388	0.096701004	0.116802797
1058	5	5	0.121616423	0.059618313	0.057796232	0.101309173	0.077371284	0.134197578	0.133582041	0.104685612	0.102376036	0.107447289
1059	9	9	0.074445419	0.045163833	0.027441209	0.064844236	0.131456092	0.085118279	0.053689029	0.051760871	0.094886802	0.371194243
1060	9	0	0.164825991	0.045900390	0.062302511	0.091524899	0.082954057	0.092223115	0.127240404	0.067803890	0.147094443	0.118130364
1061	9	9	0.077516578	0.035554592	0.022230873	0.082588933	0.095824651	0.084159076	0.101608068	0.068747401	0.099375129	0.332394719
1062	9	9	0.075884297	0.067382194	0.023309439	0.056205463	0.114011325	0.075686134	0.057365421	0.069193974	0.092340000	0.368621767
1063	2	2	0.090770975	0.086742878	0.173886433	0.094970480	0.077979982	0.053162105	0.097573951	0.117032938	0.118775420	0.089104928
1064	3	3	0.075011700	0.061877795	0.117927097	0.167242348	0.071396947	0.096866854	0.125156119	0.109427713	0.084798895	0.090294495
1065	8	8	0.087654375	0.033931646	0.026200652	0.098857522	0.099084511	0.068295509	0.167154998	0.066919111	0.209292471	0.142609164
1066	8	8	0.095281899	0.041694101	0.030068815	0.102942772	0.107263401	0.076498114	0.159457758	0.074632883	0.168365747	0.143794522
1067	4	4	0.047097933	0.041655064	0.042025495	0.060450450	0.307321310	0.058712397	0.058673803	0.090688489	0.087144390	0.206230655
1068	5	6	0.095603138	0.058506723	0.089541852	0.101602986	0.084336281	0.135816738	0.190386832	0.087155573	0.088857740	0.068192117
1069	8	8	0.117213331	0.060488034	0.065625280	0.099228434	0.089751340	0.077230848	0.125587538	0.097841822	0.180010274	0.087023146
1070	2	2	0.083547495	0.075944498	0.194228470	0.088542938	0.127832502	0.066753291	0.074521840	0.117012769	0.106979452	0.064636692
1071	5	5	0.099378675	0.073046245	0.081322379	0.094262272	0.081848867	0.195815936	0.095213138	0.085988812	0.097600363	0.095523208
1072	1	1	0.056332123	0.248354435	0.186919287	0.074992552	0.078689076	0.050733622	0.090205997	0.092075780	0.057652157	0.064044893
1073	5	5	0.081017829	0.076873079	0.061389744	0.087746806	0.057598282	0.222812116	0.104921892	0.107720807	0.093178101	0.106741384
1074	1	1	0.059548471	0.228790268	0.154031321	0.120434798	0.074802384	0.052736845	0.072309934	0.097043730	0.072146252	0.068155929
1075	7	7	0.063565932	0.107935995	0.117105506	0.051907204	0.096947476	0.046740398	0.067593269	0.259380043	0.088874884	0.099949293
1076	8	3	0.119475156	0.075831011	0.068023264	0.150590047	0.083128333	0.085938498	0.100279421	0.074854963	0.131483793	0.110395379
1077	7	1	0.057529822	0.169174433	0.077597097	0.103733577	0.099862866	0.049695220	0.061760087	0.143725649	0.083129793	0.153791398
1078	5	7	0.099105179	0.072702326	0.068004549	0.116129041	0.093070462	0.112999097	0.103553101	0.134743065	0.100574717	0.099118456
1079	6	6	0.129201099	0.064527512	0.073212892	0.079056427	0.086578175	0.095472522	0.186177969	0.080178522	0.137550309	0.068044484
1080	7	7	0.055670030	0.065701663	0.065682925	0.046862740	0.091445103	0.055146527	0.061420333	0.397724986	0.051983885	0.108361788
1081	5	5	0.094592758	0.039003838	0.064335644	0.096381053	0.073827446	0.197361976	0.155739993	0.083803117	0.115869120	0.079085052
1082	1	1	0.101283208	0.174307153	0.101154037	0.093508661	0.115525737	0.057708044	0.068644434	0.133473650	0.086921334	0.067473814
1083	5	5	0.095343821	0.046190638	0.057163302	0.096350834	0.084631346	0.182989523	0.162778080	0.075664058	0.110967413	0.087920971
1084	2	2	0.101202071	0.108706586	0.168195218	0.087083459	0.071701311	0.075064696	0.102137245	0.102682956	0.096319839	0.086906515
1085	3	3	0.125989720	0.081681706	0.090207398	0.160158500	0.064014018	0.095888719	0.099555433	0.079123631	0.103888370	0.099492490
1086	0	0	0.154600799	0.056489654	0.094361208	0.084922515	0.093645975	0.069979422	0.140598327	0.093091242	0.100167766	0.112143010
1087	8	8	0.116345271	0.044976357	0.043661084	0.071124211	0.078061573	0.061860390	0.187895104	0.074218385	0.223101541	0.098756097
1088	0	0	0.237998649	0.036807746	0.061608128	0.106974304	0.083427981	0.052962415	0.153239667	0.052197099	0.125377238	0.089406773
1089	8	8	0.119197465	0.046304341	0.060413629	0.089022346	0.102927245	0.055990223	0.099964082	0.047010645	0.292377323	0.086792678
1090	1	1	0.066342011	0.197701171	0.109874897	0.105131686	0.106054507	0.041625317	0.073343679	0.156200320	0.078985266	0.064741209
1091	8	8	0.102380067	0.059742745	0.062361307	0.106764048	0.073645934	0.077271104	0.143150136	0.109313123	0.201576337	0.063795306
1092	9	9	0.049270228	0.050285365	0.034425348	0.044746734	0.103421852	0.073532775	0.061920002	0.096517242	0.074476495	0.411403954
1093	2	2	0.088543288	0.072205789	0.231963292	0.082328200	0.054995850	0.062169135	0.118556432	0.097365357	0.089477226	0.102395386
1094	9	9	0.089801058	0.028832678	0.024162535	0.066324964	0.139484122	0.084257066	0.081638068	0.072157316	0.106835261	0.306506991
1095	2	2	0.084729351	0.068623036	0.215316236	0.096941233	0.052187160	0.058212038	0.115147650	0.118712351	0.084409051	0.105721943
1096	0	0	0.211507678	0.047447976	0.051452301	0.073976718	0.085555881	0.090909638	0.176862448	0.078329489	0.109323658	0.074634209
1097	4	4	0.086842649	0.113352641	0.086528935	0.080067493	0.178311139	0.073586240	0.102888897	0.100348510	0.099213593	0.078860030
1098	5	6	0.110442385	0.073445752	0.067592785	0.090137489	0.088391572	0.147719637	0.147826284	0.073161729	0.084833495	0.116448812
1099	1	1	0.070007108	0.218220949	0.125839949	0.084571317	0.079843514	0.072314821	0.069569618	0.115249589	0.086568020	0.077815138
1100	9	9	0.108068913	0.037753835	0.055283096	0.132911548	0.075477250	0.085976824	0.115141489	0.070476301	0.129847497	0.189063221
1101	8	9	0.090497933	0.083009429	0.077642940	0.104624920	0.090096302	0.084942415	0.081022084	0.100768469	0.135600016	0.151795492
1102	1	9	0.055327162	0.137340888	0.067442946	0.084966943	0.123322912	0.074488655	0.072703846	0.111655958	0.086779289	0.185971394
1103	3	3	0.125701159	0.087748185	0.080355436	0.142996415	0.083411574	0.069968842	0.114595987	0.062586263	0.108850814	0.123785317
1104	4	9	0.062473275	0.076442465	0.044619039	0.061476246	0.195597544	0.053482372	0.092131950	0.094296381	0.099911079	0.219569623
1105	4	8	0.093695939	0.103353828	0.095100731	0.081838943	0.117464803	0.095221139	0.119041659	0.088325731	0.119591825	0.086365432
1106	4	1	0.067979999	0.153264627	0.069508024	0.053197842	0.113143198	0.102872618	0.105258770	0.099979609	0.089996383	0.144799009
1107	6	6	0.092776619	0.041343328	0.095282622	0.074433535	0.069229230	0.104842462	0.262249172	0.084344015	0.053525239	0.121973835
1108	4	4	0.065981977	0.094230860	0.105135754	0.103006065	0.192070976	0.049021896	0.071710795	0.107824296	0.136476591	0.074540831
1109	1	9	0.060858231	0.114006959	0.046042025	0.099556722	0.148333743	0.075336851	0.062513687	0.123196162	0.076037861	0.194117785
1110	0	9	0.157116309	0.072288118	0.034568153	0.087214038	0.109784082	0.086651668	0.102079749	0.085129440	0.104477763	0.160690665
1111	4	4	0.064288341	0.076410353	0.083637685	0.089426897	0.207080245	0.055692352	0.099458538	0.091152832	0.123007886	0.109844767
1112	5	7	0.085850962	0.081969850	0.083468378	0.106680073	0.081372663	0.121665977	0.109406255	0.137669057	0.094724685	0.097192056
1113	6	6	0.109554566	0.077931002	0.065151997	0.082025282	0.073900953	0.092347741	0.165976301	0.092820540	0.155538931	0.084752709
1114	6	8	0.140911967	0.064547509	0.062848568	0.095027812	0.075245224	0.108519115	0.135340631	0.074955538	0.153560638	0.089043073
1115	4	4	0.077397600	0.092977449	0.074385375	0.060980644	0.244863778	0.048704192	0.093253598	0.109344602	0.095379993	0.102712698
1116	7	7	0.062512554	0.086765125	0.066308387	0.073722713	0.113481045	0.059567153	0.065092303	0.283800185	0.067123465	0.121627070
1117	6	6	0.125416145	0.046618856	0.045438994	0.098946922	0.068966918	0.086680375	0.252519101	0.069063552	0.133979276	0.072369881
1118	7	7	0.081783608	0.122782484	0.112798668	0.079245418	0.100179024	0.040523477	0.097883515	0.181347266	0.082418837	0.101037703
1119	5	5	0.078579798	0.059352849	0.083893202	0.085276820	0.055139005	0.210159734	0.128269613	0.083468162	0.079039738	0.136821046
1120	9	9	0.079435445	0.047108371	0.024550959	0.064872526	0.109760858	0.063797407	0.055340603	0.068520144	0.097571492	0.389042258
1121	2	2	0.104780994	0.079712048	0.188236669	0.067562021	0.079177760	0.072968483	0.117396422	0.141983375	0.069057010	0.079125240
1122	5	6	0.094202533	0.044927135	0.048827887	0.081364259	0.073717527	0.154474720	0.226083919	0.094493389	0.105582468	0.076326154
1123	6	6	0.121393748	0.041672278	0.046520203	0.115068361	0.069437973	0.064908348	0.210255384	0.088071510	0.146988243	0.095683947
1124	0	0	0.252282381	0.056340046	0.063318603	0.114962392	0.060944173	0.062977642	0.128079936	0.070909277	0.102433868	0.087751560
1125	0	0	0.225600138	0.061372813	0.065791905	0.097413823	0.083406366	0.058011897	0.140550762	0.082347535	0.106849693	0.078655191
1126	1	1	0.114508629	0.161036491	0.146101609	0.083100557	0.088312536	0.058503702	0.086839862	0.124204695	0.068221271	0.069170728
1127	2	2	0.075619869	0.118410744	0.131520495	0.105901599	0.089414097	0.070252709	0.094286971	0.102961615	0.095280819	0.116351075
1128	8	8	0.104604498	0.063221417	0.087655447	0.092861272	0.092543684	0.053624362	0.110656716	0.059210040	0.250901401	0.084721185
1129	5	5	0.106227361	0.059171598	0.054576237	0.089625470	0.082847059	0.166121006	0.124915987	0.098394416	0.099705674	0.118415207
1130	8	8	0.112479448	0.045699008	0.055969890	0.088267870	0.089539014	0.055757497	0.131064340	0.088842869	0.223350212	0.109029904
1131	3	8	0.131645128	0.069999710	0.072335787	0.124070287	0.106208041	0.084105738	0.100582868	0.074163042	0.139952123	0.096937247
1132	0	0	0.218016803	0.051613145	0.051881660	0.070075750	0.084910691	0.105184346	0.158807874	0.074793242	0.110628970	0.074087434
1133	4	4	0.056332514	0.046794537	0.044221967	0.072933853	0.232173949	0.069428794	0.093610398	0.090958148	0.095530830	0.198014960
1134	9	9	0.069889463	0.109354578	0.046327271	0.043269288	0.099225387	0.085156560	0.091127604	0.101825722	0.127179280	0.226644814
1135	0	0	0.229286820	0.068128094	0.045504861	0.077156067	0.073825702	0.087073497	0.142514065	0.050185744	0.107947879	0.118377268
1136	2	2	0.085228853	0.083364278	0.205323890	0.061541427	0.106307410	0.070087194	0.091689661	0.124525756	0.108474009	0.063457482
1137	3	9	0.090430029	0.071878977	0.070661455	0.181973681	0.070376121	0.055879075	0.069419861	0.067873351	0.134644568	0.186862916
1138	6	6	0.116695561	0.043832045	0.049650881	0.173947290	0.053206388	0.054006804	0.220499337	0.068598799	0.138813987	0.080748841
1139	0	0	0.148420632	0.087406598	0.103135534	0.119456366	0.073298790	0.083790869	0.094624773	0.115488052	0.089721747	0.084656648
1140	7	7	0.053427506	0.077049732	0.065844581	0.055722736	0.105436258	0.043865535	0.062059749	0.355946928	0.070068017	0.110578924
1141	3	6	0.103869282	0.054916512	0.058709931	0.102794640	0.104816400	0.106317401	0.197954312	0.079952300	0.110911511	0.079757765
1142	1	1	0.097627953	0.192103222	0.138152704	0.101290435	0.069615893	0.070178643	0.077381589	0.107617475	0.075110935	0.070921198
1143	5	5	0.084061377	0.051975902	0.061196588	0.100601465	0.085848100	0.210708052	0.113547623	0.102630697	0.107341342	0.082088821
1144	0	0	0.309523761	0.039226346	0.036269195	0.103356689	0.057259630	0.083932884	0.110217236	0.051016714	0.106484145	0.102713399
1145	6	6	0.150292829	0.047618441	0.061205089	0.094828390	0.113722794	0.067129716	0.180182904	0.058267094	0.160361558	0.066391133
1146	3	3	0.098471537	0.065203659	0.081761673	0.183009580	0.066810444	0.088541672	0.120947815	0.092883773	0.122189559	0.080180250
1147	0	6	0.150971875	0.048359908	0.076324463	0.073825195	0.086528234	0.077980950	0.163106561	0.077201240	0.104508698	0.141192943
1148	0	0	0.256343275	0.058816601	0.044723280	0.085863844	0.061837696	0.074942231	0.136703700	0.053160883	0.114794999	0.112813398
1149	9	8	0.111820966	0.061730172	0.074188136	0.094379835	0.064053297	0.111452229	0.089842416	0.073367052	0.168415084	0.150750861
1150	8	8	0.114636399	0.059957221	0.061779909	0.140522361	0.094680563	0.069408745	0.101091333	0.063863948	0.204069510	0.089989945
1151	6	6	0.142005533	0.057392858	0.074431412	0.082932442	0.075866833	0.116601706	0.188034445	0.085532114	0.114183962	0.063018680
1152	4	2	0.081005394	0.069522597	0.134045228	0.085745595	0.127704114	0.057764292	0.116688430	0.101626024	0.124266431	0.101631910
1153	8	9	0.083818831	0.093348190	0.078243136	0.104713380	0.093731254	0.075679302	0.080491588	0.094163418	0.140975550	0.154835358
1154	1	1	0.088672251	0.199473813	0.144566417	0.105304055	0.080303177	0.066464104	0.081318013	0.103507675	0.057091538	0.073299006
1155	6	6	0.087112568	0.039919980	0.038133372	0.085479073	0.128922746	0.061421979	0.261442363	0.100342318	0.138092890	0.059132710
1156	0	6	0.121499456	0.078649372	0.094269753	0.100747861	0.082542509	0.102527998	0.138012409	0.088375300	0.102587268	0.090788066
1157	7	7	0.044392820	0.063996918	0.074700370	0.068309188	0.083797216	0.108320236	0.081482634	0.287872523	0.072681643	0.114446461
1158	4	4	0.072876498	0.077275842	0.113871753	0.090817422	0.220165551	0.049946990	0.086087674	0.097207785	0.102649629	0.089100823
1159	2	2	0.086982727	0.102576017	0.160910234	0.091365397	0.066883750	0.054125149	0.080914117	0.094805390	0.153633237	0.107803956
1160	6	6	0.140914217	0.049062952	0.065979846	0.073122904	0.072645307	0.108790010	0.224963039	0.068641327	0.126790985	0.069089450
1161	8	3	0.129585057	0.073836558	0.070745796	0.155751839	0.085329086	0.083220333	0.092934668	0.068860173	0.149702892	0.090033531
1162	6	6	0.114050068	0.077164002	0.094873108	0.101260915	0.082769752	0.093850628	0.190430373	0.083924614	0.074064992	0.087611631
1163	5	5	0.083325781	0.080193765	0.075385749	0.109123953	0.083394341	0.175360069	0.088699654	0.126433566	0.083466008	0.094617076
1164	5	5	0.097230412	0.044003401	0.063173078	0.071799882	0.068767317	0.219981283	0.159728348	0.080313578	0.090107210	0.104895607
1165	7	7	0.060532667	0.072219945	0.103292294	0.074300990	0.074613437	0.077343144	0.076970950	0.277007759	0.080153532	0.103565298
1166	8	8	0.091614418	0.074287951	0.071535379	0.106691770	0.091809534	0.088590942	0.088195883	0.090177529	0.148626983	0.148469672
1167	5	5	0.088639028	0.072969668	0.102311648	0.081207566	0.086575650	0.175906733	0.118161894	0.092244916	0.080795221	0.101187564
1168	8	8	0.108269297	0.074447297	0.085762531	0.121962734	0.070828632	0.057634596	0.097097047	0.056895860	0.180709705	0.146392375
1169	8	8	0.119571716	0.081700735	0.082850486	0.092081115	0.073467351	0.062142838	0.105799980	0.060623869	0.181438595	0.140323341
1170	4	4	0.088173896	0.084658697	0.111159973	0.092906944	0.139725193	0.085855514	0.114800617	0.103638008	0.091629207	0.087452002
1171	8	8	0.125886664	0.055047050	0.059681818	0.085618652	0.076030180	0.064300932	0.164350823	0.085846998	0.192704603	0.090532377
1172	3	3	0.144630328	0.075940646	0.063222557	0.171120167	0.055855893	0.094164953	0.105586544	0.089979857	0.106772557	0.092726648
1173	3	3	0.139424562	0.076511458	0.068237223	0.162797883	0.070647337	0.097834833	0.091532812	0.069574997	0.126374349	0.097064622
1174	5	6	0.101867229	0.056678735	0.047244251	0.092222787	0.086558208	0.141791523	0.166138217	0.113868900	0.103896491	0.089733541
1175	0	0	0.225006923	0.061193086	0.063872315	0.093103670	0.068792365	0.073446818	0.130276516	0.077943183	0.113592632	0.092772402
1176	7	7	0.057893533	0.067015283	0.088936239	0.075756289	0.080256917	0.052221097	0.069434740	0.376289576	0.061269246	0.070927083
1177	7	7	0.075911827	0.098269448	0.104661249	0.074409910	0.106840201	0.038129095	0.084468566	0.252722532	0.083125852	0.081461348
1178	5	5	0.092392787	0.059491038	0.070797414	0.100043245	0.067799233	0.220694467	0.087283045	0.113457039	0.094436273	0.093605466
1179	6	6	0.095737539	0.049330030	0.080293775	0.068001762	0.111186184	0.067302950	0.246732354	0.065582566	0.110917561	0.104915328
1180	4	4	0.064658955	0.064962156	0.061993554	0.063378073	0.201196283	0.095643081	0.100234129	0.095437676	0.085167304	0.167328790
1181	8	8	0.094007187	0.055739217	0.059675653	0.097825415	0.071904927	0.080538459	0.143960640	0.092336364	0.208479121	0.095532991
1182	9	8	0.120658442	0.045038119	0.065309674	0.113972329	0.103454918	0.088792928	0.112815686	0.063949510	0.146671101	0.139337361
1183	9	9	0.104562089	0.079733245	0.051129438	0.081134826	0.084796749	0.111828357	0.094126858	0.067874826	0.154388189	0.170425445
1184	0	0	0.180116817	0.037924305	0.029507902	0.064595185	0.101813056	0.087286204	0.173846841	0.071154602	0.108122669	0.145632505
1185	3	3	0.121938258	0.086847000	0.078807652	0.154056415	0.081324041	0.084424593	0.090672180	0.091823064	0.122205056	0.087901764
1186	5	0	0.139456123	0.085793890	0.065928869	0.068488553	0.080801979	0.127180368	0.123437844	0.108831920	0.109351158	0.090729363
1187	3	3	0.109849691	0.088176653	0.082710356	0.184816375	0.058592722	0.081994601	0.092367321	0.085243456	0.124685250	0.091563553
1188	5	5	0.078527465	0.056549657	0.032038067	0.086065501	0.122563265	0.175858632	0.086213902	0.116834447	0.096401028	0.148948073
1189	4	4	0.059001286	0.066077478	0.072323196	0.075786516	0.210550278	0.068406083	0.116231672	0.107326753	0.086618289	0.137678429
1190	1	1	0.092678241	0.189036563	0.164477810	0.108735658	0.073592231	0.065187648	0.080743082	0.084651671	0.071169123	0.069727987
1191	4	4	0.057194885	0.038882416	0.049001940	0.067930311	0.312546939	0.054479357	0.090149090	0.097739875	0.091985412	0.140089825
1192	2	7	0.059244204	0.082203545	0.138463840	0.087107323	0.096271425	0.061887041	0.091649868	0.182144970	0.063587405	0.137440309
1193	0	0	0.199764371	0.045086671	0.066525154	0.106352672	0.070728667	0.062612452	0.135135219	0.080087692	0.126252398	0.107454672
1194	9	9	0.061416689	0.069159612	0.024981590	0.050574429	0.116538644	0.069179736	0.060716249	0.070880465	0.085771792	0.390780777
1195	3	6	0.117241763	0.060415145	0.076392777	0.125686869	0.099797487	0.083246157	0.167402089	0.077801943	0.115914427	0.076101370
1196	6	6	0.089171417	0.047723927	0.081443600	0.138288021	0.106595837	0.036357354	0.174726963	0.084515847	0.147280857	0.093896270
1197	6	6	0.136034057	0.063408725	0.079161942	0.073004238	0.085106842	0.086537682	0.248700619	0.079417415	0.087382577	0.061245937
1198	2	2	0.102130599	0.104074202	0.158582315	0.082110286	0.079613879	0.099633545	0.112333089	0.092806146	0.080867007	0.087848932
1199	6	6	0.107094616	0.043260925	0.043889936	0.076702982	0.107423320	0.066966608	0.344871461	0.072679676	0.084198415	0.052912042
1200	4	4	0.104715548	0.104452074	0.114195518	0.063559927	0.154885322	0.057000376	0.116196677	0.095057599	0.107712716	0.082224153
1201	0	0	0.300895244	0.040775031	0.036144678	0.097204223	0.065734141	0.066052750	0.125516236	0.053672284	0.135008439	0.078997031
1202	9	6	0.122410797	0.041394040	0.059343286	0.106638677	0.095119141	0.107658856	0.137026027	0.088163383	0.118947029	0.123298801
1203	0	0	0.280557752	0.081109017	0.073465273	0.085980184	0.067346953	0.071944669	0.083656743	0.056390591	0.093951002	0.105597824
1204	2	2	0.087006845	0.059516121	0.197153732	0.076177299	0.083807267	0.096800014	0.143983766	0.110445939	0.060177095	0.084931947
1205	9	9	0.058619402	0.055762853	0.038112130	0.055804018	0.107800201	0.119006276	0.074611031	0.081892945	0.079671971	0.328719169
1206	1	1	0.082078993	0.243991554	0.125858203	0.075163178	0.074758008	0.056811675	0.093258679	0.089836568	0.065370783	0.092872366
1207	7	7	0.062427070	0.062500112	0.081449986	0.073723987	0.102065161	0.039020926	0.065968134	0.348215878	0.075049505	0.089579232
1208	0	0	0.227570996	0.052455164	0.041956317	0.069198199	0.070073806	0.088521063	0.156373784	0.069094211	0.116238162	0.108518288
1209	1	1	0.093948834	0.183939055	0.111000903	0.110079341	0.093269393	0.063820057	0.078011669	0.097817637	0.083896302	0.084216885
1210	8	8	0.088823341	0.050025895	0.046641689	0.109019011	0.090106748	0.102219068	0.126057282	0.077009149	0.210646644	0.099451140
1211	2	2	0.065123484	0.089965209	0.155024707	0.084100462	0.130016476	0.036255024	0.097810768	0.135314628	0.128312662	0.078076623
1212	5	5	0.094143331	0.072546288	0.061290611	0.079933710	0.100073986	0.163708553	0.095328674	0.100114539	0.125585288	0.107275061
1213	0	0	0.174577683	0.067805938	0.086945012	0.127180487	0.069106355	0.063775003	0.124886982	0.102452420	0.098077774	0.085192278
1214	7	7	0.074018545	0.132385716	0.113262922	0.103747748	0.095822848	0.037960432	0.077917092	0.167489469	0.103831895	0.093563318
1215	8	8	0.122431062	0.078114137	0.087916888	0.124861680	0.092559740	0.083363548	0.089895427	0.064968430	0.144454658	0.111434489
1216	8	8	0.103595585	0.049733296	0.049711913	0.086330362	0.090447478	0.085964441	0.152176127	0.077899426	0.212402403	0.091738924
1217	6	6	0.135159239	0.051243231	0.051779028	0.087012693	0.066529468	0.052057493	0.204007536	0.080231316	0.177441448	0.094538540
1218	1	1	0.068531565	0.237109959	0.087253861	0.066155933	0.109099954	0.058404189	0.083984546	0.124300212	0.080930479	0.084229253
1219	8	8	0.105336845	0.022567753	0.024560083	0.106448390	0.099127844	0.053964414	0.141738757	0.055171013	0.263157099	0.127927840
1220	4	4	0.072637334	0.068155169	0.115668193	0.094247133	0.197230726	0.056041293	0.067325056	0.104949333	0.135630861	0.088114887
1221	3	3	0.108927898	0.086524889	0.068645678	0.146195844	0.091115899	0.072559610	0.105165169	0.089960031	0.139332056	0.091572881
1222	8	8	0.136484310	0.054383054	0.058010031	0.099672563	0.062264189	0.052719478	0.128891513	0.072174676	0.207916468	0.127483726
1223	9	9	0.098117374	0.058221307	0.045632742	0.058187604	0.098958366	0.081206910	0.098921165	0.075729817	0.083732970	0.301291734
1224	6	6	0.107734397	0.051504537	0.054789431	0.067082748	0.094124608	0.095973209	0.247336432	0.068410791	0.115236260	0.097807586
1225	4	9	0.057182644	0.061355166	0.044095043	0.067074291	0.187333986	0.067052104	0.085135609	0.098167844	0.089739390	0.242863938
1226	9	9	0.094785191	0.051912133	0.051806118	0.066188231	0.090509281	0.121918865	0.125041679	0.102979258	0.066996716	0.227862492
1227	9	9	0.059857436	0.048547577	0.032524657	0.064783432	0.119738594	0.106317461	0.073686115	0.078550905	0.077462211	0.338531584
1228	8	8	0.099375844	0.071149960	0.063739806	0.074328952	0.067032211	0.066663854	0.142730564	0.086360320	0.202107430	0.126511022
1229	9	9	0.114212781	0.071495041	0.094466530	0.068790309	0.089319535	0.107895866	0.119121574	0.105926692	0.076963842	0.151807770
1230	0	0	0.163111731	0.071058534	0.082448155	0.101913005	0.075720675	0.068098895	0.120392710	0.100486167	0.102571234	0.114198886
1231	0	0	0.331851602	0.048849992	0.050845768	0.087469161	0.069815129	0.070473202	0.100574970	0.076926440	0.096521817	0.066671968
1232	0	0	0.177278444	0.052429885	0.062380448	0.086819984	0.088202231	0.081751168	0.162110224	0.085010879	0.115934052	0.088082641
1233	8	8	0.096674472	0.058696978	0.058591176	0.105803549	0.068756878	0.085536994	0.115272529	0.080735892	0.277458191	0.052473400
1234	9	9	0.099329218	0.070878088	0.056710441	0.136055380	0.092809066	0.080937505	0.060366716	0.053710714	0.110477269	0.238725618
1235	9	9	0.106607877	0.037119031	0.034507714	0.087152041	0.093203828	0.109291747	0.109194756	0.085722968	0.147233263	0.189966843
1236	5	6	0.098203063	0.073719956	0.046329636	0.072257504	0.127110824	0.135725349	0.147977903	0.101087928	0.109681971	0.087905921
1237	3	3	0.138003036	0.087952457	0.099039391	0.150429472	0.076761350	0.064856462	0.088020280	0.062800951	0.117117390	0.115019262
1238	8	8	0.094413877	0.061108921	0.066752203	0.130919248	0.092642047	0.060473766	0.100343861	0.087593190	0.199243203	0.106509708
1239	1	1	0.101568483	0.151024342	0.135484472	0.090064935	0.098699018	0.080311671	0.080578908	0.108093582	0.075184427	0.078990176
1240	9	9	0.071988761	0.048301369	0.051928554	0.093315162	0.105717994	0.068608150	0.095746867	0.094567686	0.079423934	0.290401459
1241	9	1	0.095339455	0.153235406	0.099953339	0.040513381	0.086395219	0.093919784	0.099853694	0.099202797	0.101433523	0.130153418
1242	0	0	0.160044387	0.085220903	0.090932913	0.124304295	0.082740709	0.083905652	0.091898531	0.092119433	0.095754027	0.093079180
1243	6	6	0.122123837	0.063119732	0.081547067	0.083423384	0.089295723	0.086793616	0.226639241	0.096664928	0.071176708	0.079215705
1244	1	1	0.073275425	0.209501326	0.171001866	0.077873632	0.091196641	0.056797255	0.094054669	0.091244385	0.064243168	0.070811599
1245	9	9	0.081422254	0.075518511	0.072678000	0.059803970	0.084109068	0.098822936	0.131745473	0.097855546	0.085254475	0.212789670
1246	3	0	0.161151111	0.069898523	0.052003302	0.148394093	0.062887900	0.114933625	0.096820422	0.094526224	0.104680717	0.094704039
1247	9	8	0.111238964	0.057603996	0.047478858	0.073543034	0.082133181	0.121984422	0.116196133	0.086114466	0.152429834	0.151277155
1248	5	5	0.072079897	0.048486736	0.038402248	0.084629945	0.117729150	0.154992431	0.120755933	0.111158788	0.117713682	0.134051174
1249	7	7	0.069689751	0.126825884	0.105433486	0.065545194	0.106892981	0.087235309	0.074921370	0.157480061	0.103661552	0.102314472
1250	3	7	0.103102937	0.070349887	0.100203134	0.114167996	0.077700034	0.096697778	0.124918081	0.132871866	0.105532251	0.074455976
1251	0	0	0.227623656	0.054673623	0.064798772	0.120225571	0.066823274	0.075586848	0.092829719	0.060047083	0.143443987	0.093947485
1252	9	9	0.124810934	0.067194864	0.084537417	0.127120182	0.083452217	0.073938347	0.084996462	0.050917674	0.104009353	0.199022517
1253	9	9	0.066297568	0.059099790	0.021015201	0.047799427	0.113201283	0.075091541	0.064061418	0.062101979	0.096720643	0.394611180
1254	6	6	0.150001898	0.051155157	0.058111835	0.114739768	0.065710343	0.110866316	0.159007326	0.063097455	0.132836133	0.094473772
1255	6	6	0.082061529	0.041647848	0.055633735	0.070644282	0.103196785	0.081221499	0.299051672	0.102371007	0.096457340	0.067714244
1256	3	7	0.108733378	0.045642842	0.041915860	0.102109306	0.092387058	0.116206504	0.134623542	0.143970415	0.113501713	0.100909427
1257	3	3	0.089527562	0.060424700	0.113890760	0.148457736	0.058581129	0.112684697	0.107190669	0.146246761	0.088157490	0.074838474
1258	1	1	0.091348499	0.136467084	0.135932431	0.109918177	0.080501236	0.070879348	0.092894211	0.107318491	0.093667172	0.081073403
1259	3	8	0.112457946	0.047822744	0.053508393	0.132616594	0.082484156	0.080221601	0.144917682	0.084502414	0.198700264	0.062768124
1260	8	8	0.100839160	0.053109247	0.056213219	0.100377053	0.099117875	0.093222253	0.151555493	0.074399114	0.172295853	0.098870710
1261	0	0	0.211577713	0.064570621	0.080754511	0.084259108	0.081403442	0.084321119	0.119340114	0.057425357	0.117022514	0.099325478
1262	1	1	0.069385804	0.247584283	0.066904679	0.048087277	0.087057091	0.067740038	0.081315063	0.099933609	0.109982491	0.122009650
1263	3	0	0.144623175	0.083147824	0.077586040	0.135790735	0.063347995	0.103713334	0.093986757	0.114665061	0.099901848	0.083237283
1264	0	0	0.296175838	0.069671877	0.062547132	0.087926693	0.076639958	0.071968414	0.091920651	0.057417691	0.098457947	0.087273829
1265	8	6	0.095327474	0.064352043	0.066042937	0.124920458	0.065045394	0.058025554	0.157757044	0.095585808	0.155741483	0.117201783
1266	0	0	0.183428347	0.073275089	0.112379335	0.127874956	0.066997714	0.045691203	0.113988429	0.075051092	0.108640999	0.092672795
1267	2	2	0.084471099	0.088166729	0.188727409	0.099900603	0.081559993	0.062159430	0.093312047	0.155381367	0.063212149	0.083109222
1268	3	0	0.190841272	0.081799641	0.072243385	0.108747274	0.062488195	0.088957235	0.116474293	0.077131175	0.115501180	0.085816316
1269	5	5	0.073985673	0.070819363	0.077042691	0.101390056	0.068859495	0.201790944	0.098626792	0.120544441	0.080099761	0.106840760
1270	1	9	0.054060016	0.132672787	0.056367829	0.076781988	0.113124713	0.070241511	0.067580633	0.124774612	0.071363807	0.233032137
1271	3	6	0.117569238	0.055518106	0.064874902	0.107514285	0.094664060	0.087616310	0.190998375	0.108781286	0.108107671	0.064355761
1272	1	1	0.077968150	0.172454968	0.142576784	0.108253837	0.074097648	0.064791203	0.074210651	0.104926877	0.088305421	0.092414506
1273	9	0	0.161621630	0.039666910	0.056793652	0.089267649	0.077805012	0.087898731	0.152806506	0.081490859	0.118458979	0.134190097
1274	2	2	0.092424318	0.127169877	0.154118285	0.082460225	0.086384892	0.055390552	0.109749235	0.124955267	0.078227416	0.089119874
1275	5	6	0.068650395	0.045485329	0.039752919	0.068962552	0.144380569	0.132234693	0.161261678	0.095322430	0.131324127	0.112625301
1276	4	9	0.068857580	0.041965403	0.047081456	0.081082165	0.194686979	0.079518922	0.072162844	0.097354576	0.086311713	0.230978280
1277	4	4	0.071689807	0.091505483	0.107411444	0.113460518	0.206927985	0.076193392	0.071046509	0.093425490	0.090528928	0.077810422
1278	8	6	0.110049509	0.065132931	0.070007607	0.096292660	0.090489730	0.078524403	0.166476816	0.079782285	0.118858308	0.124385878
1279	1	1	0.108454525	0.150368810	0.139523014	0.110367082	0.075545058	0.056892145	0.082904451	0.121075593	0.080855772	0.074013501
1280	7	7	0.057441249	0.070754774	0.107166201	0.062135793	0.086718768	0.087352104	0.074058264	0.230561733	0.062308498	0.161502570
1281	2	7	0.083507292	0.098500557	0.155025184	0.084927231	0.079884134	0.065353684	0.097818568	0.161767095	0.100854442	0.072361819
1282	1	1	0.081825070	0.189460322	0.128665462	0.119458191	0.070375837	0.072687216	0.090454832	0.089305036	0.072984785	0.084783249
1283	0	0	0.196809143	0.035319172	0.069538914	0.083898969	0.073815882	0.055875771	0.158554405	0.051759392	0.171673775	0.102754638
1284	0	0	0.214249551	0.065765686	0.099131264	0.099035621	0.082791097	0.051658411	0.116876259	0.056997366	0.121941969	0.091552824
1285	9	9	0.103211373	0.055782098	0.070216537	0.074744731	0.091846168	0.107871935	0.128566757	0.114117421	0.066333964	0.187308937
1286	5	5	0.080189943	0.085754827	0.050887983	0.075543039	0.113691114	0.166668877	0.086804576	0.113156199	0.100300543	0.127002910
1287	1	1	0.094155505	0.219282284	0.119644679	0.100039355	0.085130669	0.048398446	0.059746310	0.109931044	0.087280393	0.076391332
1288	9	9	0.163243562	0.081379384	0.088711187	0.095760368	0.070256025	0.067492232	0.071882322	0.049173251	0.101242431	0.210859284
1289	5	5	0.091880448	0.077460349	0.062580131	0.113497995	0.088540450	0.158830822	0.092768967	0.107977778	0.109958932	0.096504241
1290	3	3	0.086889073	0.086648129	0.115658261	0.174113452	0.066151910	0.098217458	0.113992825	0.099128023	0.085396774	0.073804073
1291	2	2	0.074854828	0.069124214	0.226962000	0.093130298	0.065657169	0.051027246	0.088643044	0.119214863	0.098073579	0.113312744
1292	7	7	0.064771540	0.084031932	0.070039406	0.071559146	0.118790202	0.066152863	0.085797295	0.238679916	0.074745938	0.125431731
1293	1	1	0.098214827	0.140990883	0.133621976	0.113881730	0.090572178	0.077738248	0.077971034	0.113834739	0.076482736	0.076691665
1294	2	2	0.095918596	0.093397297	0.188441381	0.068820000	0.069682866	0.065925203	0.105196670	0.118681014	0.083483137	0.110453889
1295	4	4	0.060307555	0.074451916	0.091906816	0.070377789	0.212678283	0.046107069	0.101299815	0.102412678	0.118559517	0.121898465
1296	3	3	0.098242588	0.101688743	0.096932694	0.210218489	0.062446270	0.077417515	0.080085278	0.108713746	0.086640902	0.077613786
1297	7	7	0.056598395	0.070725858	0.090734228	0.070384331	0.076557972	0.060245495	0.090252891	0.283081055	0.094618350	0.106801398
1298	2	2	0.088454716	0.096806683	0.179217726	0.087316766	0.073816910	0.056480363	0.082360417	0.112302318	0.137208655	0.086035520
1299	6	6	0.090318196	0.064861499	0.046678439	0.060417447	0.089232445	0.084594488	0.234309569	0.088263758	0.157237262	0.084086955
1300	2	2	0.088984720	0.095671795	0.172309920	0.081636146	0.088185444	0.062493745	0.099571452	0.148676202	0.076317906	0.086152665
1301	4	4	0.068133034	0.056553222	0.113617510	0.096684098	0.231304005	0.053678501	0.109439515	0.086401626	0.107235365	0.076953106
1302	8	8	0.102328986	0.077766448	0.066937432	0.105199717	0.098650180	0.076353811	0.111918807	0.099659450	0.182072818	0.079112336
1303	8	8	0.083024815	0.060879055	0.092436008	0.111893423	0.093099281	0.069253445	0.112650737	0.092213839	0.144554317	0.139995039
1304	0	0	0.204167366	0.047885142	0.062131751	0.085254051	0.080282897	0.064952299	0.176945016	0.051681727	0.126559883	0.100139849
1305	3	6	0.109219797	0.050704509	0.059464045	0.115509361	0.091057695	0.068084002	0.170931920	0.085325219	0.167995691	0.081707768
1306	4	4	0.071443319	0.082161821	0.096916117	0.066105701	0.261382490	0.058862850	0.093626857	0.109561317	0.075578183	0.084361419
1307	5	5	0.101465635	0.040563691	0.051391877	0.098644704	0.084373288	0.197590366	0.153041363	0.079005480	0.110499360	0.083424278
1308	3	3	0.091198005	0.088587083	0.104566693	0.158297062	0.083762981	0.077608682	0.071327619	0.086341269	0.110488959	0.127821594
1309	4	4	0.056525853	0.047801033	0.060368035	0.084569074	0.239180267	0.056304991	0.094937265	0.091411196	0.081239522	0.187662736
1310	0	0	0.170943409	0.048639167	0.089051969	0.092744567	0.060149990	0.072670951	0.133403972	0.092503861	0.109538384	0.130353704
1311	0	0	0.222249612	0.096055798	0.055471297	0.076628722	0.083861955	0.073333547	0.112224698	0.072194859	0.110364996	0.097614586
1312	5	5	0.074282318	0.051059179	0.029672716	0.074687950	0.131311938	0.156927228	0.103756450	0.124537475	0.100812957	0.152951792
1313	1	1	0.102472283	0.165570721	0.152929485	0.101623751	0.078695998	0.061959609	0.087004483	0.109318890	0.071935341	0.068489462
1314	2	2	0.082376771	0.093037985	0.213404432	0.077597864	0.072201781	0.069492072	0.110954821	0.128685176	0.070043139	0.082205981
1315	8	8	0.120523423	0.052036058	0.051532932	0.080883786	0.074587315	0.075204492	0.129477590	0.056168560	0.222515866	0.137070000
1316	6	6	0.116265528	0.043256313	0.054642793	0.087414369	0.084307268	0.104001217	0.242982835	0.070001930	0.127359673	0.069768168
1317	1	1	0.093635678	0.169731542	0.141097382	0.112738602	0.075465873	0.068670548	0.076962285	0.112327263	0.071095482	0.078275330
1318	7	7	0.078748628	0.122859888	0.089877710	0.090200998	0.094032533	0.066715449	0.081478491	0.199764907	0.082899384	0.093422063
1319	1	1	0.078264721	0.181913540	0.079596944	0.088710122	0.123395316	0.075724334	0.070055172	0.109710440	0.082691707	0.109937772
1320	5	6	0.089028731	0.041992553	0.066890612	0.089807525	0.070481159	0.164828494	0.221338078	0.079923287	0.083668567	0.092041090
1321	6	6	0.112263985	0.042534005	0.052363686	0.097918198	0.083512343	0.050438169	0.208778575	0.076079115	0.199449271	0.076662704
1322	1	1	0.067265466	0.234343559	0.083508909	0.074281178	0.112797551	0.060951408	0.057147685	0.129575625	0.070602551	0.109526142
1323	7	7	0.074423775	0.103976704	0.062058955	0.082363099	0.125230417	0.074752368	0.085597686	0.154367939	0.088898264	0.148330688
1324	3	7	0.099317722	0.052978735	0.041895531	0.113148987	0.082980335	0.124346904	0.119462654	0.152034163	0.115989432	0.097845525
1325	4	4	0.064342722	0.079713203	0.126304433	0.089394331	0.215584844	0.046444602	0.080155961	0.111277275	0.119555324	0.067227311
1326	2	2	0.093756475	0.077766076	0.181331471	0.077024139	0.080951408	0.083751187	0.130129665	0.129561603	0.066508137	0.079219893
1327	6	6	0.179329664	0.037872117	0.039965443	0.070228048	0.051278416	0.129403636	0.196127921	0.043785661	0.136413306	0.115595780
1328	8	8	0.089290291	0.072342947	0.074561588	0.106717445	0.095080204	0.091970742	0.120254509	0.093570895	0.133174956	0.123036414
1329	4	4	0.057461709	0.061831839	0.087168962	0.076566078	0.236225858	0.064664476	0.113813624	0.096227869	0.087728590	0.118311025
1330	6	6	0.092532247	0.051317867	0.095387608	0.084167361	0.066474244	0.092463180	0.260570973	0.078051575	0.086348094	0.092686869
1331	0	0	0.239406079	0.043981161	0.049640860	0.087544560	0.062624998	0.060992867	0.167378485	0.073278569	0.117600411	0.097551994
1332	1	1	0.060840424	0.215933740	0.069382474	0.074906819	0.136766508	0.061336562	0.064049549	0.114512399	0.083599865	0.118671641
1333	6	0	0.185164198	0.047228262	0.063072346	0.105015770	0.072810173	0.061355632	0.156386286	0.060749434	0.156628042	0.091589838
1334	2	2	0.077233978	0.091521241	0.277847230	0.056296006	0.060325269	0.059621178	0.099815205	0.150177732	0.064030021	0.063132197
1335	6	6	0.099148586	0.057804059	0.060342237	0.059436757	0.073849469	0.136163399	0.229185462	0.062853888	0.088185258	0.133030832
1336	4	4	0.072511755	0.069212772	0.080600873	0.085739128	0.153129444	0.066633053	0.134404331	0.104284458	0.111781940	0.121702231
1337	1	1	0.076052040	0.215790391	0.154005691	0.113710284	0.072905228	0.053722043	0.089148454	0.085300624	0.062992088	0.076373197
1338	2	2	0.118425369	0.103407495	0.137229428	0.081241407	0.077441692	0.098872893	0.106716685	0.099286325	0.088721886	0.088656805
1339	7	9	0.057322565	0.109001629	0.055238556	0.093538001	0.134285897	0.066494115	0.076114707	0.142799854	0.080627561	0.184577122
1340	9	9	0.085396282	0.057119418	0.056266326	0.083216742	0.071607232	0.119655915	0.129270405	0.099261254	0.143523231	0.154683203
1341	0	0	0.197497994	0.080802530	0.090802915	0.093177453	0.073293842	0.070237041	0.119982943	0.069820650	0.106919639	0.097465016
1342	7	7	0.065992512	0.079686753	0.113719843	0.055078339	0.094364740	0.082175463	0.092424132	0.256372690	0.065076090	0.095109470
1343	0	0	0.192537308	0.059651844	0.066444829	0.083399959	0.073741347	0.064448975	0.151803121	0.093882076	0.121080115	0.093010433
1344	1	1	0.108056590	0.232844591	0.113697231	0.059793044	0.099939734	0.071796782	0.075019613	0.088438690	0.078191496	0.072222330
1345	2	2	0.097676508	0.078226753	0.192448318	0.090160571	0.072791591	0.060265806	0.078116946	0.109021135	0.129934296	0.091358058
1346	5	5	0.095311172	0.074168578	0.070685536	0.089491174	0.092315145	0.192328274	0.075498588	0.107122719	0.106222697	0.096856073
1347	6	6	0.079756156	0.047372136	0.092612758	0.090508789	0.081223994	0.071754217	0.249136016	0.076781861	0.101409681	0.109444387
1348	0	0	0.202460423	0.057372358	0.061049525	0.077670150	0.124673478	0.075088613	0.118519083	0.054620467	0.129112542	0.099433385
1349	0	0	0.214659467	0.059129715	0.089627668	0.093796022	0.060684040	0.061415337	0.108929433	0.073051237	0.127229542	0.111477561
1350	2	2	0.068730891	0.126825869	0.194260299	0.082841888	0.059945337	0.032232076	0.093886763	0.109768748	0.113221742	0.118286289
1351	2	2	0.081801631	0.088968843	0.172225863	0.064978018	0.106393263	0.063678823	0.090875544	0.121719517	0.129579261	0.079779252
1352	8	8	0.110608168	0.025501831	0.033195298	0.085823081	0.086145476	0.035480622	0.144894376	0.043269511	0.357946068	0.077135645
1353	5	5	0.102398016	0.061804544	0.085307404	0.084511109	0.095619060	0.162593603	0.147853985	0.089174412	0.099179216	0.071558699
1354	4	4	0.081386678	0.076495156	0.066937357	0.070057608	0.177894920	0.070647307	0.093704827	0.114347510	0.099853605	0.148675069
1355	2	2	0.070001759	0.075352423	0.208151683	0.087907381	0.105137296	0.049994625	0.096613154	0.144248173	0.098649234	0.063944243
1356	2	2	0.074828371	0.079205558	0.193508655	0.060298305	0.081509486	0.062820345	0.118711203	0.153793558	0.085065149	0.090259410
1357	4	4	0.072997183	0.120405465	0.119811952	0.072565801	0.169964880	0.068921454	0.095254064	0.106138423	0.085833773	0.088107102
1358	3	3	0.100372031	0.066544607	0.107190102	0.135569319	0.083729535	0.083603889	0.113223918	0.105065800	0.112633124	0.092067666
1359	9	0	0.142732143	0.040477317	0.077766918	0.127295479	0.084062994	0.087981887	0.110371090	0.070996344	0.139210269	0.119105577
1360	3	8	0.118612289	0.073879659	0.094307281	0.128502265	0.088795193	0.066397414	0.094077237	0.091899440	0.151460543	0.092068627
1361	7	7	0.080654122	0.098904952	0.116094768	0.051197048	0.085152864	0.052300118	0.067894787	0.299297065	0.070579693	0.077924609
1362	5	9	0.077481888	0.060582507	0.040578779	0.077120185	0.113179252	0.168621793	0.080767453	0.097861357	0.109085016	0.174721792
1363	9	9	0.077088900	0.045490608	0.014104364	0.045645837	0.093905821	0.075464696	0.059329182	0.045597598	0.106639989	0.436733067
1364	9	9	0.088784136	0.065468483	0.036459569	0.063800104	0.097427733	0.084983438	0.044262335	0.054306354	0.071954295	0.392553598
1365	2	2	0.096118852	0.079976290	0.184501752	0.063137546	0.127297923	0.070696965	0.095451862	0.122022323	0.098650582	0.062145896
1366	9	9	0.083717644	0.030539921	0.021858059	0.052277524	0.141310841	0.082506597	0.084629737	0.070784748	0.111140251	0.321234673
1367	0	0	0.211541742	0.058524296	0.057326227	0.106405772	0.072724164	0.095597170	0.123068675	0.054551635	0.110472955	0.109787300
1368	4	9	0.056709219	0.059079248	0.042486124	0.077729583	0.183894858	0.079962991	0.077480115	0.096364364	0.075699002	0.250594497
1369	8	8	0.109242626	0.070646897	0.090402916	0.107181512	0.079508014	0.059702121	0.100391492	0.067900181	0.207891911	0.107132308
1370	2	2	0.078992970	0.089447312	0.157851487	0.084916204	0.066255450	0.058186878	0.098048881	0.122101203	0.135362014	0.108837634
1371	4	4	0.075681545	0.047956228	0.043515414	0.086773142	0.245627403	0.085952207	0.054299656	0.101978786	0.098547108	0.159668490
1372	5	5	0.076634124	0.059734650	0.059387464	0.086233340	0.091708757	0.203750402	0.101915278	0.118584886	0.111365721	0.090685390
1373	4	4	0.055889066	0.071741670	0.079727806	0.079522192	0.246213034	0.048141543	0.076715268	0.127388909	0.126405910	0.088254541
1374	2	2	0.083641633	0.075733528	0.230811328	0.053929880	0.107699193	0.063051783	0.111055978	0.132520333	0.075200886	0.066355474
1375	3	3	0.091017686	0.097208239	0.090576284	0.217567086	0.077444650	0.083723299	0.079751313	0.083406724	0.097375184	0.081929520
1376	7	7	0.066051304	0.082940012	0.074981645	0.067631222	0.102420799	0.063083120	0.077656798	0.280793816	0.065673374	0.118767962
1377	9	0	0.153426975	0.046019208	0.063084126	0.101779729	0.076499902	0.103726409	0.120735295	0.069063261	0.148760200	0.116904937
1378	0	0	0.167789578	0.056414694	0.110569254	0.095387816	0.069929399	0.078372322	0.098966554	0.093740277	0.124253854	0.104576252
1379	5	6	0.099711612	0.038549032	0.050951511	0.079679422	0.067989789	0.183701694	0.213641226	0.103305444	0.084300831	0.078169361
1380	1	1	0.076894186	0.221795991	0.093978040	0.072614990	0.103239454	0.042440128	0.085044950	0.128439173	0.085377276	0.090175822
1381	2	2	0.092350475	0.066677146	0.250137776	0.075559035	0.067238167	0.055761144	0.091910519	0.111037105	0.099043801	0.090284891
1382	4	4	0.083469465	0.127882510	0.059216782	0.042628877	0.174400464	0.095706113	0.119586632	0.088039763	0.086909182	0.122160301
1383	6	6	0.108595885	0.061328094	0.081194922	0.062176455	0.112177730	0.073957406	0.199577823	0.068473697	0.138797641	0.093720362
1384	5	8	0.086859524	0.061775506	0.063995458	0.081322171	0.109229870	0.092574574	0.149639070	0.098294772	0.156599909	0.099709228
1385	8	8	0.085885242	0.085032068	0.105999433	0.125585571	0.102192089	0.070796430	0.095862471	0.091135345	0.154355988	0.083155438
1386	7	7	0.054282639	0.133552000	0.082202233	0.128199965	0.109345637	0.067177884	0.077060930	0.137401387	0.091335155	0.119442232
1387	7	7	0.088509381	0.079895653	0.100480214	0.080199599	0.067556962	0.068726279	0.090018980	0.252045870	0.093518190	0.079048872
1388	3	3	0.120730758	0.074766427	0.093869187	0.139489248	0.074429147	0.114158675	0.106504053	0.091047823	0.095394410	0.089610241
1389	6	6	0.117863707	0.050962474	0.057933375	0.072675690	0.092126139	0.072814338	0.222443551	0.082887560	0.162833154	0.067459919
1390	3	0	0.146142289	0.090213880	0.081825271	0.122896239	0.090425804	0.091331415	0.106434315	0.089774184	0.085219383	0.095737204
1391	2	2	0.084585756	0.086878821	0.209148183	0.087970853	0.061945368	0.053522706	0.100059733	0.103181101	0.111869857	0.100837618
1392	4	4	0.093934402	0.063687585	0.105955124	0.070307873	0.262734920	0.063970610	0.082017861	0.085217193	0.097686216	0.074488282
1393	9	9	0.057782084	0.083810970	0.047244035	0.038201343	0.097395681	0.065094694	0.068654127	0.137831420	0.099663809	0.304321826
1394	4	4	0.067067057	0.086692505	0.117305472	0.075264335	0.194008395	0.047144696	0.074439056	0.106884934	0.152720347	0.078473203
1395	5	5	0.083487615	0.043866742	0.096205957	0.090939641	0.056834377	0.184700951	0.158937946	0.087294474	0.096696928	0.101035379
1396	5	5	0.088469960	0.064016618	0.041089009	0.087197430	0.105967328	0.158656761	0.142360285	0.111625567	0.108331256	0.092285745
1397	8	8	0.114589967	0.051636372	0.074578136	0.105318926	0.096454136	0.069129147	0.118864194	0.059545282	0.206289396	0.103594393
1398	5	5	0.093933351	0.083299540	0.091733210	0.112977527	0.075242907	0.146209821	0.093098521	0.085847057	0.103203550	0.114454500
1399	9	6	0.136178046	0.041302189	0.070761010	0.093748555	0.080142371	0.063229762	0.182070777	0.072485231	0.172358796	0.087723315
1400	2	2	0.065149881	0.121821843	0.199266940	0.083514504	0.067022495	0.029265895	0.083889857	0.183820933	0.085202418	0.081045195
1401	5	6	0.094674997	0.047080766	0.036700442	0.066108719	0.114020132	0.141085386	0.199057698	0.092601836	0.110308729	0.098361313
1402	4	4	0.057169247	0.082111299	0.066492349	0.075940304	0.252452701	0.046622861	0.092093728	0.112256825	0.103996068	0.110864699
1403	1	1	0.081283987	0.212575912	0.128654525	0.077856995	0.083567485	0.068851940	0.072676174	0.114651546	0.081964724	0.077916741
1404	7	7	0.057946190	0.108745731	0.088794053	0.087459758	0.092638247	0.063305333	0.061814182	0.289466649	0.067456245	0.082373641
1405	8	8	0.113589898	0.038309064	0.067329668	0.105094954	0.072385445	0.044167925	0.139317945	0.072475404	0.244709119	0.102620587
1406	4	4	0.068691112	0.072293565	0.103480943	0.074028894	0.256699026	0.053253345	0.086366311	0.093720943	0.094393909	0.097071990
1407	5	5	0.071593717	0.057168510	0.043500632	0.081961922	0.121408567	0.161923900	0.111722559	0.120845161	0.111596413	0.118278675
1408	9	8	0.114745066	0.055657569	0.060377538	0.083331712	0.070753038	0.116628818	0.114431746	0.110594504	0.157351792	0.116128199
1409	8	8	0.092184015	0.049170364	0.062596574	0.088240534	0.103536800	0.051005006	0.143367484	0.084741220	0.200439945	0.124718033
1410	3	3	0.107586145	0.086294040	0.081964575	0.130691886	0.086213842	0.114577599	0.096044168	0.100597017	0.102695256	0.093335398
1411	3	3	0.112009130	0.060133982	0.065337345	0.147854492	0.076307401	0.060178436	0.120514490	0.108235955	0.131040126	0.118388571
1412	4	4	0.077290960	0.138061285	0.111577012	0.108873390	0.146537334	0.063690409	0.083379231	0.114285916	0.082692489	0.073611937
1413	1	1	0.080162860	0.295517236	0.064555809	0.046800613	0.084863983	0.053796850	0.064390130	0.094684675	0.111263506	0.103964269
1414	9	9	0.057754267	0.055612177	0.020991463	0.036241136	0.099137224	0.054821294	0.053223729	0.070141971	0.092861049	0.459215701
1415	8	8	0.112421662	0.051903080	0.066403896	0.090175532	0.073108256	0.105540566	0.147134319	0.091897257	0.192683905	0.068731472
1416	8	8	0.101048030	0.035868701	0.046544913	0.120288223	0.074518017	0.064005643	0.190974593	0.084355704	0.203175485	0.079220690
1417	7	7	0.102109708	0.124812886	0.109547742	0.080552854	0.086071424	0.043955851	0.082469724	0.168740094	0.108890913	0.092848733
1418	0	0	0.192688137	0.069795772	0.055218279	0.076936677	0.096180305	0.095488131	0.132778287	0.076259710	0.081684478	0.122970201
1419	4	4	0.045959208	0.068522684	0.075464301	0.072301544	0.283079654	0.041743051	0.081339642	0.118695259	0.099552840	0.113341853
1420	1	1	0.062228717	0.273739010	0.119579203	0.087175466	0.070730224	0.054312333	0.089812435	0.085149594	0.070416734	0.086856321
1421	3	3	0.145818889	0.077712134	0.058092058	0.172567695	0.070617177	0.080154277	0.136246726	0.090885319	0.078989059	0.088916659
1422	1	1	0.068750478	0.228168935	0.083800957	0.098465897	0.101858258	0.057645541	0.083197683	0.125633344	0.074940689	0.077538282
1423	9	9	0.049429197	0.043380879	0.024630891	0.042738348	0.088701263	0.097113147	0.062284444	0.072558075	0.061592616	0.457571149
1424	9	9	0.053941712	0.068394139	0.023924153	0.038230769	0.109044217	0.063685842	0.052556686	0.078507900	0.106231019	0.405483603
1425	0	0	0.239002526	0.048818696	0.069838420	0.093183868	0.069447048	0.060098574	0.149458721	0.085490853	0.090827592	0.093833730
1426	9	8	0.129961088	0.048209824	0.062121894	0.084377326	0.074793451	0.090568282	0.145343244	0.086066097	0.206144616	0.072414115
1427	8	8	0.109438926	0.059684042	0.098378830	0.092777625	0.099300779	0.062395375	0.115694046	0.066031329	0.226803243	0.069495775
1428	5	5	0.125856429	0.044181261	0.057281587	0.080428690	0.063567512	0.199786052	0.155042470	0.063040324	0.112042189	0.098773479
1429	4	4	0.056427885	0.052111447	0.068022259	0.106340699	0.263748437	0.066324413	0.057180133	0.100098424	0.093077205	0.136669055
1430	8	8	0.116743661	0.074219577	0.092390187	0.084199056	0.081820056	0.061790597	0.108980797	0.062626638	0.220326409	0.096903123
1431	0	0	0.273903668	0.056358583	0.069261305	0.097884506	0.075961322	0.082025543	0.097651772	0.064746328	0.096692204	0.085514739
1432	9	9	0.116383471	0.050574947	0.083655305	0.078416713	0.081916079	0.119333230	0.117294699	0.095479891	0.084850520	0.172095209
1433	1	1	0.074502937	0.320105761	0.062917255	0.046834901	0.078920431	0.063364245	0.060332965	0.110608518	0.090459995	0.091953047
1434	1	1	0.068955325	0.164757431	0.092547268	0.084205665	0.116141886	0.082931548	0.072016209	0.120755054	0.089097708	0.108591944
1435	7	7	0.057924904	0.074281186	0.110660970	0.079532824	0.077069968	0.083340690	0.075828649	0.245087221	0.082422145	0.113851398
1436	9	9	0.103653684	0.079935692	0.071939155	0.101746246	0.088976331	0.089364789	0.096286163	0.069286630	0.112083957	0.186727360
1437	6	6	0.103613444	0.050936505	0.057257388	0.078658082	0.120115712	0.075005837	0.228445292	0.096426919	0.113964453	0.075576365
1438	2	2	0.047754172	0.076488227	0.273336172	0.069163859	0.104307383	0.037188269	0.094524704	0.140311584	0.091569871	0.065355726
1439	5	5	0.110359326	0.079399548	0.071229599	0.076333016	0.081088252	0.200185016	0.067362614	0.068321139	0.147367448	0.098354012
1440	7	7	0.072882928	0.134330362	0.077671938	0.065796651	0.092081688	0.048245084	0.072872862	0.259189039	0.089661635	0.087267809
1441	7	7	0.068024836	0.078885093	0.091368452	0.043112010	0.141431168	0.053904377	0.088250414	0.262979925	0.081007838	0.091035858
1442	7	7	0.102314457	0.132533759	0.096562915	0.073908165	0.110984601	0.059782900	0.093316883	0.154251412	0.088709943	0.087634973
1443	1	1	0.071332470	0.212206140	0.074500322	0.061605614	0.100865245	0.053121936	0.083852559	0.134296924	0.100564606	0.107654214
1444	3	0	0.150098652	0.076217242	0.085080042	0.109609798	0.088105902	0.081942409	0.118526086	0.082796805	0.135314479	0.072308622
1445	3	4	0.094837852	0.065524109	0.057641815	0.117569759	0.140319049	0.094670340	0.133080751	0.092925668	0.106147900	0.097282730
1446	7	7	0.072344705	0.097039774	0.063643120	0.118081704	0.077178538	0.064597949	0.075037427	0.239283264	0.088284798	0.104508765
1447	4	4	0.082046106	0.089312449	0.115915962	0.095658191	0.151079282	0.056782559	0.120813429	0.116521738	0.091607735	0.080262586
1448	2	2	0.084186010	0.091438442	0.184256807	0.061561588	0.075233206	0.079622522	0.129132569	0.130181670	0.086884819	0.077502370
1449	9	9	0.052971303	0.057020083	0.023927860	0.043394729	0.105941623	0.083014384	0.059769258	0.071217366	0.074536942	0.428206503
1450	1	9	0.065102875	0.134357855	0.063916147	0.097667545	0.116470963	0.063593417	0.066629700	0.134073228	0.103247307	0.154940963
1451	5	6	0.103995726	0.042555824	0.042809948	0.074406706	0.109475464	0.122009441	0.215786010	0.089096427	0.120273501	0.079591021
1452	0	0	0.313362598	0.030893501	0.029898573	0.091895245	0.059420276	0.064822480	0.157748252	0.045683298	0.125600711	0.080675066
1453	4	4	0.070338421	0.105011672	0.092631951	0.071025632	0.192331433	0.086653911	0.087339483	0.107381515	0.081549302	0.105736613
1454	9	8	0.127887622	0.046861179	0.072930850	0.127335146	0.070787683	0.101981670	0.103141896	0.080806859	0.135525048	0.132742137
1455	4	4	0.068271063	0.060242075	0.080404632	0.092935041	0.204902127	0.073957101	0.079225011	0.106086083	0.102209501	0.131767347
1456	4	6	0.097790986	0.108285479	0.115185313	0.072712623	0.123611838	0.060001932	0.133444130	0.103083655	0.106399737	0.079484336
1457	5	5	0.128162742	0.081148721	0.070317067	0.091172487	0.091871567	0.143398613	0.114584364	0.065945126	0.096368365	0.117031023
1458	5	5	0.083805934	0.050405141	0.056148399	0.100476235	0.101777814	0.189442828	0.127549872	0.097857065	0.114710711	0.077825919
1459	0	0	0.289523959	0.050960340	0.052931592	0.089589313	0.075240768	0.071136490	0.118743703	0.071532652	0.101137146	0.079203948
1460	9	9	0.090908192	0.077582151	0.074195065	0.088469565	0.080074914	0.090201914	0.112978250	0.075965755	0.134278685	0.175345451
1461	0	0	0.167964861	0.067097493	0.073414639	0.088857442	0.086786285	0.087615781	0.132013321	0.062062189	0.109798469	0.124389566
1462	1	1	0.064959615	0.205649123	0.151126161	0.128389090	0.069535166	0.053722847	0.068249770	0.102042973	0.063546099	0.092779189
1463	5	5	0.104379714	0.061980177	0.056144677	0.103695169	0.080216527	0.165483192	0.124885187	0.107252836	0.098473802	0.097488694
1464	0	0	0.206003666	0.065637439	0.066612691	0.078990497	0.080372483	0.113846131	0.111525111	0.092173003	0.079740889	0.105098069
1465	2	2	0.097783491	0.071594372	0.211971998	0.084759183	0.053329293	0.061331712	0.117119648	0.113267489	0.082249582	0.106593229
1466	2	2	0.077749513	0.075549066	0.189586863	0.080379084	0.090747945	0.089411780	0.111163877	0.145222798	0.070477590	0.069711439
1467	0	0	0.225409999	0.048092660	0.057712521	0.098767795	0.081149444	0.051205695	0.169662252	0.072948739	0.120513260	0.074537642
1468	4	4	0.083922766	0.080201186	0.118725225	0.065840565	0.233547121	0.043134354	0.073095024	0.107759617	0.122222140	0.071551971
1469	7	7	0.066147894	0.135263234	0.079004526	0.123595163	0.108438931	0.063284323	0.071471766	0.163003907	0.092328481	0.097461835
1470	0	0	0.144507915	0.100643799	0.080120906	0.097427145	0.097762205	0.083507560	0.093899101	0.079595022	0.128022239	0.094514087
1471	7	7	0.072534494	0.088903248	0.139182299	0.077118419	0.095506378	0.044295032	0.076625206	0.235924587	0.100956932	0.068953440
1472	9	9	0.097836033	0.061863583	0.037535824	0.072610103	0.099114068	0.057612244	0.103689671	0.074476458	0.087009914	0.308252066
1473	9	9	0.076337978	0.049029339	0.022717891	0.064649403	0.108355090	0.102276452	0.065158822	0.072964236	0.098137029	0.340373755
1474	7	7	0.086694516	0.120568320	0.120621331	0.077887170	0.108758107	0.043611486	0.076547697	0.200049177	0.080926172	0.084336035
1475	6	6	0.089660391	0.045835853	0.085644059	0.065069973	0.061344258	0.130574822	0.248053506	0.070521094	0.087447450	0.115848660
1476	5	5	0.090770088	0.046250317	0.068494864	0.098372281	0.078456976	0.203187972	0.137488559	0.084511854	0.113472246	0.078994900
1477	9	8	0.119134173	0.054006472	0.058211729	0.080818743	0.074530825	0.109857000	0.137976468	0.093397170	0.143422782	0.128644586
1478	4	4	0.063510247	0.074570082	0.098767884	0.095897920	0.209789231	0.048884250	0.077732801	0.105925471	0.143799126	0.081122994
1479	8	8	0.108996168	0.053511068	0.052574009	0.085658498	0.069390438	0.081099644	0.159244955	0.066630512	0.209673390	0.113221347
1480	8	8	0.081687681	0.053718414	0.048436739	0.113234684	0.069430001	0.059946343	0.123285852	0.083251633	0.299009323	0.067999333
1481	2	4	0.075942688	0.089216530	0.139923319	0.074246339	0.149346158	0.050442796	0.084268898	0.121976674	0.141353682	0.073282927
1482	3	6	0.100537591	0.065174103	0.081563048	0.109665319	0.081539489	0.096497700	0.132001609	0.108257689	0.129697904	0.095065542
1483	7	7	0.098629214	0.110727556	0.112262584	0.089192785	0.090184830	0.060550530	0.101860933	0.163387671	0.102275774	0.070928194
1484	6	6	0.114134207	0.073335513	0.076596558	0.064858496	0.073738739	0.130886674	0.174132034	0.076755993	0.089633487	0.125928253
1485	0	3	0.134304911	0.089046568	0.090955921	0.160968974	0.098168164	0.064621359	0.074950695	0.107316233	0.093857467	0.085809775
1486	9	9	0.074356027	0.046326779	0.035608351	0.079731435	0.114403412	0.075176463	0.081937194	0.077574484	0.098326668	0.316559196
1487	6	6	0.122842997	0.038373109	0.026269579	0.060887497	0.064788915	0.081539452	0.312608898	0.056564759	0.145291641	0.090833157
1488	4	4	0.084670663	0.100305617	0.115348026	0.063602448	0.171525612	0.064520568	0.106212333	0.105156861	0.094459586	0.094198242
1489	4	4	0.055391897	0.051870596	0.036484752	0.080391623	0.251053631	0.064504340	0.085885927	0.104963683	0.075406253	0.194047257
1490	6	0	0.152537316	0.051802941	0.080901265	0.089906231	0.102648884	0.077142313	0.151001573	0.063802138	0.152039438	0.078217916
1491	2	2	0.065609172	0.128576145	0.176587358	0.104222558	0.068169184	0.041738413	0.095617741	0.112727448	0.097742058	0.109009877
1492	8	8	0.099914260	0.036888558	0.046012312	0.090233937	0.120118164	0.045745939	0.160454586	0.075354442	0.256827831	0.068449944
1493	1	1	0.086701676	0.214242965	0.123596974	0.104746476	0.085218854	0.051404264	0.051500205	0.108772427	0.093274355	0.080541708
1494	4	9	0.067778811	0.111030720	0.106326923	0.077533588	0.114892401	0.060988128	0.123279601	0.106321871	0.094501562	0.137346417
1495	2	2	0.091459922	0.074301682	0.168884113	0.067943655	0.116502069	0.091946691	0.098651029	0.123313002	0.097484216	0.069513574
1496	9	9	0.129324034	0.067327201	0.074206166	0.108447000	0.092343882	0.086220078	0.108337805	0.041855980	0.096623436	0.195314392
1497	2	2	0.091396548	0.091505282	0.231180698	0.067287453	0.072580710	0.070812970	0.091037415	0.128485531	0.080644518	0.075068921
1498	1	1	0.092306145	0.184411243	0.105914943	0.074597262	0.098061301	0.095485151	0.074900761	0.095924690	0.082689911	0.095708653
1499	8	9	0.123416454	0.073894858	0.096067518	0.116077401	0.074048921	0.066257000	0.075587079	0.063048787	0.154892474	0.156709537
1500	5	5	0.095459223	0.051854473	0.056428488	0.096846163	0.075750366	0.177867830	0.135459378	0.084968299	0.137067869	0.088297933
1501	4	4	0.062987007	0.088575706	0.094771624	0.068809569	0.229233310	0.067969531	0.108759329	0.097483724	0.089310482	0.092099756
1502	8	8	0.093184613	0.043803770	0.050312571	0.097134419	0.076566979	0.077597119	0.156654388	0.075160928	0.246428713	0.083156466
1503	7	1	0.060348518	0.162004441	0.107205421	0.116784990	0.101825565	0.035228793	0.095956370	0.155936286	0.086602584	0.078107066
1504	9	9	0.116565488	0.050092198	0.049572490	0.118780099	0.075323336	0.069699995	0.127225339	0.065578580	0.133920491	0.193241984
1505	3	3	0.093178637	0.061398413	0.062648669	0.160937428	0.074920446	0.077407233	0.154206544	0.095628619	0.135139182	0.084534749
1506	6	6	0.122302406	0.047836728	0.072967261	0.101837285	0.088779941	0.058607377	0.181698784	0.077757150	0.154324546	0.093888514
1507	0	0	0.201019615	0.036121134	0.032244902	0.065693349	0.097188026	0.084623575	0.200640261	0.074814722	0.098687701	0.108966708
1508	8	8	0.099488162	0.045559388	0.053545594	0.088892609	0.074146435	0.077421255	0.139944449	0.074071132	0.281721562	0.065209448
1509	3	3	0.121491984	0.090897433	0.078882597	0.154842153	0.061758555	0.077463880	0.110421091	0.083261594	0.106319524	0.114661209
1510	5	5	0.087317362	0.050619487	0.066690713	0.103174619	0.089626245	0.177267641	0.117042184	0.090633199	0.136410773	0.081217743
1511	1	1	0.068087846	0.183069602	0.127630085	0.137472063	0.085422255	0.068180896	0.071500555	0.103766538	0.073286965	0.081583202
1512	8	8	0.100385986	0.071171224	0.079261005	0.120622262	0.090318859	0.077335075	0.075976178	0.076651298	0.214084119	0.094194010
1513	5	5	0.090500474	0.048516534	0.051227406	0.126221284	0.064303145	0.198755622	0.102000006	0.103709027	0.116930880	0.097835593
1514	3	6	0.121139131	0.049305417	0.083432004	0.107130773	0.069075815	0.094167508	0.160599589	0.160552800	0.088074945	0.066521995
1515	0	9	0.136421338	0.070435613	0.078012362	0.105848029	0.073536053	0.077243000	0.106323168	0.074394308	0.134141698	0.143644422
1516	2	2	0.086453393	0.082785770	0.186140552	0.076414272	0.078124419	0.067167260	0.113401011	0.103232317	0.096969917	0.109311119
1517	1	1	0.077447198	0.234584704	0.184167206	0.088917136	0.059678834	0.048548967	0.078125730	0.079361938	0.065974072	0.083194159
1518	5	5	0.093422495	0.085627191	0.069225840	0.078119069	0.079123668	0.210315004	0.077804051	0.085340455	0.113165587	0.107856736
1519	0	0	0.214470506	0.066799857	0.066988967	0.097047947	0.070963420	0.100840509	0.147150889	0.051231079	0.086690992	0.097815879
1520	4	4	0.056214713	0.080744237	0.099996641	0.084641576	0.268966228	0.047812261	0.068546258	0.107183315	0.117925845	0.067968920
1521	7	7	0.052112073	0.048796944	0.040331200	0.052501351	0.117299929	0.053918380	0.060319997	0.330326855	0.055960122	0.188433155
1522	1	1	0.069885366	0.272225589	0.057625271	0.046716943	0.081467144	0.056097403	0.125105098	0.094699070	0.094278723	0.101899400
1523	0	0	0.226721317	0.042901412	0.066494137	0.072472863	0.073798642	0.067347921	0.152893558	0.051830333	0.134345576	0.111194208
1524	0	6	0.144395337	0.046567537	0.064493701	0.114692092	0.076151796	0.070038706	0.158534348	0.079970784	0.113117814	0.132037923
1525	9	9	0.063135073	0.052451424	0.052952357	0.095555462	0.136307955	0.106560759	0.081642583	0.087079369	0.091883510	0.232431501
1526	5	5	0.082050078	0.079403087	0.103899159	0.094964579	0.106098808	0.142167032	0.129959673	0.101638503	0.076158397	0.083660685
1527	4	4	0.069601998	0.079357684	0.097728692	0.091043226	0.138877213	0.067364186	0.130408794	0.110435568	0.104037791	0.111144833
1528	9	9	0.083947912	0.064175047	0.034348123	0.058437258	0.088508345	0.084871039	0.053282708	0.053029671	0.078549050	0.400850803
1529	8	8	0.127660111	0.050787035	0.062513001	0.098676287	0.071616724	0.066784382	0.169296861	0.070882984	0.181695089	0.100087516
1530	9	0	0.165293947	0.040397115	0.061576571	0.100949839	0.087020695	0.078654230	0.162977651	0.073560908	0.125398785	0.104170285
1531	7	9	0.070827097	0.132862926	0.076334909	0.090401813	0.109118335	0.053692885	0.077134810	0.144959792	0.086596571	0.158070847
1532	7	7	0.079941459	0.107049100	0.071698382	0.072212599	0.082934037	0.049291458	0.105361223	0.264562130	0.077565573	0.089384027
1533	1	1	0.063230924	0.248974606	0.139133438	0.098923154	0.069331512	0.045378204	0.105827935	0.097240038	0.055704515	0.076255679
1534	6	6	0.157079861	0.037702676	0.029364727	0.059217215	0.062551789	0.090382516	0.287620038	0.048323859	0.150780231	0.076977089
1535	4	4	0.072412133	0.084570080	0.135451645	0.072700694	0.199739382	0.055551507	0.072298013	0.104497910	0.114281952	0.088496611
1536	9	9	0.065023027	0.069756284	0.053919002	0.072775096	0.099957004	0.100013845	0.081153557	0.084452987	0.081510223	0.291438937
1537	3	3	0.066295497	0.046649646	0.034868725	0.240957394	0.084865429	0.060731463	0.072473198	0.118443966	0.119336195	0.155378401
1538	8	8	0.105287381	0.046416942	0.054151811	0.108796775	0.106950350	0.070796728	0.163918108	0.087010585	0.179993004	0.076678328
1539	7	7	0.055135414	0.059273418	0.067562163	0.048859883	0.096393645	0.062923953	0.068056479	0.371860027	0.057279527	0.112655543
1540	5	5	0.091890194	0.054797564	0.045163449	0.104288727	0.086410478	0.197775826	0.104963668	0.104945324	0.130335495	0.079429239
1541	3	6	0.125115737	0.052820303	0.055933438	0.105820812	0.097212091	0.110979848	0.164620504	0.081052341	0.136117265	0.070327781
1542	4	6	0.083421372	0.087867290	0.100563601	0.096757509	0.112324111	0.084522218	0.131991014	0.103540085	0.082857646	0.116155051
1543	9	0	0.149993300	0.046884049	0.076309212	0.122863643	0.072581612	0.094425447	0.107451022	0.067037508	0.142328158	0.120126054
1544	5	5	0.088982373	0.048093267	0.074742302	0.100289896	0.052068379	0.208162665	0.142668948	0.080589317	0.111102052	0.093300708
1545	9	9	0.139180303	0.048731312	0.064907774	0.125423953	0.079602964	0.101561345	0.104644388	0.057388190	0.115134045	0.163425699
1546	5	6	0.114799060	0.077150792	0.080366515	0.085687250	0.080943018	0.121706404	0.128918841	0.105661936	0.105802037	0.098964088
1547	8	8	0.086836040	0.051716346	0.032769218	0.118967615	0.090410493	0.069182493	0.127148539	0.088029079	0.210372850	0.124567285
1548	1	1	0.085455067	0.193960696	0.082995430	0.058605321	0.094324172	0.070140205	0.081285499	0.122772656	0.105300762	0.105160192
1549	5	6	0.114022300	0.057398297	0.062666714	0.072582498	0.107083470	0.129783273	0.166709572	0.090019912	0.130394742	0.069339350
1550	0	0	0.294302106	0.039477244	0.040975127	0.081950188	0.071469188	0.072453558	0.145919308	0.047482908	0.124306597	0.081663735
1551	7	7	0.085900322	0.159146652	0.107215226	0.088071883	0.084150821	0.043124069	0.079226367	0.173612759	0.089783005	0.089768931
1552	5	5	0.123427853	0.076840900	0.060587283	0.077955000	0.085442744	0.156511173	0.128694043	0.089833893	0.096969917	0.103737213
1553	6	6	0.091772221	0.035172116	0.072321944	0.101351433	0.086769387	0.069113135	0.292260826	0.083342247	0.098147601	0.069749147
1554	7	7	0.085044026	0.129139647	0.101423852	0.097247422	0.080590330	0.055593897	0.072974525	0.182773381	0.090487488	0.104725435
1555	3	8	0.109568372	0.069609486	0.089187041	0.120254047	0.068691902	0.063348942	0.093406171	0.064344332	0.195477933	0.126111820
1556	7	7	0.092940234	0.099166021	0.103154428	0.050663114	0.109684236	0.043177888	0.095648758	0.195764259	0.122190945	0.087610036
1557	5	5	0.077089831	0.049971145	0.057453461	0.109981626	0.073333643	0.192488953	0.141265422	0.126416266	0.085832410	0.086167224
1558	7	9	0.065707825	0.077095270	0.064884737	0.100959159	0.117348894	0.109861188	0.071194753	0.135911137	0.079281434	0.177755564
1559	7	7	0.063663654	0.092269741	0.063214689	0.091414720	0.139656946	0.068417795	0.058172792	0.207190380	0.087243646	0.128755614
1560	9	9	0.069358587	0.054731328	0.020851152	0.047410011	0.102154940	0.061300784	0.056351610	0.066009909	0.101698928	0.420132697
1561	7	7	0.089079119	0.131661490	0.108930171	0.093185745	0.078765661	0.056732193	0.080965266	0.194118008	0.090072282	0.076490134
1562	1	1	0.113068625	0.250204176	0.108605683	0.074374132	0.070185475	0.058934469	0.075095110	0.103969008	0.071791284	0.073772021
1563	4	4	0.066849649	0.100957155	0.118564680	0.079706050	0.191638291	0.049399767	0.093270957	0.117325716	0.108812921	0.073474824
1564	7	7	0.049812067	0.094711654	0.076329552	0.058852639	0.092049122	0.045505065	0.065927051	0.344358474	0.057573311	0.114881054
1565	1	1	0.067080185	0.319559604	0.085594408	0.075283110	0.083799504	0.047931310	0.059608754	0.104912356	0.083157487	0.073073283
1566	6	6	0.179976955	0.029713962	0.041870430	0.063317806	0.064948991	0.072634459	0.248159379	0.044126246	0.172353268	0.082898557
1567	0	0	0.238050580	0.074781165	0.060888864	0.097624607	0.071524426	0.072601601	0.121246651	0.064977102	0.109618306	0.088686720
1568	3	6	0.093810506	0.038920056	0.033825092	0.114422597	0.098399960	0.097820885	0.163643852	0.078528769	0.130003929	0.150624320
1569	5	5	0.072110474	0.052309036	0.032858852	0.079986893	0.127572045	0.160226434	0.100096039	0.117220677	0.101162963	0.156456605
1570	8	8	0.087770976	0.053041920	0.050537474	0.104398020	0.074948169	0.070452049	0.149560943	0.087754145	0.244217128	0.077319212
1571	7	7	0.059971608	0.055693924	0.079992287	0.064900003	0.066110551	0.076767594	0.105878286	0.339839041	0.060173269	0.090673469
1572	3	9	0.066086851	0.068021424	0.030117840	0.189320147	0.109719232	0.067028202	0.063207969	0.098532222	0.111509062	0.196457133
1573	2	2	0.104397215	0.101486951	0.168432906	0.070459552	0.086185709	0.071242332	0.093402229	0.133764356	0.092285372	0.078343377
1574	5	9	0.090102538	0.071870744	0.072272055	0.105521202	0.083191678	0.108236544	0.112382337	0.111900896	0.106270224	0.138251856
1575	6	8	0.154462039	0.038880631	0.065883748	0.093527302	0.082191736	0.049851950	0.151488006	0.064686902	0.200600356	0.098427296
1576	6	6	0.086515583	0.049091704	0.090037473	0.084690616	0.072359070	0.155099288	0.155544847	0.090305008	0.090066403	0.126290023
1577	8	8	0.102232136	0.048842836	0.050367691	0.115058079	0.081429988	0.086087108	0.124760203	0.085203581	0.188983291	0.117035083
1578	1	1	0.078209162	0.180188924	0.101065859	0.081280611	0.088880241	0.087013431	0.069040202	0.118620247	0.107836448	0.087864906
1579	8	8	0.104667023	0.042510469	0.048654512	0.091615699	0.089993402	0.057318229	0.141768247	0.066292845	0.270279825	0.086899795
1580	3	3	0.106531240	0.074258104	0.078445487	0.127131864	0.089843050	0.112350576	0.125178650	0.102912568	0.109959200	0.073389292
1581	4	4	0.075669132	0.097589165	0.124826312	0.070371963	0.203948364	0.038285356	0.091014259	0.104726963	0.119729906	0.073838599
1582	2	2	0.074559554	0.117563598	0.172052696	0.096843839	0.068153359	0.046816129	0.087313235	0.084912062	0.123045921	0.128739536
1583	4	4	0.074064858	0.087163620	0.090021543	0.091425747	0.199536219	0.080441311	0.098754965	0.101356089	0.076359890	0.100875840
1584	8	8	0.081313953	0.055628557	0.055088781	0.105006322	0.059425242	0.067001082	0.130839229	0.078986757	0.247990206	0.118719861
1585	6	6	0.120034903	0.049095251	0.060594182	0.082671992	0.091175720	0.106345624	0.195831150	0.076777041	0.147251412	0.070222639
1586	5	6	0.085005745	0.041894354	0.081141658	0.105689995	0.065800302	0.167379364	0.189136475	0.078131631	0.095432952	0.090387546
1587	8	8	0.134329021	0.053384852	0.039216444	0.105874062	0.081008308	0.086429320	0.137774348	0.059380893	0.168252975	0.134349793
1588	3	7	0.112899549	0.043222833	0.052104298	0.107651033	0.084915735	0.100510567	0.146256134	0.166169733	0.118044943	0.068225227
1589	5	5	0.089427121	0.072080314	0.129857138	0.085432552	0.081553705	0.170409575	0.080592975	0.102527954	0.080837958	0.107280783
1590	1	1	0.092173085	0.197121814	0.100714795	0.092059679	0.086139046	0.059517708	0.103860840	0.086704992	0.089745469	0.091962591
1591	5	5	0.094865903	0.044462852	0.093251787	0.078922354	0.075915448	0.182391807	0.159739882	0.083571851	0.110082932	0.076795198
1592	6	6	0.113473020	0.045024827	0.057909150	0.082940191	0.104793176	0.107729398	0.201337621	0.075502314	0.133778229	0.077512011
1593	7	7	0.052324940	0.061615206	0.071744114	0.066567883	0.083066419	0.046315748	0.055496275	0.367752045	0.075080521	0.120036826
1594	2	2	0.067781724	0.088295601	0.156296313	0.070081636	0.096348502	0.062273003	0.108219862	0.137431517	0.128485531	0.084786281
1595	7	7	0.073059529	0.137493506	0.089072637	0.058669820	0.082985617	0.055255655	0.093455188	0.221390590	0.091691405	0.096926033
1596	0	0	0.196934879	0.046737049	0.030935341	0.083731234	0.100250944	0.074462615	0.179998755	0.061916567	0.097878076	0.127154559
1597	2	2	0.098033436	0.088605478	0.196182162	0.076056190	0.069339812	0.044989087	0.069143668	0.139122620	0.111746363	0.106781185
1598	3	3	0.081942029	0.085460499	0.102396645	0.160171002	0.079306908	0.099652894	0.099182621	0.098260194	0.096319810	0.097307414
1599	1	1	0.080122672	0.290508747	0.070600934	0.040473457	0.079177737	0.060975257	0.064978234	0.108883731	0.102199242	0.102080055
1600	8	9	0.104457632	0.072436281	0.087116159	0.121870190	0.078865103	0.073289946	0.091437079	0.059241436	0.152197286	0.159088954
1601	1	1	0.061379533	0.141552404	0.071039185	0.100467160	0.107862219	0.058137130	0.089891165	0.130784646	0.108841278	0.130045339
1602	7	7	0.081645519	0.095907584	0.137962341	0.083904855	0.112567998	0.042371608	0.088402361	0.178164706	0.097871006	0.081201948
1603	8	8	0.094089359	0.048234064	0.040928289	0.089985795	0.101798542	0.077274352	0.151441768	0.081494160	0.214703426	0.100050166
1604	4	4	0.066487350	0.089907192	0.074956395	0.065886900	0.242463961	0.091090396	0.097070709	0.089447126	0.064361952	0.118328027
1605	5	6	0.114881150	0.058927145	0.054067601	0.100136533	0.086953454	0.135313690	0.148095369	0.115273029	0.120578893	0.065773144
1606	9	9	0.079005681	0.052913651	0.031928189	0.065312184	0.103715919	0.092977948	0.050006669	0.055674370	0.081608497	0.386856884
1607	0	0	0.254399717	0.052986261	0.064636447	0.082163312	0.060600474	0.062267404	0.145850673	0.072304897	0.120665334	0.084125459
1608	1	1	0.073801152	0.200165883	0.141036078	0.091306224	0.070036151	0.066383094	0.086645357	0.088726342	0.083964229	0.097935475
1609	2	2	0.089531049	0.075404190	0.170952737	0.130079776	0.054377556	0.073338121	0.129746020	0.103733458	0.075024329	0.097812794
1610	1	1	0.063583337	0.242645711	0.073728435	0.055370364	0.081723399	0.068254784	0.076733701	0.096136056	0.127011523	0.114812642
1611	5	6	0.121857584	0.056537151	0.060322512	0.070131674	0.077871174	0.145380959	0.178709373	0.092588365	0.100250565	0.096350580
1612	3	3	0.137074798	0.055338100	0.055265900	0.164960340	0.064945206	0.058462102	0.163197190	0.073078714	0.125051439	0.102626249
1613	7	7	0.076051228	0.047286153	0.080317415	0.050288022	0.082916066	0.030086761	0.059419375	0.423039436	0.071842320	0.078753233
1614	0	0	0.350476831	0.031651150	0.034052834	0.081936389	0.053461473	0.075191885	0.137451738	0.044420678	0.103728138	0.087628938
1615	9	9	0.097933374	0.051438462	0.032277413	0.060990341	0.094115883	0.103374526	0.097256154	0.100424007	0.137628809	0.224561021
1616	3	3	0.094631866	0.082373194	0.045747317	0.155853361	0.102893353	0.099410497	0.071287066	0.077704102	0.131076649	0.139022559
1617	9	8	0.133603156	0.046030268	0.057666712	0.071039662	0.087989621	0.102833681	0.120068491	0.116518870	0.141896814	0.122352771
1618	8	8	0.109097496	0.027647929	0.036058657	0.106532842	0.073962852	0.063444614	0.185148150	0.057260476	0.256204009	0.084642924
1619	7	7	0.100872979	0.089266106	0.093209662	0.059418324	0.067589894	0.053508785	0.093254313	0.262963176	0.092405662	0.087511137
1620	8	8	0.108468771	0.050080273	0.061120708	0.119982466	0.084065951	0.058402464	0.132588312	0.086882643	0.235084668	0.063323818
1621	8	8	0.089360267	0.065750442	0.083525747	0.165436000	0.086948410	0.069787875	0.081607990	0.084234186	0.193832904	0.079516158
1622	5	5	0.076302201	0.064400308	0.054310031	0.096733600	0.105394892	0.172020227	0.095585994	0.116738141	0.112503849	0.106010728
1623	2	2	0.090913683	0.082065627	0.198589653	0.078506000	0.076170571	0.048707698	0.108180277	0.112281285	0.116892241	0.087692931
1624	6	6	0.125128791	0.048507523	0.064878158	0.092911184	0.071784146	0.060662143	0.195174426	0.088100463	0.163653165	0.089200012
1625	8	8	0.105869114	0.049062792	0.045714106	0.071416907	0.112404943	0.074378766	0.168124795	0.076933227	0.207171306	0.088924073
1626	4	4	0.062029723	0.077105656	0.064252503	0.065903723	0.211981878	0.061515044	0.098528557	0.097663313	0.080919161	0.180100486
1627	6	7	0.076693587	0.058775667	0.063693330	0.110215142	0.136120856	0.066056751	0.139464483	0.151600063	0.115306124	0.082073979
1628	9	9	0.075055733	0.047036689	0.015556243	0.065019824	0.099226177	0.073263876	0.070164219	0.047824021	0.094053097	0.412800163
1629	2	2	0.074678645	0.056848843	0.220605180	0.057212334	0.134005100	0.057891406	0.090358108	0.146748453	0.104016706	0.057635177
1630	7	7	0.058471877	0.090547256	0.060473096	0.069447763	0.168355480	0.068015955	0.071729198	0.176436380	0.085801199	0.150721759
1631	7	7	0.090026759	0.142709315	0.100719646	0.098573446	0.091296203	0.048082013	0.107128806	0.149800152	0.088628091	0.083035551
1632	4	4	0.061017890	0.092329115	0.080924213	0.087983102	0.154977441	0.095980868	0.096291445	0.114083037	0.085844181	0.130568624
1633	4	4	0.101409398	0.098917849	0.113869578	0.050551098	0.137635276	0.066937126	0.123679854	0.095766261	0.118806876	0.092426650
1634	8	8	0.116615564	0.045048725	0.059445389	0.141247481	0.083488904	0.052422661	0.146048054	0.072573744	0.193464503	0.089645036
1635	0	0	0.260814995	0.050516434	0.052853703	0.100518160	0.067705043	0.074848637	0.134407789	0.080080986	0.097149961	0.081104152
1636	1	1	0.083526090	0.183754265	0.111371443	0.082293451	0.078773983	0.058856297	0.086784877	0.170522690	0.064667948	0.079448916
1637	3	3	0.088731274	0.079443179	0.095727660	0.138768390	0.091960952	0.083739839	0.088465676	0.104224868	0.100674488	0.128263712
1638	4	4	0.071313046	0.071363285	0.058728360	0.056496091	0.205694631	0.058671679	0.065760307	0.108140871	0.102965772	0.200865924
1639	8	6	0.119157754	0.049544938	0.059039544	0.128269464	0.078333020	0.085984938	0.180472210	0.070783041	0.158558056	0.069857031
1640	4	4	0.069244035	0.106114052	0.123178333	0.049913052	0.151820481	0.087481342	0.118316382	0.094710335	0.103596583	0.095625319
1641	4	4	0.080629908	0.094763331	0.111538909	0.071699776	0.219134152	0.064524099	0.092913210	0.107431926	0.087273918	0.070090629
1642	2	2	0.088941716	0.077212021	0.192933664	0.094616145	0.067174211	0.072729751	0.090163723	0.177210063	0.078247100	0.060771663
1643	8	8	0.129101932	0.054801393	0.067905776	0.089085542	0.084941834	0.085469842	0.111673608	0.054653961	0.222831056	0.099535093
1644	9	9	0.081562273	0.048957173	0.026611457	0.066735923	0.134905756	0.092482902	0.057476990	0.058634631	0.085207283	0.347425550
1645	2	2	0.074968830	0.097246490	0.242673486	0.069875926	0.069308564	0.052308582	0.107679956	0.158168256	0.058955446	0.068814397
1646	1	1	0.071077749	0.255010456	0.068147264	0.043175992	0.096415877	0.054678820	0.090396278	0.114809744	0.094004668	0.112283111
1647	2	2	0.069343470	0.098873936	0.197537407	0.083633102	0.101265073	0.041489050	0.082001589	0.176757932	0.080158494	0.068939947
1648	1	1	0.107738949	0.202909201	0.115243055	0.074596576	0.092718087	0.060324423	0.075535789	0.106973693	0.084676355	0.079283811
1649	6	6	0.089874998	0.100626431	0.078090020	0.106785327	0.096303426	0.098104015	0.138576999	0.105927564	0.104100980	0.081610166
1650	6	6	0.102877147	0.071345933	0.073002174	0.083048888	0.129586726	0.085171103	0.165383488	0.100595973	0.111547045	0.077441484
1651	7	7	0.103897296	0.107915424	0.080669783	0.074994773	0.093481876	0.048108853	0.070174970	0.270472825	0.074095562	0.076188698
1652	5	6	0.096244738	0.055556595	0.051658347	0.071952730	0.134056449	0.135112837	0.170161590	0.090804167	0.109742932	0.084709629
1653	4	4	0.053636741	0.067549072	0.102125280	0.100036137	0.179440498	0.043500807	0.090321511	0.124259286	0.137057170	0.102073453
1654	0	0	0.208937362	0.046841051	0.055569764	0.100431509	0.079757936	0.061533846	0.156982720	0.084103279	0.134790644	0.071051933
1655	3	8	0.105913669	0.063389719	0.065402925	0.133992627	0.090815060	0.088889636	0.130096093	0.085487321	0.168302238	0.067710668
1656	9	9	0.061384551	0.034866769	0.026630567	0.049248807	0.109675996	0.083009347	0.073670469	0.082158007	0.058087304	0.421268195
1657	5	5	0.108220287	0.072533987	0.066481896	0.085505582	0.083203353	0.161794022	0.116543092	0.103656240	0.092673920	0.109387591
1658	0	0	0.159224644	0.081006728	0.109928377	0.089452364	0.082233511	0.068582833	0.116176203	0.095831744	0.098676749	0.098886885
1659	9	9	0.123031490	0.091104604	0.073244944	0.099065013	0.074562237	0.059109304	0.071573056	0.057639129	0.084516056	0.266154110
1660	1	1	0.074784830	0.283684015	0.093952194	0.081486203	0.102651060	0.054975949	0.067650571	0.104164772	0.071090579	0.065559871
1661	7	7	0.059851911	0.134285748	0.081246540	0.085505880	0.120124958	0.058977988	0.065090545	0.200026318	0.078978218	0.115911864
1662	1	1	0.076669738	0.201747745	0.093232304	0.070812479	0.102848187	0.054264631	0.093122467	0.144429490	0.082654871	0.080218136
1663	5	6	0.111653201	0.046721485	0.041625474	0.073849276	0.110453166	0.137875572	0.185410842	0.085649751	0.117289737	0.089471497
1664	5	5	0.091291204	0.052017577	0.079350412	0.077926464	0.088053517	0.177457765	0.167849720	0.086625941	0.087435454	0.091991968
1665	8	8	0.105484895	0.042231441	0.052135166	0.093727648	0.093010925	0.067069106	0.170573071	0.078276463	0.220630959	0.076860234
1666	0	0	0.238269642	0.062068067	0.088117659	0.107338801	0.067972459	0.059105609	0.094496310	0.064068764	0.115005083	0.103557602
1667	5	5	0.098629870	0.072855383	0.069376558	0.082397759	0.102198631	0.193514213	0.099609569	0.090384007	0.086442664	0.104591347
1668	1	1	0.087462544	0.184045598	0.130589783	0.094383873	0.079650551	0.061816938	0.081420928	0.101219073	0.082615435	0.096795268
1669	5	5	0.088202938	0.035700690	0.062087856	0.090939544	0.069952786	0.192214072	0.188833147	0.078424811	0.097583964	0.096060224
1670	7	7	0.052037995	0.047024354	0.080703340	0.066359207	0.076853462	0.054909665	0.052215070	0.421068877	0.063315362	0.085512750
1671	3	3	0.144598827	0.069349863	0.079431988	0.159741357	0.062555149	0.129098728	0.094937250	0.079501517	0.097503506	0.083281800
1672	6	6	0.195225298	0.038338277	0.039033189	0.077636831	0.069773041	0.109960049	0.208910480	0.046728723	0.128242522	0.086151630
1673	6	6	0.124423616	0.046489459	0.050768897	0.077639259	0.072205096	0.117378280	0.247388244	0.057879787	0.117165022	0.088662334
1674	2	2	0.081692405	0.077447250	0.267336190	0.058674999	0.087393396	0.057496626	0.076165073	0.153194204	0.076494113	0.064105682
1675	8	8	0.095482141	0.040782500	0.056013681	0.099187270	0.093681008	0.077171586	0.152122170	0.076737620	0.237738669	0.071083404
1676	0	0	0.268419802	0.045623749	0.057361092	0.091109566	0.070941702	0.058714122	0.151403904	0.080018483	0.092392534	0.084015027
1677	7	7	0.069858775	0.119613156	0.096986897	0.074896447	0.093107894	0.068089351	0.073015355	0.202012777	0.082828447	0.119590916
1678	4	4	0.068187825	0.073956884	0.057555892	0.083440714	0.201285526	0.054079987	0.064399995	0.132337481	0.088728517	0.176027238
1679	5	6	0.117978707	0.074158989	0.074302077	0.097336575	0.080438703	0.111317977	0.149995446	0.103160895	0.103992395	0.087318271
1680	4	8	0.111968629	0.104571186	0.132316604	0.066497810	0.109207094	0.058451001	0.099554271	0.094313852	0.155818462	0.067301132
1681	7	7	0.080130346	0.113818347	0.104132861	0.079618894	0.070142955	0.047756460	0.068158276	0.307160765	0.061307628	0.067773528
1682	1	1	0.073407434	0.171338961	0.066245489	0.061657339	0.151090890	0.067532726	0.058925413	0.112737559	0.085655615	0.151408628
1683	6	6	0.117568962	0.063020222	0.057045009	0.095077775	0.099471398	0.084582821	0.189432651	0.092594638	0.117556401	0.083650060
1684	7	7	0.082219124	0.119204812	0.095186681	0.088621125	0.081159651	0.054902498	0.103064582	0.196632832	0.099221133	0.079787560
1685	8	6	0.101475269	0.061905157	0.074268200	0.095897958	0.078060932	0.086538747	0.180992007	0.075283311	0.141647905	0.103930525
1686	0	0	0.172984257	0.057167772	0.039416727	0.125603870	0.077451319	0.061306752	0.162094459	0.084937237	0.092931844	0.126105770
1687	6	6	0.125885621	0.042705268	0.051930718	0.105223306	0.062341023	0.066843532	0.239899576	0.064809598	0.162117466	0.078243867
1688	6	6	0.115139171	0.071110576	0.043268949	0.053715702	0.081769064	0.112250611	0.247734025	0.077823363	0.107948616	0.089239813
1689	1	1	0.075956114	0.199273586	0.128757983	0.084694326	0.076229610	0.078259356	0.084571436	0.094169036	0.104713105	0.073375441
1690	1	1	0.063969992	0.294332176	0.065114722	0.045487382	0.073779762	0.055738855	0.088944808	0.110402524	0.082200982	0.120028794
1691	4	4	0.068922430	0.064556256	0.085177317	0.082254246	0.245930508	0.067412376	0.088708773	0.105855681	0.095530257	0.095652163
1692	7	7	0.070510820	0.110939272	0.092936449	0.063448884	0.105789468	0.055089470	0.083640374	0.222916797	0.083665840	0.111062706
1693	5	5	0.109463975	0.051337257	0.075397603	0.091034569	0.054681569	0.216507167	0.125141263	0.082147770	0.086500049	0.107788824
1694	4	4	0.054337446	0.037717320	0.039449658	0.072277449	0.250630438	0.062957905	0.061693005	0.091552861	0.087861523	0.241522446
1695	7	7	0.087274052	0.123078644	0.082444102	0.058245532	0.090452179	0.060155414	0.101367362	0.210988492	0.087090924	0.098903231
1696	8	8	0.089301556	0.066644244	0.103643380	0.112648457	0.082483374	0.079376772	0.131787032	0.085979551	0.132062823	0.116072796
1697	6	6	0.104427673	0.064376898	0.074268401	0.075759880	0.090293981	0.086289823	0.206022471	0.075262517	0.124990530	0.098307796
1698	9	9	0.066363581	0.093417443	0.057299640	0.041887220	0.076283738	0.087003499	0.078850985	0.104596712	0.101662166	0.292634964
1699	0	9	0.153170228	0.037701834	0.019988365	0.074222043	0.121128991	0.086959183	0.121731520	0.059431836	0.097934149	0.227731839
1700	0	0	0.231148258	0.058231052	0.092037484	0.108079821	0.086347096	0.068907276	0.108021252	0.057759255	0.108219363	0.081249200
1701	9	9	0.060138356	0.051031001	0.032360766	0.053104740	0.107941873	0.080944650	0.076873556	0.085331097	0.088271789	0.364002109
1702	4	4	0.076878645	0.094614446	0.132833347	0.068764813	0.180816770	0.057900902	0.105413690	0.113206476	0.092609718	0.076961122
1703	3	6	0.145953909	0.049007032	0.085313030	0.116618611	0.082542486	0.085117668	0.159438968	0.072642669	0.117749408	0.085616268
1704	7	7	0.087876156	0.118758619	0.091266550	0.068830326	0.106033199	0.055612385	0.107574716	0.199348062	0.086236529	0.078463346
1705	3	3	0.113650918	0.071457162	0.057696898	0.161047801	0.076027930	0.107038468	0.138582841	0.080391973	0.108818978	0.085287035
1706	2	2	0.101625010	0.075402804	0.197040349	0.058522400	0.086743154	0.072479531	0.107033491	0.156968668	0.063534051	0.080650494
1707	1	1	0.065839522	0.195547193	0.147724077	0.112212494	0.079710409	0.063117586	0.089629509	0.094350405	0.071155757	0.080712996
1708	1	1	0.078212604	0.203931019	0.137679920	0.077640437	0.080922619	0.072940715	0.078348383	0.111093283	0.080171309	0.079059757
1709	2	2	0.092332937	0.098199494	0.169153377	0.079672925	0.078234524	0.075406283	0.112259954	0.126188338	0.086741626	0.081810616
1710	1	1	0.063711539	0.163726255	0.067641459	0.091438703	0.127762824	0.066104516	0.072309650	0.111890994	0.102621034	0.132792994
1711	4	4	0.069220759	0.085939363	0.110243440	0.075518481	0.204545438	0.032118734	0.082528107	0.102596618	0.153406888	0.083882108
1712	1	1	0.066417426	0.225432530	0.090744130	0.115099452	0.092659041	0.048729755	0.062243432	0.113081962	0.095299646	0.090292618
1713	9	9	0.127664313	0.058858685	0.079864703	0.110399812	0.068549305	0.103932291	0.093036778	0.054365929	0.101482160	0.201845959
1714	2	2	0.063819207	0.083398595	0.175775558	0.105983302	0.106924988	0.049399715	0.079232201	0.133887887	0.114229500	0.087349065
1715	8	8	0.125120014	0.088350654	0.093525894	0.100940473	0.084409013	0.072624117	0.094038345	0.067405641	0.164409608	0.109176241
1716	2	2	0.093187340	0.095218532	0.175614268	0.072642535	0.092225544	0.089980967	0.097113654	0.140253261	0.073511265	0.070252560
1717	3	0	0.165354013	0.084408782	0.060006358	0.114828773	0.082014881	0.089150026	0.140572965	0.070985690	0.092450947	0.100227654
1718	2	2	0.098966055	0.074328028	0.159957170	0.092260435	0.072378390	0.096980043	0.131674156	0.101498485	0.067151420	0.104805805
1719	9	9	0.085490271	0.032884140	0.019552719	0.083517328	0.108995005	0.091954738	0.085904971	0.065573439	0.098256893	0.327870458
1720	3	3	0.133913904	0.083553635	0.076488160	0.151121795	0.080029838	0.101552941	0.103905670	0.075731046	0.110013776	0.083689198
1721	6	6	0.133158684	0.061689131	0.058486026	0.103782393	0.076475725	0.112630747	0.176187411	0.069963150	0.117130361	0.090496384
1722	1	1	0.079563178	0.200036645	0.141882598	0.082555175	0.081188865	0.067558065	0.071566299	0.113958672	0.082211919	0.079478502
1723	7	7	0.124790922	0.102478765	0.097403519	0.053480491	0.088270530	0.046304416	0.095373698	0.198658884	0.116103522	0.077135228
1724	5	5	0.069834568	0.056851029	0.050127100	0.090196155	0.117894724	0.160638899	0.111565694	0.114614516	0.110048980	0.118228331
1725	3	9	0.133402497	0.071914427	0.082819514	0.135341987	0.070452616	0.069756187	0.129908636	0.060045253	0.106990375	0.139368519
1726	1	1	0.059657037	0.234473884	0.154410765	0.098482728	0.085999608	0.063645348	0.074860565	0.094676435	0.063048914	0.070744738
1727	8	8	0.099627569	0.040549092	0.036296099	0.084184788	0.095647827	0.074994542	0.157749489	0.065302737	0.250036627	0.095611200
1728	5	6	0.093973719	0.052408643	0.042561650	0.079461768	0.091685392	0.142250121	0.178730220	0.120278992	0.105000891	0.093648635
1729	5	5	0.083264768	0.087250143	0.059477247	0.138022959	0.099897854	0.138963461	0.079672329	0.118932337	0.096152872	0.098366052
1730	1	1	0.087214977	0.194702044	0.135776594	0.093583636	0.095653594	0.061231393	0.081296347	0.100125737	0.068415739	0.081999913
1731	0	0	0.189424381	0.052064989	0.103027932	0.068082228	0.068652987	0.065724097	0.131660089	0.077508889	0.111891009	0.131963432
1732	5	6	0.104349747	0.048198454	0.056670282	0.092010066	0.096351944	0.112100370	0.203787357	0.085548639	0.126764804	0.074218281
1733	6	6	0.162543938	0.041158803	0.045251567	0.074741691	0.069969222	0.072632857	0.211741611	0.066356421	0.162994325	0.092609577
1734	6	8	0.166606471	0.036126088	0.052302808	0.105754890	0.105696462	0.049570601	0.151335746	0.077858455	0.169835672	0.084912837
1735	0	0	0.187350824	0.056345161	0.048235357	0.074042901	0.091453694	0.072894819	0.157681584	0.098370016	0.099553436	0.114072151
1736	7	7	0.054460194	0.073216878	0.061457291	0.069683261	0.098341577	0.093217731	0.089996979	0.211239934	0.083712377	0.164673671
1737	3	9	0.089125171	0.048295267	0.027408296	0.098809682	0.133715421	0.086345538	0.132111356	0.077568203	0.135418043	0.171203017
1738	7	7	0.050365038	0.069111913	0.079919264	0.084599048	0.074386269	0.055489268	0.064988546	0.314828277	0.083746828	0.122565605
1739	1	1	0.085550740	0.191561908	0.131326661	0.072458662	0.093874909	0.070687070	0.095745713	0.087072968	0.077485725	0.094235599
1740	9	9	0.080585524	0.059022199	0.050437681	0.085126109	0.103039160	0.103551753	0.107054733	0.131551132	0.072059996	0.207571745
1741	2	2	0.067194939	0.086531892	0.191453025	0.092011988	0.110500060	0.048809800	0.100690477	0.115585178	0.116487294	0.070735320
1742	1	1	0.056046784	0.235522583	0.163235143	0.091131896	0.071482174	0.056511693	0.097780347	0.091208965	0.050900042	0.086180493
1743	4	4	0.073963203	0.083822817	0.109664954	0.083365321	0.200837269	0.058694120	0.095522113	0.105756871	0.115443900	0.072929353
1744	9	8	0.147489682	0.046969164	0.071149461	0.085727707	0.069330856	0.075293884	0.143367529	0.100437999	0.160136595	0.100097112
1745	7	7	0.087594144	0.104052611	0.114952877	0.056525957	0.107867964	0.050679073	0.071841203	0.238763392	0.093950018	0.073772803
1746	8	8	0.112753130	0.094080061	0.084651776	0.112094894	0.089423239	0.091377921	0.111113541	0.080563955	0.151155084	0.072786465
1747	8	8	0.149398699	0.072925821	0.071309611	0.089568771	0.089319110	0.104339235	0.119887970	0.053558510	0.158234522	0.091457777
1748	0	0	0.176408574	0.035710175	0.027074851	0.065588772	0.114493422	0.097402826	0.136024728	0.082964517	0.108058788	0.156273410
1749	3	3	0.082576603	0.088921420	0.111451112	0.164010748	0.081862062	0.069422953	0.078244992	0.094355389	0.099810325	0.129344374
1750	7	7	0.066114463	0.072069928	0.094184779	0.078858741	0.080357477	0.089399487	0.086286902	0.203385144	0.088306032	0.141037002
1751	1	1	0.068450153	0.261684448	0.094222493	0.076499224	0.072201893	0.044854157	0.092850931	0.084456526	0.090264753	0.114515454
1752	2	2	0.073005818	0.072874591	0.201161861	0.095592320	0.094091438	0.055339184	0.086517274	0.126273483	0.099145703	0.095998242
1753	5	5	0.083907306	0.049813338	0.059037387	0.099610150	0.089063808	0.196622744	0.123849273	0.092316866	0.119222537	0.086556569
1754	8	8	0.138329357	0.031431682	0.047594149	0.076837495	0.085706733	0.061631463	0.174637720	0.070249543	0.233746231	0.079835698
1755	7	7	0.085784636	0.121656425	0.101574831	0.088193573	0.101869099	0.049475830	0.084497482	0.200349793	0.080044210	0.086554185
1756	3	6	0.134042993	0.056397855	0.061359383	0.126427472	0.084544688	0.071701795	0.189690009	0.074481063	0.118455663	0.082899086
1757	5	6	0.105975293	0.047149472	0.045444403	0.124433696	0.069154806	0.167523131	0.168356121	0.090991803	0.115675196	0.065296091
1758	1	1	0.061697837	0.293067217	0.064168565	0.059777316	0.089476988	0.057553310	0.081123389	0.096348114	0.096797898	0.099989384
1759	6	6	0.120578572	0.040151428	0.067954645	0.083523177	0.082944624	0.114934355	0.192503214	0.085896507	0.143555671	0.067957789
1760	2	2	0.063111380	0.100726858	0.231733605	0.081099510	0.069006689	0.049465336	0.104790978	0.165684730	0.058118936	0.076262057
1761	5	5	0.068796903	0.076027460	0.050133884	0.089637689	0.104593210	0.144868672	0.128198549	0.138169646	0.091291696	0.108282261
1762	7	7	0.060168158	0.073559657	0.113571435	0.098626226	0.076126397	0.106560543	0.074085973	0.228373691	0.063628495	0.105299465
1763	9	9	0.066040255	0.064682491	0.027098576	0.068393901	0.122452199	0.062396564	0.058363017	0.068139344	0.080630496	0.381803125
1764	3	9	0.115764163	0.077229865	0.081684083	0.132684126	0.080213539	0.082159244	0.094130494	0.073206529	0.119280383	0.143647566
1765	4	6	0.075475387	0.102429479	0.104633436	0.103659995	0.090641469	0.053194486	0.137183815	0.107934944	0.116430581	0.108416349
1766	4	8	0.067567423	0.066982128	0.113583907	0.078817360	0.149878934	0.045123231	0.091545172	0.123317160	0.149942994	0.113241717
1767	6	8	0.123600826	0.060845327	0.068006217	0.086011827	0.078181103	0.090204328	0.156708837	0.089121021	0.157288969	0.090031512
1768	1	1	0.090736926	0.167527527	0.098119050	0.098362640	0.100953795	0.042910177	0.077807635	0.124575257	0.116931573	0.082075387
1769	3	3	0.118365042	0.077357195	0.086702019	0.161680996	0.073403157	0.103866905	0.098364972	0.104502968	0.096579723	0.079176977
1770	2	3	0.084941968	0.101069644	0.134934813	0.135940731	0.065243170	0.059044641	0.096216388	0.094140358	0.093392275	0.135076046
1771	8	8	0.125898033	0.074091211	0.054367289	0.101733461	0.086033650	0.097015068	0.102395877	0.075779364	0.143401489	0.139284611
1772	8	8	0.131449550	0.032261200	0.036852155	0.121942960	0.062350444	0.059819661	0.129457504	0.050809201	0.301987350	0.073070034
1773	0	0	0.211520970	0.070419803	0.099927559	0.099518903	0.071255974	0.064543776	0.110036746	0.062893786	0.109525219	0.100357302
1774	3	3	0.089657843	0.096572183	0.088262476	0.177872285	0.076417632	0.090313084	0.091099128	0.096396223	0.094120681	0.099288419
1775	4	4	0.087703615	0.061503880	0.094608530	0.099162154	0.166137606	0.065365583	0.112994060	0.092369616	0.129133567	0.091021344
1776	5	5	0.097674541	0.082115106	0.066199392	0.074423186	0.109714076	0.153072909	0.101248607	0.097538710	0.112693168	0.105320305
1777	9	9	0.088764273	0.069010325	0.039734740	0.080827445	0.116612583	0.091115005	0.072281078	0.069059126	0.123817958	0.248777524
1778	1	1	0.090990148	0.218919352	0.147936881	0.099846065	0.072220430	0.051241934	0.075328231	0.110811897	0.061588123	0.071116947
1779	2	2	0.101322874	0.099686809	0.169377193	0.098377936	0.079982363	0.060978901	0.087111726	0.143093213	0.087487437	0.072581545
1780	7	7	0.077440366	0.173280329	0.125885770	0.112318702	0.072855525	0.035646327	0.071161203	0.176138401	0.087568454	0.067704931
1781	0	0	0.176982924	0.058586556	0.068007916	0.110418320	0.064500265	0.076403432	0.105068356	0.099840961	0.150016204	0.090174995
1782	3	3	0.108479507	0.085831620	0.080510780	0.129915550	0.078054301	0.107195355	0.104672842	0.115675263	0.100838378	0.088826448
1783	5	5	0.089308925	0.056216355	0.064544901	0.085059293	0.103470683	0.173274696	0.142553329	0.085045531	0.119917296	0.080608979
1784	5	6	0.094480440	0.040766712	0.063679755	0.127139047	0.067119911	0.152124703	0.177201003	0.093081884	0.094692662	0.089713849
1785	9	3	0.131195277	0.054146573	0.060266320	0.133491740	0.085216910	0.073723875	0.133205682	0.070537634	0.130423725	0.127792329
1786	1	1	0.066931471	0.164421886	0.093908578	0.086397320	0.115337916	0.050798200	0.104589969	0.142730743	0.082387447	0.092496455
1787	8	8	0.136721149	0.075743385	0.039468382	0.065030217	0.085204728	0.086946405	0.123051852	0.056574076	0.196128935	0.135130927
1788	8	8	0.109528944	0.056274395	0.053464320	0.094723076	0.076226585	0.080484904	0.124967076	0.084694199	0.235837534	0.083798870
1789	4	6	0.099265762	0.095609620	0.094141439	0.096036501	0.115268454	0.094180286	0.130036697	0.098631069	0.081116423	0.095713682
1790	0	0	0.175645292	0.092804320	0.096515700	0.121999577	0.069899775	0.078540340	0.090701878	0.108493753	0.082055122	0.083344288
1791	6	6	0.110975437	0.056215443	0.058489233	0.096221060	0.110900402	0.057419050	0.209422350	0.107177272	0.125288740	0.067891084
1792	0	0	0.229819059	0.063947231	0.072585680	0.119528688	0.066843137	0.088087372	0.087682702	0.052308455	0.115942352	0.103255287
1793	9	9	0.068779945	0.078154504	0.031506620	0.050166927	0.130296275	0.083856553	0.056635723	0.092664354	0.109306172	0.298632860
1794	1	1	0.067057408	0.175328702	0.139922842	0.137132749	0.086797580	0.055579916	0.075886361	0.121450417	0.075349778	0.065494284
1795	3	3	0.120001189	0.054268774	0.062900998	0.200813115	0.065651827	0.078036487	0.137576848	0.086569302	0.147063285	0.047118250
1796	2	2	0.075147673	0.090474702	0.173591912	0.073724858	0.114687264	0.037723552	0.084703550	0.140978068	0.120390482	0.088577904
1797	7	7	0.063599348	0.089387208	0.080696993	0.057752270	0.078586802	0.059694801	0.075758085	0.320744932	0.074003033	0.099776559
1798	1	1	0.071723849	0.191108227	0.166806325	0.105641603	0.062997311	0.063420288	0.086554639	0.091873549	0.071225770	0.088648364
1799	0	9	0.135046035	0.043613039	0.034045547	0.082731009	0.122554637	0.094499663	0.132696152	0.078355417	0.104362182	0.172096342
1800	6	6	0.116281331	0.058444787	0.072662830	0.103205562	0.098492779	0.072796494	0.194224134	0.104152538	0.107103221	0.072636351
1801	4	9	0.059578527	0.080037467	0.053523865	0.059496507	0.172916919	0.050319988	0.088301852	0.110478416	0.120894536	0.204451874
1802	8	8	0.098247729	0.043463200	0.073721051	0.094448701	0.075282402	0.095567174	0.162191153	0.083377846	0.192633629	0.081067108
1803	4	4	0.064764753	0.094270848	0.060507569	0.058991976	0.196271196	0.044413015	0.092450812	0.091321759	0.113815725	0.183192357
1804	1	1	0.087691687	0.218864411	0.097389728	0.055047747	0.085936934	0.062148754	0.100255713	0.089219362	0.083362535	0.120083161
1805	8	9	0.079732567	0.110381849	0.072816454	0.124892682	0.092276581	0.080064923	0.075709768	0.091696575	0.132620543	0.139807999
1806	5	6	0.095551014	0.061303135	0.072028764	0.114795074	0.077361390	0.125400230	0.150630638	0.107358560	0.105235837	0.090335332
1807	3	7	0.104383089	0.067137867	0.091532402	0.123286314	0.086905420	0.107889257	0.108747475	0.135646835	0.090766370	0.083704971
1808	8	8	0.080860712	0.052873705	0.034454633	0.101092689	0.110570244	0.070129335	0.115878291	0.086998679	0.198200077	0.148941621
1809	6	6	0.077389173	0.047604110	0.098475724	0.091279782	0.070486799	0.095692858	0.251792878	0.087549597	0.064778067	0.114951015
1810	8	8	0.114237241	0.049549975	0.097627662	0.100020431	0.088928908	0.092132464	0.127028093	0.063378207	0.182633027	0.084464036
1811	6	0	0.177086130	0.062481575	0.060296699	0.100920811	0.086618900	0.106070302	0.112855420	0.071993105	0.128565148	0.093111873
1812	3	3	0.086380899	0.093377620	0.090437047	0.142192677	0.101649515	0.085216276	0.075201005	0.084949195	0.119352669	0.121243186
1813	8	6	0.104357310	0.050269652	0.050181951	0.074482888	0.108545668	0.076875389	0.196136713	0.067967199	0.192236796	0.078946434
1814	9	9	0.115255632	0.063696377	0.045799196	0.077694990	0.077865817	0.114585631	0.088019051	0.062407099	0.131406054	0.223270148
1815	6	6	0.080081858	0.040862065	0.079291515	0.082172275	0.119487248	0.072063714	0.259410679	0.070386581	0.119584396	0.076659583
1816	2	2	0.059922911	0.084867023	0.198739111	0.085423738	0.116122074	0.030996030	0.074984267	0.167915434	0.110977434	0.070051976
1817	8	8	0.116110519	0.064952038	0.076296151	0.104785740	0.088158317	0.071683362	0.100432158	0.061696947	0.223666131	0.092218645
1818	2	2	0.068968743	0.092540622	0.192364708	0.092294388	0.083147012	0.037996203	0.127962038	0.146930039	0.085492328	0.072303884
1819	8	8	0.076083779	0.062241573	0.058833670	0.096298620	0.064586222	0.074871249	0.125508800	0.075501576	0.231316358	0.134758160
1820	8	8	0.119718254	0.050738800	0.064744845	0.088793106	0.088117912	0.067679934	0.161894009	0.083711021	0.181914657	0.092687421
1821	2	2	0.093657970	0.072349511	0.151015535	0.076616749	0.096900977	0.109947644	0.123813920	0.089355588	0.076396048	0.109945990
1822	5	5	0.085038140	0.059628848	0.086022586	0.102880374	0.075404383	0.213661835	0.085533977	0.124456242	0.083297484	0.084076084
1823	0	0	0.170938149	0.079167426	0.072694942	0.082042709	0.090459876	0.081996217	0.125206694	0.063162789	0.122228429	0.112102687
1824	7	4	0.076582491	0.117546014	0.067173250	0.091355845	0.138666078	0.082926169	0.087788403	0.117411919	0.102998734	0.117551148
1825	1	1	0.082701728	0.202305377	0.089348525	0.095416807	0.110290974	0.080083609	0.088986874	0.088231780	0.077169634	0.085464694
1826	6	6	0.076794110	0.045260686	0.096324153	0.086170882	0.076590732	0.086594708	0.251930118	0.081841983	0.085615315	0.112877272
1827	9	9	0.120602995	0.044468854	0.043321975	0.070184849	0.116029255	0.101673268	0.101236798	0.106896006	0.126378357	0.169207618
1828	4	1	0.088584326	0.130323440	0.097494051	0.068646289	0.126359656	0.089203812	0.113170423	0.090220571	0.089487731	0.106509648
1829	7	7	0.067838050	0.077134117	0.108420268	0.082637876	0.090946622	0.040834650	0.086935721	0.262879580	0.101117171	0.081255987
1830	1	1	0.101993486	0.168247104	0.104384579	0.079484940	0.136217281	0.070576526	0.077493906	0.112214319	0.077027798	0.072360151
1831	1	1	0.083091572	0.232514739	0.133725807	0.067288034	0.082912080	0.052271429	0.114981510	0.076124884	0.060265761	0.096824229
1832	8	8	0.096231282	0.056071561	0.050733130	0.075109303	0.069988325	0.086594783	0.155267045	0.086163193	0.232414961	0.091426432
1833	9	9	0.124742292	0.041896872	0.085700922	0.110607579	0.075522996	0.093101382	0.138829172	0.066999011	0.119995937	0.142603785
1834	7	7	0.071483724	0.092152633	0.094035827	0.076859646	0.089745730	0.046144612	0.088273041	0.235816583	0.081947632	0.123540550
1835	6	6	0.088085517	0.036575593	0.083849758	0.078113995	0.077562317	0.098392129	0.285885453	0.078490943	0.083189547	0.089854732
1836	1	1	0.063210391	0.262403816	0.154045388	0.105793491	0.068631023	0.051830143	0.074797541	0.094650380	0.050877843	0.073759884
1837	7	7	0.049409632	0.068621606	0.062193170	0.062301178	0.107536189	0.059641629	0.063101105	0.334699392	0.059138771	0.133357272
1838	3	6	0.109048136	0.038777139	0.059405874	0.114352763	0.063529842	0.121431418	0.162509233	0.119542919	0.134776682	0.076625973
1839	2	2	0.084095329	0.086853191	0.140220255	0.091901220	0.073884323	0.042092007	0.105579756	0.104701333	0.135463372	0.135209218
1840	4	4	0.065881938	0.053821787	0.070267327	0.087799877	0.236030161	0.073541388	0.078171149	0.104532756	0.091825962	0.138127640
1841	7	7	0.044502579	0.083922148	0.053840797	0.059845246	0.116049908	0.050517611	0.057308353	0.317096084	0.060927071	0.155990213
1842	4	4	0.063660823	0.080294564	0.111584976	0.077520750	0.252651602	0.037428562	0.065132916	0.107675865	0.121409610	0.082640246
1843	9	9	0.096880838	0.038209304	0.019847907	0.055741966	0.077935494	0.092758514	0.090227783	0.060204484	0.134116873	0.334076852
1844	8	8	0.108466789	0.044302233	0.063792638	0.081203446	0.085991815	0.067894667	0.171648681	0.078960858	0.225512028	0.072226927
1845	1	1	0.082125947	0.189164951	0.077890381	0.072900966	0.113211475	0.073945336	0.068650924	0.109789193	0.084085748	0.128235117
1846	6	8	0.133464187	0.047107663	0.046977170	0.072498083	0.086008385	0.054037530	0.143329635	0.079166546	0.205462873	0.131947860
1847	1	1	0.083163753	0.266702265	0.115916006	0.083134107	0.079428196	0.058766853	0.061620791	0.100550480	0.083164066	0.067553446
1848	0	0	0.190965444	0.050352987	0.074128494	0.109606884	0.094628200	0.072170384	0.122111551	0.068594187	0.132899418	0.084542483
1849	1	1	0.064073607	0.205863863	0.084782831	0.092890650	0.122601114	0.047543552	0.071509659	0.136012554	0.087440498	0.087281585
1850	2	2	0.110324256	0.081370614	0.235980749	0.055498056	0.076001801	0.063802697	0.131417677	0.108825669	0.063380912	0.073397614
1851	8	8	0.117202044	0.040907022	0.078771263	0.108722679	0.097499982	0.056008082	0.156408578	0.084812433	0.163759574	0.095908359
1852	9	9	0.092785239	0.050777610	0.025210833	0.091633745	0.106708921	0.076430522	0.065901622	0.051824518	0.086963132	0.351763904
1853	7	7	0.071859986	0.090861671	0.091897070	0.069232829	0.121194676	0.048659623	0.075862475	0.257044733	0.088318765	0.085068136
1854	4	4	0.064754419	0.073814869	0.104336940	0.064453766	0.236554489	0.048395406	0.079172827	0.112470701	0.119508289	0.096538216
1855	2	2	0.089357905	0.076604612	0.234117508	0.068771452	0.104943395	0.047610555	0.083844125	0.118019715	0.104003608	0.072727181
1856	6	6	0.092618927	0.028839730	0.055735722	0.072494678	0.069346629	0.101657003	0.328531563	0.062868290	0.096934773	0.090972774
1857	0	0	0.258229554	0.036733475	0.039649650	0.077052891	0.063418813	0.063054100	0.197959840	0.054628875	0.117329456	0.091943316
1858	8	8	0.094340213	0.050451349	0.049804453	0.111490324	0.077218629	0.077395856	0.161284074	0.078607149	0.217587024	0.081821010
1859	8	8	0.128854066	0.059718855	0.056762774	0.097706936	0.091604821	0.065109186	0.110572040	0.054288507	0.218141213	0.117241673
1860	9	9	0.069759712	0.038321014	0.023239844	0.056388844	0.126614168	0.106614381	0.078250706	0.064683497	0.089532323	0.346595436
1861	6	6	0.150945067	0.045957267	0.052607909	0.095948711	0.068888545	0.051564690	0.183805272	0.072920002	0.180698469	0.096664004
1862	0	0	0.219008476	0.046578381	0.057854332	0.107665576	0.069760941	0.067983262	0.140724376	0.075739115	0.111231156	0.103454411
1863	6	6	0.123424977	0.069369912	0.055486523	0.066283964	0.076092698	0.137975052	0.162383765	0.059671987	0.128979102	0.120332025
1864	9	9	0.092572108	0.085592672	0.040807769	0.062101599	0.088329576	0.044184905	0.065150492	0.064486995	0.099183135	0.357590854
1865	4	1	0.087101951	0.140715957	0.071905732	0.046213388	0.113712005	0.101851456	0.129368410	0.082568154	0.093773670	0.132789239
1866	7	7	0.072598986	0.149205387	0.111568756	0.085042015	0.093300432	0.061098289	0.086898945	0.169683278	0.096124224	0.074479617
1867	5	6	0.088844188	0.036541488	0.079585604	0.098903544	0.055857942	0.178459600	0.191533670	0.085069984	0.094389983	0.090814061
1868	9	9	0.089548059	0.060638074	0.062746622	0.089220129	0.087613128	0.112939104	0.112194769	0.110509880	0.084545448	0.190044746
1869	1	1	0.101230457	0.194851756	0.122949883	0.081593230	0.067180276	0.075190187	0.115628384	0.083301298	0.079223916	0.078850605
1870	1	1	0.073332191	0.261517137	0.062550761	0.061316956	0.089009307	0.062179584	0.062960155	0.098012477	0.115375295	0.113746092
1871	4	4	0.069610141	0.046891935	0.066856302	0.063135058	0.313670069	0.052521504	0.072080344	0.088486917	0.100734182	0.126013562
1872	5	5	0.071089171	0.045108609	0.095516875	0.079301618	0.074683577	0.193436071	0.157064602	0.088254645	0.085302785	0.110242091
1873	0	0	0.156204671	0.070026502	0.086259983	0.075164966	0.097611845	0.094563328	0.140633419	0.087750271	0.091099925	0.100685105
1874	5	5	0.066226304	0.064643048	0.047821198	0.083437443	0.136003092	0.145097762	0.095918961	0.124447621	0.100250475	0.136154145
1875	3	3	0.112260215	0.048438832	0.073991090	0.151382759	0.075598612	0.105367258	0.147549406	0.086203769	0.129182234	0.070025884
1876	8	8	0.115243673	0.049635347	0.080740519	0.135349602	0.081085481	0.066026486	0.124384649	0.080071315	0.168890074	0.098572880
1877	6	6	0.099404238	0.050186958	0.096343242	0.100691766	0.079165779	0.095070370	0.209244803	0.091124155	0.084135436	0.094633259
1878	8	8	0.091135830	0.038600601	0.039552514	0.106860705	0.103486441	0.054725502	0.151635930	0.061929554	0.235698119	0.116374776
1879	5	5	0.089541867	0.047452305	0.039299905	0.091316290	0.102628835	0.207130283	0.117857866	0.100430220	0.134159967	0.070182540
1880	3	6	0.098822638	0.058201190	0.048574518	0.156217635	0.083445318	0.087619036	0.178730905	0.073512644	0.106206462	0.108669616
1881	1	1	0.066227987	0.172668919	0.063124329	0.074417412	0.134681597	0.075092778	0.077777624	0.109026209	0.075026117	0.151957095
1882	4	9	0.055524245	0.053924099	0.046577018	0.087851197	0.159911290	0.082336120	0.077928327	0.103307277	0.079658993	0.252981395
1883	8	8	0.101867624	0.036616895	0.072620571	0.109390527	0.077526249	0.041376196	0.139947325	0.067495540	0.239113763	0.114045314
1884	1	1	0.073213264	0.234427363	0.097204931	0.059447445	0.084841356	0.051052522	0.088758789	0.098032437	0.096908256	0.116113558
1885	9	9	0.102260821	0.064323299	0.058778808	0.094661057	0.089174643	0.054632086	0.090310171	0.079730362	0.094191231	0.271937519
1886	5	8	0.090742983	0.100774236	0.079738215	0.111456424	0.097582586	0.099862687	0.104321748	0.102229923	0.122872069	0.090419091
1887	6	6	0.156451494	0.042372942	0.039571814	0.113317192	0.072882533	0.090798855	0.246654347	0.048494700	0.106856346	0.082599774
1888	6	6	0.111125208	0.051635757	0.082259506	0.076594763	0.094163358	0.106424533	0.204161093	0.097018756	0.086815640	0.089801408
1889	6	6	0.086550243	0.072433904	0.073447190	0.061843641	0.096650250	0.079475991	0.178842902	0.087799847	0.136404172	0.126551852
1890	8	8	0.113966979	0.081236474	0.076951988	0.078657523	0.069373228	0.062070053	0.142109424	0.104346454	0.163743868	0.107544079
1891	9	9	0.066712923	0.063007481	0.017333569	0.040292569	0.107877001	0.091669850	0.066590339	0.057668161	0.088287912	0.400560260
1892	3	3	0.118272029	0.076779157	0.086948954	0.222948492	0.079531915	0.077778086	0.098237254	0.080035195	0.090202309	0.069266543
1893	7	7	0.069780603	0.092673279	0.117844000	0.064381935	0.097295932	0.074164107	0.078530282	0.220287830	0.092756569	0.092285365
1894	9	9	0.084314197	0.082836293	0.053061668	0.064464062	0.107739851	0.118268616	0.092940085	0.090518959	0.099756055	0.206100285
1895	8	8	0.091015175	0.037677526	0.048842754	0.096994765	0.104387291	0.049377549	0.138647705	0.076650575	0.284620911	0.071785770
1896	5	6	0.091060355	0.034089178	0.073219143	0.077133052	0.085528336	0.171930060	0.208922461	0.084820323	0.091545343	0.081751682
1897	5	5	0.098285504	0.082277328	0.076439336	0.100890145	0.090000823	0.122963771	0.100862503	0.114374511	0.107357040	0.106548950
1898	3	6	0.109217972	0.080581635	0.067111067	0.112284303	0.101088509	0.102474093	0.130516335	0.077657312	0.105417818	0.113650963
1899	5	5	0.092667885	0.033478256	0.062923618	0.106457613	0.064794809	0.207723767	0.162679046	0.075081646	0.115447730	0.078745566
1900	2	2	0.089537494	0.067325592	0.170357823	0.090756424	0.068098359	0.069297485	0.093778417	0.111001685	0.095654346	0.144192293
1901	5	7	0.099776298	0.066900730	0.062594615	0.109166354	0.086165883	0.114662349	0.110288419	0.130008683	0.118274055	0.102162682
1902	7	7	0.075816169	0.095633999	0.125371054	0.065869153	0.101895936	0.060730129	0.073843196	0.228759840	0.082112454	0.089968026
1903	1	1	0.059172794	0.314529479	0.069223411	0.057999827	0.082317360	0.053704217	0.077160835	0.115311950	0.085140705	0.085439481
1904	6	6	0.097300798	0.057497963	0.081343323	0.069878511	0.071781039	0.134087071	0.226840571	0.068871617	0.081196867	0.111202233
1905	7	7	0.052996483	0.068197772	0.065938704	0.056161322	0.078374527	0.040678442	0.049446557	0.419563860	0.058853585	0.109788701
1906	5	5	0.087525271	0.052761108	0.069889203	0.101958051	0.066621602	0.183604136	0.158393413	0.071024731	0.101935461	0.106287040
1907	8	8	0.085195966	0.042495519	0.043615162	0.092564568	0.109057777	0.059747234	0.140178829	0.085283026	0.236165151	0.105696842
1908	2	2	0.066278927	0.100558899	0.150885940	0.100439101	0.093208209	0.052769680	0.088520169	0.124213211	0.132100120	0.091025665
1909	3	8	0.109375186	0.045083627	0.056761689	0.105789147	0.084942147	0.109579667	0.151967168	0.072112568	0.185456976	0.078931853
1910	4	4	0.068297409	0.106452018	0.117359839	0.067501701	0.167957440	0.060024556	0.079423867	0.123300277	0.107828856	0.101854034
1911	5	5	0.070335761	0.065752566	0.050606046	0.093580991	0.122402959	0.192888275	0.094722994	0.114058085	0.098658726	0.096993633
1912	9	9	0.059138544	0.102911755	0.069137342	0.052182976	0.105590977	0.052250758	0.073841326	0.134349391	0.139174610	0.211422354
1913	8	8	0.094276890	0.064946763	0.054616116	0.161428601	0.080043092	0.063843757	0.103216425	0.083366886	0.220449895	0.073811643
1914	3	3	0.119006284	0.076516010	0.090583332	0.126636028	0.076214671	0.102566898	0.093081564	0.086167894	0.115491264	0.113736078
1915	8	8	0.100141577	0.044106141	0.058667634	0.108677223	0.100644469	0.052266639	0.141021684	0.078564957	0.231679320	0.084230334
1916	5	6	0.103417344	0.056248657	0.047951754	0.105945989	0.075720727	0.124184027	0.197554514	0.095087104	0.107654922	0.086235024
1917	6	0	0.164810166	0.053189240	0.085741952	0.076452971	0.081957914	0.079076476	0.162445173	0.055595223	0.148951501	0.091779396
1918	1	1	0.075059369	0.225848630	0.120214649	0.075520746	0.078405552	0.076866664	0.079128556	0.084617592	0.084717177	0.099621013
1919	9	9	0.067882881	0.051677004	0.025222117	0.074706517	0.107500702	0.053281534	0.070880599	0.059203051	0.071355432	0.418290138
1920	8	8	0.112904131	0.059086159	0.054042943	0.125331521	0.080970980	0.076390617	0.119679384	0.073531970	0.213746786	0.084315538
1921	7	7	0.087420113	0.090051062	0.098121993	0.071963802	0.106266603	0.049351674	0.084531240	0.254059255	0.078320459	0.079913788
1922	6	8	0.159971595	0.045157466	0.071992092	0.114761584	0.089019932	0.046876673	0.128813684	0.073763676	0.167866573	0.101776719
1923	7	7	0.097289175	0.111727640	0.117167808	0.061212473	0.078658119	0.041441787	0.060383730	0.291377783	0.079433978	0.061307568
1924	5	5	0.085322984	0.071548700	0.073799342	0.100419536	0.085922234	0.199217424	0.073384605	0.122083962	0.084631100	0.103670150
1925	8	8	0.099104412	0.058677748	0.090025567	0.088281870	0.094761230	0.071956366	0.077379026	0.061815362	0.285551041	0.072447367
1926	4	4	0.079142153	0.063432395	0.113081962	0.072849117	0.249075472	0.051955722	0.093519934	0.099571809	0.100814804	0.076556601
1927	2	2	0.069893084	0.086666733	0.174790025	0.091096707	0.096428871	0.047561698	0.113689229	0.160468385	0.087283328	0.072121941
1928	2	2	0.082303129	0.072988540	0.215190113	0.066010632	0.106267758	0.056020349	0.084585026	0.128146216	0.115955643	0.072532594
1929	8	6	0.111154072	0.044760477	0.050583825	0.107207291	0.101599835	0.081413917	0.187209979	0.068116710	0.176486477	0.071467437
1930	5	5	0.082801037	0.053001329	0.072264038	0.101725221	0.066731237	0.215234131	0.127311617	0.086053662	0.091503881	0.103373855
1931	5	5	0.089578092	0.037436653	0.080306292	0.081870444	0.077648044	0.220310092	0.148671702	0.081562184	0.096810095	0.085806414
1932	4	4	0.074738666	0.056420375	0.077173606	0.080301434	0.177831680	0.086352356	0.127655447	0.105624780	0.080322735	0.133578971
1933	6	6	0.091067895	0.064266078	0.054184988	0.069713205	0.119934686	0.082455918	0.201801941	0.126701966	0.131562471	0.058310807
1934	3	3	0.122257888	0.069795623	0.072522968	0.192079425	0.080933623	0.065918334	0.111041099	0.083402514	0.117359444	0.084689051
1935	5	5	0.083356902	0.069341697	0.048846900	0.078422442	0.111268505	0.161752254	0.095864855	0.108242169	0.095295437	0.147608817
1936	4	4	0.061998338	0.082244910	0.118853554	0.080051318	0.215145320	0.043264583	0.090053655	0.112384394	0.118000820	0.078003161
1937	3	3	0.079545379	0.057356775	0.085567802	0.194803491	0.075102761	0.057459552	0.100418895	0.081880435	0.149436355	0.118428491
1938	1	1	0.051830094	0.238518119	0.069676265	0.083593145	0.113816865	0.047949560	0.069030941	0.132090047	0.091004878	0.102490112
1939	4	4	0.052451752	0.044279609	0.062714152	0.065556780	0.264654338	0.070105121	0.080891684	0.098031133	0.090869583	0.170445949
1940	0	0	0.279230028	0.054120153	0.056572609	0.074929617	0.079105437	0.071181454	0.138632238	0.075531349	0.100683741	0.070013270
1941	1	1	0.069141373	0.196128190	0.110185958	0.070190251	0.078273565	0.055237465	0.080211394	0.111072317	0.116551191	0.113008313
1942	6	6	0.095129430	0.075270906	0.052939039	0.099329211	0.073314138	0.103266992	0.164023072	0.088616095	0.145719275	0.102391757
1943	5	6	0.092010453	0.072864600	0.056572929	0.096069828	0.093994297	0.093261436	0.156796098	0.107936345	0.144984797	0.085509263
1944	2	7	0.091823630	0.077913336	0.157357708	0.073561780	0.081057496	0.090644166	0.102035694	0.185028538	0.069748938	0.070828706
1945	3	0	0.164420590	0.072005585	0.064108141	0.133409783	0.072132222	0.089749649	0.110367276	0.066718154	0.118029147	0.109059483
1946	5	5	0.087285794	0.068887502	0.050096408	0.073012590	0.120905153	0.165622622	0.100787155	0.099584810	0.103034399	0.130783573
1947	3	3	0.093598753	0.087136440	0.093434215	0.156558335	0.087733038	0.061686572	0.077331118	0.078431264	0.122692846	0.141397461
1948	7	7	0.069833308	0.053197455	0.099386930	0.080493748	0.069973662	0.058470551	0.088634543	0.289559424	0.091014385	0.099435978
1949	3	0	0.132662162	0.075770579	0.091924690	0.113500603	0.088800214	0.070734702	0.119914964	0.062733173	0.112683415	0.131275564
1950	3	3	0.084594660	0.088189080	0.103357375	0.140892476	0.101713896	0.077971846	0.084359556	0.073542237	0.111958899	0.133419976
1951	8	8	0.096521914	0.051592287	0.059217576	0.100876212	0.065664329	0.066008329	0.159581408	0.094808690	0.215544209	0.090185076
1952	1	1	0.094715931	0.265023798	0.111111216	0.060748190	0.082636259	0.057965569	0.053756546	0.120941617	0.077501141	0.075599790
1953	3	0	0.128554702	0.099301711	0.106756955	0.089953944	0.085079931	0.104286842	0.092633434	0.102764249	0.108508289	0.082159981
1954	6	6	0.128931284	0.054432336	0.037177853	0.073397480	0.079343110	0.089247897	0.231818050	0.072882868	0.154257223	0.078511864
1955	6	6	0.128089145	0.033708800	0.053543378	0.081678957	0.072432257	0.038743250	0.245377570	0.083664127	0.178645924	0.084116668
1956	2	2	0.058258906	0.068645626	0.189640686	0.095840909	0.146416306	0.044597812	0.070547931	0.133100614	0.126806602	0.066144571
1957	4	4	0.078203261	0.077069283	0.110983193	0.118793920	0.177711710	0.052534740	0.076673552	0.112846732	0.115201026	0.079982527
1958	3	9	0.079600751	0.057270061	0.041126356	0.155560300	0.079918325	0.085825764	0.082553923	0.105015412	0.118438631	0.194690540
1959	8	6	0.133083016	0.057886921	0.070378870	0.091557525	0.080602847	0.068665445	0.166345417	0.072492540	0.152663812	0.106323600
1960	2	2	0.072644338	0.069774173	0.243803710	0.072093695	0.098543353	0.035753254	0.094025671	0.162066698	0.081577569	0.069717549
1961	9	3	0.127482370	0.080020241	0.087698266	0.156277925	0.079649292	0.078699082	0.075873978	0.057387680	0.107053503	0.149857685
1962	9	0	0.163302168	0.087621175	0.098056540	0.119495705	0.079206631	0.049237151	0.098091647	0.050544444	0.097720131	0.156724408
1963	8	8	0.103967100	0.049565397	0.070910797	0.110752992	0.096689194	0.058894522	0.078828380	0.059585921	0.292704046	0.078101620
1964	2	2	0.091394588	0.085019916	0.208481699	0.066304542	0.087316461	0.068466313	0.095530622	0.135323912	0.088966042	0.073195890
1965	4	4	0.078652523	0.126901701	0.068733893	0.045231946	0.129990667	0.126373246	0.127652109	0.089565016	0.093821637	0.113077253
1966	0	0	0.202954814	0.059843626	0.070618741	0.113014109	0.073787689	0.070014685	0.103122652	0.057436824	0.153322324	0.095884539
1967	7	7	0.038317923	0.058556437	0.053008128	0.055433791	0.084313512	0.049257610	0.054121915	0.436090499	0.055600595	0.115299590
1968	7	9	0.061421894	0.118245341	0.049720149	0.077318363	0.144076332	0.061123837	0.059533659	0.133004084	0.079570778	0.215985581
1969	9	9	0.099214658	0.055866074	0.093881123	0.059654053	0.080202460	0.115480356	0.145270392	0.084005423	0.075343490	0.191081956
1970	4	4	0.072042495	0.064816281	0.070698619	0.064108349	0.310973495	0.054536331	0.082695641	0.083229542	0.103755847	0.093143411
1971	1	1	0.091649070	0.218885034	0.124264345	0.071994185	0.094307646	0.072009131	0.069939099	0.100831062	0.080074832	0.076045737
1972	5	5	0.096350193	0.064249180	0.075022168	0.109932914	0.072549991	0.188222483	0.092552036	0.088072866	0.108784646	0.104263604
1973	1	1	0.071970634	0.180129752	0.119804874	0.132142663	0.078978218	0.045836113	0.111208647	0.089108765	0.074434824	0.096385561
1974	9	9	0.089490652	0.063582405	0.048882648	0.100963995	0.105886191	0.084111266	0.066832736	0.050788958	0.113347366	0.276113808
1975	6	6	0.124034695	0.048191603	0.055747803	0.089145415	0.078902639	0.076118000	0.245395362	0.078580707	0.139072135	0.064811654
1976	6	6	0.142841637	0.052479796	0.057377324	0.078737497	0.077881172	0.088734053	0.240284011	0.077619836	0.117238440	0.066806287
1977	6	6	0.095052287	0.039226983	0.055822708	0.121583946	0.094270691	0.061349522	0.268117309	0.072278880	0.130257145	0.062040523
1978	7	7	0.083580397	0.132282838	0.111897774	0.118034504	0.081264116	0.063025147	0.095332175	0.146481663	0.086034425	0.082066961
1979	0	0	0.222218052	0.074398346	0.069021910	0.074169785	0.088277675	0.061154325	0.119026415	0.066039219	0.134336725	0.091357574
1980	5	6	0.113316283	0.065669917	0.062377077	0.089912847	0.095034465	0.128107026	0.154520139	0.092705920	0.096281506	0.102074742
1981	1	1	0.088060483	0.206626713	0.104836866	0.106522597	0.081590265	0.062190697	0.062392872	0.109142855	0.105099916	0.073536716
1982	8	8	0.126852304	0.053722739	0.048192322	0.086863428	0.077064194	0.087564163	0.148134008	0.056737021	0.215887353	0.098982491
1983	9	9	0.061374191	0.096039422	0.046841726	0.056302924	0.085513778	0.074469306	0.086791858	0.092540711	0.156403199	0.243722826
1984	6	6	0.103094198	0.054574158	0.090995394	0.104442172	0.089000545	0.064117834	0.162432969	0.084640317	0.160638034	0.086064331
1985	4	6	0.077862494	0.121614009	0.113891199	0.085200161	0.096520461	0.049647491	0.133607045	0.099236786	0.124452516	0.097967818
1986	8	8	0.124024019	0.060528707	0.127739668	0.088671304	0.118123353	0.059572183	0.103745513	0.056065455	0.173730016	0.087799788
1987	1	1	0.097935610	0.170100212	0.142710373	0.095383205	0.071013689	0.060422868	0.091505527	0.116248734	0.078511134	0.076168627
1988	0	0	0.237893656	0.036011372	0.032932911	0.077609360	0.094439737	0.086040556	0.146390378	0.091181487	0.098892614	0.098608039
1989	6	6	0.114898391	0.057468873	0.055676632	0.062827900	0.075313538	0.132113799	0.180140108	0.060677513	0.112258941	0.148624361
1990	7	7	0.065520495	0.126907349	0.073262468	0.064945616	0.098599486	0.046088789	0.068619266	0.279678732	0.077262715	0.099115156
1991	8	8	0.111324362	0.036608241	0.060232285	0.102457136	0.065659478	0.060015313	0.112053901	0.051409896	0.327938855	0.072300501
1992	9	9	0.120209396	0.068711795	0.075056612	0.135744467	0.084720068	0.068100207	0.084447682	0.056419957	0.106459759	0.200130090
1993	8	6	0.086826064	0.054232605	0.041426100	0.132947251	0.080569036	0.077866346	0.144249558	0.101320773	0.143979818	0.136582524
1994	3	9	0.107332088	0.063180529	0.086897299	0.132826835	0.071912110	0.073929399	0.111801788	0.103238031	0.115242660	0.133639276
1995	1	1	0.077871598	0.222593144	0.163025454	0.096534021	0.060135074	0.061486669	0.080431618	0.083015412	0.070703678	0.084203355
1996	8	8	0.119418174	0.038383100	0.033902597	0.055460442	0.069797285	0.053209808	0.205348819	0.060390987	0.247758791	0.116329990
1997	4	4	0.050849218	0.046780366	0.067456774	0.072085083	0.294604897	0.071052782	0.060648922	0.107620865	0.100559011	0.128342092
1998	2	2	0.073078275	0.072459415	0.186406240	0.083520271	0.081556432	0.063617676	0.104489587	0.111546293	0.105322942	0.118002839
1999	7	7	0.079053797	0.129417583	0.101515986	0.063854948	0.076571174	0.075853363	0.098443955	0.199951082	0.085779473	0.089558586
