index	true	predicted	p0	p1	p2	p3	p4	p5	p6	p7	p8	p9
0	5	5	0.099939018	0.050878994	0.045736253	0.114331961	0.082642771	0.199996650	0.104651920	0.102740958	0.126486808	0.072594583
1	4	4	0.055351578	0.061119728	0.060788885	0.082254097	0.248182699	0.077903055	0.073065110	0.097487427	0.084141135	0.159706250
2	2	2	0.083193652	0.122920930	0.147849172	0.108682901	0.072204642	0.059922185	0.070706151	0.105915956	0.103143089	0.125461400
3	0	0	0.317415148	0.050986197	0.053219251	0.088342994	0.077362552	0.062932104	0.108775645	0.055533666	0.111354984	0.074077480
4	1	1	0.064365648	0.281966537	0.059043493	0.057076056	0.091341190	0.055768691	0.082444854	0.095321648	0.108756378	0.103915438
5	0	0	0.205171674	0.049086142	0.047150481	0.111811787	0.077226393	0.044471115	0.183028221	0.063008778	0.143199980	0.075845376
6	0	0	0.223665580	0.072158091	0.077391081	0.112113073	0.065668620	0.066645220	0.079187565	0.074206255	0.106537573	0.122426964
7	5	5	0.079996616	0.052668355	0.071962036	0.081368081	0.081263609	0.206319630	0.120545082	0.125294372	0.092085913	0.088496238
8	8	8	0.097720116	0.040139537	0.055420797	0.092752375	0.086411804	0.052901175	0.163413063	0.075553685	0.263481796	0.072205700
9	6	6	0.139536664	0.049700420	0.048435275	0.101515986	0.059527487	0.118543170	0.183662727	0.065074690	0.137317479	0.096686088
10	1	1	0.092967577	0.157482132	0.143338338	0.097708039	0.070115320	0.058119312	0.089449935	0.111537568	0.094250239	0.085031562
11	7	7	0.059911206	0.070657834	0.091050275	0.078539513	0.069116309	0.055822253	0.072997078	0.303393632	0.082276173	0.116235778
12	2	2	0.089413665	0.076191612	0.211683512	0.061174203	0.099682704	0.055816405	0.105545253	0.123191096	0.103019148	0.074282415
13	5	5	0.100678489	0.059377544	0.087963723	0.082596965	0.059387781	0.180683002	0.121810816	0.079993412	0.091088012	0.136420280
14	1	1	0.083935060	0.199736834	0.162007228	0.101413585	0.078374706	0.062278438	0.071446277	0.087186508	0.070716128	0.082905397
15	6	6	0.119897105	0.047430553	0.053032707	0.092196271	0.072154872	0.068856120	0.215242714	0.079260893	0.163250998	0.088677786
16	7	7	0.075494282	0.119687267	0.099168457	0.062914148	0.093270212	0.042702083	0.079188108	0.275909871	0.068340041	0.083325535
17	6	8	0.072490290	0.070431910	0.075120285	0.154155031	0.120946661	0.046078607	0.078509524	0.097038813	0.219174713	0.066054195
18	3	6	0.105942853	0.058498677	0.052579790	0.161800757	0.103702433	0.075658754	0.168271095	0.083494209	0.104441911	0.085609518
19	0	0	0.188317329	0.046540480	0.073945768	0.090008542	0.066232435	0.070647128	0.144773662	0.086944073	0.125080287	0.107510231
20	0	0	0.173497811	0.066119671	0.084962495	0.090844586	0.099066325	0.078490883	0.118524395	0.065910578	0.128143638	0.094439626
21	9	9	0.121026881	0.041569222	0.068929046	0.134697959	0.088923201	0.065476820	0.147472128	0.064580277	0.108033516	0.159290880
22	2	2	0.082126632	0.106339954	0.131269306	0.068945639	0.079570800	0.091558993	0.101535439	0.125378817	0.105104759	0.108169623
23	0	0	0.228253052	0.053637844	0.057495754	0.100720055	0.082653105	0.066351004	0.120676190	0.055143446	0.145039216	0.090030372
24	9	9	0.076853707	0.046915896	0.017713044	0.058742616	0.104763985	0.084894024	0.068808176	0.060218498	0.100492574	0.380597532
25	6	6	0.120086044	0.048498359	0.054542623	0.117648073	0.063141994	0.054239981	0.204116732	0.078306429	0.180107012	0.079312861
26	9	9	0.047802050	0.044897400	0.024171492	0.040526722	0.097517729	0.088863738	0.075413778	0.079325199	0.061539348	0.439942539
27	4	4	0.076427273	0.100140028	0.098469086	0.070652351	0.147092253	0.049502164	0.121691175	0.102360956	0.126768515	0.106896155
28	8	8	0.115827590	0.048708510	0.073888876	0.096573398	0.082470305	0.063467741	0.119545698	0.066511199	0.189856172	0.143150508
29	7	7	0.041323505	0.106777199	0.048387639	0.088831343	0.126431912	0.035895426	0.054482404	0.260787338	0.085399330	0.151683867
30	9	9	0.122456737	0.048555307	0.035690837	0.073909044	0.096314572	0.110877678	0.112101831	0.095005117	0.127135172	0.177953675
31	0	0	0.244960085	0.066387191	0.063460715	0.134246662	0.082106084	0.070518576	0.080632158	0.064430155	0.103056066	0.090202317
32	9	9	0.051872864	0.084402896	0.034958176	0.044096038	0.103620432	0.085155286	0.072246231	0.098718300	0.083505079	0.341424704
33	1	1	0.071704172	0.233201921	0.100100257	0.062081654	0.092244752	0.062826954	0.083447471	0.095210254	0.091239177	0.107943334
34	4	4	0.058933623	0.087981321	0.106429726	0.071440890	0.255104810	0.060122993	0.072476134	0.112868227	0.091804139	0.082838148
35	1	1	0.066800207	0.252652973	0.111917995	0.061114933	0.094792239	0.055618040	0.086826436	0.097826362	0.081966713	0.090484113
36	4	4	0.060308404	0.058060557	0.052171145	0.067475177	0.271830857	0.060712155	0.072007559	0.098099016	0.117360078	0.141975090
37	5	6	0.114910863	0.078887731	0.063770898	0.078463867	0.092331365	0.147697702	0.147747830	0.098070689	0.093078092	0.085040912
38	1	1	0.063130483	0.212225571	0.142018721	0.109786451	0.075781867	0.067588456	0.082576513	0.088924967	0.076143451	0.081823505
39	3	3	0.094750345	0.079996116	0.058441292	0.169522688	0.088588044	0.085761957	0.100125588	0.091637164	0.112682760	0.118493959
40	6	6	0.145151883	0.040152300	0.049966574	0.084651835	0.069283031	0.110822767	0.262313694	0.056190040	0.109139964	0.072327942
41	7	7	0.048467960	0.089283980	0.052944604	0.072627105	0.110356264	0.050763555	0.065414064	0.283893168	0.070777662	0.155471608
42	1	1	0.061604209	0.228926256	0.118288480	0.099065065	0.106901355	0.054905247	0.066304207	0.127526149	0.066996716	0.069482356
43	3	3	0.083277136	0.102156974	0.092392102	0.199771479	0.073127553	0.081956871	0.093525857	0.089747526	0.091774985	0.092269555
44	1	1	0.074488811	0.214584336	0.092252322	0.066683263	0.097303241	0.067406632	0.078047849	0.107697614	0.115509987	0.086025879
45	2	2	0.078781627	0.051364735	0.186823159	0.065330848	0.076320566	0.114340425	0.149938598	0.112677217	0.052098386	0.112324461
46	5	5	0.081356227	0.036591660	0.057913441	0.097995743	0.068893149	0.281586915	0.114850298	0.087617569	0.094102830	0.079092264
47	7	7	0.101938888	0.091020383	0.109297439	0.067104004	0.109551497	0.038886927	0.092879944	0.218256533	0.099502288	0.071562111
48	9	9	0.102986537	0.041527379	0.029418444	0.059107505	0.136975184	0.094324440	0.094879158	0.092718802	0.111430995	0.236631617
49	7	7	0.103838481	0.110871918	0.124310166	0.066995010	0.095349282	0.040186167	0.072795428	0.226199955	0.093973674	0.065479860
50	7	7	0.073735222	0.096605636	0.101350911	0.063316956	0.078086771	0.044642996	0.071090497	0.310578704	0.069421865	0.091170363
51	5	8	0.086350620	0.076224111	0.065846957	0.085485496	0.104135536	0.088441439	0.129549533	0.100122400	0.138068035	0.125775814
52	2	2	0.078669384	0.116191179	0.217027783	0.075634725	0.078843169	0.052405901	0.074450821	0.170230418	0.070722915	0.065823629
53	2	2	0.098209061	0.103404209	0.203221560	0.071926795	0.081917539	0.072376147	0.091151267	0.124626338	0.095892042	0.057275087
54	6	6	0.135983437	0.057553899	0.069971934	0.095810227	0.114514209	0.077629872	0.149977699	0.083198406	0.135497227	0.079863101
55	8	6	0.120501339	0.039455641	0.051704783	0.083210118	0.095199384	0.076108024	0.183135420	0.103007004	0.148854867	0.098823324
56	6	6	0.106136508	0.057707883	0.069991753	0.104508996	0.089098401	0.079729639	0.192771062	0.086831987	0.146923378	0.066300385
57	7	7	0.070994049	0.135260925	0.073359132	0.108045317	0.115904331	0.078681052	0.064774625	0.141851947	0.084820911	0.126307711
58	7	7	0.094028398	0.128421485	0.117134511	0.104245678	0.077007100	0.061805204	0.081892632	0.141863674	0.100055650	0.093545735
59	2	2	0.098258875	0.075351998	0.222545147	0.075586982	0.072469413	0.058072899	0.076536559	0.137672320	0.083800152	0.099705599
60	2	2	0.081216857	0.078655384	0.191973969	0.089086503	0.108150050	0.041743025	0.079334602	0.148896962	0.108015895	0.072926663
61	4	4	0.044707190	0.039919488	0.049275830	0.066995308	0.334512889	0.054814097	0.070925660	0.091665253	0.090887614	0.156296656
62	4	4	0.068818137	0.101346299	0.122961238	0.084761053	0.173265621	0.058101773	0.108797453	0.109020442	0.093505070	0.079422854
63	8	8	0.103410497	0.045659978	0.039117772	0.078574672	0.081508905	0.062034518	0.124393091	0.073397972	0.219472095	0.172430560
64	7	7	0.058533035	0.090461858	0.093546033	0.051909555	0.091767810	0.054845721	0.069739848	0.310152173	0.074524492	0.104519509
65	8	8	0.114523746	0.048318066	0.077522315	0.067660697	0.100233838	0.052374631	0.156736508	0.073383011	0.193446234	0.115800947
66	7	7	0.096949570	0.079560399	0.111509286	0.060388036	0.090809382	0.026929179	0.079572752	0.315493077	0.070440315	0.068347946
67	9	9	0.086121827	0.061625894	0.049791619	0.104248151	0.103848733	0.078250140	0.068984725	0.050717428	0.103994906	0.292416602
68	2	2	0.069413185	0.081882417	0.198541284	0.098123610	0.091147453	0.048666682	0.081090160	0.171084717	0.091601826	0.068448648
69	0	6	0.171344131	0.057147134	0.061017953	0.072030783	0.097574085	0.106531486	0.172007412	0.073470913	0.102936462	0.085939609
70	7	7	0.061139781	0.059325207	0.082161166	0.077523857	0.067360133	0.063269489	0.087724306	0.302364826	0.094470330	0.104660898
71	1	1	0.069463372	0.272370398	0.084510736	0.052805286	0.094061844	0.068652585	0.080679975	0.098541513	0.087355405	0.091559000
72	0	0	0.230345905	0.064350881	0.067026339	0.091656893	0.071127012	0.087389134	0.128172174	0.061884388	0.102484822	0.095562458
73	7	7	0.074229032	0.148681939	0.078043312	0.083350435	0.090179056	0.040625140	0.069450408	0.234639496	0.071325205	0.109476008
74	4	4	0.073074393	0.118852563	0.109750688	0.058845546	0.199408576	0.056105435	0.100091189	0.110511072	0.087750919	0.085609548
75	4	4	0.099984579	0.071082726	0.067852311	0.075594172	0.185942560	0.062764138	0.095215991	0.129278168	0.088022567	0.124262743
76	1	1	0.073450282	0.223490983	0.118086226	0.065406419	0.088358119	0.064233601	0.103508130	0.097800061	0.076005667	0.089660540
77	5	5	0.091224849	0.058715522	0.054409463	0.095066018	0.090883516	0.145929024	0.138529867	0.118721195	0.121973559	0.084547043
78	7	7	0.062916718	0.133795887	0.063409887	0.078251123	0.119831659	0.048118725	0.066421114	0.206539392	0.079371415	0.141344011
79	2	2	0.081368968	0.061690819	0.194088653	0.067993358	0.136592731	0.038269583	0.101663701	0.140693083	0.109084874	0.068554148
80	8	8	0.091872215	0.043911923	0.058635358	0.100520797	0.081971295	0.052211404	0.180846348	0.077334672	0.219841361	0.092854604
81	2	2	0.068987161	0.090195999	0.161310539	0.135393798	0.099433661	0.039298456	0.069174737	0.156463727	0.101114862	0.078627065
82	9	9	0.064026132	0.066792935	0.057509147	0.093687467	0.102467909	0.099113442	0.072702117	0.116613485	0.100385614	0.226701692
83	5	5	0.079258092	0.045907613	0.082728796	0.095620081	0.065761410	0.171144575	0.154999599	0.089437880	0.084214993	0.130926937
84	5	7	0.086147755	0.059742145	0.042559844	0.091117978	0.101075791	0.121545002	0.126216173	0.132662237	0.124936871	0.113996163
85	8	8	0.130661398	0.073986590	0.072793819	0.078017712	0.082887433	0.083130367	0.103103817	0.060959365	0.189168751	0.125290632
86	7	7	0.089437298	0.128150582	0.101378739	0.104227960	0.090292186	0.056397736	0.068630621	0.205890357	0.072252676	0.083341852
87	2	2	0.069084369	0.130278960	0.182138935	0.085710168	0.059120253	0.038992256	0.106899790	0.105609767	0.110227212	0.111938298
88	1	1	0.077448964	0.188015282	0.146000132	0.103315674	0.089067630	0.058413032	0.078472964	0.102388546	0.078807801	0.078069896
89	2	2	0.076839253	0.101470821	0.173847571	0.086491220	0.058573045	0.042133331	0.101923943	0.102220632	0.123756349	0.132743746
90	5	6	0.119772501	0.066675887	0.062227964	0.082669981	0.086064585	0.138507009	0.159295902	0.086808830	0.100919746	0.097057663
91	0	0	0.289425820	0.048070509	0.048112843	0.069806390	0.073059492	0.066946387	0.157799006	0.079815954	0.091903932	0.075059697
92	3	3	0.102773607	0.077968031	0.098251097	0.155940682	0.088973112	0.086578928	0.092581935	0.093209155	0.109249413	0.094474062
93	6	6	0.083745465	0.045977429	0.093184665	0.089825884	0.080594189	0.086725898	0.259683490	0.081474952	0.079902776	0.098885253
94	8	8	0.136909246	0.031492211	0.053338613	0.071864605	0.090821914	0.064908020	0.139169693	0.049071401	0.296011746	0.066412568
95	6	6	0.093154810	0.051322684	0.107682608	0.099940091	0.093434893	0.119757831	0.172302991	0.086620927	0.095602624	0.080180436
96	1	9	0.044193346	0.139130160	0.039527405	0.085142285	0.141007230	0.062998615	0.059095599	0.126116559	0.087167889	0.215620860
97	7	7	0.067884244	0.086838715	0.117808245	0.088084191	0.084242530	0.038348194	0.062648594	0.327953815	0.060465019	0.065726534
98	1	1	0.096037932	0.198150069	0.155888781	0.087554067	0.060779281	0.079013310	0.070701107	0.083809935	0.087446317	0.080619246
99	6	6	0.128906146	0.040489342	0.055460770	0.087364651	0.082925849	0.098832153	0.236384630	0.075904623	0.131905824	0.061826050
100	4	4	0.069768436	0.069092438	0.102100797	0.076844953	0.269775867	0.050373651	0.085487738	0.085299499	0.111724384	0.079532199
101	0	0	0.205845147	0.064157039	0.085440122	0.105157956	0.063786365	0.067179769	0.102953136	0.070148103	0.111110903	0.124221422
102	3	3	0.094633736	0.077922560	0.096521229	0.129302979	0.063520916	0.123657942	0.096595176	0.128209338	0.093855634	0.095780559
103	7	7	0.105743878	0.110960305	0.109924018	0.055480622	0.120894164	0.043240219	0.081390627	0.215127721	0.083941534	0.073296867
104	5	5	0.091319285	0.049270801	0.081945427	0.139716446	0.077213593	0.167317539	0.131732181	0.087908931	0.085604370	0.087971471
105	2	2	0.087604880	0.110406861	0.156471118	0.104298741	0.075960472	0.058601182	0.086263672	0.154572323	0.078860313	0.086960450
106	8	8	0.098801292	0.064665698	0.075545512	0.104249455	0.108752117	0.067440882	0.125595897	0.086536072	0.141818151	0.126594931
107	2	2	0.074552536	0.096334293	0.193419337	0.100797258	0.116569482	0.040339049	0.079361491	0.117942646	0.106968492	0.073715493
108	7	7	0.063468076	0.133966655	0.067738876	0.128275678	0.104899630	0.048836373	0.061343435	0.182562843	0.087681763	0.121226721
109	2	1	0.087487638	0.144340023	0.130293131	0.078929909	0.086344592	0.047887970	0.130429521	0.108667262	0.089414470	0.096205488
110	7	7	0.063069470	0.084855825	0.113426797	0.060890161	0.075309239	0.066828191	0.083093256	0.273621827	0.096086092	0.082819119
111	4	4	0.054756630	0.078586161	0.101540618	0.084958725	0.167403489	0.045142192	0.137645364	0.115974858	0.091868833	0.122123137
112	8	8	0.083526522	0.083357379	0.049061306	0.101157770	0.104212679	0.046479080	0.086580716	0.067036927	0.228915393	0.149672240
113	9	8	0.091434292	0.087733157	0.069257416	0.115463413	0.095365986	0.120406382	0.087452263	0.073179372	0.130486146	0.129221603
114	7	7	0.063383296	0.105286546	0.100732356	0.078828864	0.064080812	0.060430650	0.106045760	0.288843870	0.056169774	0.076198019
115	8	8	0.123812646	0.041450899	0.043297555	0.096384689	0.073527187	0.066501766	0.138086304	0.077408433	0.206638068	0.132892430
116	4	4	0.091150746	0.082559563	0.114176378	0.078055434	0.188627899	0.058236886	0.094302461	0.106900238	0.105407752	0.080582686
117	2	2	0.076907501	0.111303821	0.167697564	0.103666186	0.054310262	0.045349110	0.103056729	0.095180273	0.107967116	0.134561419
118	5	5	0.078182183	0.060438231	0.101996869	0.102477588	0.067357533	0.143801808	0.123082101	0.102620803	0.088619828	0.131422952
119	3	7	0.085657723	0.069701321	0.114739515	0.135832250	0.063994542	0.118252538	0.088927150	0.145661011	0.094046064	0.083187848
120	1	1	0.059509858	0.257461131	0.081874311	0.048404355	0.076189369	0.063841857	0.081116118	0.099261068	0.112583145	0.119758844
121	1	1	0.052779410	0.195720404	0.119274169	0.141057715	0.086314775	0.043195974	0.099438593	0.119444631	0.059144057	0.083630338
122	6	6	0.082175381	0.068471342	0.102328278	0.091232702	0.111794434	0.090479448	0.150182351	0.101361059	0.101617575	0.100357369
123	8	8	0.112923473	0.076156400	0.085909933	0.117418036	0.072657391	0.076677576	0.097796790	0.064369984	0.153657496	0.142432913
124	3	3	0.099530585	0.049315382	0.042775974	0.161400661	0.091830768	0.072981901	0.123807482	0.085964084	0.115524866	0.156868294
125	6	6	0.131445572	0.048781503	0.061517529	0.082795434	0.078178369	0.109619267	0.233048066	0.064338535	0.127900854	0.062374864
126	6	6	0.095113583	0.049613167	0.094071917	0.073319487	0.078818969	0.092931420	0.240030721	0.089530304	0.081368409	0.105202109
127	6	6	0.128254041	0.040191758	0.052601911	0.086459346	0.072127186	0.041231126	0.241450459	0.069170669	0.176327109	0.092186511
128	4	4	0.076507211	0.088238634	0.120791376	0.072461933	0.173604101	0.058595035	0.105986059	0.114877425	0.117355786	0.071582355
129	0	0	0.174365327	0.062255673	0.092828654	0.105331749	0.091702983	0.068242006	0.093220212	0.099972844	0.125513762	0.086566843
130	3	3	0.119662590	0.098090872	0.088671811	0.153581500	0.086272255	0.082295135	0.085363634	0.095146827	0.102000698	0.088914789
131	8	8	0.120120160	0.032596733	0.057664130	0.090850651	0.112802163	0.060806889	0.150718212	0.078279696	0.222742632	0.073418662
132	4	4	0.050407056	0.038656816	0.048096854	0.071150258	0.242189914	0.052355193	0.076747455	0.100571983	0.116107695	0.203716904
133	6	6	0.085034408	0.068348378	0.102067836	0.081686318	0.082901254	0.090537123	0.203786477	0.086852662	0.094904341	0.103881232
134	9	9	0.097087592	0.049655870	0.049178962	0.088960938	0.110962011	0.076604292	0.102385938	0.042021826	0.089257441	0.293885082
135	4	9	0.060168408	0.049692992	0.046062421	0.072157532	0.198729619	0.078127228	0.084191576	0.089042291	0.094816238	0.227011696
136	7	7	0.071015999	0.105087712	0.094723836	0.080676667	0.095748670	0.052823041	0.082672425	0.222498417	0.099092349	0.095660895
137	9	9	0.070816502	0.123215437	0.085104458	0.061090641	0.079652451	0.088158809	0.099372953	0.105353065	0.101862349	0.185373381
138	1	1	0.081862628	0.164656892	0.146985412	0.092687286	0.094224438	0.068421409	0.094826669	0.096682616	0.081973873	0.077678725
139	6	6	0.160773396	0.045033544	0.050620303	0.082272619	0.091352709	0.116463982	0.169016257	0.047482982	0.128230333	0.108753875
140	9	8	0.105418541	0.047756169	0.049372200	0.081894048	0.072653279	0.077209525	0.133876160	0.098671183	0.193701342	0.139447555
141	8	8	0.109827161	0.056972619	0.057598706	0.090332568	0.073014125	0.054812737	0.121034697	0.050972439	0.261567533	0.123867467
142	8	8	0.125695512	0.066706352	0.079215854	0.109198466	0.074788801	0.104675174	0.106156245	0.059075300	0.161413312	0.113074981
143	1	1	0.068030082	0.268258661	0.085611328	0.053810325	0.089826412	0.052491315	0.100030348	0.083074041	0.077405155	0.121462405
144	8	8	0.083836965	0.050591636	0.069074996	0.134211853	0.086296007	0.101810418	0.156688720	0.080735795	0.162036061	0.074717656
145	7	7	0.078788131	0.094507784	0.086219534	0.091965236	0.062416818	0.079712294	0.090223670	0.259578109	0.072494566	0.084093831
146	4	4	0.054463029	0.044169839	0.032838214	0.063781820	0.300920039	0.053808797	0.065662771	0.096339956	0.075421110	0.212594420
147	1	1	0.109291874	0.164619520	0.105233610	0.072438456	0.098380826	0.077814445	0.086678408	0.107028484	0.092683271	0.085831232
148	7	7	0.063052490	0.107336923	0.068775900	0.076185241	0.102807306	0.052100584	0.071009368	0.278787553	0.064706370	0.115238197
149	7	7	0.071959704	0.078984037	0.098778538	0.046814308	0.111798145	0.041018717	0.070984691	0.332219779	0.071994022	0.075448021
150	3	3	0.089483187	0.105801731	0.101359248	0.199117512	0.083424330	0.078191832	0.087934665	0.097564608	0.084479071	0.072643846
151	8	8	0.116650701	0.042678032	0.063998960	0.080062695	0.110657781	0.074884340	0.149154440	0.070461415	0.214456990	0.076994672
152	0	6	0.158801511	0.041026313	0.058642883	0.071560316	0.103315867	0.084752485	0.217866927	0.082290046	0.108818039	0.072925597
153	7	7	0.087799892	0.082902700	0.106075346	0.095868401	0.066341490	0.061824061	0.110896006	0.229167908	0.079923458	0.079200670
154	0	0	0.168012276	0.064149871	0.083547972	0.094177023	0.097806074	0.082215205	0.123180702	0.096864261	0.102178387	0.087868154
155	5	6	0.088263065	0.055049434	0.066772945	0.113475889	0.085609734	0.137112617	0.157961667	0.093118481	0.110290088	0.092346102
156	9	9	0.086674675	0.059062343	0.044904195	0.085964859	0.094645247	0.075884245	0.087068878	0.088058762	0.080273770	0.297463059
157	2	2	0.111379370	0.062821828	0.210127726	0.046500687	0.066145219	0.095130250	0.125626981	0.127488509	0.055784941	0.098994546
158	9	9	0.083005764	0.049986545	0.023869062	0.071141675	0.124636076	0.091343038	0.061296847	0.067803681	0.097846024	0.329071313
159	8	8	0.100603051	0.053314172	0.057596851	0.103628352	0.093113378	0.082004316	0.158121005	0.078292921	0.204377130	0.068948835
160	9	9	0.066695683	0.109036870	0.068171404	0.039964497	0.082019262	0.081811368	0.094704442	0.135078937	0.092320397	0.230197072
161	9	9	0.087014824	0.050316334	0.037639309	0.074899040	0.080124803	0.113073811	0.119721554	0.104500435	0.149075195	0.183634713
162	0	0	0.177267760	0.076229133	0.070148051	0.096254326	0.073498502	0.106335767	0.133189082	0.053319588	0.097506985	0.116250783
163	3	6	0.089464359	0.050961718	0.055260208	0.135058507	0.082479633	0.081728734	0.172834948	0.086518131	0.155902341	0.089791387
164	2	2	0.059496846	0.083383046	0.183897644	0.104010522	0.114415154	0.028809218	0.079987504	0.147159487	0.126966655	0.071873985
165	8	8	0.078661494	0.032851070	0.030775445	0.113918304	0.113325082	0.049970496	0.149174184	0.073173232	0.230807796	0.127342820
166	7	7	0.063409641	0.087993629	0.083573245	0.051882997	0.134788901	0.041441403	0.068938985	0.316849291	0.062487792	0.088634171
167	8	8	0.096795216	0.031263478	0.045024525	0.098290250	0.093950287	0.088210076	0.182382360	0.054392852	0.234385207	0.075305730
168	5	5	0.085349508	0.060386669	0.088297829	0.089606650	0.080371559	0.194342926	0.135064885	0.088870876	0.086229146	0.091479935
169	7	9	0.055278666	0.106002830	0.043056346	0.117195949	0.146302655	0.076625273	0.061020456	0.127994776	0.091430888	0.175092176
170	0	0	0.186485484	0.065549619	0.062841333	0.084694408	0.086843349	0.093407765	0.145290747	0.075360715	0.106879607	0.092646949
171	9	9	0.051565558	0.050016865	0.029858332	0.037219755	0.101220831	0.095755048	0.080439925	0.078358293	0.073172316	0.402393073
172	7	7	0.073715769	0.080529243	0.116789944	0.083421782	0.067525551	0.080539756	0.105632849	0.210790381	0.070502482	0.110552154
173	4	4	0.060115866	0.053417299	0.070334107	0.077537782	0.259301752	0.066255480	0.114215881	0.092045188	0.092004046	0.114772610
174	2	2	0.101331741	0.082053125	0.135282338	0.091134094	0.069453105	0.103160031	0.123738192	0.097402595	0.066369958	0.130074754
175	1	1	0.091208033	0.171277672	0.140151724	0.129488543	0.081982195	0.057155177	0.071349248	0.100220419	0.078293577	0.078873441
176	6	6	0.106485710	0.057981778	0.050619882	0.076408476	0.085655093	0.081049562	0.264425725	0.075966023	0.126170531	0.075237200
177	4	4	0.068403855	0.108644292	0.094116062	0.075834081	0.148883849	0.037296973	0.100140065	0.114502877	0.129940569	0.122237347
178	8	9	0.083243832	0.093492493	0.080475383	0.098161668	0.084822252	0.070676126	0.117525510	0.093540922	0.133079916	0.144981906
179	9	9	0.049284227	0.056167312	0.026758743	0.062890999	0.112245560	0.069397517	0.072251253	0.064856879	0.088626876	0.397520691
180	2	2	0.065326042	0.069376752	0.220730752	0.062061366	0.103025988	0.038102537	0.087038770	0.149655044	0.137010172	0.067672588
181	1	1	0.072456636	0.201908156	0.078195557	0.072628066	0.118705392	0.063221350	0.077077851	0.113240391	0.080003947	0.122562654
182	1	1	0.077793434	0.211385161	0.111498855	0.083392315	0.096937045	0.074997559	0.071981624	0.114224762	0.080049895	0.077739306
183	4	4	0.080374159	0.108177826	0.097812429	0.061864387	0.172042549	0.065351292	0.108253948	0.109849446	0.096149966	0.100124076
184	7	7	0.081084020	0.127553329	0.086464100	0.081345581	0.095529221	0.048739046	0.093747221	0.194515780	0.084479354	0.106542386
185	8	6	0.124996029	0.046635255	0.044624712	0.072928324	0.092133507	0.077902764	0.209434956	0.060306236	0.171709672	0.099328607
186	9	9	0.121943772	0.101107813	0.087160967	0.070621900	0.065283529	0.096463062	0.078352228	0.056081153	0.111057118	0.211928457
187	4	4	0.069229774	0.062426101	0.086558685	0.070155285	0.263644755	0.063543402	0.088385448	0.103716947	0.101284981	0.091054566
188	2	2	0.084340006	0.085117504	0.250196725	0.082667097	0.075128771	0.062636569	0.069903187	0.134473041	0.088136367	0.067400709
189	9	9	0.104115799	0.063917048	0.067472517	0.102878012	0.086974308	0.064574726	0.110644907	0.094841950	0.077245474	0.227335200
190	9	9	0.078682132	0.046617661	0.017448440	0.054827303	0.119072519	0.081856899	0.060040809	0.055652902	0.105882332	0.379918993
191	4	4	0.044314608	0.047127478	0.043632817	0.065738656	0.351871312	0.055853568	0.054793239	0.083848312	0.090384506	0.162435457
192	1	1	0.068926208	0.270940095	0.067221783	0.047765482	0.092907526	0.056005761	0.091121458	0.104557134	0.101959392	0.098595157
193	1	2	0.089804545	0.130523518	0.131235614	0.116192564	0.096767575	0.080089740	0.100102104	0.092494264	0.083598241	0.079191916
194	1	1	0.079058044	0.224748403	0.144754454	0.092368193	0.070796236	0.077339731	0.083285086	0.101207115	0.060469080	0.065973662
195	7	9	0.042060666	0.100645684	0.054715738	0.113798320	0.122414827	0.067209482	0.075482778	0.146092460	0.096623652	0.180956438
196	7	7	0.047815487	0.099088229	0.068708688	0.062712528	0.120376773	0.053026721	0.069302037	0.290226966	0.066527031	0.122215532
197	0	0	0.173967898	0.046200175	0.085406862	0.100448370	0.088819675	0.062938035	0.122334912	0.108144864	0.104797691	0.106941424
198	3	3	0.096648693	0.061920479	0.091721654	0.173528954	0.075232565	0.067752875	0.105500385	0.093462147	0.126630113	0.107602067
199	4	4	0.061153602	0.058328521	0.056895003	0.064304195	0.231867850	0.071549006	0.087392047	0.102717385	0.087321520	0.178470880
200	6	6	0.110084452	0.042548228	0.062116012	0.095634803	0.065942802	0.056003571	0.217107341	0.066821076	0.186355323	0.097386301
201	5	6	0.093512595	0.042436004	0.055655841	0.085042827	0.082357608	0.178965792	0.201563105	0.077646792	0.111078173	0.071741268
202	0	6	0.165386334	0.050901156	0.067142226	0.089247219	0.075218894	0.084617317	0.168102726	0.088814341	0.128228307	0.082341552
203	7	1	0.084996514	0.168264627	0.111582808	0.097390994	0.090638787	0.032445956	0.078345925	0.139731899	0.113416806	0.083185650
204	9	9	0.077676117	0.034781624	0.020940440	0.056628194	0.108838342	0.080378771	0.103482485	0.084248506	0.101998240	0.331027269
205	0	0	0.279880822	0.052905560	0.036723670	0.070598044	0.065616705	0.073909663	0.165200487	0.062534869	0.106459521	0.086170681
206	5	6	0.072809331	0.052729446	0.056129929	0.165012136	0.075011462	0.074963391	0.165364146	0.100317463	0.140189961	0.097472787
207	0	8	0.137503117	0.057012614	0.106064796	0.087486163	0.082129747	0.061940946	0.139147028	0.084275648	0.147246838	0.097193167
208	2	2	0.099638470	0.087172814	0.244437188	0.056371480	0.080381677	0.059334043	0.104999289	0.130154729	0.066079117	0.071431242
209	6	0	0.167076975	0.048019309	0.057764415	0.096162915	0.070239797	0.094392128	0.160563871	0.061107092	0.136880234	0.107793242
210	8	6	0.093622439	0.047825426	0.053990725	0.110310420	0.088305362	0.085283086	0.179803282	0.075061657	0.163543046	0.102254592
211	1	1	0.084077738	0.202753797	0.114987470	0.082528040	0.075562082	0.064292483	0.091480717	0.097943425	0.080652006	0.105722323
212	6	6	0.139996901	0.049927216	0.062410194	0.120098792	0.072145633	0.113027655	0.161235094	0.066102572	0.117134064	0.097921908
213	3	3	0.104216926	0.063572116	0.103829332	0.204441860	0.078644700	0.058767371	0.088249736	0.092262253	0.104515873	0.101499863
214	9	9	0.065826170	0.057188105	0.034375019	0.063873492	0.119612567	0.103501081	0.078409955	0.078151762	0.083014630	0.316047192
215	0	8	0.139825404	0.062526613	0.094492748	0.092134267	0.089604765	0.074678458	0.125184342	0.072517894	0.144620538	0.104415007
216	8	6	0.122159652	0.039946150	0.051559348	0.097662002	0.076810598	0.063132502	0.204389110	0.070308402	0.173018664	0.101013616
217	2	2	0.094355151	0.106119089	0.151235878	0.080211721	0.087845959	0.068387076	0.109101996	0.133729771	0.084067829	0.084945500
218	7	7	0.064333715	0.137131557	0.087638393	0.082187921	0.125254110	0.052244537	0.080654740	0.147379234	0.095321469	0.127854303
219	3	3	0.093453296	0.072565027	0.104446560	0.148759872	0.078449614	0.064786434	0.120389387	0.098153584	0.102744102	0.116252065
220	8	8	0.121903174	0.047083154	0.101423793	0.081112273	0.084296003	0.071573935	0.116621591	0.058962770	0.179015234	0.138008073
221	0	0	0.176467121	0.077962339	0.085540406	0.086862639	0.086417764	0.091095254	0.117507078	0.089082919	0.094266929	0.094797522
222	2	2	0.070930682	0.061822813	0.164813489	0.075615786	0.086796753	0.116510071	0.107233033	0.128757432	0.054238081	0.133281901
223	6	6	0.090597361	0.069089904	0.098524988	0.066609740	0.119025081	0.057833947	0.206449270	0.098069116	0.120114200	0.073686399
224	8	8	0.102502160	0.031523976	0.054823115	0.108426280	0.101483159	0.048560008	0.111015216	0.055365406	0.323713392	0.062587306
225	4	4	0.054099705	0.044871256	0.040041156	0.072376624	0.243014455	0.078385212	0.084416941	0.091742426	0.075489365	0.215562820
226	5	5	0.095415875	0.076723389	0.060406618	0.085792497	0.094866000	0.178873733	0.096356131	0.098376557	0.106512845	0.106676303
227	6	6	0.130075231	0.050718430	0.045611411	0.074936599	0.097574919	0.108700395	0.213263810	0.078364536	0.112083040	0.088671677
228	6	6	0.081948407	0.031159969	0.036696646	0.093726121	0.140189752	0.043096710	0.217828259	0.118765466	0.176276952	0.060311735
229	3	3	0.094239801	0.062740251	0.064775817	0.186408132	0.084290527	0.089103580	0.119128957	0.086493522	0.123362377	0.089456938
230	2	2	0.105121352	0.072559357	0.214219227	0.089442298	0.102306686	0.053277500	0.059150174	0.114449725	0.100321993	0.089151636
231	3	3	0.096963212	0.041222401	0.064946629	0.186182708	0.068229079	0.105406791	0.145747796	0.080746822	0.142265692	0.068288855
232	8	8	0.111975335	0.042347807	0.035102166	0.086442836	0.083520852	0.077261850	0.180925876	0.081467085	0.205187649	0.095768526
233	2	2	0.088952228	0.100964218	0.196546063	0.071206436	0.066969879	0.077617198	0.101089492	0.097850226	0.077628657	0.121175587
234	0	0	0.266475737	0.047803011	0.044076193	0.105608657	0.067831099	0.058805525	0.158768147	0.078603998	0.105329201	0.066698492
235	5	8	0.085376143	0.054303557	0.056413263	0.137149438	0.076688841	0.099282071	0.119208716	0.111934736	0.165828794	0.093814485
236	2	2	0.073434047	0.061695151	0.157036975	0.095072791	0.088032797	0.059906181	0.120293513	0.108736351	0.149553880	0.086238265
237	5	5	0.074914239	0.051512752	0.061411548	0.108781457	0.075243838	0.208538085	0.107529961	0.126713559	0.097762786	0.087591812
238	2	2	0.062009655	0.077154122	0.213765159	0.076669805	0.113487460	0.035768881	0.088685013	0.152419567	0.109165274	0.070875064
239	0	0	0.238305420	0.056206983	0.066228278	0.083385818	0.067974679	0.070036270	0.141924247	0.050884299	0.123598650	0.101455405
240	0	0	0.237854853	0.064123273	0.054799959	0.097351626	0.074815072	0.103119709	0.115668632	0.058561470	0.097479761	0.096225619
241	4	4	0.064634226	0.074644543	0.079115748	0.091658965	0.225409925	0.076453730	0.078137711	0.102514327	0.087310813	0.120120086
242	9	9	0.078694358	0.041085556	0.015448596	0.049311895	0.100868218	0.082616724	0.080872774	0.066198923	0.120143756	0.364759237
243	5	5	0.097017996	0.036922019	0.062113695	0.114430033	0.061349843	0.197880954	0.155705169	0.090180591	0.090555370	0.093844391
244	8	8	0.082209259	0.030277861	0.045673568	0.179120570	0.072167091	0.057293922	0.153503433	0.064500719	0.228064895	0.087188587
245	4	4	0.071452633	0.110374741	0.125593409	0.075122952	0.157984659	0.056260038	0.102944687	0.110755123	0.104324996	0.085186824
246	6	6	0.118199050	0.058582883	0.099252172	0.081311367	0.081353210	0.098407581	0.222920641	0.096874110	0.069449492	0.073649451
247	5	6	0.117775030	0.042058356	0.044156522	0.070022471	0.105004340	0.142003998	0.187647313	0.101662740	0.116500661	0.073168561
248	6	6	0.119058549	0.061450057	0.055800639	0.094606631	0.079545632	0.075485170	0.229438514	0.088626035	0.127368033	0.068620816
249	4	8	0.071270838	0.126561657	0.093577705	0.088120654	0.112612285	0.072019584	0.080337457	0.103268526	0.131290987	0.120940350
250	0	3	0.125595331	0.075422533	0.080893837	0.130446509	0.085375592	0.071727134	0.126929596	0.083236717	0.110270485	0.110102274
251	3	3	0.107155114	0.084055915	0.065005533	0.139420688	0.078507088	0.124620005	0.078642644	0.104093663	0.125148743	0.093350500
252	5	5	0.108968422	0.074493080	0.082824610	0.062326729	0.113819994	0.144085005	0.136969343	0.095399581	0.104356885	0.076756261
253	2	2	0.092254356	0.081453115	0.198695287	0.066941984	0.128340974	0.046754263	0.067197308	0.124725200	0.114593163	0.079044379
254	6	6	0.114501134	0.045384366	0.053035777	0.081227578	0.081902802	0.103486039	0.205624163	0.076855741	0.157973558	0.080008902
255	3	6	0.123574488	0.051547308	0.060847420	0.111013323	0.080324359	0.111017793	0.178534508	0.077220336	0.129619658	0.076300845
256	6	6	0.098438285	0.046103202	0.063165478	0.075525686	0.085026912	0.109971203	0.270998269	0.069742903	0.086624950	0.094403148
257	8	8	0.110599510	0.041493539	0.068948306	0.128525674	0.078110941	0.064901903	0.099108376	0.054041967	0.280849099	0.073420659
258	7	7	0.063346475	0.076118134	0.073532470	0.076782316	0.094174825	0.064419322	0.088372275	0.282610238	0.076749839	0.103894092
259	5	6	0.084110431	0.053702850	0.038708277	0.082490183	0.110449284	0.131631687	0.137764782	0.132232860	0.094341643	0.134567976
260	3	3	0.088393815	0.081880867	0.098858170	0.181146681	0.077772014	0.075699814	0.073425330	0.102065906	0.112277493	0.108479880
261	9	6	0.150482163	0.045532465	0.053304631	0.092007637	0.078203037	0.086039327	0.158140153	0.063931234	0.142113209	0.130246088
262	0	0	0.267352968	0.046133470	0.061822478	0.085303083	0.082777053	0.049866684	0.108610392	0.043330304	0.159698829	0.095104806
263	5	5	0.087370791	0.048613500	0.064121932	0.083262175	0.104803838	0.184637859	0.147134140	0.085286915	0.118428782	0.076340102
264	9	9	0.069848061	0.059085771	0.027360953	0.064151488	0.114657857	0.058008429	0.058647919	0.075723752	0.092149459	0.380366266
265	7	7	0.049860414	0.060573891	0.063650019	0.072248898	0.088659532	0.101806007	0.095173277	0.273287654	0.050966620	0.143773645
266	4	4	0.085368104	0.089026183	0.108469784	0.060017105	0.261867017	0.049685538	0.066657476	0.107186802	0.102543019	0.069178917
267	0	6	0.192046776	0.034320351	0.041695073	0.060659304	0.070769362	0.059249952	0.223064870	0.051832777	0.133881137	0.132480457
268	3	3	0.094501801	0.085807398	0.093496472	0.160964265	0.085191324	0.076803878	0.073736876	0.065330610	0.119401023	0.144766316
269	2	2	0.074770227	0.104319662	0.174243465	0.090279914	0.092130892	0.064202517	0.076486230	0.161758408	0.077938057	0.083870605
270	1	7	0.085807353	0.124944486	0.102791369	0.092467867	0.117376879	0.070313834	0.109529950	0.127728060	0.093418702	0.075621553
271	9	9	0.056417737	0.064501040	0.023923749	0.045121215	0.127798930	0.087868683	0.063532747	0.074410096	0.087120622	0.369305193
272	0	0	0.348736823	0.030978670	0.028371075	0.060176000	0.061166354	0.063587248	0.184431657	0.037550367	0.112743162	0.072258696
273	9	9	0.102317788	0.035269368	0.079153299	0.121601552	0.070744365	0.089771099	0.127152890	0.068535440	0.109752133	0.195702106
274	1	1	0.082362369	0.207106203	0.152657121	0.097861052	0.060884792	0.064602382	0.075333312	0.087283306	0.075380832	0.096528724
275	9	9	0.064696342	0.048403110	0.028195195	0.065051228	0.088242225	0.082818151	0.050519418	0.053077511	0.081633382	0.437363446
276	6	6	0.178755715	0.036874451	0.039385397	0.096012749	0.071163632	0.105230108	0.227981508	0.045622721	0.126798466	0.072175220
277	8	8	0.099049054	0.056237951	0.088446982	0.107413463	0.118844509	0.060391888	0.099438012	0.078390017	0.219141096	0.072647095
278	6	8	0.150029972	0.056938414	0.123634316	0.077554539	0.066625245	0.062614106	0.147550464	0.054380834	0.162719578	0.097952589
279	9	8	0.097064979	0.062807754	0.048875425	0.071890637	0.074800052	0.104560845	0.135820553	0.104393937	0.155665934	0.144119889
280	6	7	0.098655842	0.086408921	0.093048543	0.104864411	0.085951328	0.101081043	0.128678903	0.128864259	0.091535047	0.080911703
281	2	2	0.104477920	0.090129234	0.187694877	0.083363757	0.056760836	0.065997459	0.086645864	0.131531373	0.083446048	0.109952711
282	3	0	0.157979593	0.084515266	0.112554669	0.141390339	0.078345560	0.098127179	0.068717517	0.097407080	0.093094684	0.067868158
283	4	4	0.074572183	0.126598626	0.125961944	0.053072736	0.146755457	0.055856321	0.088230230	0.107271597	0.132904217	0.088776752
284	3	3	0.130965456	0.053112298	0.035302524	0.195369020	0.072969109	0.092666082	0.113760747	0.069954731	0.142734960	0.093165055
285	8	6	0.098855987	0.053506132	0.067231290	0.126132309	0.086641259	0.090726376	0.167736962	0.084767722	0.141431883	0.082970187
286	8	8	0.098266378	0.060677879	0.061812986	0.133654445	0.076060861	0.082254313	0.137830630	0.075816698	0.196845785	0.076780073
287	7	7	0.075245284	0.106148705	0.068678491	0.071886592	0.085962772	0.044465352	0.067865685	0.313215852	0.071366735	0.095164515
288	2	2	0.055081669	0.079799816	0.232650667	0.093516044	0.110142030	0.032818202	0.096609540	0.148555458	0.085468940	0.065357633
289	2	2	0.075124785	0.133604899	0.173267871	0.096355587	0.070822455	0.047129035	0.113530770	0.109773539	0.082365572	0.098025501
290	3	3	0.106160924	0.069118872	0.091273777	0.171110943	0.075739309	0.069363914	0.097247444	0.079364866	0.132714778	0.107905179
291	9	9	0.067933276	0.050046768	0.024213703	0.075160153	0.112264886	0.100307673	0.050372902	0.056470051	0.082045913	0.381184697
292	7	7	0.081381783	0.143096969	0.117369018	0.106170349	0.076203592	0.026043167	0.081914596	0.151383266	0.100486413	0.115950815
293	9	9	0.067906618	0.050758850	0.022373838	0.053917378	0.104202412	0.056639079	0.060652521	0.063509963	0.075825363	0.444213897
294	5	5	0.111955158	0.067868277	0.064104401	0.077043042	0.090937890	0.141346201	0.101664320	0.108343512	0.135524333	0.101212829
295	1	1	0.085454956	0.235143363	0.119154565	0.082561433	0.086786136	0.057761837	0.074970856	0.103720613	0.082025133	0.072421044
296	8	8	0.074662894	0.059130706	0.079312071	0.112784013	0.074189067	0.108877681	0.124131173	0.091060378	0.179116800	0.096735165
297	9	9	0.081151143	0.062762588	0.041371133	0.080982499	0.094246835	0.106990069	0.073921472	0.078953587	0.100731052	0.278889567
298	1	1	0.084738716	0.200574189	0.112237409	0.075158753	0.110693052	0.070624061	0.083788320	0.107063323	0.073122934	0.081999294
299	1	1	0.069713920	0.220600650	0.108249828	0.074228033	0.085621081	0.055444840	0.097724512	0.087587170	0.092715830	0.108114198
300	4	4	0.089875080	0.090755612	0.120575637	0.076029338	0.167617232	0.052135076	0.119087875	0.104324058	0.096526392	0.083073810
301	4	4	0.064393550	0.056958143	0.074521333	0.082653776	0.208368301	0.069334723	0.088493280	0.101293631	0.115780436	0.138202846
302	3	8	0.109794199	0.051255912	0.054605559	0.168307409	0.092271551	0.065471150	0.120250843	0.069662951	0.168844029	0.099536330
303	3	3	0.104572155	0.081618518	0.087669417	0.165657699	0.078683712	0.075753421	0.083561048	0.094252363	0.116643801	0.111587882
304	8	8	0.122976065	0.047751959	0.094524257	0.081461564	0.095994316	0.056538932	0.136705250	0.067350298	0.181020528	0.115676880
305	9	9	0.066902503	0.105757192	0.049045179	0.063138634	0.111409128	0.077556103	0.095025882	0.110989161	0.123825625	0.196350574
306	7	7	0.068007149	0.086172484	0.068459570	0.078540027	0.097454935	0.054247733	0.079752780	0.297362566	0.068111151	0.101891562
307	0	0	0.221173018	0.049141113	0.043170381	0.134024099	0.060752720	0.058175389	0.129883602	0.069484092	0.138644606	0.095551036
308	1	1	0.096340358	0.236975536	0.124294057	0.086637333	0.075877130	0.065500423	0.056840174	0.107147463	0.083586425	0.066801153
309	8	8	0.078786626	0.049218412	0.057568241	0.111925565	0.058081985	0.074785851	0.112968616	0.077959359	0.315136969	0.063568413
310	4	4	0.089024849	0.139656216	0.109951675	0.085812286	0.166378796	0.072905734	0.090354338	0.098007917	0.080790289	0.067117944
311	5	5	0.081743985	0.049176000	0.057119429	0.090115793	0.094782658	0.203366429	0.117881760	0.112771541	0.108034767	0.085007593
312	0	0	0.251122832	0.077138580	0.070969410	0.088972732	0.076193139	0.073237196	0.103924394	0.066958569	0.085364655	0.106118597
313	5	5	0.084902793	0.066033341	0.064157270	0.090333782	0.089703999	0.140171528	0.138331279	0.120442107	0.096570693	0.109353177
314	2	2	0.097994164	0.070026167	0.183418587	0.068076588	0.090953842	0.087892294	0.093707316	0.102278605	0.067752801	0.137899652
315	9	0	0.139442563	0.046005953	0.068560742	0.127327353	0.077024043	0.086707734	0.132462904	0.069460273	0.135947853	0.117060527
316	3	3	0.079833873	0.059111837	0.035855878	0.164291725	0.104060985	0.068318971	0.146744803	0.088250332	0.109876163	0.143655494
317	7	7	0.062410183	0.062947176	0.107795663	0.075015180	0.071430512	0.083895348	0.088226542	0.257618636	0.083251067	0.107409619
318	5	6	0.104407027	0.060521673	0.055036921	0.102978885	0.096919619	0.098389894	0.150794134	0.137261987	0.115034536	0.078655325
319	4	1	0.072673559	0.137414977	0.081549853	0.065078095	0.129764959	0.071545385	0.092635654	0.103349805	0.121260315	0.124727480
320	9	9	0.068321466	0.059028625	0.026930511	0.041716430	0.101233579	0.036575962	0.062407780	0.064732298	0.093883611	0.445169747
321	5	9	0.085458808	0.061226528	0.047082651	0.089602031	0.100685067	0.124390833	0.125573397	0.129108846	0.105715498	0.131156400
322	3	0	0.146019846	0.074501857	0.084183380	0.143974975	0.077901743	0.077187262	0.108922116	0.072195336	0.102714963	0.112398483
323	1	1	0.089887664	0.228806823	0.098123342	0.064968891	0.078995094	0.069186054	0.086255521	0.098610856	0.083861999	0.101303861
324	8	8	0.124346875	0.051997051	0.093743987	0.080752835	0.115467638	0.065238915	0.138811544	0.054628063	0.198324293	0.076688960
325	0	0	0.263344944	0.049358755	0.044572394	0.093385406	0.071339615	0.074324608	0.149216130	0.068269096	0.100130238	0.086058825
326	8	8	0.124222130	0.069109723	0.080089152	0.109292515	0.078185380	0.090395197	0.112087220	0.062710501	0.163669422	0.110238716
327	7	7	0.061458997	0.094305880	0.059244502	0.075242110	0.112728082	0.090934545	0.076754011	0.222154737	0.082850479	0.124326564
328	4	4	0.063215137	0.134858534	0.085245229	0.055853412	0.153779417	0.085668638	0.111772709	0.089816883	0.104188748	0.115601234
329	5	5	0.081211023	0.060649935	0.063493557	0.102732569	0.099456154	0.193896830	0.113928951	0.085233793	0.117913447	0.081483774
330	4	4	0.079034209	0.147397891	0.072408907	0.054359127	0.153116658	0.083890550	0.081171453	0.096733980	0.108003691	0.123883575
331	5	6	0.075319447	0.049811531	0.068069883	0.115839019	0.084556252	0.089565620	0.150445849	0.107122079	0.149576023	0.109694310
332	3	9	0.089883044	0.039547160	0.028128266	0.124960952	0.097353317	0.084101707	0.129539177	0.081827529	0.126932621	0.197726279
333	6	6	0.095364608	0.048888013	0.077230580	0.065437429	0.077577814	0.110919788	0.254552841	0.076090515	0.091268234	0.102670185
334	0	0	0.233439773	0.044214487	0.041237336	0.079548649	0.079334877	0.078777328	0.135005549	0.098530769	0.103888154	0.106023043
335	2	2	0.078471474	0.103303187	0.158707470	0.099435858	0.074521184	0.071923584	0.110069387	0.089928389	0.083196491	0.130442917
336	6	6	0.114345379	0.037131008	0.064430311	0.118528135	0.094539881	0.042589586	0.201183826	0.082500681	0.161531880	0.083219267
337	4	4	0.069929399	0.065429822	0.105811104	0.092357695	0.192798734	0.052944090	0.107007317	0.095632389	0.115712911	0.102376521
338	4	4	0.061560854	0.054478996	0.063833676	0.073965006	0.227193713	0.060488548	0.069798656	0.112066135	0.112057820	0.164556518
339	9	9	0.072814979	0.087586582	0.053221297	0.052134208	0.098548479	0.104542799	0.092947118	0.111441992	0.097659975	0.229102567
340	2	2	0.058283534	0.084223673	0.187365606	0.119657740	0.080840342	0.039834436	0.116044529	0.123834945	0.114070632	0.075844504
341	5	5	0.092272006	0.080954596	0.056478005	0.070972383	0.106431313	0.148275256	0.126357451	0.103107639	0.109591924	0.105559424
342	0	0	0.171694487	0.070370354	0.087356843	0.081734709	0.095653057	0.086800806	0.124908559	0.070597433	0.108881414	0.102002397
343	8	8	0.103312753	0.037540197	0.085941412	0.107432634	0.087498754	0.040083162	0.156547487	0.079603128	0.211110011	0.090930514
344	6	6	0.129117325	0.052749768	0.041416407	0.089252241	0.082320780	0.121651769	0.202164933	0.069968760	0.120795697	0.090562277
345	4	4	0.067167163	0.090235524	0.129193604	0.067316979	0.188349202	0.055776883	0.109472029	0.098842271	0.085798793	0.107847497
346	8	8	0.110337801	0.039728597	0.063254513	0.102401458	0.084217615	0.074302338	0.125499919	0.060180176	0.248238787	0.091838829
347	7	7	0.064863846	0.083643213	0.062229238	0.070258848	0.101490051	0.061122950	0.079899944	0.286186934	0.072743155	0.117561847
348	6	8	0.164948925	0.029246924	0.037663475	0.069151513	0.073882125	0.060173910	0.220938876	0.044029094	0.221583530	0.078381635
349	2	2	0.089180186	0.070140667	0.242121965	0.066885673	0.067542419	0.069629781	0.128026918	0.130431086	0.067972235	0.068069071
350	9	9	0.105487935	0.058029089	0.049195778	0.105936639	0.084535263	0.106731057	0.093914859	0.065521181	0.139451399	0.191196799
351	1	1	0.063235246	0.256740570	0.102271572	0.054309230	0.091701694	0.052892443	0.077727295	0.092470817	0.087208256	0.121442832
352	3	3	0.088217027	0.090732671	0.075128183	0.187276348	0.083857499	0.068300664	0.098382421	0.098818466	0.127508357	0.081778251
353	1	2	0.092831798	0.138167888	0.143165156	0.101156190	0.064993881	0.047538791	0.096476309	0.115211040	0.099330753	0.101128183
354	1	1	0.076123908	0.159974590	0.116466098	0.114057295	0.084927917	0.076869473	0.079700515	0.108879946	0.096154787	0.086845472
355	8	8	0.094058640	0.049624510	0.049146004	0.142259806	0.053128250	0.067803718	0.153035849	0.086602569	0.213711187	0.090629533
356	3	3	0.092202164	0.088249683	0.123736314	0.163716242	0.075069666	0.085018791	0.121111006	0.090311922	0.096949965	0.063634209
357	2	2	0.067289464	0.086123630	0.197592095	0.094841734	0.118369803	0.061731618	0.064508975	0.131043971	0.112280399	0.066218272
358	1	1	0.057375435	0.321843654	0.089051388	0.074848570	0.104616866	0.042430539	0.067413710	0.109125912	0.067589089	0.065704823
359	1	1	0.084730305	0.165347055	0.130449161	0.116338775	0.067684010	0.073404633	0.097144462	0.090200886	0.078883141	0.095817514
360	9	9	0.069386765	0.125095561	0.057935834	0.065439954	0.091572464	0.069094144	0.075604998	0.122793317	0.128672451	0.194404542
361	3	3	0.110365994	0.061529525	0.094104044	0.178413913	0.103886239	0.065751344	0.077507213	0.081192903	0.114493802	0.112755053
362	0	0	0.204031333	0.049900159	0.066404931	0.098512545	0.066409372	0.085426211	0.108012341	0.086017482	0.127520099	0.107765526
363	5	6	0.104095109	0.038692314	0.046645030	0.089071319	0.066019796	0.142082974	0.230210215	0.105460942	0.103909343	0.073812954
364	0	0	0.176138386	0.047204480	0.080163337	0.100165479	0.084503710	0.068749584	0.155229062	0.081562966	0.115173310	0.091109678
365	8	8	0.119252861	0.093012013	0.071526185	0.073046371	0.088799864	0.093943171	0.112353943	0.050390944	0.152776584	0.144898087
366	9	9	0.049737394	0.061794538	0.032159291	0.059967462	0.116887204	0.083305471	0.057134110	0.091507331	0.082467280	0.365039915
367	4	9	0.066328585	0.042533152	0.046872903	0.086405866	0.189806491	0.083053626	0.077128142	0.093295433	0.107118681	0.207457155
368	1	1	0.089682750	0.164790913	0.103074916	0.132238463	0.094357215	0.059590280	0.074692056	0.110830314	0.086037427	0.084705748
369	8	8	0.112617739	0.074455880	0.097198792	0.110324986	0.080335952	0.069694102	0.075275525	0.123870648	0.151281163	0.104945190
370	3	0	0.154989168	0.101156779	0.081447288	0.153102696	0.069521427	0.086615399	0.090578318	0.096358567	0.095334955	0.070895523
371	8	8	0.102394700	0.053567186	0.044679042	0.105181403	0.086321421	0.082342789	0.142678276	0.077922940	0.174027130	0.130885050
372	9	9	0.115930416	0.075406127	0.067449927	0.117971860	0.075303651	0.061844949	0.080967024	0.048430488	0.079132110	0.277563512
373	2	2	0.078825757	0.143125594	0.186395302	0.069335759	0.077718794	0.069803290	0.087381937	0.116349436	0.085926943	0.085137181
374	5	6	0.107999370	0.042665768	0.052155729	0.077511013	0.075539067	0.141379893	0.253042221	0.076342925	0.101499505	0.071864493
375	4	4	0.058926858	0.090282977	0.119858205	0.084742799	0.178172648	0.054466631	0.115059882	0.110118210	0.100430116	0.087941654
376	5	5	0.090990767	0.047151450	0.060722157	0.103501514	0.067403167	0.205817193	0.140078843	0.099692568	0.085405469	0.099236973
377	6	0	0.163846925	0.045538735	0.069176055	0.077646486	0.092852727	0.053654999	0.145768404	0.077743553	0.158326775	0.115445316
378	9	9	0.076984219	0.043481592	0.025192181	0.073024802	0.116934933	0.083094202	0.046380050	0.048432846	0.077909730	0.408565462
379	7	9	0.065086298	0.128316477	0.051940016	0.060686663	0.145931840	0.068514459	0.056428611	0.131578565	0.087765083	0.203751996
380	5	6	0.095779598	0.039497167	0.029603040	0.088416234	0.096800342	0.146172017	0.173610702	0.062504634	0.167468846	0.100147374
381	3	3	0.117935754	0.074007653	0.066469707	0.165403768	0.057000387	0.103973091	0.096321575	0.093069874	0.109116882	0.116701335
382	9	9	0.062705599	0.061909493	0.030155363	0.051722549	0.111958586	0.075856403	0.092244595	0.070780240	0.080326192	0.362340897
383	6	6	0.110821009	0.051300995	0.065257177	0.103606738	0.077146120	0.102479152	0.208628461	0.079124816	0.135223493	0.066412024
384	7	7	0.064886704	0.088570379	0.148897246	0.067519285	0.072804295	0.042562667	0.068305545	0.222025543	0.094844960	0.129583374
385	9	9	0.113136977	0.083047464	0.066418678	0.141567439	0.081092633	0.070818715	0.099647783	0.056171380	0.120122731	0.167976156
386	6	6	0.126414523	0.057498392	0.045352742	0.075035103	0.070426807	0.090061478	0.232751861	0.066210799	0.150708705	0.085539602
387	7	7	0.046731334	0.077885516	0.111605145	0.052988093	0.068865031	0.070035473	0.086151965	0.332245588	0.063497245	0.089994535
388	6	6	0.158526033	0.057462666	0.060872685	0.101854175	0.068932191	0.091511481	0.187921584	0.064916059	0.122747257	0.085255899
389	5	8	0.074755050	0.066717729	0.054421008	0.124953993	0.074979253	0.079339117	0.132412016	0.107430905	0.156630963	0.128359973
390	0	7	0.109636366	0.103670262	0.087270267	0.101885684	0.078841478	0.099033959	0.106944367	0.109806307	0.103071690	0.099839687
391	5	7	0.092492163	0.095661744	0.064441726	0.092198841	0.099476963	0.136366397	0.100248411	0.138404459	0.105370574	0.075338684
392	2	2	0.078958809	0.089502916	0.157177955	0.091093376	0.075187303	0.093844518	0.119054899	0.096394375	0.072905481	0.125880390
393	5	5	0.098457299	0.058385249	0.088218510	0.106758684	0.065269463	0.180045858	0.102749236	0.082992472	0.092322275	0.124801002
394	1	1	0.050741725	0.298423827	0.158365592	0.075158536	0.073321059	0.041122280	0.084844910	0.096347928	0.054402981	0.067271210
395	3	3	0.089796774	0.078908630	0.050464809	0.183953986	0.066357099	0.079210490	0.084752500	0.083194539	0.116521977	0.166839138
396	4	4	0.056236509	0.079499386	0.110712647	0.080360450	0.205297783	0.040354095	0.078095548	0.116458736	0.142817035	0.090167783
397	3	5	0.079945065	0.080856591	0.058402851	0.122297972	0.094027184	0.129015774	0.103694543	0.123718485	0.089826040	0.118215524
398	9	6	0.094604254	0.086311564	0.120228373	0.107212514	0.080718435	0.108391598	0.123698674	0.091709860	0.086152039	0.100972645
399	7	7	0.099956356	0.110762693	0.101346239	0.071273230	0.120469265	0.043675099	0.079136945	0.186074942	0.104944892	0.082360394
400	3	3	0.104243256	0.066259831	0.040633094	0.152514800	0.086714596	0.105880454	0.105808809	0.081305042	0.135604575	0.121035628
401	9	9	0.082235657	0.055014446	0.037684157	0.082539700	0.111105651	0.071641453	0.059387818	0.043653887	0.070327960	0.386409223
402	3	3	0.119404800	0.085681416	0.093964197	0.200217292	0.081179462	0.095256329	0.080557257	0.084953003	0.089966692	0.068819501
403	9	9	0.085804619	0.069124125	0.048032273	0.062522173	0.115884230	0.060421951	0.052669361	0.085081883	0.091071837	0.329387575
404	7	7	0.069235191	0.102022380	0.069690950	0.085582174	0.108530074	0.047418233	0.076500878	0.206818700	0.100776911	0.133424446
405	9	9	0.134566858	0.050349928	0.049438797	0.123693161	0.084994376	0.089329869	0.096894711	0.063406087	0.145646140	0.161680073
406	9	9	0.061798371	0.069846451	0.038254470	0.052291129	0.120261878	0.047111310	0.055187784	0.106714331	0.114264503	0.334269822
407	5	6	0.123887375	0.071145974	0.048803907	0.069097467	0.089766815	0.132526696	0.155851886	0.088571340	0.118736140	0.101612411
408	7	7	0.083541572	0.140013278	0.101541601	0.095248014	0.071955398	0.027482236	0.082354784	0.174049333	0.104749143	0.119064637
409	2	2	0.090146706	0.099328294	0.221936375	0.071331613	0.083113164	0.081956811	0.087408103	0.121510759	0.071768157	0.071500011
410	9	9	0.081993110	0.071616411	0.080044329	0.100473814	0.088793337	0.106200717	0.118454158	0.113533817	0.079925507	0.158964768
411	7	7	0.088180453	0.110984839	0.094715290	0.094351858	0.089688912	0.041397262	0.091623724	0.232698888	0.070100226	0.086258464
412	7	7	0.057465412	0.070870586	0.101067632	0.070491478	0.077823423	0.062944286	0.063509360	0.296949357	0.083737209	0.115141317
413	7	7	0.080448337	0.085860603	0.107113540	0.073058181	0.072078139	0.048993748	0.075589463	0.305557936	0.071329840	0.079970218
414	6	6	0.113379039	0.058280531	0.050363496	0.088750921	0.108319059	0.082834661	0.214689165	0.102803059	0.104544461	0.076035596
415	0	0	0.193418667	0.039546717	0.059220441	0.088592730	0.072233580	0.075814411	0.184079498	0.078405455	0.120911606	0.087776959
416	1	1	0.071125984	0.167234302	0.097889930	0.087098040	0.115196772	0.054264396	0.087572314	0.105595998	0.111192465	0.102829784
417	3	3	0.119021177	0.083989717	0.074539423	0.138412282	0.093228191	0.101151101	0.102896020	0.081615813	0.109626450	0.095519714
418	0	3	0.126571521	0.082827158	0.082372211	0.127229154	0.096553065	0.098957054	0.096838765	0.081459202	0.084254645	0.122937158
419	8	6	0.106202148	0.059261780	0.042787623	0.114537299	0.093521409	0.084000282	0.165426016	0.080093548	0.138000429	0.116169564
420	2	2	0.092442982	0.079865329	0.227426052	0.096307404	0.065646186	0.057311006	0.077067941	0.126170114	0.093692929	0.084070094
421	8	8	0.104348294	0.064541996	0.095414311	0.102742262	0.089306302	0.068296127	0.102940477	0.074694112	0.209429771	0.088286415
422	7	7	0.101332299	0.078136884	0.100709662	0.062783748	0.098158121	0.034467198	0.083147936	0.290990353	0.089636751	0.060637023
423	7	7	0.044500276	0.075098261	0.055110302	0.067393146	0.102295876	0.059161227	0.057451449	0.347946525	0.066656269	0.124386691
424	9	9	0.062549785	0.047071986	0.043190751	0.044978764	0.091902658	0.090738863	0.092474148	0.079304598	0.076121993	0.371666461
425	6	6	0.104960062	0.049554486	0.060542881	0.101474062	0.076054774	0.073286094	0.192210481	0.078810081	0.159813136	0.103293933
426	7	7	0.073446564	0.071148820	0.085490495	0.052173812	0.085984699	0.040249895	0.060812362	0.366810262	0.077489562	0.086393595
427	5	5	0.119376861	0.075202875	0.052573625	0.067413241	0.104462154	0.164021775	0.128703892	0.087335363	0.092066072	0.108844116
428	4	4	0.079797193	0.079493158	0.093365654	0.080514796	0.212431088	0.061340265	0.076181002	0.104330406	0.108894750	0.103651710
429	8	8	0.113788411	0.044678845	0.065690115	0.115770034	0.089584291	0.057703361	0.159978434	0.080076985	0.206070215	0.066659257
430	8	8	0.118406326	0.044192296	0.062773764	0.118114300	0.092564210	0.070902325	0.132812798	0.067763560	0.211404473	0.081065893
431	9	9	0.058299821	0.093758032	0.037441902	0.033387501	0.105983704	0.080665193	0.070284687	0.109712407	0.086575180	0.323891610
432	4	4	0.077778541	0.106946431	0.068354875	0.062610313	0.151082680	0.097189724	0.105178773	0.096612312	0.089909330	0.144336984
433	6	6	0.115464665	0.034661993	0.053735279	0.109990448	0.070709340	0.034438629	0.225437596	0.076776229	0.184141099	0.094644710
434	8	8	0.095893584	0.045616299	0.059249401	0.122037724	0.062830187	0.069349065	0.155158386	0.074921720	0.245816961	0.069126643
435	8	8	0.105590671	0.040406734	0.050542876	0.084659867	0.094242312	0.052659743	0.174624518	0.090415269	0.209465936	0.097392075
436	9	9	0.096613333	0.095454685	0.098580748	0.089896210	0.077982724	0.109410800	0.089705899	0.059538361	0.112631664	0.170185581
437	2	2	0.095235661	0.115615301	0.147266373	0.066240937	0.108335905	0.074710146	0.096743509	0.133519769	0.084138699	0.078193694
438	7	7	0.090726219	0.134048492	0.081205487	0.052104760	0.075224593	0.081876583	0.070944406	0.220157951	0.105225638	0.088485800
439	6	6	0.111281268	0.053399444	0.055012796	0.086834282	0.117647462	0.074234791	0.217836455	0.095608823	0.117596343	0.070548341
440	4	4	0.074702002	0.070161171	0.063066781	0.087353341	0.152232558	0.092779033	0.126579002	0.099108502	0.083496317	0.150521427
441	1	1	0.084244475	0.235006213	0.066484727	0.057353444	0.080093123	0.072360322	0.085027203	0.093774155	0.109804228	0.115852140
442	0	0	0.165815502	0.052445371	0.038243275	0.076587722	0.087082848	0.082163505	0.150783673	0.090247042	0.117763154	0.138867855
443	7	7	0.060312573	0.169909105	0.117378682	0.096174203	0.077803157	0.043915834	0.094843253	0.189339742	0.067907982	0.082415372
444	9	9	0.081109554	0.045085091	0.019654749	0.060315672	0.099377744	0.088717349	0.071999729	0.059723765	0.101273321	0.372742921
445	0	0	0.222821936	0.052257512	0.042552903	0.062424716	0.073636673	0.078537896	0.191061541	0.087505832	0.103004999	0.086195938
446	6	6	0.163930327	0.046117205	0.043267898	0.076690301	0.081435397	0.092416473	0.218026638	0.061525151	0.129669398	0.086921148
447	8	8	0.099391423	0.029694038	0.062346481	0.083676681	0.115028977	0.053484056	0.145064354	0.063477367	0.271440744	0.076395832
448	0	0	0.182667702	0.048805907	0.062336635	0.071225256	0.080300346	0.071097761	0.170027718	0.082238212	0.144436821	0.086863682
449	5	5	0.095754951	0.059032556	0.091061004	0.102914728	0.079386227	0.167012557	0.129387259	0.097295932	0.089743182	0.088411592
450	2	2	0.082196362	0.057736143	0.248061657	0.065900348	0.050770342	0.062236860	0.133182034	0.139746115	0.059223972	0.100946158
451	4	4	0.064457387	0.150361583	0.123353772	0.081671230	0.171599627	0.054360144	0.075740442	0.114016749	0.089900561	0.074538462
452	2	2	0.101385817	0.066097364	0.163715377	0.064036056	0.074878052	0.119550288	0.129361331	0.101187795	0.077167511	0.102620423
453	9	9	0.061774846	0.077373847	0.041606959	0.082058765	0.118867353	0.074477606	0.066070564	0.086864591	0.076528035	0.314377427
454	1	1	0.081667542	0.171527907	0.108178370	0.080652282	0.090714276	0.073816441	0.077183433	0.125813901	0.091746643	0.098699294
455	1	1	0.067479484	0.187067732	0.168985158	0.110997073	0.072860047	0.057469659	0.081494123	0.101721123	0.059160516	0.092765123
456	3	3	0.120600186	0.079201080	0.098044239	0.134799078	0.068721689	0.092840537	0.095173635	0.078154199	0.114625707	0.117839582
457	8	8	0.088289492	0.048562553	0.065435365	0.089686275	0.129562169	0.054991744	0.148427457	0.090856768	0.222901359	0.061286867
458	9	9	0.056940656	0.038776118	0.035565007	0.042574208	0.074232601	0.103719123	0.102392621	0.078270093	0.060003802	0.407525688
459	8	8	0.094424665	0.035132185	0.062558517	0.108826235	0.090299837	0.042504344	0.176745385	0.069330573	0.227989599	0.092188731
460	5	5	0.077277415	0.072666608	0.048859026	0.100397736	0.107043080	0.148115844	0.103837311	0.132472187	0.093298748	0.116032064
461	0	0	0.121780202	0.077899642	0.102229781	0.114384532	0.108925119	0.070022747	0.097337089	0.092315972	0.113732018	0.101372875
462	8	8	0.112519927	0.030196780	0.050128434	0.115555517	0.074887276	0.055963956	0.145597860	0.065265149	0.268082887	0.081802234
463	6	8	0.124022298	0.056151699	0.047987729	0.096535437	0.080550298	0.060651697	0.170886680	0.078312352	0.201158524	0.083743311
464	4	4	0.057216927	0.060740612	0.085334912	0.082277566	0.232970610	0.056656998	0.095851898	0.114045247	0.098618291	0.116286948
465	5	5	0.102929868	0.053143963	0.058608387	0.090232469	0.098181136	0.165527284	0.150707468	0.093249924	0.109279491	0.078140125
466	0	0	0.223443836	0.037380453	0.051679593	0.073669307	0.076237723	0.066387355	0.161178321	0.090091959	0.112360649	0.107570849
467	0	0	0.174228191	0.048770025	0.034102194	0.092773639	0.105975494	0.094395943	0.136781931	0.088165693	0.103455521	0.121351391
468	7	7	0.078317761	0.112715125	0.101508372	0.113042228	0.097830363	0.051608283	0.078411385	0.160789177	0.122893028	0.082884192
469	7	7	0.065198869	0.062948033	0.089122482	0.074764989	0.062295515	0.057941489	0.075586423	0.346393615	0.062387481	0.103361093
470	3	7	0.125466302	0.083055630	0.068245456	0.114791036	0.077281356	0.122272708	0.106121451	0.138872892	0.092752747	0.071140341
471	5	6	0.111986995	0.045202579	0.038574576	0.101125486	0.081298843	0.125746012	0.211080909	0.101451315	0.118731506	0.064801738
472	1	1	0.067782193	0.237595081	0.101909593	0.062345192	0.088170223	0.057856612	0.090819322	0.090498008	0.087114178	0.115909524
473	0	8	0.178870738	0.051528145	0.055783719	0.124743246	0.061878674	0.059684616	0.121405669	0.084977083	0.181298092	0.079829969
474	8	8	0.115476929	0.051164582	0.073372789	0.085553467	0.068516679	0.088646747	0.117596515	0.084046707	0.256805807	0.058819760
475	8	8	0.102485403	0.040870238	0.050336458	0.130191162	0.096662678	0.083072342	0.114732146	0.063182250	0.205612183	0.112855069
476	5	6	0.109923482	0.056709751	0.064821422	0.097598568	0.076538496	0.129164279	0.187112749	0.090430729	0.099221714	0.088478804
477	0	0	0.171695441	0.065300278	0.068573982	0.116023079	0.083650343	0.072319910	0.119168825	0.061639663	0.132566959	0.109061502
478	9	9	0.086802706	0.038226221	0.022470113	0.068193033	0.121971279	0.098187163	0.083735019	0.067389414	0.102292575	0.310732454
479	3	8	0.117558084	0.090180285	0.102204196	0.125662759	0.086756848	0.097756870	0.081909277	0.080033034	0.125759527	0.092179060
480	1	1	0.104108036	0.165696859	0.141294315	0.095505551	0.069439627	0.058143426	0.080702275	0.110736527	0.082949899	0.091423579
481	9	9	0.063592903	0.061052803	0.026294662	0.044037014	0.109939501	0.075505860	0.058982648	0.084079973	0.087774180	0.388740569
482	4	4	0.070599407	0.080135979	0.081897102	0.079846270	0.221121460	0.083616555	0.091782689	0.102203287	0.084869966	0.103927292
483	9	8	0.139878228	0.040240318	0.066209540	0.088080287	0.087328769	0.078641646	0.135059655	0.098159097	0.173770532	0.092631988
484	9	9	0.152701348	0.077101529	0.088408068	0.117049992	0.094229870	0.064195938	0.096951373	0.048463188	0.096504875	0.164393798
485	5	5	0.094215758	0.064006500	0.083695412	0.134404913	0.064007893	0.144203648	0.114677817	0.072653957	0.101916894	0.126217216
486	6	8	0.121850289	0.042927079	0.041653082	0.094317563	0.073460393	0.043149922	0.155471250	0.068804823	0.247232810	0.111132719
487	4	4	0.074780770	0.077108100	0.075812079	0.083191946	0.194313601	0.062766939	0.099036127	0.098530687	0.112048127	0.122411579
488	5	5	0.129015774	0.075480253	0.059893489	0.064009629	0.098716334	0.150918990	0.150912091	0.101949625	0.085282050	0.083821736
489	4	4	0.076380365	0.109932356	0.108704925	0.092814609	0.163629249	0.057697620	0.076575302	0.115811191	0.112063661	0.086390793
490	9	9	0.098676659	0.063833021	0.089997634	0.094485588	0.094811961	0.089337029	0.141531020	0.101851188	0.083414048	0.142061830
491	4	9	0.064254642	0.059157830	0.043817315	0.079206571	0.142252982	0.116103083	0.072586633	0.108441636	0.084233403	0.229945958
492	1	1	0.089882664	0.252589077	0.073735222	0.043510176	0.084725603	0.063436836	0.086731397	0.095236771	0.101402707	0.108749568
493	4	4	0.053872108	0.035186950	0.040312521	0.067959033	0.243418366	0.064644352	0.082704745	0.086440206	0.085665144	0.239796489
494	8	8	0.095286220	0.046767894	0.062853090	0.127950564	0.064205393	0.095071889	0.123173825	0.073692992	0.244241148	0.066756986
495	0	6	0.188612685	0.041700955	0.055391233	0.077792503	0.076865412	0.073667273	0.191043049	0.075144291	0.141779423	0.078003190
496	0	0	0.245318636	0.062402975	0.073907085	0.107366122	0.087676220	0.063011080	0.126450330	0.055706240	0.100901261	0.077260084
497	3	3	0.081529662	0.074045159	0.098234668	0.188496694	0.084135361	0.084121384	0.079696886	0.092710778	0.096647166	0.120382369
498	6	6	0.128439113	0.071656592	0.087120868	0.075766467	0.086052053	0.093765408	0.233039230	0.069181934	0.084499329	0.070479080
499	4	4	0.072744705	0.138411373	0.069856144	0.049247153	0.163699105	0.094450906	0.128108129	0.086870924	0.086005211	0.110606343
500	8	8	0.127900973	0.052519411	0.053952985	0.104558401	0.059318263	0.043162376	0.113560893	0.059291955	0.258212745	0.127521992
501	7	7	0.076674141	0.109095871	0.100154310	0.110417575	0.066616707	0.050972026	0.089333043	0.266783535	0.065554939	0.064397939
502	4	4	0.072727337	0.074983388	0.079011157	0.085754082	0.173198596	0.061330039	0.083260074	0.127154052	0.105789028	0.136792317
503	9	9	0.057741340	0.071061835	0.044167425	0.044742864	0.072738402	0.104008526	0.094721697	0.091206610	0.089561410	0.330049872
504	9	9	0.095321737	0.076413229	0.048768684	0.078076787	0.083701931	0.089543805	0.066641770	0.048840337	0.117405906	0.295285821
505	5	5	0.091846429	0.048163533	0.060377557	0.102513649	0.075846449	0.195322290	0.144366577	0.105681002	0.086888969	0.088993505
506	1	1	0.081257351	0.212020785	0.119890586	0.074596383	0.083629198	0.078221060	0.078067735	0.098470517	0.074540682	0.099305652
507	9	9	0.073318832	0.061110601	0.020144394	0.067181297	0.091867678	0.096430138	0.055886947	0.062224548	0.102158353	0.369677216
508	3	3	0.092557326	0.074949533	0.084595583	0.178596109	0.075458109	0.065867931	0.081928320	0.091595672	0.127495229	0.126956224
509	3	0	0.142946512	0.092230335	0.081212014	0.137171015	0.062316269	0.098374739	0.092804626	0.098487131	0.108289279	0.086168043
510	0	0	0.238200605	0.048860326	0.054823164	0.100165255	0.066622525	0.072075054	0.113657191	0.084047079	0.143502355	0.078046478
511	6	6	0.119998246	0.045134168	0.061915539	0.089815408	0.082873590	0.102734476	0.204671934	0.085864261	0.135965228	0.071027108
512	2	2	0.071153544	0.070971116	0.192431226	0.083166599	0.123713583	0.059729025	0.095703080	0.108276777	0.131289825	0.063565239
513	5	5	0.084958360	0.100498922	0.087837629	0.080767140	0.079893984	0.147997260	0.088525414	0.091515139	0.093370639	0.144635528
514	5	6	0.115909979	0.070966855	0.062259231	0.091695219	0.083825141	0.125736505	0.145016208	0.114823014	0.092871003	0.096896768
515	6	6	0.158820182	0.044738248	0.055300895	0.096232153	0.085753091	0.105537094	0.172964290	0.062905997	0.116233326	0.101514697
516	2	2	0.078728721	0.120198891	0.145965219	0.112739854	0.096631646	0.059275564	0.092812389	0.123649798	0.087000929	0.082996942
517	6	8	0.124607019	0.054797631	0.085314862	0.071292534	0.083365344	0.060377557	0.135399759	0.075449280	0.205054030	0.104341976
518	7	7	0.089248344	0.148567423	0.094059557	0.089702867	0.087150246	0.032892756	0.081197016	0.195379004	0.089950912	0.091851860
519	8	8	0.101088971	0.042426579	0.055286195	0.128302485	0.071887031	0.078153893	0.158548668	0.075090162	0.219213754	0.070002265
520	8	8	0.099042565	0.040329061	0.057877321	0.143217325	0.103127196	0.048790637	0.124090739	0.064660437	0.257843167	0.061021503
521	9	9	0.126512244	0.044381171	0.052024227	0.110036246	0.104308367	0.082358770	0.105808876	0.071639232	0.119896330	0.183034524
522	1	1	0.049132645	0.189898983	0.065230407	0.092558771	0.113662213	0.074326552	0.060430452	0.116353706	0.083234459	0.155171812
523	6	6	0.120658845	0.060287539	0.100464165	0.081289642	0.091889791	0.087918781	0.230963469	0.086583667	0.064189613	0.075754501
524	4	4	0.059313171	0.040318497	0.043725986	0.062248319	0.335706294	0.055943470	0.058967359	0.082927227	0.073549233	0.187300384
525	3	3	0.137318760	0.076132618	0.041151572	0.148993373	0.069109216	0.083189145	0.114415266	0.081551827	0.111527540	0.136610657
526	0	0	0.212327182	0.054029968	0.054964848	0.102528110	0.082578123	0.052966356	0.167120680	0.067366548	0.138038442	0.068079829
527	8	8	0.114565127	0.050481960	0.061396282	0.147486120	0.080444798	0.079174601	0.124285236	0.068555579	0.181903377	0.091706917
528	9	9	0.055081002	0.077857651	0.051192425	0.052277409	0.098141328	0.076016434	0.074820653	0.137368605	0.116759285	0.260485202
529	4	9	0.077878803	0.087108299	0.054426841	0.064341575	0.157300949	0.060452648	0.085585251	0.109260485	0.128643021	0.175002158
530	8	8	0.091959000	0.042269386	0.054129977	0.106551893	0.077545181	0.078428142	0.163543239	0.075576000	0.235371888	0.074625254
531	0	0	0.232856944	0.048829336	0.062295426	0.094745666	0.060624719	0.062692381	0.151495725	0.077489451	0.114857815	0.094112493
532	1	1	0.080383576	0.237414405	0.077409953	0.081760079	0.098831363	0.057057735	0.079545751	0.105403572	0.084670089	0.097523525
533	0	0	0.269768268	0.065835945	0.071716353	0.085632920	0.096446700	0.058099978	0.115249462	0.059572816	0.099224679	0.078452952
534	8	8	0.091801599	0.070705406	0.080520183	0.135062277	0.083844058	0.064596862	0.124091417	0.094051585	0.164784104	0.090542533
535	9	9	0.055418722	0.085275173	0.033836454	0.039197989	0.106678836	0.067711316	0.062903158	0.114685610	0.104398131	0.329894662
536	6	6	0.173306435	0.045538813	0.048955228	0.084660836	0.089479044	0.085959561	0.206030101	0.063512415	0.122582883	0.079974681
537	9	9	0.060848638	0.044809867	0.024513023	0.047724403	0.107467577	0.074131295	0.067593783	0.063082762	0.085153952	0.424674720
538	7	7	0.066164441	0.066263936	0.087820530	0.080290549	0.102684714	0.076734923	0.080537185	0.217472285	0.078233428	0.143797979
539	5	7	0.077237286	0.088020697	0.073905721	0.098600194	0.093581624	0.116676696	0.106129445	0.127551451	0.101512671	0.116784275
540	0	0	0.275845170	0.046376314	0.049006782	0.072084956	0.070947319	0.079353034	0.139720276	0.054174975	0.126035854	0.086455375
541	1	1	0.064307757	0.271189749	0.065143466	0.048734173	0.102160878	0.064628296	0.088215895	0.105207130	0.085900046	0.104512520
542	3	3	0.087607883	0.047802217	0.089772739	0.176637575	0.075654529	0.061287917	0.143838063	0.064735740	0.151484460	0.101178892
543	8	8	0.111928560	0.041696426	0.054802585	0.081001632	0.079441004	0.062419161	0.171616867	0.077890925	0.210823670	0.108379126
544	5	6	0.091621339	0.064147331	0.087986365	0.092047460	0.094275825	0.138007119	0.153778851	0.082924157	0.103052028	0.092159614
545	4	4	0.058950029	0.045403846	0.067622237	0.075067014	0.265837669	0.057610009	0.087330602	0.096062444	0.102249689	0.143866435
546	9	9	0.112532899	0.046974871	0.042110208	0.112340860	0.077213533	0.113015577	0.090877213	0.069224752	0.125025243	0.210684881
547	5	5	0.080745801	0.047696371	0.044463754	0.103045434	0.089863367	0.146614835	0.141458154	0.117372215	0.127835840	0.100904189
548	3	3	0.147660270	0.071072176	0.069655716	0.152281165	0.059184995	0.113238901	0.080090828	0.116221786	0.102009162	0.088585034
549	1	1	0.078633718	0.206429943	0.083995007	0.060365248	0.108905219	0.046969786	0.089135244	0.142142981	0.085620672	0.097802073
550	5	5	0.080549352	0.083179072	0.057650365	0.072586931	0.132014319	0.150928885	0.100917719	0.126050413	0.088628016	0.107494883
551	1	1	0.077932879	0.189408794	0.136764482	0.121973723	0.085363530	0.058911175	0.085306510	0.101727694	0.068994232	0.073616944
552	1	1	0.065320395	0.223281085	0.152656317	0.077599317	0.080559857	0.058016062	0.105056316	0.101104960	0.060551841	0.075853862
553	8	8	0.117030099	0.051007014	0.086571470	0.117626563	0.094772980	0.077876203	0.137394950	0.059548985	0.168602094	0.089569665
554	7	7	0.073877521	0.096752413	0.090644963	0.050959595	0.119444273	0.036099717	0.073448889	0.238504916	0.133910492	0.086357176
555	4	4	0.074206762	0.071032062	0.101391822	0.090227261	0.265753031	0.049486592	0.059364799	0.095677152	0.111373104	0.081487373
556	5	6	0.080941409	0.053248040	0.058215093	0.103404082	0.086950302	0.114489675	0.157638237	0.106058799	0.138135582	0.100918718
557	1	1	0.071668535	0.213703230	0.103084825	0.094957896	0.106869370	0.035321549	0.085890360	0.145985171	0.073119260	0.069399849
558	8	8	0.118980378	0.020095369	0.037455421	0.105968677	0.069905818	0.052746579	0.165608838	0.043896724	0.316312671	0.069029436
559	0	0	0.179655790	0.048915550	0.047431596	0.072819397	0.068405502	0.096621037	0.175879210	0.078437805	0.124000698	0.107833363
560	1	1	0.069502212	0.239626810	0.135181233	0.100866362	0.082427099	0.048826698	0.083690934	0.087996960	0.061132699	0.090749040
561	4	9	0.055287872	0.051818732	0.039935000	0.072677284	0.226479545	0.068839312	0.066176102	0.098698474	0.088302225	0.231785461
562	4	9	0.054301828	0.055551797	0.062049657	0.085021332	0.143167675	0.076327629	0.164515823	0.103484042	0.065166652	0.190413579
563	5	6	0.089570694	0.032390006	0.062471356	0.066418655	0.074425414	0.176978022	0.239508644	0.070660107	0.093508393	0.094068699
564	1	1	0.091731951	0.234924495	0.116524689	0.096687831	0.076782398	0.054886170	0.065849848	0.102096476	0.082729071	0.077786990
565	9	9	0.074268937	0.050757978	0.056213524	0.076464258	0.090660647	0.114409618	0.104929462	0.114571437	0.072176665	0.245547384
566	1	1	0.063062228	0.261189491	0.069694243	0.051254801	0.076227270	0.067845732	0.071932249	0.117001221	0.111251272	0.110541493
567	1	1	0.059527222	0.234086558	0.105991103	0.084315516	0.085412890	0.072412901	0.068286911	0.119388819	0.086450219	0.084127843
568	3	7	0.107527189	0.046923645	0.044767175	0.121694490	0.081652544	0.128481343	0.104587421	0.159997538	0.130842522	0.073526092
569	1	1	0.069583282	0.272537291	0.117387392	0.090864591	0.087603942	0.046095792	0.057282623	0.103692047	0.088965505	0.065987602
570	2	2	0.077743866	0.075106829	0.192800462	0.075116776	0.086777270	0.061249837	0.077293329	0.172976941	0.088637330	0.092297420
571	9	9	0.092132516	0.047265615	0.021998584	0.064829126	0.139498338	0.094341464	0.064896800	0.057382908	0.083842382	0.333812207
572	1	1	0.079505064	0.192134336	0.122796528	0.097541258	0.089462847	0.069529824	0.081667863	0.100619286	0.080218621	0.086524315
573	7	7	0.080853343	0.109588169	0.090969868	0.079093508	0.088074386	0.066850007	0.081184484	0.188291132	0.089781307	0.125313833
574	1	1	0.106541097	0.190196529	0.116422199	0.060576871	0.113701470	0.069118172	0.080614395	0.114498012	0.078133449	0.070197731
575	0	8	0.152273357	0.046209648	0.089262038	0.096793070	0.081844553	0.054644823	0.134094104	0.071068980	0.180334538	0.093474850
576	9	9	0.131537959	0.071550205	0.074147649	0.115617417	0.077489167	0.072669901	0.079923570	0.053014312	0.107005022	0.217044756
577	9	9	0.113536894	0.052371841	0.063178785	0.073871233	0.084918052	0.106804073	0.141776592	0.090257272	0.080562323	0.192722946
578	7	7	0.094017960	0.134654105	0.098450072	0.098279893	0.076458454	0.047923543	0.134012684	0.156774953	0.087233432	0.072194919
579	0	0	0.160692364	0.069507644	0.054779444	0.101736851	0.098252445	0.091909118	0.109670088	0.094397537	0.093231745	0.125822842
580	3	3	0.111071698	0.047928862	0.076324567	0.167234495	0.076825127	0.081384517	0.116636023	0.124121279	0.119796947	0.078676499
581	7	7	0.052016858	0.070447542	0.120685413	0.071465723	0.085483350	0.043327741	0.073886603	0.304152519	0.078835450	0.099698819
582	5	5	0.100009844	0.052283455	0.096523523	0.088912778	0.051450774	0.243158042	0.096985564	0.080287494	0.089625522	0.100763068
583	8	6	0.099986278	0.053493019	0.060633603	0.141531125	0.070764251	0.075411342	0.186819792	0.077966027	0.156351104	0.077043429
584	1	1	0.061995801	0.286453098	0.063860595	0.046790067	0.080899231	0.072298855	0.066132799	0.105179749	0.100204937	0.116184853
585	4	4	0.073922671	0.050107241	0.086607739	0.061605472	0.271135062	0.072122395	0.074328244	0.091199540	0.096539110	0.122432485
586	0	0	0.172267288	0.071196869	0.072128117	0.101945631	0.090370394	0.080165476	0.088639237	0.079047538	0.151720539	0.092518985
587	6	6	0.139824197	0.057679791	0.059248462	0.085650519	0.071273938	0.116330959	0.195668250	0.074005544	0.140434891	0.059883408
588	4	1	0.089048818	0.141140774	0.072559141	0.041077223	0.139332950	0.105076052	0.113077760	0.095344007	0.093187131	0.110156126
589	7	7	0.077208817	0.109855540	0.105279490	0.070678554	0.111993261	0.063259624	0.064044788	0.214881644	0.090653516	0.092144705
590	3	3	0.086737677	0.098422587	0.112204142	0.143849537	0.072867647	0.077931814	0.087651215	0.099636026	0.135729238	0.084970094
591	6	6	0.098196089	0.063253075	0.088790290	0.074137285	0.086408779	0.116882235	0.199158996	0.082153358	0.095953405	0.095066495
592	1	1	0.093176402	0.187785104	0.145856544	0.101625323	0.075360000	0.062331956	0.091403276	0.103895940	0.066701010	0.071864560
593	6	6	0.152680561	0.040120229	0.033841446	0.089917384	0.065669596	0.093938477	0.264383346	0.047181871	0.124465168	0.087801874
594	2	2	0.085310005	0.094155893	0.168774933	0.086219303	0.091669016	0.059639428	0.118733697	0.127966076	0.074195087	0.093336627
595	7	7	0.073233366	0.110371023	0.090674423	0.132233009	0.101525195	0.057833109	0.063301817	0.202641711	0.074696757	0.093489610
596	1	1	0.061654735	0.328209728	0.061534904	0.039996885	0.086668819	0.062717468	0.072796054	0.088027395	0.088219620	0.110174336
597	8	8	0.116183057	0.064921789	0.034822632	0.093444012	0.089731649	0.075789772	0.125275463	0.057751045	0.197374031	0.144706532
598	7	7	0.100810818	0.111379966	0.097298265	0.049964655	0.099747702	0.049702171	0.099983737	0.172773346	0.118113458	0.100225940
599	2	1	0.068058729	0.137457117	0.135511041	0.105662890	0.072253779	0.044887941	0.101017989	0.105923705	0.092138857	0.137087896
600	7	9	0.049209069	0.123537578	0.049672950	0.088452369	0.141311362	0.052569069	0.054291848	0.156295046	0.105049700	0.179611012
601	9	9	0.119258992	0.047706868	0.067252681	0.121899650	0.073286384	0.086430080	0.119225748	0.076598436	0.120341830	0.167999402
602	4	4	0.047218677	0.051703174	0.047185231	0.071682468	0.297027707	0.045799486	0.067825265	0.117624700	0.109123796	0.144809470
603	2	2	0.065507136	0.076405898	0.233173475	0.073302142	0.122385159	0.035758700	0.088127844	0.148833573	0.094686434	0.061819684
604	8	8	0.096123621	0.053994298	0.073299438	0.153311431	0.083225951	0.070272215	0.088965870	0.064417839	0.217834324	0.098554932
605	4	4	0.065380529	0.090113536	0.109044835	0.078592323	0.245449737	0.052019842	0.064330921	0.107818104	0.102874681	0.084375463
606	4	5	0.088257328	0.098834723	0.109424740	0.110740013	0.084223203	0.115097314	0.094197363	0.099507652	0.095560648	0.104157001
607	3	3	0.117451921	0.094962694	0.089802563	0.153801024	0.068355709	0.082937010	0.113210984	0.057508662	0.115801357	0.106168009
608	7	7	0.067624569	0.103834100	0.084087595	0.076169014	0.106627837	0.034577824	0.081402667	0.259041548	0.089656197	0.096978664
609	4	4	0.050560433	0.039214943	0.039980303	0.053397950	0.310400754	0.047242664	0.061141707	0.092341766	0.094539322	0.211180180
610	5	7	0.091617435	0.071771629	0.081201106	0.110294446	0.083080634	0.111477144	0.106298730	0.123818889	0.110206060	0.110233888
611	2	2	0.071312129	0.093661882	0.189459965	0.079990268	0.090703115	0.055959217	0.077283256	0.151837677	0.111442737	0.078349806
612	8	9	0.089780763	0.048292086	0.030752672	0.115579061	0.120335191	0.070820644	0.090819381	0.084011793	0.174455315	0.175153136
613	3	3	0.093625076	0.065391369	0.086834878	0.214850754	0.070779383	0.055749133	0.090797856	0.073816374	0.161116123	0.087039053
614	1	1	0.081796661	0.177798390	0.082294710	0.059965432	0.121109679	0.072485149	0.073145397	0.109547861	0.087349996	0.134506762
615	7	7	0.060384538	0.084806740	0.053687755	0.071315780	0.099640228	0.056533299	0.055938259	0.339028060	0.067381181	0.111284174
616	9	9	0.085433759	0.058065694	0.048027921	0.140203759	0.081516266	0.115506627	0.074599653	0.085134543	0.127081066	0.184430704
617	9	9	0.053163201	0.047222625	0.043138552	0.058881328	0.119163007	0.083050005	0.080197804	0.097106844	0.078766540	0.339310110
618	9	9	0.044640098	0.034544043	0.019003445	0.040077407	0.080162451	0.073889539	0.062803082	0.061882287	0.056140818	0.526856840
619	7	7	0.087163225	0.095415458	0.081802972	0.084519409	0.080147743	0.037934780	0.093079738	0.285271466	0.072030015	0.082635142
620	1	1	0.052948836	0.320441872	0.065627076	0.050415132	0.093673237	0.059331451	0.082741871	0.093164392	0.089701034	0.091955110
621	3	3	0.093972094	0.071726978	0.082623735	0.195864260	0.074805267	0.098215379	0.116544753	0.090754494	0.089581646	0.085911438
622	9	9	0.043125480	0.069703586	0.028533610	0.042010032	0.116726585	0.083075814	0.055992164	0.077073216	0.072536945	0.411222547
623	6	6	0.108780459	0.069769360	0.100950927	0.096471161	0.097007565	0.087948576	0.175174758	0.107733071	0.072233498	0.083930641
624	0	0	0.173465371	0.068623587	0.079103388	0.116814516	0.089095756	0.062697776	0.101813175	0.086557478	0.117027797	0.104801163
625	0	8	0.118845716	0.064944558	0.066163242	0.118751898	0.099216141	0.066025965	0.119723432	0.108060107	0.125040755	0.113228142
626	9	9	0.073109224	0.059538804	0.024199797	0.069881298	0.108231232	0.089840479	0.061304241	0.073730163	0.099095859	0.341068894
627	0	0	0.192645669	0.095066719	0.074421935	0.107480779	0.070932657	0.071850553	0.067519151	0.076631576	0.112459339	0.130991623
628	6	8	0.149735138	0.048894148	0.041279331	0.069815002	0.070550330	0.067344271	0.168432876	0.066291608	0.183583185	0.134074152
629	1	1	0.087054789	0.156829625	0.152144551	0.114803545	0.075320490	0.075797640	0.086903356	0.086546578	0.075770199	0.088829257
630	4	4	0.050572500	0.071845092	0.091565147	0.089057907	0.213070616	0.051076047	0.074588254	0.112080276	0.155716866	0.090427339
631	4	4	0.060315806	0.078443624	0.122984163	0.067196056	0.222192705	0.054843035	0.125321716	0.093902476	0.090465441	0.084335029
632	0	0	0.328992307	0.052827444	0.052166339	0.080008030	0.077314258	0.067965902	0.117734298	0.050085150	0.095921546	0.076984726
633	9	9	0.082150385	0.050132934	0.025420949	0.064400069	0.101640187	0.089486964	0.150185272	0.064699121	0.120166227	0.251717925
634	3	6	0.119088486	0.049159072	0.082232267	0.131995335	0.075601071	0.101651445	0.152026787	0.110735312	0.110661797	0.066848427
635	4	4	0.061512366	0.072249226	0.080882743	0.067085154	0.181763440	0.049117904	0.099640772	0.109765112	0.126779720	0.151203603
636	6	6	0.092280231	0.081242561	0.039603226	0.060583033	0.102471963	0.098669618	0.193833128	0.097795904	0.134115472	0.099404745
637	0	0	0.162029341	0.072777241	0.051216140	0.116594031	0.090619333	0.083144061	0.122272097	0.072783031	0.105242662	0.123322010
638	6	6	0.107457012	0.051039334	0.062362526	0.095468923	0.082173690	0.136173323	0.176690355	0.078087442	0.133341432	0.077206023
639	3	3	0.089129932	0.053357024	0.029416921	0.209397018	0.095342688	0.077413686	0.083818041	0.114442341	0.089379005	0.158303350
640	0	0	0.188841686	0.041701678	0.050389852	0.067916401	0.081986725	0.083635725	0.184100926	0.073840074	0.145943105	0.081643872
641	1	1	0.073429041	0.223974496	0.132432550	0.088184051	0.085901752	0.060752101	0.076146856	0.107008927	0.067822635	0.084347621
642	4	4	0.059394602	0.050873753	0.056346763	0.046955217	0.340790868	0.037663408	0.062102951	0.093111999	0.120560810	0.132199645
643	8	8	0.104396716	0.065059885	0.086558230	0.103796132	0.082198516	0.052828901	0.097156800	0.057224989	0.234802067	0.115977742
644	8	8	0.094196483	0.040297121	0.035153408	0.123030692	0.089256600	0.065855920	0.151326999	0.083150625	0.187937751	0.129794374
645	2	2	0.096807845	0.110200211	0.177645877	0.079521239	0.070393153	0.077855937	0.080335744	0.132727593	0.096787199	0.077725239
646	5	5	0.111016229	0.060008157	0.064782195	0.098951228	0.071243010	0.155697763	0.152674735	0.097067788	0.097369529	0.091189347
647	1	1	0.101421677	0.208658695	0.108706623	0.068401955	0.116119377	0.062115908	0.076974995	0.102985948	0.080306709	0.074308157
648	1	1	0.071061932	0.224839866	0.142470673	0.102724187	0.075586535	0.062743023	0.075927965	0.095473066	0.067539774	0.081632897
649	0	0	0.332910717	0.054630458	0.045416519	0.097050831	0.075595096	0.057918280	0.103440851	0.051180247	0.104107752	0.077749193
650	8	8	0.120218650	0.078006923	0.072021537	0.095078550	0.090902857	0.082973778	0.092773333	0.065481529	0.168286040	0.134256765
651	0	0	0.255029649	0.051200774	0.032630954	0.063216381	0.073402174	0.081487395	0.187321097	0.053618949	0.109248504	0.092844106
652	2	2	0.088127092	0.066274300	0.200582683	0.066680826	0.069494389	0.103276148	0.142002687	0.101815201	0.059330292	0.102416381
653	4	4	0.061504625	0.091619670	0.117549039	0.090952851	0.216700703	0.048039440	0.072392903	0.118382476	0.111669958	0.071188308
654	7	7	0.061682146	0.117891505	0.060186028	0.101100594	0.122995742	0.062247969	0.077543877	0.160784677	0.091757424	0.143809959
655	5	5	0.109533340	0.051932499	0.043153256	0.106493019	0.081699803	0.180889517	0.126688465	0.101611435	0.117480747	0.080517925
656	2	2	0.094126619	0.075707980	0.211695820	0.078584209	0.067885868	0.081524059	0.087333135	0.169979528	0.067332409	0.065830261
657	3	3	0.106370829	0.077235714	0.046177659	0.175656900	0.067524441	0.082463048	0.064782739	0.092959091	0.120333984	0.166495577
658	6	6	0.158901706	0.048822902	0.054372292	0.074874148	0.093253158	0.103490569	0.204277456	0.055760004	0.125214532	0.081033193
659	5	5	0.073525451	0.079077199	0.062688276	0.083097078	0.089609191	0.159452185	0.114049576	0.113115363	0.118808798	0.106576912
660	8	8	0.115302436	0.080385320	0.086964838	0.105640598	0.073785193	0.067508548	0.091126911	0.068007223	0.170604512	0.140674397
661	6	6	0.140994251	0.047573965	0.052176390	0.077727586	0.070188515	0.103050835	0.226837113	0.072171777	0.145799816	0.063479677
662	3	3	0.082256272	0.055117343	0.053902365	0.162020966	0.092515305	0.079854734	0.134190381	0.136677861	0.121832013	0.081632778
663	9	9	0.083207294	0.100632928	0.064671621	0.082225099	0.086641863	0.050152268	0.085495092	0.092750236	0.114879929	0.239343747
664	1	1	0.092282355	0.206025898	0.166713908	0.085490286	0.073255844	0.065721922	0.072348051	0.088281892	0.070075192	0.079804637
665	8	8	0.115468115	0.051730566	0.062591039	0.073575847	0.085595459	0.059462491	0.127514794	0.068155468	0.209474787	0.146431461
666	6	8	0.130579010	0.045533575	0.082338534	0.081166513	0.088659108	0.071841717	0.145305499	0.099407919	0.173057228	0.082110882
667	0	0	0.212786973	0.118804097	0.101181120	0.097915739	0.065137170	0.071061023	0.080271326	0.094606593	0.088434264	0.069801688
668	6	6	0.101233229	0.039918683	0.058260091	0.095563620	0.084108487	0.039711948	0.206540465	0.081314839	0.189917311	0.103431359
669	4	4	0.058966927	0.093238629	0.069278188	0.065643631	0.172617674	0.051499367	0.114553891	0.102572761	0.124914460	0.146714464
670	4	4	0.068725176	0.089614347	0.095240287	0.059205800	0.280173808	0.052245148	0.109568372	0.094034225	0.075510830	0.075681970
671	1	1	0.077073969	0.228893399	0.160676032	0.070484124	0.081787996	0.055726901	0.078181483	0.101186514	0.071556166	0.074433342
672	7	7	0.036994800	0.086093739	0.049917061	0.082377687	0.128955275	0.048832040	0.066415109	0.265682429	0.064613052	0.170118839
673	4	4	0.059282262	0.050349675	0.048833575	0.064783700	0.287745237	0.064754345	0.099483438	0.085622154	0.076765992	0.162379608
674	7	7	0.072215110	0.109518908	0.100213736	0.087030925	0.084300086	0.033333410	0.078728952	0.247525483	0.085815534	0.101317845
675	0	0	0.221513525	0.043548636	0.040777829	0.070682883	0.093678325	0.090255544	0.185969725	0.074373752	0.103526108	0.075673670
676	8	8	0.122218274	0.082167201	0.075053036	0.083751261	0.085465960	0.090964012	0.089796156	0.060714446	0.174805671	0.135064006
677	0	0	0.183499470	0.051538073	0.056533884	0.081553422	0.081523679	0.103840873	0.132647678	0.074292704	0.152485862	0.082084276
678	7	1	0.067460656	0.151082397	0.097575769	0.110205941	0.094310462	0.071529582	0.073069409	0.150191098	0.113199912	0.071374744
679	7	7	0.089380316	0.095462166	0.103184700	0.096692197	0.097005375	0.048571598	0.065167807	0.226486504	0.105144806	0.072904468
680	0	0	0.211273938	0.054732531	0.046945434	0.128541335	0.075893000	0.083010323	0.131790623	0.079529114	0.109432921	0.078850776
681	9	6	0.141998708	0.046152219	0.053054553	0.091064483	0.086991727	0.103317864	0.154267550	0.076751038	0.123675793	0.122726090
682	8	8	0.100529440	0.052126095	0.058757216	0.148529425	0.076548330	0.070914291	0.125246838	0.078678019	0.199380845	0.089289494
683	2	2	0.098417796	0.078523837	0.204922512	0.065951690	0.084879257	0.078806661	0.132684097	0.116076805	0.062504388	0.077233039
684	6	6	0.104612254	0.054235026	0.101024538	0.081275888	0.087940834	0.116523698	0.204433039	0.080245472	0.086696036	0.083013222
685	8	8	0.106451422	0.059721477	0.081333585	0.106623225	0.102050252	0.068754867	0.108122326	0.105564132	0.170994714	0.090384044
686	7	7	0.073538572	0.121939324	0.104510672	0.069360927	0.109464988	0.044731867	0.074672475	0.243924826	0.086236924	0.071619332
687	3	3	0.083448753	0.089370213	0.059547853	0.266753644	0.062392484	0.064307228	0.081708156	0.090312451	0.125507429	0.076651856
688	3	3	0.100304961	0.089206591	0.095714472	0.183090717	0.070968926	0.087832429	0.090652607	0.130297750	0.086398281	0.065533236
689	3	3	0.099218428	0.091605835	0.104633994	0.155384213	0.096926235	0.072496533	0.073261015	0.090132147	0.109557733	0.106783919
690	7	1	0.064666994	0.153135702	0.089712091	0.107662298	0.124760538	0.038211986	0.075686298	0.136914477	0.097113386	0.112136193
691	6	6	0.084372401	0.054587658	0.101028830	0.091797978	0.063539706	0.096068159	0.227295876	0.083706707	0.073584765	0.124017842
692	9	9	0.070482180	0.030847246	0.019550506	0.071269318	0.116219983	0.084523857	0.117400460	0.071922749	0.109248027	0.308535725
693	4	4	0.052554842	0.056614328	0.082219698	0.082838014	0.293078333	0.060083102	0.060935132	0.085160896	0.099087760	0.127427846
694	6	6	0.131543800	0.039802767	0.075868897	0.080496885	0.093686379	0.054651387	0.172884911	0.116084985	0.146127433	0.088852607
695	3	3	0.108984224	0.072630569	0.084745936	0.144529566	0.075901240	0.096043006	0.078913257	0.097574405	0.136783734	0.103894010
696	1	1	0.099946305	0.177375093	0.145906672	0.094880193	0.071533591	0.051655330	0.080061845	0.117892697	0.085999779	0.074748494
697	5	6	0.074518368	0.060525637	0.117527753	0.107249536	0.060336914	0.142338052	0.155391365	0.094000079	0.076617397	0.111494914
698	9	9	0.053557765	0.041487847	0.028814027	0.060252562	0.096658789	0.097908549	0.061289195	0.081259333	0.081208333	0.397563607
699	5	5	0.117895648	0.060214035	0.103941061	0.083015651	0.059407614	0.164317504	0.125647083	0.089190625	0.087387420	0.108983450
700	0	0	0.146452367	0.069200896	0.074518614	0.089079671	0.097062416	0.078373574	0.129139125	0.084563762	0.117565669	0.114043824
701	7	7	0.075363241	0.153553531	0.091731519	0.141421884	0.100128487	0.054149177	0.065189198	0.162756279	0.077187352	0.078519285
702	5	5	0.110040866	0.075261809	0.062584266	0.109801136	0.069115736	0.180559739	0.083203278	0.112838164	0.107742839	0.088852108
703	1	1	0.061714567	0.213031814	0.152754769	0.108888887	0.083036475	0.056599107	0.074154995	0.102005415	0.076541662	0.071272284
704	5	9	0.117018789	0.085255735	0.057204980	0.080542989	0.090349309	0.104623221	0.118939385	0.095028937	0.125402987	0.125633627
705	0	0	0.236370221	0.068657160	0.075861156	0.115837604	0.081184648	0.064570919	0.107337326	0.057494946	0.097818345	0.094867714
706	3	3	0.112050392	0.052788015	0.081040189	0.188644439	0.068051130	0.065414116	0.116041526	0.087744750	0.124165431	0.104059950
707	2	2	0.076938249	0.092118263	0.233515203	0.082188539	0.068439692	0.038993105	0.096102588	0.139496505	0.091891639	0.080316201
708	7	9	0.045216031	0.112168945	0.042609259	0.076796710	0.150758028	0.067051858	0.061809056	0.147899389	0.077552080	0.218138754
709	1	1	0.053073954	0.233429074	0.077772416	0.120673120	0.098860227	0.046666674	0.067717820	0.111601226	0.087221190	0.102984317
710	5	5	0.093483195	0.039896991	0.060353041	0.103086784	0.076164357	0.208028942	0.153020129	0.080729067	0.111922257	0.073315173
711	7	3	0.077012077	0.131058037	0.110771723	0.147803947	0.092900731	0.062501058	0.074962527	0.146912307	0.089259945	0.066817664
712	6	6	0.118867606	0.054958880	0.049774509	0.080122486	0.076544747	0.075115539	0.279468924	0.080128320	0.119680069	0.065338910
713	1	1	0.071871988	0.239046901	0.060821328	0.055760682	0.096934624	0.069200762	0.078718565	0.094449662	0.120687976	0.112507463
714	5	6	0.095464438	0.063892029	0.049106758	0.092834830	0.084340140	0.130869940	0.168655053	0.122724600	0.110896371	0.081215784
715	4	9	0.058104813	0.047187701	0.041847687	0.066843584	0.216151863	0.062121518	0.076156519	0.100321956	0.097279832	0.233984545
716	8	8	0.110730179	0.062970363	0.101404361	0.096607566	0.118933022	0.063418522	0.098210983	0.066827059	0.215998620	0.064899296
717	5	5	0.092968501	0.082084805	0.099421255	0.088485070	0.103598699	0.149494141	0.112339407	0.094711162	0.092675574	0.084221393
718	0	0	0.175176844	0.066077381	0.074156269	0.137033343	0.078126349	0.063959762	0.125331402	0.084628098	0.105618872	0.089891702
719	8	8	0.125267997	0.055607580	0.067204528	0.097160481	0.073305190	0.109138139	0.145999506	0.082402319	0.173296824	0.070617452
720	0	0	0.160364836	0.096973889	0.102434114	0.113909945	0.076209098	0.084528603	0.090554610	0.094495878	0.092446759	0.088082276
721	2	2	0.064726800	0.074438117	0.166808486	0.060209647	0.127283067	0.066670150	0.103335217	0.120653093	0.139010474	0.076865025
722	9	9	0.072202109	0.060052995	0.024563676	0.050744779	0.101238854	0.065214142	0.059644036	0.077569515	0.087902233	0.400867611
723	3	3	0.105804570	0.047737479	0.077558510	0.165332749	0.085999869	0.061824914	0.137842596	0.068170257	0.131344780	0.118384272
724	8	8	0.111547597	0.047677383	0.052459788	0.101911567	0.077297784	0.110566430	0.130685359	0.079631247	0.226422027	0.061800797
725	5	5	0.065039068	0.098615736	0.073652640	0.102683708	0.120550357	0.152865157	0.074405603	0.116453603	0.093575306	0.102158815
726	3	4	0.100584954	0.072688416	0.050482903	0.129970580	0.131210625	0.089158811	0.099648356	0.093925588	0.112861179	0.119468562
727	9	9	0.053013101	0.079860277	0.033090882	0.041298762	0.099185318	0.074378699	0.060199056	0.152978018	0.081417926	0.324577957
728	4	4	0.062399130	0.078138836	0.083277643	0.077059671	0.216188222	0.049936719	0.086827703	0.128476188	0.116424680	0.101271175
729	8	8	0.079459064	0.030931411	0.029176630	0.111223616	0.101025231	0.058787860	0.137642741	0.066846006	0.272304386	0.112603016
730	4	4	0.075014576	0.077909134	0.109593429	0.087161392	0.215789124	0.040602989	0.117733553	0.111452885	0.091977730	0.072765119
731	6	6	0.102766730	0.063554339	0.088753797	0.095413737	0.075708903	0.126876965	0.142021015	0.079576880	0.121200688	0.104126975
732	6	6	0.133878440	0.055776052	0.084043585	0.093098655	0.106054746	0.093334623	0.142725646	0.076392837	0.095173024	0.119522423
733	5	5	0.124090292	0.064782441	0.063791908	0.099814676	0.092087016	0.153681129	0.111200802	0.060438022	0.135916591	0.094197147
734	2	2	0.099291399	0.066112407	0.162317485	0.081332855	0.053813562	0.066598155	0.107156910	0.097252555	0.125227362	0.140897289
735	9	9	0.140019670	0.043883551	0.043036889	0.099243037	0.086652763	0.085720159	0.096268348	0.050694060	0.119317323	0.235164180
736	4	4	0.052990153	0.038622782	0.035843339	0.060159191	0.359859079	0.049886797	0.052916780	0.082894705	0.082523294	0.184303790
737	4	4	0.061620388	0.087448940	0.109936938	0.061998967	0.260412633	0.062793545	0.076927073	0.093496591	0.092339948	0.093024999
738	0	0	0.254424870	0.063638985	0.041249435	0.066754065	0.081111640	0.104486614	0.122599237	0.049119174	0.131933942	0.084682032
739	6	6	0.128239200	0.058923300	0.085919708	0.063929737	0.142331272	0.072446145	0.174218997	0.079111390	0.120979756	0.073900536
740	8	8	0.118497580	0.058275707	0.071885832	0.111298233	0.090542935	0.059878848	0.085253745	0.076057129	0.249389887	0.078920051
741	8	8	0.084087983	0.094356954	0.078166276	0.068085186	0.094020046	0.061264481	0.096663631	0.104810953	0.169657543	0.148886979
742	3	9	0.079574622	0.042349748	0.032070402	0.129886255	0.121314757	0.096750766	0.142258778	0.118607767	0.093581654	0.143605247
743	5	6	0.082038455	0.061578035	0.043834426	0.081318527	0.101385795	0.142777339	0.156699032	0.125297949	0.102033541	0.103036940
744	7	7	0.060393155	0.073324308	0.110823177	0.057564367	0.085231826	0.037877370	0.071762592	0.352425009	0.079851232	0.070747040
745	1	1	0.064900137	0.221040264	0.120022975	0.083906963	0.092014052	0.049285088	0.087078206	0.111220978	0.084194057	0.086337179
746	1	1	0.076962411	0.149003342	0.123267792	0.096179627	0.084392942	0.052300289	0.086311020	0.099538505	0.093549356	0.138494700
747	8	8	0.106473505	0.046961170	0.058494892	0.129118264	0.098021179	0.082213096	0.131050915	0.079141267	0.196524754	0.072001010
748	0	0	0.289508611	0.047952332	0.055032015	0.073487744	0.067284659	0.066635653	0.139124319	0.082827307	0.103959762	0.074187607
749	4	9	0.068287857	0.046557449	0.051922120	0.095414892	0.161412507	0.076985449	0.075109549	0.120782234	0.085655287	0.217872679
750	7	7	0.073017843	0.142882779	0.087556861	0.086260520	0.084305517	0.043344446	0.114364818	0.206504211	0.084840834	0.076922201
751	8	8	0.119050115	0.040649410	0.045320582	0.093119211	0.089490213	0.058289308	0.150228217	0.061256833	0.246084750	0.096511371
752	2	2	0.078254670	0.064636096	0.243366316	0.059222370	0.104805380	0.044404548	0.103147067	0.134465605	0.089134313	0.078563727
753	5	6	0.101296395	0.043102916	0.079012677	0.102579243	0.067915343	0.136274174	0.214343295	0.080793865	0.081150673	0.093531393
754	9	9	0.053142752	0.041326433	0.032004766	0.056982718	0.104338378	0.089783058	0.067605421	0.078238644	0.069029048	0.407548726
755	3	3	0.098454297	0.083714016	0.092621133	0.155039802	0.089295946	0.082689539	0.070630714	0.081357077	0.115927845	0.130269647
756	4	9	0.064440034	0.052238386	0.048523352	0.066471748	0.207503065	0.054890890	0.082592808	0.097827241	0.105211839	0.220300600
757	8	8	0.113146394	0.082137980	0.065541700	0.087882139	0.085034251	0.086846523	0.087020412	0.062513523	0.167020515	0.162856579
758	1	1	0.067586333	0.231614545	0.089473106	0.077321053	0.114903882	0.059655819	0.080847569	0.107867114	0.095272109	0.075458497
759	0	0	0.277177572	0.044671617	0.038213488	0.094709091	0.064888611	0.079548188	0.138191745	0.048417524	0.106865823	0.107316315
760	8	8	0.107621528	0.048258383	0.054026157	0.079767384	0.078381501	0.059340771	0.161947727	0.087859951	0.195052832	0.127743825
761	0	0	0.244144425	0.054579508	0.049440928	0.073693253	0.075271666	0.068411902	0.180571303	0.082901791	0.106136985	0.064848252
762	9	9	0.052734070	0.038944632	0.027694492	0.066343524	0.106284648	0.081198625	0.089732476	0.062316682	0.062875837	0.411874980
763	7	7	0.063092649	0.093333878	0.092553072	0.075342074	0.080677353	0.039747771	0.059658114	0.325702697	0.085235596	0.084656835
764	7	7	0.073476702	0.116776645	0.105430149	0.085465021	0.073843040	0.079855628	0.096525691	0.171377778	0.088980503	0.108268924
765	7	7	0.064782083	0.103978567	0.073039033	0.088804193	0.110748552	0.080046937	0.104104824	0.174339816	0.088039033	0.112116933
766	5	5	0.099724457	0.068318829	0.064347774	0.077138908	0.098629802	0.186439082	0.120699868	0.083509125	0.085492209	0.115699992
767	4	4	0.049033910	0.074640304	0.132422462	0.070717409	0.231803805	0.036232769	0.087879859	0.108956732	0.137698516	0.070614152
768	5	9	0.097028702	0.072301202	0.083254039	0.106857978	0.077475667	0.106448740	0.113595180	0.105195500	0.109990589	0.127852455
769	5	5	0.083010957	0.047994837	0.051649626	0.105449580	0.087139681	0.203117386	0.119105801	0.094046019	0.126431644	0.082054481
770	6	6	0.105467625	0.052226920	0.079578601	0.061142620	0.074745171	0.105039686	0.269959390	0.069325574	0.074914880	0.107599527
771	4	4	0.053246159	0.088281214	0.120832384	0.076449268	0.234151199	0.035882756	0.081567787	0.101609178	0.140706122	0.067273960
772	7	7	0.058637194	0.075910762	0.120759629	0.060446080	0.084508128	0.061577931	0.090693362	0.285395920	0.077775083	0.084295899
773	9	9	0.055269327	0.076277047	0.027904963	0.031027332	0.095331021	0.058854483	0.057416249	0.089481659	0.086836323	0.421601593
774	3	6	0.120801501	0.059652749	0.064469501	0.098953784	0.081961632	0.096403651	0.159898922	0.100895442	0.127893075	0.089069754
775	2	2	0.090584151	0.071460344	0.208913475	0.064256057	0.116134860	0.060321026	0.086240277	0.128028840	0.107695013	0.066365898
776	2	2	0.091854855	0.105334975	0.201480508	0.054673608	0.074284948	0.074034184	0.110181905	0.120926082	0.069710687	0.097518198
777	8	9	0.070576496	0.071770199	0.074453041	0.072956689	0.079707384	0.078090176	0.135706961	0.093159333	0.143344358	0.180235282
778	5	3	0.102104686	0.083336614	0.068687834	0.139226735	0.084587470	0.129193470	0.083459496	0.125552550	0.102713652	0.081137463
779	6	6	0.145840153	0.056116991	0.053549729	0.059556220	0.103573576	0.094299532	0.225926980	0.078989930	0.118199050	0.063947737
780	9	9	0.103836074	0.035352346	0.034127306	0.089992337	0.079140477	0.078685261	0.077684343	0.049056258	0.103643484	0.348482162
781	7	7	0.083490513	0.106452435	0.131312594	0.087853357	0.094885364	0.052630614	0.103671610	0.136581942	0.095449880	0.107671730
782	2	2	0.072361961	0.054407630	0.223479405	0.063608848	0.132476330	0.046838414	0.126018003	0.131887853	0.090958647	0.057962827
783	6	6	0.080973312	0.043416582	0.083422989	0.066773310	0.069236107	0.089000449	0.311885893	0.069012806	0.081001967	0.105276540
784	3	5	0.111996502	0.073019631	0.077423193	0.137575850	0.066149399	0.138932645	0.103738666	0.095482402	0.111707628	0.083974078
785	4	4	0.060517617	0.107592307	0.123864330	0.061214916	0.226580054	0.042490344	0.085776187	0.096984565	0.112275943	0.082703739
786	5	5	0.084439225	0.073712550	0.065890186	0.082141519	0.076341517	0.169234782	0.108561821	0.113666870	0.100845970	0.125165612
787	4	4	0.063360676	0.058966059	0.102485441	0.075406224	0.245207489	0.054799229	0.084431469	0.095470421	0.124329850	0.095543101
788	7	7	0.060153008	0.115115888	0.107733361	0.105380289	0.084279813	0.070534900	0.107837655	0.194754288	0.066766925	0.087443873
789	4	4	0.108887576	0.115347221	0.118519492	0.065049581	0.120835885	0.083031520	0.113020211	0.094963558	0.103009276	0.077335685
790	1	1	0.067916989	0.215948418	0.195042953	0.064954199	0.078343742	0.066241197	0.072600789	0.098257750	0.068120502	0.072573468
791	8	8	0.118009850	0.023818847	0.021642931	0.096519299	0.076286949	0.075747170	0.153062597	0.049429156	0.250590324	0.134892926
792	0	0	0.197299078	0.060242467	0.061450809	0.077731937	0.078746058	0.104282901	0.153950289	0.079037942	0.105962254	0.081296317
793	0	0	0.230927229	0.047907714	0.062532365	0.096499823	0.070924364	0.051546883	0.168267742	0.077806644	0.102810472	0.090776742
794	4	4	0.084850021	0.080063932	0.116433412	0.078905612	0.190348461	0.062079120	0.106435180	0.096154146	0.101879589	0.082850479
795	3	3	0.106633842	0.101766653	0.083136559	0.187474981	0.068574615	0.083318532	0.088642351	0.109811127	0.095622994	0.075018227
796	3	0	0.149625152	0.068986699	0.064782910	0.129032001	0.064007640	0.095078371	0.134023651	0.069114059	0.107380174	0.117969334
797	2	2	0.065249145	0.071693555	0.200627461	0.095794797	0.109961495	0.063814566	0.088179559	0.113188915	0.116514176	0.074976377
798	0	0	0.209687859	0.056567349	0.048332706	0.077321693	0.073578238	0.084821142	0.164812326	0.070611596	0.118169703	0.096097358
799	4	4	0.059561789	0.055172253	0.068741985	0.084078625	0.210975319	0.073337682	0.105256788	0.108068787	0.089880228	0.144926563
800	0	0	0.305108547	0.046965770	0.037542827	0.096418381	0.054261371	0.086595856	0.102952115	0.060648616	0.112950429	0.096556097
801	5	6	0.087816983	0.069110416	0.061712906	0.078704983	0.116017409	0.129890904	0.153490514	0.084773898	0.131683812	0.086798213
802	7	7	0.064143330	0.068062074	0.101997830	0.073756248	0.073526412	0.095768571	0.092373632	0.259396881	0.079593480	0.091381580
803	5	5	0.080984034	0.057567749	0.094094403	0.065310165	0.072127074	0.208281100	0.111910835	0.114990845	0.087663934	0.107069910
804	9	9	0.115130462	0.039426688	0.067464493	0.140865192	0.072618872	0.084781133	0.130521014	0.067671902	0.110749565	0.170770660
805	6	6	0.119919255	0.044729203	0.041745014	0.048100032	0.080059893	0.047316398	0.223970637	0.068296626	0.201738298	0.124124609
806	5	5	0.082985170	0.058968887	0.083070271	0.130827814	0.073944882	0.169007465	0.093847618	0.103346922	0.096503496	0.107497491
807	5	5	0.084486201	0.056730345	0.050784562	0.132101938	0.068364568	0.165105969	0.151534468	0.090022445	0.113482088	0.087387405
808	8	8	0.108064428	0.050556310	0.079387113	0.130637348	0.091058403	0.058252785	0.091071256	0.059342045	0.247958243	0.083672091
809	3	3	0.108360864	0.077556297	0.079664454	0.186222300	0.064852700	0.110121131	0.083197646	0.108245224	0.096865036	0.084914312
810	2	2	0.071916185	0.054960564	0.253342509	0.061101489	0.131210029	0.043139670	0.103288189	0.142121837	0.086016685	0.052902862
811	2	2	0.112037748	0.061684132	0.191842929	0.061762117	0.079706445	0.108973429	0.133373871	0.103955477	0.054098699	0.092565149
812	5	5	0.085873477	0.057147022	0.083828449	0.086688899	0.075813271	0.196112767	0.124669112	0.094559543	0.080825105	0.114482239
813	6	6	0.095323592	0.036588654	0.069299258	0.078874022	0.078178495	0.100056104	0.289959133	0.068336017	0.098467588	0.084917165
814	8	6	0.118496269	0.072754659	0.081472836	0.086315431	0.087919831	0.085038625	0.138449147	0.081225812	0.128149211	0.120178200
815	5	6	0.104883760	0.044370677	0.055472881	0.085187368	0.080230199	0.133904874	0.199152306	0.100487277	0.108182289	0.088128433
816	0	0	0.142504618	0.086652182	0.085543945	0.079907574	0.094319306	0.105392233	0.117404990	0.089432538	0.089240275	0.109602362
817	3	3	0.128263250	0.099492140	0.071316645	0.134189129	0.078468800	0.099696234	0.092937119	0.090940796	0.114738040	0.089957774
818	2	2	0.084864862	0.113041461	0.189990535	0.083829418	0.082946599	0.061293509	0.076349191	0.151551381	0.082385391	0.073747680
819	3	3	0.103167072	0.073364474	0.096875228	0.213123456	0.061030049	0.089448862	0.102071419	0.065643214	0.110500351	0.084775887
820	7	1	0.074882053	0.160590187	0.123795100	0.095982783	0.085449047	0.055919226	0.076264836	0.152551740	0.079800628	0.094764367
821	7	7	0.083574630	0.101750031	0.116526254	0.056703962	0.133450449	0.034609109	0.075712584	0.218269780	0.108525999	0.070877165
822	4	4	0.077108800	0.087427780	0.097448066	0.101726010	0.170611948	0.082844913	0.097260483	0.099649288	0.090070695	0.095852010
823	0	0	0.217407942	0.044844929	0.063415885	0.078839049	0.063830435	0.093074538	0.166622475	0.079142757	0.114209063	0.078612961
824	8	8	0.115155697	0.044637002	0.059381373	0.083824106	0.091224834	0.095296666	0.147239417	0.080602504	0.207644552	0.074993834
825	0	0	0.267839015	0.071122780	0.070034400	0.094228536	0.072154939	0.071658418	0.094383411	0.062260620	0.084705912	0.111611933
826	0	0	0.232651711	0.047153119	0.056025416	0.113947734	0.062335383	0.065826654	0.126734376	0.065424554	0.126813889	0.103087127
827	5	5	0.117994308	0.066066653	0.070580035	0.109054156	0.074405968	0.162061691	0.113075070	0.083405219	0.102324687	0.101032197
828	5	3	0.095866971	0.084052473	0.073051453	0.129301623	0.083057098	0.096746556	0.090863168	0.127184942	0.110411547	0.109464183
829	4	9	0.079974324	0.126165807	0.075412720	0.071865484	0.117133938	0.089796856	0.091040656	0.102963045	0.117977299	0.127669856
830	6	6	0.096801348	0.066422500	0.065689459	0.086258829	0.085896835	0.135138348	0.144507021	0.083633684	0.140865922	0.094786033
831	7	1	0.066685170	0.167775080	0.093463309	0.081786387	0.106809221	0.065089576	0.064289980	0.159138173	0.098007448	0.096955620
832	4	4	0.055027191	0.066453643	0.056602001	0.058507178	0.225001872	0.059734277	0.074863844	0.114349157	0.107299365	0.182161450
833	6	6	0.126334727	0.059327498	0.069802262	0.070733421	0.076375358	0.101283617	0.263117194	0.073974788	0.091447577	0.067603506
834	9	9	0.102544867	0.065801576	0.040278047	0.066847287	0.098528333	0.071017869	0.053552818	0.045562465	0.083701506	0.372165203
835	8	8	0.107207820	0.055429682	0.068611011	0.115138583	0.077287056	0.065372944	0.095108412	0.061235450	0.255455375	0.099153645
836	7	7	0.071894556	0.107176475	0.089604795	0.076601334	0.118474789	0.043427899	0.077032521	0.272503555	0.062494308	0.080789752
837	7	7	0.091800988	0.083311431	0.098413453	0.095982194	0.054267760	0.105578251	0.085833006	0.234370455	0.074313223	0.076129183
838	0	0	0.223253772	0.034905225	0.065504193	0.068576999	0.080392599	0.068888873	0.174805045	0.051662680	0.129550070	0.102460541
839	8	8	0.091033325	0.044221234	0.038091004	0.082686849	0.086366713	0.045310549	0.120808095	0.057120517	0.310852438	0.123509303
840	4	9	0.057717018	0.055449020	0.046491984	0.091517530	0.163422972	0.082467966	0.076415345	0.099438913	0.077709921	0.249369249
841	4	4	0.053240273	0.042184480	0.037709665	0.061191056	0.294224024	0.066667154	0.058505267	0.092762694	0.092670992	0.200844437
842	3	3	0.077296004	0.064983346	0.108362697	0.238633886	0.056656532	0.098201372	0.090548597	0.132992029	0.068091594	0.064233929
843	0	0	0.223292902	0.068605602	0.104599915	0.104137897	0.068788581	0.058289573	0.109149270	0.063023135	0.112227574	0.087885588
844	2	2	0.073228486	0.053978879	0.214779481	0.068465851	0.097232774	0.051053777	0.104016140	0.160152018	0.112197518	0.064894982
845	9	9	0.057008401	0.053491704	0.018022718	0.033572689	0.099324018	0.077762440	0.065562867	0.057427216	0.096279927	0.441548020
846	7	7	0.040446337	0.068110682	0.041640349	0.055936862	0.112841532	0.051338166	0.059395481	0.315517336	0.059713550	0.195059761
847	9	9	0.046294618	0.049350571	0.023920173	0.036766279	0.100958012	0.084051952	0.063950136	0.075958833	0.066772245	0.451977193
848	2	2	0.107209660	0.098478258	0.185187593	0.085940562	0.078583397	0.077207714	0.117981419	0.096222237	0.078901298	0.074287951
849	3	3	0.112464860	0.085344806	0.063886330	0.183874443	0.096814476	0.072242811	0.063867763	0.093170740	0.105556071	0.122777656
850	0	0	0.191672847	0.050117560	0.060180821	0.113514721	0.083335154	0.076541126	0.119868681	0.084202893	0.132770464	0.087795787
851	0	0	0.211570397	0.048440490	0.078054264	0.098783053	0.081647947	0.077243961	0.110030852	0.095936678	0.102194853	0.096097492
852	9	9	0.066801779	0.055747069	0.025479486	0.049843792	0.109552100	0.069651768	0.053964373	0.073387906	0.082980454	0.412591279
853	1	1	0.065824553	0.240358308	0.103390582	0.101155482	0.115524814	0.042507935	0.069496371	0.111681238	0.080035128	0.070025466
854	6	6	0.171444416	0.046453316	0.049211930	0.073853768	0.071217775	0.113022536	0.210371524	0.048707608	0.133665845	0.082051247
855	5	5	0.064280726	0.072325893	0.050737884	0.088209875	0.115104891	0.146915212	0.086667776	0.140248477	0.095858596	0.139650643
856	6	6	0.080233052	0.046424169	0.041903675	0.105721779	0.138062984	0.057907648	0.194155842	0.128124908	0.140754461	0.066711463
857	6	0	0.176024288	0.052639216	0.081711955	0.089146875	0.078557402	0.098262019	0.142682046	0.068439394	0.099831842	0.112704985
858	2	2	0.063591465	0.138330936	0.175233930	0.096812926	0.071293235	0.046291944	0.075191908	0.104954615	0.109608151	0.118690856
859	2	2	0.075034387	0.066104241	0.243794963	0.067330927	0.097070538	0.058379699	0.085406996	0.138126254	0.109198540	0.059553485
860	0	0	0.181208521	0.047625978	0.065974362	0.078621835	0.078246750	0.081825964	0.167837858	0.085082389	0.130320504	0.083255827
861	1	1	0.073309004	0.180713832	0.102351747	0.092936717	0.098279677	0.056665987	0.083969273	0.125893429	0.109097540	0.076782785
862	5	9	0.085556768	0.104357377	0.061825767	0.075835347	0.094227046	0.120443814	0.101570472	0.118807115	0.114621155	0.122755066
863	9	9	0.063631751	0.051041551	0.020342356	0.048757002	0.116952173	0.082994513	0.058065515	0.063937970	0.098163359	0.396113783
864	5	6	0.090201974	0.054038446	0.038877025	0.091826275	0.106747948	0.142968222	0.184856787	0.092967726	0.109683968	0.087831669
865	5	5	0.063570105	0.071448989	0.044847626	0.085403644	0.124232851	0.145899624	0.092536032	0.138228327	0.089764558	0.144068256
866	1	1	0.087321065	0.212971225	0.150438666	0.081597775	0.075249664	0.060460057	0.076295249	0.097127393	0.074894257	0.083644710
867	1	1	0.081522420	0.187261015	0.141378343	0.088370174	0.084842041	0.074087061	0.077694066	0.095630169	0.090413243	0.078801401
868	3	0	0.150721714	0.072769761	0.043972492	0.141584232	0.071950227	0.084796764	0.113903724	0.066634580	0.143487498	0.110178985
869	0	0	0.232594654	0.067077905	0.063841194	0.136115924	0.061545122	0.071936332	0.093749300	0.048313055	0.125345618	0.099480808
870	3	0	0.148807958	0.079104714	0.091509849	0.128252104	0.067327850	0.068529263	0.131949842	0.058945648	0.097608000	0.127964750
871	1	1	0.085080922	0.174581334	0.158591837	0.113701537	0.083000831	0.062314734	0.083391495	0.099340722	0.069373921	0.070622668
872	9	9	0.078611776	0.043464638	0.025606791	0.077467978	0.098197654	0.108434387	0.077785462	0.083940722	0.126204982	0.280285597
873	9	9	0.081273191	0.050102573	0.025538797	0.076530062	0.125948325	0.067875728	0.055542082	0.069576055	0.079578474	0.368034691
874	5	5	0.083016314	0.073442765	0.104969256	0.092058159	0.080101125	0.205842748	0.078871049	0.102115080	0.078404166	0.101179317
875	3	6	0.125530884	0.057227969	0.058022968	0.086056553	0.105665028	0.111470878	0.159890056	0.079969198	0.124474026	0.091692485
876	9	9	0.107406870	0.063076429	0.062912315	0.106389433	0.078978702	0.119110756	0.077584900	0.081827089	0.137779415	0.164934069
877	7	7	0.078754276	0.122456029	0.100087933	0.068293035	0.114435725	0.064209580	0.110263027	0.125010803	0.116012014	0.100477532
878	0	0	0.182699323	0.045203976	0.066704832	0.076621547	0.065630227	0.073040687	0.156446710	0.075934231	0.104060836	0.153657615
879	4	4	0.057295743	0.086378597	0.105422132	0.070085071	0.185464814	0.037596952	0.086024933	0.116958953	0.161543146	0.093229577
880	3	8	0.106203645	0.060712602	0.090810403	0.138907373	0.073598057	0.075277239	0.111804508	0.085871920	0.173807517	0.083006769
881	6	6	0.080557033	0.049537294	0.052549534	0.071084008	0.103428222	0.070633091	0.250193328	0.109969184	0.126024514	0.086023800
882	6	6	0.071338564	0.049323227	0.106116161	0.084300578	0.075458489	0.073343977	0.277125478	0.083498128	0.073130324	0.106365092
883	9	9	0.091980703	0.053405989	0.027754303	0.054915380	0.084936917	0.100363024	0.114845052	0.093960948	0.130287051	0.247550577
884	7	7	0.078746051	0.120842651	0.089793324	0.085699640	0.086513631	0.049253274	0.084598944	0.254768968	0.077855214	0.071928248
885	0	0	0.170499280	0.078389317	0.069470055	0.141055584	0.073241413	0.062938854	0.101686269	0.071042232	0.098303400	0.133373573
886	0	0	0.276754379	0.047200784	0.042366285	0.086366549	0.072942778	0.064911991	0.163456112	0.080645725	0.092390053	0.072965272
887	0	0	0.182642415	0.081028976	0.061597910	0.077685371	0.088531800	0.088650815	0.119141929	0.063184686	0.108427666	0.129108429
888	9	9	0.074023105	0.045897778	0.021526461	0.051637031	0.095990740	0.075990520	0.055026151	0.052429028	0.105516061	0.421963155
889	4	9	0.065979436	0.054871898	0.046964914	0.076248258	0.168174803	0.085835025	0.089800037	0.101188190	0.074974328	0.235963076
890	8	8	0.100923419	0.049465213	0.053373136	0.095750570	0.075398378	0.075355515	0.127157211	0.077023089	0.278751403	0.066802062
891	4	4	0.040148564	0.040897649	0.038928676	0.063820995	0.309093475	0.046832584	0.065956242	0.110115349	0.096484013	0.187722445
892	6	6	0.119360700	0.040888816	0.058994971	0.092872731	0.085267738	0.101944067	0.199710771	0.080120258	0.154488966	0.066350959
893	8	8	0.092924736	0.044465993	0.069754146	0.085142471	0.100199133	0.054668952	0.159108683	0.082331479	0.185042337	0.126362026
894	3	8	0.139077097	0.072627723	0.074195296	0.144076824	0.078721441	0.070252798	0.103075705	0.088898562	0.148724169	0.080350414
895	1	1	0.071948923	0.177480608	0.142278969	0.125928178	0.089261852	0.059623521	0.077435575	0.094153352	0.083933271	0.077955775
896	6	6	0.088698514	0.048697125	0.095892191	0.093709670	0.082916155	0.092642397	0.186971053	0.087264515	0.123285212	0.099923186
897	7	7	0.056343250	0.084309414	0.044443116	0.074932359	0.164679930	0.071113244	0.064999327	0.178645998	0.089559130	0.170974195
898	9	9	0.075756416	0.051395264	0.037788667	0.082808286	0.109842673	0.073420182	0.081525624	0.084244266	0.081152216	0.322066426
899	8	8	0.089968786	0.044020016	0.028183410	0.097501189	0.091538414	0.076630719	0.172653511	0.073809169	0.179233372	0.146461383
900	2	2	0.068617932	0.064148292	0.246855557	0.060677905	0.118371367	0.055127848	0.085167602	0.124535121	0.105867743	0.070630670
901	9	9	0.050745975	0.071594447	0.034316346	0.095531069	0.121413581	0.085289866	0.050396394	0.094351538	0.088616192	0.307744592
902	3	6	0.112764224	0.071413286	0.072338343	0.124941193	0.084062681	0.084917083	0.159576222	0.123413421	0.096215449	0.070358120
903	0	0	0.169768289	0.058241837	0.031968586	0.102532394	0.104314186	0.093702652	0.122510478	0.066747464	0.089921974	0.160292208
904	6	6	0.099913105	0.039237857	0.069143832	0.090414636	0.116771199	0.035633381	0.200241268	0.085065164	0.170639321	0.092940211
905	6	6	0.131509453	0.045756623	0.030978147	0.049317639	0.064075045	0.086997248	0.315035462	0.053702526	0.146207362	0.076420516
906	1	1	0.097173743	0.157338545	0.134030804	0.092168294	0.072516784	0.065122172	0.094278656	0.094411172	0.082586855	0.110373020
907	3	3	0.138162553	0.083169997	0.072477221	0.160763815	0.075803198	0.072751731	0.117085524	0.057673905	0.121626139	0.100485899
908	5	7	0.087450795	0.058523461	0.047892664	0.094804227	0.104492150	0.111505680	0.126136303	0.143748686	0.130324885	0.095121138
909	0	0	0.181490391	0.052414291	0.066570424	0.083748773	0.080862954	0.073867343	0.160696492	0.085889742	0.128494859	0.085964717
910	7	7	0.067394741	0.119794048	0.090787433	0.088559166	0.101867408	0.049446013	0.074733138	0.201752856	0.073585078	0.132080078
911	7	7	0.079895541	0.138931498	0.099097215	0.101009794	0.100506306	0.039020251	0.085486934	0.174416482	0.084988683	0.096647300
912	1	1	0.058890972	0.284965217	0.062438272	0.038247649	0.081447676	0.071182840	0.066654578	0.094322644	0.118957669	0.122892506
913	0	0	0.229697153	0.056344192	0.046152186	0.113106586	0.071055457	0.079926677	0.135038227	0.071642064	0.115400434	0.081636988
914	2	2	0.107741140	0.097630098	0.218542412	0.070278041	0.078542441	0.061874725	0.100271180	0.114675544	0.062855162	0.087589234
915	7	1	0.093554527	0.155340701	0.135324880	0.088206522	0.063342869	0.032356225	0.095483452	0.141628772	0.081921197	0.112840839
916	9	9	0.062031500	0.051903591	0.027649043	0.070405260	0.103533253	0.110740267	0.056657895	0.063766964	0.079003870	0.374308348
917	3	3	0.085910194	0.088117681	0.091204442	0.156056598	0.072227426	0.091577441	0.093583524	0.099966779	0.135771379	0.085584573
918	2	2	0.061687887	0.082187518	0.210938066	0.100445591	0.087919690	0.051094461	0.066817783	0.140663579	0.134572938	0.063672572
919	8	8	0.101006895	0.063415676	0.057572998	0.111706495	0.083205819	0.053218868	0.108823687	0.065211691	0.189034447	0.166803405
920	7	7	0.083861068	0.096924581	0.091379397	0.093253791	0.089228645	0.054872621	0.096074387	0.246478915	0.077888414	0.070038162
921	3	6	0.113316566	0.065814219	0.077010639	0.118763909	0.089646757	0.101612277	0.154095978	0.083389990	0.123265088	0.073084600
922	4	4	0.072466843	0.154756248	0.101882599	0.039522927	0.162088081	0.053127863	0.121043548	0.109884739	0.096268885	0.088958293
923	7	7	0.056143131	0.145748183	0.071969911	0.088797159	0.120915867	0.065190516	0.071153678	0.153026596	0.096566074	0.130488873
924	0	0	0.239235654	0.062756538	0.074710332	0.107594430	0.068019547	0.056893375	0.092135824	0.072828203	0.115233891	0.110592261
925	3	8	0.104176842	0.074271642	0.081425935	0.125898078	0.094892479	0.055582345	0.093446158	0.068890922	0.166689783	0.134725794
926	1	1	0.077955276	0.182306781	0.141088128	0.113969222	0.079006210	0.057236593	0.089640610	0.097140387	0.075877868	0.085778877
927	6	6	0.156453207	0.042836063	0.048683517	0.069270231	0.089119792	0.073217735	0.233313695	0.062250745	0.153623521	0.071231544
928	2	8	0.067841418	0.089932993	0.144302666	0.082955308	0.105583146	0.052536696	0.098991618	0.097142860	0.144693300	0.116019957
929	2	2	0.055123545	0.056991655	0.235610306	0.070657082	0.132062703	0.028849274	0.098746896	0.157855839	0.104601331	0.059501439
930	7	7	0.087302059	0.088277504	0.103912078	0.073062263	0.098778181	0.035973005	0.082469143	0.272697985	0.088721246	0.068806492
931	1	1	0.079964191	0.213811070	0.067374334	0.053118192	0.088088997	0.058033645	0.110395648	0.119697444	0.115990698	0.093525849
932	1	1	0.078132279	0.209604502	0.160341516	0.100703970	0.062991537	0.061670087	0.067660145	0.098297350	0.077361889	0.083236709
933	9	9	0.080892012	0.076777838	0.039140921	0.055605207	0.088269822	0.053391010	0.067736447	0.068767771	0.096008785	0.373410136
934	6	6	0.129083782	0.046128105	0.044201467	0.055373624	0.070551962	0.058569599	0.251730651	0.071506642	0.187359557	0.085494570
935	6	6	0.106166832	0.033481341	0.068917170	0.068642043	0.060565822	0.117257185	0.307061613	0.069112927	0.073696166	0.095098853
936	8	8	0.109024413	0.082151532	0.099576004	0.089576058	0.085490003	0.076075748	0.075298741	0.061995670	0.175386429	0.145425409
937	8	8	0.100765094	0.045276169	0.087175228	0.089547388	0.075533077	0.053259872	0.103909239	0.077772051	0.282951802	0.083810039
938	2	2	0.077606350	0.062484127	0.192471594	0.074801862	0.108263530	0.048098247	0.093021937	0.121749148	0.148903638	0.072599582
939	0	0	0.211134955	0.045600157	0.051318418	0.092899352	0.073032483	0.060232535	0.172750577	0.080430746	0.134639278	0.077961423
940	0	0	0.283825666	0.048993833	0.035733100	0.110521153	0.058820732	0.070241347	0.114123404	0.053278491	0.140375078	0.084087268
941	5	5	0.073456138	0.047114618	0.029399918	0.069524512	0.122455515	0.152651742	0.147348911	0.101978928	0.106601141	0.149468571
942	8	8	0.091452368	0.039586812	0.032903794	0.114402488	0.087817088	0.056665633	0.137210757	0.084111147	0.223127216	0.132722676
943	8	8	0.099984169	0.047108136	0.100262508	0.120137833	0.093216576	0.049362369	0.130271256	0.088250697	0.155934051	0.115472361
944	0	0	0.260134190	0.061046299	0.066808365	0.100628473	0.078014821	0.067104772	0.090797335	0.064721867	0.120815657	0.089928173
945	5	6	0.072544150	0.055060547	0.054326393	0.098828331	0.118950762	0.100092269	0.178691640	0.091036841	0.139527544	0.090941571
946	5	6	0.118774861	0.064551137	0.051434960	0.084577478	0.090477899	0.125311539	0.173155621	0.122495383	0.099927470	0.069293633
947	7	7	0.054955773	0.074193247	0.095112339	0.077009834	0.092921063	0.069607705	0.077494740	0.278121889	0.082913443	0.097669967
948	5	8	0.142146453	0.058987819	0.055265661	0.095008872	0.085813545	0.114782341	0.139384419	0.059453886	0.154471233	0.094685756
949	0	0	0.279402435	0.045504659	0.056123033	0.116869800	0.063950092	0.055839065	0.105927460	0.054665968	0.114741281	0.106976166
950	8	8	0.102733202	0.037792657	0.043319620	0.126193583	0.067312293	0.036924787	0.143862531	0.055858791	0.316139370	0.069863155
951	1	1	0.066904090	0.198012069	0.112719618	0.093475088	0.073390491	0.055108186	0.082662836	0.101936698	0.103554599	0.112236254
952	3	3	0.136609912	0.086943880	0.075360671	0.147995770	0.082184859	0.106315427	0.096296765	0.090422295	0.099890240	0.077980168
953	7	7	0.058527086	0.077555299	0.090591647	0.059417844	0.127705052	0.087576494	0.084096029	0.209154576	0.098646849	0.106729157
954	9	9	0.058608487	0.103190534	0.045154415	0.040825617	0.092996970	0.090797298	0.067303002	0.102415845	0.093937084	0.304770738
955	9	9	0.072313130	0.044584107	0.020423576	0.051410872	0.120017938	0.079204500	0.069587156	0.063168906	0.088745922	0.390543908
956	4	4	0.080120854	0.104431115	0.101735719	0.061492052	0.184698582	0.083174713	0.089944690	0.098257028	0.089341454	0.106803685
957	3	6	0.121076956	0.072041452	0.062935151	0.104517683	0.075550511	0.124533765	0.145789444	0.098435186	0.100223653	0.094896205
958	3	3	0.058525082	0.061841100	0.031316645	0.232269183	0.085929073	0.062450789	0.082294025	0.102806881	0.109384291	0.173182935
959	9	9	0.103910618	0.048089091	0.035649646	0.065161623	0.076158680	0.100373112	0.129802421	0.079320893	0.147254467	0.214279413
960	6	6	0.116795309	0.058191262	0.073614791	0.086800262	0.069793835	0.134804904	0.161242798	0.073285624	0.116072394	0.109398827
961	2	2	0.090592742	0.078967132	0.185555249	0.112236716	0.108813092	0.046107035	0.076777309	0.124544121	0.113422804	0.062983818
962	4	4	0.079283461	0.118091233	0.114361398	0.089128762	0.205316305	0.043770529	0.075713359	0.113665245	0.092401333	0.068268500
963	0	0	0.174063951	0.101984814	0.050202314	0.087183550	0.080155335	0.086155131	0.079460174	0.099537879	0.086967915	0.154288977
964	6	6	0.113526687	0.055858299	0.067803644	0.084142148	0.090940736	0.110255808	0.174831390	0.083411008	0.150257900	0.068972394
965	0	0	0.129310817	0.100792885	0.075432777	0.122622043	0.080561057	0.098165661	0.084281020	0.090916112	0.117257282	0.100660324
966	7	7	0.075613484	0.139723718	0.095692277	0.098899595	0.086461328	0.038379259	0.094022349	0.144665867	0.129612535	0.096929573
967	2	2	0.082149968	0.078953944	0.238098443	0.066551037	0.075684324	0.057305727	0.097725771	0.142520338	0.080024965	0.080985516
968	5	5	0.075757265	0.068175763	0.077112474	0.103562459	0.089850456	0.181903124	0.116481476	0.101966009	0.101365291	0.083825737
969	7	7	0.064249240	0.076998204	0.071271129	0.064667210	0.102023378	0.048576389	0.070314437	0.332562536	0.068897448	0.100439996
970	9	9	0.082688920	0.060548540	0.049375195	0.101552151	0.107217796	0.101528563	0.087257072	0.089757927	0.103662841	0.216410950
971	0	6	0.199457452	0.036905095	0.031736348	0.080450438	0.088232815	0.066201016	0.236219928	0.071271062	0.088115640	0.101410180
972	2	2	0.060377996	0.095452480	0.180378661	0.070011191	0.119480371	0.036725394	0.092035234	0.115412973	0.122832380	0.107293263
973	4	9	0.064659216	0.041813772	0.065435074	0.091557853	0.135350004	0.102655925	0.089053750	0.121501595	0.103511140	0.184461609
974	8	8	0.095883876	0.058735609	0.075703122	0.111091062	0.078311905	0.079908676	0.141595408	0.089126907	0.202745616	0.066897862
975	0	0	0.301146924	0.037800357	0.046746369	0.085170820	0.050966658	0.068996146	0.119775534	0.050508674	0.147528529	0.091360018
976	6	6	0.124483369	0.049576156	0.059149247	0.079994515	0.090702347	0.125499338	0.197197214	0.075499296	0.122447133	0.075451471
977	3	8	0.089393176	0.043867126	0.044166196	0.151974961	0.085658103	0.079597056	0.156572476	0.082380734	0.171458021	0.094932154
978	8	8	0.087129034	0.037600551	0.038883377	0.083074875	0.091379724	0.072772063	0.188915521	0.104543276	0.200320572	0.095381066
979	4	4	0.076509543	0.095414661	0.108685642	0.083683759	0.188327447	0.068721600	0.091887310	0.101361297	0.102372505	0.083036214
980	5	5	0.097388290	0.067239970	0.049475737	0.105223745	0.091594607	0.145531386	0.128325105	0.123772912	0.106860824	0.084587373
981	3	6	0.117838189	0.061290175	0.063397802	0.128849298	0.082699053	0.087805204	0.151082277	0.090560913	0.132624686	0.083852358
982	0	6	0.146311015	0.037740353	0.037147675	0.083621077	0.086836629	0.079548687	0.208941281	0.083866559	0.114280470	0.121706150
983	7	7	0.061753120	0.090246662	0.102800936	0.085666314	0.080956399	0.060091365	0.074796773	0.282487452	0.068210013	0.092991017
984	9	9	0.074093781	0.048105299	0.016100757	0.058751736	0.099372849	0.096136861	0.053945877	0.051293660	0.108533934	0.393665195
985	8	8	0.077172369	0.054533947	0.072533816	0.157264799	0.081159346	0.060185201	0.081782982	0.087423079	0.260291249	0.067653179
986	7	9	0.046273261	0.109932974	0.048501123	0.069412485	0.144968301	0.071238860	0.064012960	0.123782843	0.078003123	0.243873939
987	1	1	0.104154497	0.224311262	0.118973419	0.076448008	0.089816295	0.058050927	0.079598226	0.104627475	0.079114616	0.064905345
988	4	4	0.072218172	0.069316104	0.103925876	0.090988345	0.250090629	0.050810825	0.082284696	0.106469199	0.094015703	0.079880469
989	0	0	0.152853712	0.079409935	0.100654155	0.068685241	0.087246202	0.106951818	0.125960007	0.093355611	0.074626885	0.110256426
990	0	0	0.158120781	0.108590737	0.082334518	0.127042800	0.078319453	0.086427443	0.066948093	0.082403384	0.120215110	0.089597665
991	0	0	0.266219318	0.073861837	0.075690411	0.095225617	0.074025944	0.062613688	0.093676388	0.067782231	0.099257126	0.091647476
992	4	4	0.047454607	0.038362518	0.043203026	0.088012241	0.313425422	0.043866001	0.071497329	0.090478837	0.084543288	0.179156676
993	3	0	0.142948568	0.078347325	0.067388542	0.124463499	0.081603132	0.089113273	0.125293970	0.073874302	0.117195465	0.099771917
994	7	7	0.069218613	0.139410719	0.075235471	0.053792950	0.114012718	0.052915022	0.133823246	0.159992263	0.090239592	0.111359343
995	8	8	0.096616924	0.056616306	0.055174399	0.113548949	0.071652338	0.077842012	0.128587693	0.091644339	0.248498335	0.059818748
996	6	6	0.097393252	0.059823580	0.080576718	0.080056079	0.131464615	0.084997505	0.178654686	0.089924671	0.121131763	0.075977102
997	3	3	0.102270886	0.089647651	0.066227145	0.148990855	0.092508405	0.100997701	0.066253297	0.103220254	0.107175402	0.122708395
998	9	9	0.142994091	0.084656216	0.088718899	0.118293233	0.088332452	0.058593646	0.098937921	0.049422741	0.106525019	0.163525730
999	1	1	0.071593046	0.168192208	0.103977166	0.101688549	0.100363128	0.070039317	0.099466816	0.115929455	0.089021556	0.079728834
1000	1	1	0.072399423	0.162933305	0.145703390	0.120916963	0.091460645	0.062677309	0.084773824	0.103665300	0.081151143	0.074318729
1001	7	1	0.086602777	0.167072251	0.099504210	0.101949856	0.088849805	0.032646947	0.083127916	0.148557395	0.103650488	0.088038422
1002	1	1	0.117062710	0.161921278	0.122235268	0.089836165	0.093535475	0.067244291	0.081200302	0.121551827	0.078562424	0.066850312
1003	3	3	0.084970050	0.066873282	0.108172141	0.153648064	0.083163388	0.095799632	0.073772274	0.087901682	0.150037616	0.095661856
1004	5	8	0.081649616	0.051078834	0.059272528	0.099033609	0.086154215	0.087041967	0.160382554	0.096813485	0.182155758	0.096417442
1005	9	9	0.076314978	0.051920567	0.026796570	0.072665267	0.110920958	0.086925544	0.051741559	0.057676401	0.082558081	0.382480115
1006	3	6	0.102699004	0.064360715	0.074421480	0.157589033	0.079150535	0.093877174	0.161454827	0.095244154	0.101708382	0.069494791
1007	8	9	0.083028466	0.051601164	0.073115885	0.112422630	0.095182583	0.074042410	0.097518951	0.108547255	0.151982084	0.152558550
1008	5	5	0.080217220	0.063200943	0.062638953	0.099529982	0.099834673	0.190467626	0.102049984	0.113535888	0.097850621	0.090674125
1009	8	8	0.115885533	0.051130611	0.052757706	0.085336089	0.081793927	0.078936093	0.157880351	0.097166546	0.209697455	0.069415770
1010	5	5	0.082031615	0.076856829	0.083039328	0.093676664	0.090374328	0.194586635	0.069737278	0.119280025	0.098396704	0.092020534
1011	6	6	0.079827346	0.039928321	0.043181453	0.063485526	0.126608685	0.056476466	0.307640195	0.082400121	0.141386986	0.059064906
1012	8	8	0.103169695	0.066419914	0.076473601	0.115939185	0.077986956	0.081806891	0.089051053	0.065816619	0.242023602	0.081312455
1013	9	9	0.088285930	0.054757588	0.020692723	0.062747888	0.102744751	0.097055770	0.063467793	0.059506360	0.127573669	0.323167533
1014	6	6	0.137519673	0.047197409	0.054335438	0.085456491	0.078595482	0.129786059	0.194373980	0.071604140	0.136450663	0.064680718
1015	9	9	0.101364739	0.069269709	0.048517000	0.074066788	0.087662555	0.116354562	0.082122140	0.064897329	0.118489251	0.237255991
1016	2	2	0.093776599	0.097121917	0.178129360	0.077251397	0.088087864	0.067180656	0.095044151	0.145474225	0.074675247	0.083258606
1017	8	8	0.112706929	0.052946158	0.046303201	0.071652159	0.082851261	0.076622434	0.176654354	0.086558200	0.206742138	0.086963162
1018	9	9	0.063449793	0.071927875	0.035751238	0.061318576	0.109244719	0.058588296	0.072865784	0.076849520	0.098346189	0.351657987
1019	4	4	0.040863756	0.034955639	0.042133499	0.048213784	0.352397144	0.049488854	0.063000612	0.088177413	0.091336228	0.189433113
1020	3	3	0.095676683	0.082176559	0.063445956	0.144459218	0.102349676	0.068464935	0.081825927	0.094287395	0.137995556	0.129318103
1021	7	7	0.066385828	0.136693403	0.103421047	0.122133002	0.106905274	0.050968848	0.050006539	0.207037985	0.086044393	0.070403792
1022	2	2	0.080334321	0.066312321	0.205619752	0.092812546	0.066634238	0.056204699	0.081341706	0.118842244	0.126936048	0.104962081
1023	8	8	0.093421578	0.031164533	0.025867205	0.101071231	0.092683643	0.082345918	0.176953077	0.081643358	0.200833082	0.114016429
1024	0	0	0.167686328	0.048065737	0.059660118	0.106101274	0.070798241	0.067132421	0.167530417	0.075527810	0.147961631	0.089536004
1025	3	6	0.100457199	0.045842703	0.053350955	0.145552233	0.095666520	0.083168961	0.160748556	0.130480006	0.115907386	0.068825483
1026	8	8	0.136876121	0.063999727	0.069497325	0.113385245	0.070356376	0.072474122	0.095939316	0.063169166	0.182001874	0.132300720
1027	3	3	0.115199909	0.096269429	0.088881843	0.160074323	0.063333452	0.069536060	0.096530244	0.074493550	0.118199974	0.117481202
1028	2	2	0.092626415	0.070894666	0.224468336	0.079945117	0.067618690	0.064969674	0.107141346	0.104850814	0.083633900	0.103851035
1029	8	8	0.098489329	0.040052164	0.049602706	0.123074897	0.088406079	0.068188384	0.145801172	0.063409694	0.233604118	0.089371540
1030	6	6	0.101075061	0.055745132	0.082297944	0.117182873	0.066796780	0.065999210	0.178967640	0.069449030	0.166828379	0.095657937
1031	9	9	0.081762604	0.082520008	0.057782561	0.073779866	0.090759270	0.058949821	0.069834158	0.088832229	0.125773728	0.270005703
1032	7	7	0.081641763	0.129527196	0.114915133	0.100867361	0.080484629	0.067386940	0.104203358	0.156209677	0.090383671	0.074380361
1033	1	1	0.070914641	0.154270783	0.129907250	0.089764811	0.105053715	0.088327147	0.094733514	0.114130072	0.085292876	0.067605190
1034	8	8	0.118254289	0.056192953	0.047094584	0.083319910	0.114033990	0.088720173	0.157794431	0.073467769	0.181725368	0.079396524
1035	1	1	0.101560280	0.161648661	0.143510520	0.095274076	0.077460259	0.048393391	0.084805250	0.114817940	0.085126199	0.087403454
1036	7	9	0.047380213	0.050800968	0.040230837	0.061555352	0.106619596	0.071610704	0.085081413	0.217653796	0.077412859	0.241654336
1037	6	6	0.145247966	0.038832698	0.048024762	0.074355677	0.066489115	0.065005660	0.291660368	0.058642499	0.135593146	0.076148175
1038	2	2	0.092823334	0.072172523	0.170617148	0.074138947	0.081199110	0.107561648	0.147635579	0.097820349	0.063405715	0.092625812
1039	7	7	0.066782773	0.071772628	0.080308370	0.068000712	0.074470527	0.081951879	0.076712102	0.279365718	0.080069579	0.120565705
1040	4	4	0.058721982	0.055385403	0.056286220	0.066287540	0.251810938	0.070386998	0.082949542	0.109784938	0.081397690	0.166988716
1041	2	2	0.081390359	0.083803698	0.210119948	0.086143754	0.070069544	0.065831460	0.125590906	0.133473292	0.066151582	0.077425465
1042	7	1	0.067511506	0.156000882	0.086876728	0.129180670	0.073533326	0.079036117	0.080286302	0.149599463	0.103309356	0.074665785
1043	4	4	0.080972858	0.114388518	0.089703098	0.057941418	0.191201672	0.063637681	0.095981002	0.097086690	0.102974564	0.106112503
1044	0	0	0.208492190	0.061715323	0.101417556	0.110902034	0.067106046	0.045134339	0.137604862	0.054240592	0.106808089	0.106578961
1045	2	2	0.084273279	0.126880512	0.142940462	0.101994142	0.085821740	0.059866570	0.090756819	0.125333205	0.093423575	0.088709719
1046	2	2	0.088170588	0.090886168	0.168495536	0.064429611	0.083071589	0.095032267	0.104658663	0.129126802	0.087283321	0.088845462
1047	8	8	0.099636383	0.049572349	0.073984541	0.070367530	0.094098203	0.053994901	0.146427467	0.082486063	0.198625222	0.130807370
1048	5	5	0.091241300	0.067434661	0.078242779	0.083763853	0.087771438	0.187101290	0.099789485	0.101341106	0.096913420	0.106400639
1049	8	8	0.120508857	0.038858350	0.055398807	0.103602588	0.082937799	0.079719625	0.173352480	0.067855299	0.198808134	0.078958116
1050	4	4	0.106354430	0.096560299	0.110215254	0.079688743	0.129114553	0.122882567	0.098355569	0.082779273	0.084086835	0.089962408
1051	8	8	0.108126499	0.035486743	0.064364769	0.105296351	0.092373319	0.063956343	0.167515710	0.090847902	0.183474094	0.088558301
1052	2	2	0.108303547	0.089027055	0.185486227	0.062102251	0.092492260	0.060719043	0.109889619	0.107499391	0.092056453	0.092424221
1053	3	3	0.092606254	0.077739626	0.084301062	0.209240079	0.072705120	0.073165573	0.067869656	0.083233237	0.127165511	0.111973956
1054	7	7	0.076389402	0.131980181	0.112326920	0.089906678	0.072105631	0.037037611	0.079408981	0.247131124	0.064180739	0.089532793
1055	4	9	0.055501029	0.085081488	0.047874067	0.065249339	0.188131824	0.065554142	0.079233095	0.104755700	0.079545707	0.229073614
1056	3	3	0.135147437	0.068318680	0.052039102	0.167024806	0.057301290	0.091115005	0.125604108	0.079908036	0.101817004	0.121724479
1057	6	0	0.157213762	0.065213867	0.068909414	0.106281094	0.084384546	0.115632087	0.126163542	0.062338900	0.096646801	0.117216080
1058	5	5	0.120746024	0.059428632	0.057708435	0.102062017	0.077638723	0.136378571	0.131839231	0.103940308	0.102924950	0.107333168
1059	9	9	0.072130673	0.045578375	0.026646271	0.064245105	0.130917594	0.083627440	0.053623181	0.051347386	0.092562065	0.379321903
1060	9	0	0.164809421	0.045856196	0.060833238	0.092485644	0.082700640	0.093099624	0.124771602	0.067925721	0.145366833	0.122151092
1061	9	9	0.076130256	0.035660278	0.022144113	0.083056211	0.097324707	0.083549038	0.101792023	0.067284897	0.101339519	0.331718981
1062	9	9	0.073181726	0.067445025	0.022771761	0.054824837	0.114020891	0.075124562	0.057090633	0.069310144	0.091104962	0.375125587
1063	2	2	0.090796843	0.088246018	0.171871141	0.094320484	0.077748023	0.053807665	0.096562818	0.118063584	0.119078703	0.089504771
1064	3	3	0.075645506	0.060684625	0.118956693	0.170491144	0.071762644	0.093434148	0.125346467	0.110079259	0.084048450	0.089551009
1065	8	8	0.085968040	0.033513859	0.025408799	0.099372961	0.097757787	0.067653157	0.172288239	0.066535898	0.210234582	0.141266719
1066	8	8	0.093735136	0.041086774	0.029118657	0.104230411	0.106217645	0.075748682	0.163917154	0.074012771	0.167648867	0.144283906
1067	4	4	0.045221101	0.041136272	0.041161131	0.059365328	0.313682407	0.058046140	0.058147032	0.089821644	0.084817044	0.208601817
1068	5	6	0.094886243	0.057853352	0.089524090	0.102122322	0.084215984	0.136952803	0.190318376	0.086250067	0.089261867	0.068614960
1069	8	8	0.117722593	0.059907019	0.065050423	0.101365000	0.089554012	0.076654255	0.125005275	0.097158141	0.181395531	0.086187787
1070	2	2	0.083851039	0.076778188	0.192372605	0.088464528	0.127886280	0.066781573	0.074371494	0.118200257	0.106758781	0.064535357
1071	5	5	0.100118980	0.072041646	0.080478750	0.096353032	0.083291695	0.194487467	0.095296256	0.085157499	0.097345538	0.095429100
1072	1	1	0.055487830	0.260127336	0.183704138	0.072430573	0.078210913	0.048775572	0.088900186	0.091409124	0.056887288	0.064067088
1073	5	5	0.081433825	0.076982573	0.060832690	0.087930769	0.057644326	0.221096501	0.103197925	0.109144554	0.093020804	0.108716033
1074	1	1	0.058338195	0.239519328	0.150933087	0.120320387	0.073557064	0.051718526	0.071050018	0.096051537	0.070701703	0.067810170
1075	7	7	0.062723845	0.109985955	0.116405919	0.050306048	0.098872557	0.046427824	0.067251705	0.260854036	0.087535612	0.099636503
1076	8	3	0.119036041	0.074466020	0.066966437	0.153092757	0.081651270	0.085362792	0.100834019	0.075445332	0.131833762	0.111311600
1077	7	1	0.055968020	0.172760203	0.076862492	0.104110271	0.101851448	0.048666120	0.061160568	0.142674863	0.082198560	0.153747544
1078	5	7	0.099594042	0.072645180	0.067539312	0.118762866	0.094975971	0.111849621	0.102894619	0.134037524	0.098608389	0.099092431
1079	6	6	0.129808262	0.064476192	0.072639361	0.078395836	0.086518943	0.094607778	0.186220303	0.078723468	0.140636101	0.067973673
1080	7	7	0.053981390	0.065620229	0.063856021	0.045913965	0.090885147	0.054036308	0.060205147	0.406416327	0.050604731	0.108480647
1081	5	5	0.093967289	0.038386621	0.064332619	0.095376194	0.073277205	0.198859125	0.155749053	0.082463972	0.117617793	0.079970106
1082	1	1	0.099960931	0.171790361	0.101493858	0.093122266	0.117443889	0.057308663	0.068809964	0.132887393	0.088854499	0.068328194
1083	5	5	0.094668120	0.045153085	0.056454953	0.095601454	0.084533818	0.183325514	0.164487273	0.074234121	0.112525567	0.089016058
1084	2	2	0.101347119	0.107909508	0.168235004	0.087784663	0.072199725	0.074703127	0.101447552	0.101658180	0.097783990	0.086931154
1085	3	3	0.125777632	0.081706978	0.089036763	0.162383839	0.063467808	0.094661534	0.099360973	0.079751216	0.102753185	0.101100102
1086	0	0	0.152179137	0.055699591	0.093318611	0.084104411	0.093428351	0.068401434	0.144658700	0.092879176	0.100795768	0.114534788
1087	8	8	0.114401519	0.044537585	0.042996101	0.070952013	0.077520065	0.060683340	0.188217685	0.073103920	0.227371588	0.100216195
1088	0	0	0.234947562	0.036788568	0.060810778	0.108314276	0.082960136	0.052214999	0.154289514	0.052240327	0.127595440	0.089838266
1089	8	8	0.117683887	0.045018084	0.059246276	0.089638919	0.100689173	0.054660901	0.100617833	0.046131119	0.300965518	0.085348226
1090	1	1	0.065549023	0.198171884	0.110456102	0.103115112	0.105241098	0.040928107	0.071951300	0.159086540	0.080124669	0.065376140
1091	8	8	0.102326088	0.059369795	0.061620902	0.110329472	0.073054045	0.077333145	0.140731469	0.108306594	0.203367546	0.063560948
1092	9	9	0.047480516	0.049817156	0.033504188	0.043895930	0.103667974	0.072571278	0.061983082	0.096062645	0.073670678	0.417346507
1093	2	2	0.089756995	0.072009861	0.229937539	0.081488028	0.054514118	0.060713857	0.119355179	0.098417133	0.089839377	0.103967890
1094	9	9	0.086255237	0.028580103	0.022919226	0.065634750	0.139572337	0.083392397	0.082189217	0.072299495	0.106005006	0.313152194
1095	2	2	0.085429505	0.068331897	0.212862417	0.096423589	0.051839642	0.056571558	0.114908025	0.120933883	0.084380031	0.108319402
1096	0	0	0.210420132	0.047014229	0.051075295	0.073816411	0.085753068	0.090737157	0.176416352	0.077512071	0.111891724	0.075363591
1097	4	4	0.086557157	0.114637017	0.086872481	0.080062225	0.178737104	0.074150994	0.101529062	0.099659525	0.098353490	0.079440869
1098	5	6	0.110618956	0.073833749	0.067590915	0.089449786	0.087945029	0.146228716	0.148899481	0.072577521	0.085960284	0.116895616
1099	1	1	0.069551855	0.225288883	0.124898389	0.083459482	0.079081811	0.072049953	0.067391336	0.115696654	0.085175179	0.077406392
1100	9	9	0.106648423	0.037354618	0.053895775	0.132835194	0.075478308	0.084304541	0.114333488	0.070627652	0.129892945	0.194629073
1101	8	9	0.089753203	0.082422942	0.076880515	0.104329653	0.089878976	0.083710641	0.080077335	0.101757728	0.135889858	0.155299142
1102	1	9	0.053878669	0.138223380	0.066207245	0.083843179	0.125986189	0.073268987	0.072761908	0.111736782	0.086343847	0.187749863
1103	3	3	0.125548214	0.087814979	0.080806963	0.142951623	0.083730511	0.068927772	0.113320686	0.062677026	0.108793519	0.125428647
1104	4	9	0.060741000	0.077283382	0.043568131	0.061512571	0.196724892	0.052759759	0.094256558	0.094320267	0.100479014	0.218354478
1105	4	6	0.093661748	0.103622437	0.094982207	0.081220023	0.118045487	0.099792860	0.119227327	0.086329378	0.117419206	0.085699327
1106	4	1	0.067510322	0.152851462	0.069895037	0.052011002	0.114319637	0.102589935	0.105632976	0.099325716	0.089956976	0.145906910
1107	6	6	0.091362886	0.040849954	0.094565473	0.074238196	0.069332190	0.104099371	0.265892178	0.084097579	0.053047899	0.122514226
1108	4	4	0.065879971	0.092588887	0.105176657	0.102505229	0.193474844	0.047846783	0.071610086	0.108490579	0.137531713	0.074895233
1109	1	9	0.059029430	0.113114044	0.045121130	0.100190312	0.150088787	0.074772589	0.062269207	0.124447934	0.074443832	0.196522638
1110	0	9	0.154489294	0.071489565	0.033730764	0.088788398	0.110270292	0.086037233	0.104267374	0.085136056	0.103158966	0.162632033
1111	4	4	0.063506566	0.074724928	0.083872601	0.089447416	0.210734457	0.055251185	0.099721327	0.089965835	0.123169571	0.109606095
1112	5	7	0.085806981	0.082025230	0.082699142	0.106791019	0.080942675	0.121615969	0.108141944	0.139177427	0.095305696	0.097493961
1113	6	6	0.109242313	0.077650972	0.064923301	0.080450751	0.073134273	0.091933988	0.168714836	0.090198360	0.161059722	0.082691431
1114	6	8	0.141150266	0.064439550	0.062011160	0.094453171	0.074602216	0.108092502	0.136300638	0.073630810	0.158061936	0.087257758
1115	4	4	0.076193810	0.092781216	0.073375992	0.061440516	0.250117719	0.048157837	0.093112476	0.107243828	0.095743112	0.101833485
1116	7	7	0.060790334	0.087187216	0.064893275	0.072902255	0.112999253	0.058780380	0.064330630	0.290349305	0.066639215	0.121128127
1117	6	6	0.125379801	0.045642443	0.044020332	0.097667359	0.067819327	0.084139772	0.260305971	0.068662114	0.134308696	0.072054155
1118	7	7	0.080288067	0.123459652	0.114275344	0.077659763	0.101707339	0.039643053	0.097375952	0.181657284	0.083153367	0.100780286
1119	5	5	0.079996116	0.058488078	0.083747357	0.086311735	0.055860084	0.203872338	0.129852340	0.084626064	0.078227431	0.139018416
1120	9	9	0.077479273	0.047089666	0.024112660	0.065073602	0.109995313	0.063329980	0.055796694	0.069122255	0.098340414	0.389660180
1121	2	2	0.104731947	0.079768963	0.186750308	0.068184488	0.079288952	0.073900379	0.117353767	0.143024668	0.068039186	0.078957319
1122	5	6	0.093533918	0.044668797	0.047838125	0.080550350	0.073883429	0.156483769	0.228149280	0.093324251	0.104795560	0.076772533
1123	6	6	0.120587260	0.041433394	0.045412600	0.116590358	0.068854168	0.063634686	0.210703060	0.087427117	0.148344278	0.097013012
1124	0	0	0.253341287	0.054807056	0.061518781	0.116068587	0.060130104	0.062236171	0.127560243	0.071676739	0.101760790	0.090900235
1125	0	0	0.223969609	0.060679577	0.064182580	0.098322541	0.083316579	0.057478670	0.140893608	0.082087941	0.107498206	0.081570722
1126	1	1	0.114735454	0.158539832	0.146104515	0.081899464	0.089581899	0.057949360	0.087616727	0.125704318	0.068081819	0.069786578
1127	2	2	0.074324928	0.120740354	0.131678730	0.104698561	0.091057926	0.069220044	0.094615154	0.101274967	0.095085099	0.117304184
1128	8	8	0.104060918	0.062784396	0.087023616	0.091877855	0.091576234	0.053841550	0.109625824	0.058126748	0.257173002	0.083909817
1129	5	5	0.105793439	0.059055641	0.054200727	0.090382516	0.083261706	0.164150327	0.124566436	0.098504782	0.101745591	0.118338853
1130	8	8	0.111715756	0.044871442	0.054993954	0.086745799	0.089729555	0.054305904	0.129397869	0.088887669	0.228697106	0.110655010
1131	3	8	0.131921977	0.068736166	0.072650395	0.122872338	0.105841108	0.081680976	0.099434979	0.074979469	0.143060803	0.098821834
1132	0	0	0.216604099	0.051070195	0.051158886	0.069303706	0.085315660	0.105200663	0.158631876	0.073410235	0.113964193	0.075340398
1133	4	4	0.054587424	0.046530452	0.043662604	0.072241969	0.235773712	0.068975739	0.094255649	0.090504475	0.096464776	0.197003275
1134	9	9	0.068716921	0.110318735	0.045734674	0.043021258	0.099180773	0.085947111	0.091455765	0.101406641	0.126441583	0.227776513
1135	0	0	0.225166216	0.067974195	0.044565029	0.076992273	0.073414534	0.086313337	0.146543950	0.049693741	0.110368937	0.118967742
1136	2	2	0.085516527	0.084748536	0.203667045	0.060231548	0.106708609	0.071320012	0.090757899	0.125173882	0.108483113	0.063392803
1137	3	9	0.088231444	0.072553076	0.069345862	0.179775834	0.069929823	0.054889254	0.068524241	0.068452619	0.136423096	0.191874817
1138	6	6	0.117021330	0.043187890	0.048674371	0.178004339	0.052224714	0.052312400	0.220215768	0.068808801	0.137764528	0.081785955
1139	0	0	0.147714719	0.085615739	0.101591438	0.120147720	0.073417254	0.083271183	0.096588612	0.116727598	0.088222332	0.086703368
1140	7	7	0.051678747	0.077155203	0.063848116	0.054769140	0.105755545	0.042650975	0.061024692	0.363641500	0.069882907	0.109593153
1141	3	6	0.103363633	0.054209527	0.058822215	0.101737007	0.106085032	0.104378290	0.200203076	0.078202263	0.113269694	0.079729304
1142	1	1	0.097968496	0.189774975	0.139331639	0.100760527	0.069903962	0.069744818	0.077658601	0.107552230	0.075733319	0.071571365
1143	5	5	0.083725609	0.051815439	0.060253236	0.100506321	0.086093754	0.212888300	0.114248611	0.101962060	0.106072538	0.082434095
1144	0	0	0.309970677	0.038555987	0.035272244	0.105199598	0.056358166	0.081918567	0.112419955	0.051321670	0.106343143	0.102639988
1145	6	6	0.150268212	0.046449758	0.059887625	0.094855197	0.113345899	0.065065540	0.180026725	0.058313951	0.165094540	0.066692621
1146	3	3	0.098480210	0.064565629	0.080893502	0.189234301	0.065922156	0.087104008	0.120717406	0.092462227	0.120770477	0.079850107
1147	0	6	0.150412261	0.048332911	0.075576693	0.074484743	0.086930051	0.076265551	0.165966779	0.076806255	0.103244133	0.141980648
1148	0	0	0.250866860	0.058087844	0.043611415	0.085250370	0.060831554	0.074748725	0.140541077	0.053107332	0.118549161	0.114405625
1149	9	8	0.111736894	0.061134681	0.073026098	0.096495479	0.063402772	0.112161987	0.090043768	0.073148668	0.168716714	0.150133014
1150	8	8	0.114788897	0.058560278	0.061291333	0.142828479	0.093950555	0.068007797	0.103535749	0.064084172	0.203978151	0.088974610
1151	6	6	0.141507208	0.056931015	0.073512949	0.083364919	0.074707381	0.116203353	0.190410540	0.084105365	0.115998127	0.063259222
1152	4	2	0.081066132	0.070068710	0.135533586	0.085563727	0.125730693	0.057942480	0.116623975	0.101142406	0.125726506	0.100601815
1153	8	9	0.083008915	0.093950361	0.078649849	0.104113378	0.092768721	0.074514918	0.078456350	0.094820708	0.142627522	0.157089278
1154	1	1	0.087716013	0.203784660	0.142767221	0.105142757	0.081026912	0.065834530	0.080530845	0.103097238	0.056825709	0.073274136
1155	6	6	0.085661188	0.039509363	0.037208911	0.085423313	0.127094418	0.060514279	0.265231401	0.100715436	0.140354678	0.058287047
1156	0	6	0.122607052	0.078714721	0.093342274	0.100994810	0.082482018	0.101799853	0.138195246	0.089725904	0.101137325	0.091000780
1157	7	7	0.043797076	0.063196689	0.074039817	0.067134365	0.084253877	0.107402928	0.081453495	0.290815264	0.072878383	0.115028016
1158	4	4	0.071703538	0.076606579	0.114101671	0.090071753	0.225229502	0.049308538	0.086342804	0.095841490	0.101687334	0.089106753
1159	2	2	0.087713972	0.101999983	0.160407364	0.090645716	0.066716880	0.054323595	0.079538740	0.094576076	0.154431373	0.109646246
1160	6	6	0.138807014	0.047979273	0.065041102	0.072712928	0.072031260	0.106892750	0.232697830	0.066204362	0.129055947	0.068577580
1161	8	3	0.129945472	0.071485169	0.069585480	0.158982605	0.084406815	0.083466567	0.092829496	0.069943115	0.149010539	0.090344682
1162	6	6	0.112498857	0.077154376	0.095404841	0.101593748	0.082136638	0.093546838	0.191014171	0.084499769	0.074420132	0.087730534
1163	5	5	0.083494827	0.079876624	0.074302495	0.109198600	0.083559506	0.174902663	0.088087171	0.128030524	0.083386697	0.095160946
1164	5	5	0.097939260	0.042868894	0.062420361	0.072064713	0.070596829	0.214895055	0.161921114	0.079759859	0.091373138	0.106160782
1165	7	7	0.060270339	0.070878305	0.102582864	0.074300565	0.075556509	0.076682739	0.077391043	0.276800007	0.081187800	0.104349881
1166	8	9	0.090924442	0.073250383	0.070667699	0.105882637	0.092075691	0.088404439	0.087209150	0.090724558	0.148198739	0.152662233
1167	5	5	0.088934205	0.072847836	0.103246421	0.081244394	0.087627269	0.175379038	0.118811116	0.091202751	0.079170488	0.101536430
1168	8	8	0.106959455	0.073995158	0.084932625	0.121942125	0.070507392	0.057009768	0.097015038	0.056061875	0.183462158	0.148114398
1169	8	8	0.118043490	0.081872508	0.082462743	0.089887604	0.073426008	0.061908290	0.106616661	0.059127066	0.186752900	0.139902756
1170	4	4	0.088328630	0.084886819	0.110656343	0.094273508	0.142643392	0.085552141	0.114570588	0.102732651	0.089374170	0.086981744
1171	8	8	0.123734973	0.054238025	0.058667310	0.086547337	0.074713126	0.063280791	0.163602874	0.085409015	0.199085996	0.090720586
1172	3	3	0.143719167	0.075783119	0.062027708	0.172452033	0.054887235	0.094100863	0.104174711	0.091537386	0.107074469	0.094243288
1173	3	3	0.139998853	0.076070644	0.067432106	0.166269273	0.069515891	0.099551931	0.089694589	0.069425762	0.124262266	0.097778663
1174	5	6	0.100729719	0.055247109	0.046054412	0.092132337	0.086529925	0.141251102	0.169169992	0.114121228	0.105219305	0.089544892
1175	0	0	0.227214441	0.060672048	0.062390171	0.091712430	0.068335786	0.072679132	0.129527301	0.078795582	0.113138527	0.095534541
1176	7	7	0.056926928	0.065103866	0.087462120	0.074749634	0.079419382	0.050337315	0.068183608	0.386342347	0.060787331	0.070687510
1177	7	7	0.074485667	0.097782366	0.103163406	0.073213898	0.107897133	0.037246700	0.083738089	0.257231236	0.083732367	0.081509106
1178	5	5	0.092572205	0.058795694	0.069849417	0.100833468	0.067571752	0.218930140	0.087029494	0.115710527	0.094671912	0.094035469
1179	6	6	0.095652610	0.048222192	0.080041714	0.066626094	0.112685502	0.068009168	0.250517815	0.063978195	0.109890625	0.104376048
1180	4	4	0.063596696	0.065572791	0.061885908	0.063593268	0.205254331	0.095782652	0.100662716	0.092444256	0.084160492	0.167046934
1181	8	8	0.093291774	0.055163216	0.058836740	0.100567400	0.070712432	0.080552109	0.141425103	0.091462262	0.212629929	0.095358945
1182	9	8	0.119981259	0.044285763	0.063935608	0.115519464	0.104629427	0.088439859	0.111399114	0.063105568	0.144824371	0.143879592
1183	9	9	0.104273692	0.079667687	0.050453253	0.082632199	0.084129862	0.110683501	0.095397651	0.067331240	0.154249206	0.171181634
1184	0	6	0.176608950	0.037461292	0.028870745	0.065300725	0.101070255	0.086476520	0.176727116	0.071785711	0.109267004	0.146431729
1185	3	3	0.120947808	0.086122110	0.078077614	0.156104028	0.081500836	0.083639152	0.089494660	0.092323124	0.121572457	0.090218179
1186	5	0	0.137654766	0.086336359	0.065242432	0.068235628	0.080394030	0.127311110	0.123941906	0.108905502	0.110532798	0.091445506
1187	3	3	0.109491296	0.088432662	0.081928276	0.185055286	0.058128845	0.082359686	0.090274818	0.085308328	0.125898555	0.093122303
1188	5	5	0.076911651	0.056444943	0.030919801	0.085315421	0.122159399	0.178284869	0.086292282	0.117404357	0.096680626	0.149586618
1189	4	4	0.058007214	0.066251621	0.071251623	0.076008745	0.214780167	0.067823902	0.116817847	0.106893942	0.084227182	0.137937725
1190	1	1	0.092276573	0.189564750	0.163771763	0.108618461	0.073786989	0.064684786	0.080276489	0.084670104	0.072093286	0.070256755
1191	4	4	0.055918716	0.038622804	0.048164073	0.068042144	0.314774871	0.054136340	0.090468332	0.098512381	0.090912640	0.140447736
1192	2	7	0.058247283	0.081599578	0.135812074	0.087161370	0.096429810	0.060938261	0.093605161	0.185183585	0.063586928	0.137435958
1193	0	0	0.201049656	0.044204280	0.064586893	0.104953855	0.071182609	0.061463967	0.135092944	0.080815509	0.126263767	0.110386454
1194	9	9	0.059599984	0.070293464	0.024587987	0.049966954	0.116414033	0.068539776	0.060120296	0.071073152	0.085664764	0.393739611
1195	3	6	0.117093667	0.060365565	0.076573752	0.126748785	0.099815793	0.082546189	0.165315419	0.077931724	0.116493739	0.077115327
1196	6	6	0.089710012	0.046322528	0.081194647	0.137345657	0.106671952	0.035261147	0.173779786	0.085376948	0.147898450	0.096438892
1197	6	6	0.135511547	0.063405685	0.078452744	0.072918572	0.085129619	0.088032000	0.248193279	0.078841291	0.088274732	0.061240543
1198	2	2	0.101687163	0.103798307	0.157743245	0.082122564	0.079979062	0.100468971	0.112551935	0.092083707	0.080644473	0.088920571
1199	6	6	0.105341010	0.042864587	0.043326277	0.075760707	0.106690228	0.066751756	0.351784348	0.071314044	0.083445124	0.052721985
1200	4	4	0.102883376	0.103864588	0.114597194	0.062368128	0.155457258	0.056805484	0.117016993	0.094853960	0.109977596	0.082175441
1201	0	0	0.300878912	0.040412102	0.035292216	0.096623257	0.065422386	0.065798454	0.126469046	0.053486075	0.135901168	0.079716444
1202	9	6	0.122201994	0.041237231	0.059469953	0.105064116	0.096212089	0.105488554	0.137449697	0.088389620	0.121286660	0.123200141
1203	0	0	0.276263237	0.081008248	0.073131517	0.086454183	0.067365669	0.071278751	0.084384583	0.056413408	0.096336551	0.107363872
1204	2	2	0.086388804	0.059574276	0.196509108	0.075767629	0.084416755	0.097530000	0.144362748	0.110292837	0.059551418	0.085606448
1205	9	9	0.056704238	0.055532336	0.037415888	0.055146258	0.107696429	0.118300319	0.073689647	0.081479505	0.079187736	0.334847659
1206	1	1	0.080840185	0.246141225	0.125730947	0.072915100	0.074910350	0.056104366	0.094016097	0.090396479	0.065748565	0.093196683
1207	7	7	0.060522255	0.060914781	0.079218470	0.072410963	0.102093741	0.037717186	0.064487316	0.358096689	0.075331077	0.089207590
1208	0	0	0.227764413	0.051552925	0.041320551	0.069273271	0.069632098	0.087078303	0.160716474	0.068270333	0.116516583	0.107875034
1209	1	1	0.093147367	0.183754385	0.110819861	0.108915441	0.093208194	0.063455909	0.078575008	0.098213330	0.084800743	0.085109830
1210	8	8	0.088735446	0.050077409	0.046044245	0.111299440	0.090714574	0.107310012	0.124658629	0.074565828	0.206571251	0.100023136
1211	2	2	0.064615384	0.091487125	0.153899625	0.083842359	0.132642508	0.035484262	0.097715154	0.136360303	0.126311854	0.077641435
1212	5	5	0.093879782	0.072813399	0.060779352	0.079733759	0.100681588	0.166979700	0.094360508	0.099077865	0.124786645	0.106907383
1213	0	0	0.174028799	0.067014284	0.086270586	0.129447818	0.068907365	0.062968180	0.123675443	0.102789097	0.097289965	0.087608404
1214	7	7	0.073353611	0.131751373	0.111787081	0.103335567	0.095867649	0.036913965	0.077560134	0.170860156	0.104809016	0.093761422
1215	8	8	0.123391896	0.077194132	0.087665834	0.124014296	0.092473850	0.081686318	0.089043014	0.065300152	0.145818472	0.113412082
1216	8	8	0.102971315	0.048699085	0.049300060	0.086581416	0.090482235	0.083526462	0.155332103	0.076747447	0.214595973	0.091763861
1217	6	6	0.135005370	0.050612625	0.050385334	0.084939286	0.065543145	0.050308619	0.205566272	0.080385469	0.181172907	0.096080936
1218	1	1	0.067607395	0.242355525	0.087191820	0.065184221	0.108105779	0.056962296	0.083470836	0.123810641	0.080878377	0.084433101
1219	8	8	0.103597060	0.021995971	0.023466375	0.106623590	0.097934842	0.052611619	0.143677860	0.055231389	0.266841173	0.128020182
1220	4	4	0.072411083	0.066916481	0.115845829	0.093743630	0.200070173	0.055411331	0.066206843	0.103904679	0.136766538	0.088723429
1221	3	3	0.109538943	0.086148664	0.068542637	0.148663044	0.090091959	0.071195021	0.105128050	0.089518167	0.141088307	0.090085261
1222	8	8	0.135908917	0.053175904	0.056849431	0.098726235	0.061913908	0.051879965	0.129791796	0.073007740	0.209851876	0.128894284
1223	9	9	0.094074540	0.057348620	0.044258080	0.057561178	0.099105865	0.079448111	0.099947914	0.075917713	0.083717071	0.308620930
1224	6	6	0.106502742	0.050920106	0.054579809	0.066865399	0.094231881	0.095465258	0.251401842	0.066364497	0.116886646	0.096781842
1225	4	9	0.055465195	0.061566804	0.042978246	0.066439860	0.188877255	0.066479795	0.086564116	0.098743327	0.089722551	0.243162885
1226	9	9	0.093202993	0.051481016	0.051597945	0.066159777	0.090981543	0.121444598	0.124344207	0.101958930	0.067123085	0.231705993
1227	9	9	0.058171649	0.048601411	0.031991709	0.064496666	0.120785713	0.105239533	0.074267186	0.077903822	0.077682927	0.340859413
1228	8	8	0.099221095	0.070539415	0.063192517	0.074909829	0.066334255	0.065668382	0.140566155	0.086199902	0.204699814	0.128668651
1229	9	9	0.113209978	0.070811763	0.093381628	0.067957871	0.089602582	0.107338011	0.117269777	0.106747895	0.077368177	0.156312227
1230	0	0	0.163657948	0.069268636	0.082033433	0.101533636	0.075315394	0.065986723	0.120842561	0.102014355	0.103294939	0.116052374
1231	0	0	0.331121564	0.048458319	0.049650446	0.087835386	0.070277564	0.070915356	0.099239677	0.076577164	0.097207867	0.068716638
1232	0	0	0.177749902	0.051360186	0.062296152	0.085997045	0.087920025	0.080796622	0.162100583	0.085480683	0.116865277	0.089433588
1233	8	8	0.097042859	0.058539934	0.058269873	0.107054807	0.066913098	0.088058494	0.110626690	0.078513101	0.282855839	0.052125245
1234	9	9	0.098099709	0.069045007	0.055326372	0.136573583	0.092438042	0.079741977	0.060253408	0.053252514	0.109564595	0.245704755
1235	9	9	0.104190581	0.036795147	0.033467136	0.086191788	0.093747452	0.112375244	0.109605104	0.085157529	0.147655934	0.190814093
1236	5	6	0.097969986	0.073645934	0.045657210	0.071271032	0.127713680	0.133974314	0.148314297	0.103003681	0.110426508	0.088023283
1237	3	3	0.139199257	0.087207831	0.099358097	0.149896398	0.076592155	0.065099232	0.085422650	0.062771231	0.116266944	0.118186176
1238	8	8	0.093512990	0.059556585	0.066650875	0.132041961	0.090939038	0.059482239	0.100894824	0.087856308	0.202684611	0.106380664
1239	1	1	0.101588137	0.152197033	0.136862412	0.089174941	0.098271251	0.079228230	0.079707563	0.109017007	0.074691519	0.079261810
1240	9	9	0.069911353	0.047514725	0.051487435	0.092391521	0.107874691	0.067278504	0.097461000	0.094488315	0.080076292	0.291516185
1241	9	1	0.093535170	0.154487520	0.099984050	0.039755702	0.086237162	0.093569003	0.100998543	0.096692413	0.102392770	0.132347599
1242	0	0	0.160466239	0.084244251	0.090038262	0.124013305	0.082787387	0.083307512	0.092611931	0.092812613	0.094582021	0.095136449
1243	6	6	0.121129848	0.062972948	0.080956534	0.083233908	0.089078709	0.087377630	0.227455765	0.097103193	0.070863612	0.079827830
1244	1	1	0.072188862	0.214724988	0.168061912	0.077352054	0.092248566	0.055521734	0.093862005	0.091177009	0.063901477	0.070961364
1245	9	9	0.079443775	0.075208627	0.072778739	0.058147416	0.084040634	0.097089529	0.131727085	0.097223148	0.087037005	0.217304051
1246	3	0	0.159998298	0.069423325	0.050953198	0.150069177	0.062167615	0.115685441	0.095793746	0.095410198	0.104509912	0.095989019
1247	9	8	0.110668592	0.056821372	0.046707124	0.073390260	0.082443245	0.120871507	0.118593961	0.086652070	0.152188212	0.151663631
1248	5	5	0.070681944	0.048919257	0.037280615	0.084282756	0.118063413	0.154784933	0.121452205	0.110061303	0.118916333	0.135557234
1249	7	7	0.068909518	0.128360346	0.106353700	0.063963808	0.106958017	0.086002797	0.075253233	0.157616138	0.105031505	0.101550959
1250	3	7	0.103164233	0.070353299	0.099183790	0.117678158	0.077569976	0.095235415	0.124342240	0.133898959	0.104378290	0.074195623
1251	0	0	0.228179216	0.054381229	0.064048909	0.122633599	0.065874413	0.075304359	0.091633856	0.060513791	0.143930897	0.093499839
1252	9	9	0.123323552	0.066544384	0.084019877	0.125910118	0.084097229	0.071595751	0.084571034	0.050763361	0.105002865	0.204171866
1253	9	9	0.063765772	0.060709681	0.020568419	0.046919234	0.112947904	0.075337350	0.064077489	0.061326705	0.096275911	0.398071557
1254	6	6	0.151270539	0.050409079	0.057661325	0.115686238	0.065857522	0.108254559	0.161334023	0.063244507	0.132856891	0.093425319
1255	6	6	0.081155583	0.040955707	0.054008953	0.070286922	0.101229988	0.080856130	0.308099359	0.102314532	0.093963154	0.067129649
1256	3	7	0.106878117	0.045313645	0.041147336	0.103029557	0.091796555	0.116106108	0.135460109	0.144106790	0.113932610	0.102229171
1257	3	3	0.089842506	0.058755513	0.114196047	0.153160080	0.058960997	0.108740941	0.107239276	0.148096010	0.086569451	0.074439190
1258	1	2	0.091490895	0.134207010	0.136605412	0.109685913	0.081017904	0.070904627	0.092479646	0.106904581	0.095860325	0.080843702
1259	3	8	0.112745881	0.047187310	0.053055108	0.136518657	0.079933099	0.079972602	0.142278746	0.083240941	0.202280030	0.062787645
1260	8	8	0.100536041	0.052987237	0.055485640	0.100484788	0.099077828	0.092754886	0.152268797	0.074081466	0.172906592	0.099416718
1261	0	0	0.211692348	0.063731171	0.080096871	0.084281936	0.081429489	0.083063081	0.122099236	0.057210252	0.117453679	0.098941982
1262	1	1	0.068367504	0.253089339	0.066033415	0.047104213	0.086467035	0.066384375	0.080542676	0.099889927	0.110393979	0.121727601
1263	3	0	0.144337982	0.081884399	0.076923713	0.137092113	0.062528171	0.102606028	0.093701027	0.116146490	0.100840442	0.083939612
1264	0	0	0.295148402	0.068458170	0.061957393	0.087318212	0.077313267	0.070668921	0.094164662	0.057370182	0.099644572	0.087956227
1265	8	8	0.095763244	0.063153118	0.067017995	0.126894534	0.064763814	0.056841452	0.154692203	0.095872290	0.158110902	0.116890468
1266	0	0	0.184653550	0.072319902	0.112297259	0.127458915	0.067058608	0.044021476	0.112752855	0.075187080	0.110322677	0.093927577
1267	2	2	0.084947847	0.088458985	0.192026168	0.100981027	0.081791312	0.061463721	0.091564804	0.154188514	0.062142193	0.082435355
1268	3	0	0.188658565	0.081115350	0.071301848	0.109136954	0.062214475	0.088422917	0.117084868	0.077590756	0.115524709	0.088949487
1269	5	5	0.074788451	0.069738932	0.076139644	0.102685794	0.069329262	0.198360175	0.098739468	0.122937374	0.078714527	0.108566351
1270	1	9	0.052475512	0.136774734	0.056064826	0.076457202	0.116448812	0.070217699	0.067089751	0.121206433	0.070542298	0.232722700
1271	3	6	0.116831072	0.054982115	0.064868130	0.107824579	0.094780535	0.087562196	0.191053033	0.107942224	0.109473474	0.064682610
1272	1	1	0.077981479	0.174928322	0.141900122	0.107127540	0.073526539	0.064643189	0.073396765	0.105721720	0.087826967	0.092947334
1273	9	0	0.160247862	0.039493423	0.056121215	0.088326961	0.077336110	0.088550776	0.151208192	0.081869371	0.119765051	0.137081116
1274	2	2	0.090825841	0.128437430	0.153750271	0.081939563	0.087021165	0.054581508	0.110610969	0.125039026	0.079235904	0.088558383
1275	5	6	0.067427233	0.045289662	0.038549084	0.069790252	0.145810694	0.132183194	0.162276208	0.094169922	0.131633654	0.112870127
1276	4	9	0.066836596	0.042118702	0.046319764	0.081391118	0.197186336	0.079206079	0.070705071	0.097839020	0.084585585	0.233811751
1277	4	4	0.071786270	0.090225168	0.107724935	0.115205795	0.208157688	0.076324083	0.070318781	0.092196837	0.090095006	0.077965409
1278	8	6	0.109150350	0.064375788	0.070451185	0.097031489	0.089964956	0.077289313	0.163719684	0.080373429	0.119531862	0.128111884
1279	1	1	0.108828150	0.147820503	0.140469998	0.110237136	0.075997539	0.056454219	0.082134031	0.121152855	0.082633980	0.074271575
1280	7	7	0.056457628	0.070450038	0.105342627	0.061091308	0.088635668	0.085581265	0.073756441	0.232952312	0.062563285	0.163169444
1281	2	7	0.083869360	0.098617271	0.155135795	0.085823610	0.079321213	0.065243222	0.097115293	0.161772162	0.101286270	0.071815863
1282	1	1	0.081594199	0.193898648	0.127642468	0.119917959	0.069415376	0.071344629	0.089700200	0.089244850	0.072802745	0.084438965
1283	0	0	0.194774419	0.034593090	0.067885496	0.083551049	0.072821684	0.055586711	0.161514491	0.051797889	0.174776256	0.102698922
1284	0	0	0.214269891	0.065215550	0.097372927	0.097953528	0.082662717	0.050249469	0.117062382	0.057061896	0.124423802	0.093727887
1285	9	9	0.101417407	0.055462558	0.069351278	0.075137004	0.092380345	0.108111806	0.127952084	0.112290122	0.066160090	0.191737384
1286	5	5	0.079156861	0.085949950	0.049982090	0.074704096	0.113502465	0.166463986	0.087034374	0.114859246	0.100650862	0.127696097
1287	1	1	0.093692057	0.217681929	0.118578106	0.101284981	0.084940776	0.048861481	0.058831193	0.111248650	0.087075725	0.077805139
1288	9	9	0.159060106	0.080531359	0.087305933	0.094825521	0.069974571	0.066436350	0.071541451	0.048838858	0.102193400	0.219292492
1289	5	5	0.091650538	0.076903842	0.062367212	0.113268279	0.088523671	0.157315880	0.091866076	0.110552013	0.110748567	0.096803889
1290	3	3	0.087112173	0.085612990	0.115893036	0.179840311	0.066038661	0.095589913	0.114853181	0.097923033	0.083852798	0.073283903
1291	2	2	0.075215735	0.068172514	0.224785104	0.092009008	0.065065585	0.049469583	0.088555977	0.121972091	0.098761901	0.115992554
1292	7	7	0.063336506	0.084890932	0.068838105	0.071249925	0.118808754	0.064489439	0.084452979	0.244092956	0.074517444	0.125322938
1293	1	1	0.097943529	0.140070602	0.135465741	0.113557778	0.091121569	0.078286976	0.076870963	0.112607539	0.077144742	0.076930590
1294	2	2	0.095259435	0.092718817	0.186169639	0.067345805	0.069825709	0.064848982	0.105098307	0.121026315	0.083726637	0.113980390
1295	4	4	0.058868527	0.074485853	0.090547554	0.069940999	0.215117514	0.044952981	0.102731764	0.101262346	0.120741211	0.121351242
1296	3	3	0.098116517	0.100282557	0.097045004	0.213657737	0.062061872	0.076093614	0.080002718	0.108544707	0.086182959	0.078012250
1297	7	7	0.055628497	0.072007723	0.091298528	0.069163546	0.076074287	0.058864776	0.088495113	0.284835994	0.095968597	0.107662909
1298	2	2	0.089374848	0.097086638	0.177805334	0.086439803	0.073742747	0.058863189	0.080310866	0.113310441	0.135162547	0.087903582
1299	6	6	0.090039261	0.064752854	0.045871161	0.059951391	0.088808551	0.089020506	0.235116035	0.087044768	0.155109569	0.084285937
1300	2	2	0.088718496	0.095431238	0.172045082	0.081635125	0.088323869	0.061762534	0.100459181	0.150049537	0.076368175	0.085206799
1301	4	4	0.067461595	0.055271946	0.114909589	0.096044339	0.235215232	0.052724175	0.107679062	0.085876629	0.107903071	0.076914430
1302	8	8	0.103043348	0.075902373	0.066667341	0.105884038	0.098804861	0.074607670	0.113324471	0.098272584	0.186189979	0.077303290
1303	8	8	0.082499854	0.060189899	0.091770686	0.111277238	0.092929579	0.067804113	0.111558288	0.092776470	0.145962715	0.143231139
1304	0	0	0.201699972	0.046890218	0.060631692	0.085357375	0.080457479	0.064274415	0.180903837	0.051968474	0.127019003	0.100797579
1305	3	8	0.108381189	0.050512068	0.060089119	0.114865214	0.089791872	0.068037964	0.169804096	0.084831804	0.171521127	0.082165591
1306	4	4	0.070080020	0.081718132	0.096387848	0.065666899	0.267447770	0.058298968	0.093223855	0.107755177	0.074496634	0.084924720
1307	5	5	0.100988910	0.039868709	0.051106386	0.099916421	0.084611408	0.195863530	0.154724762	0.077750720	0.110947281	0.084221810
1308	3	3	0.090856552	0.088329971	0.104450770	0.158883318	0.083943367	0.076863557	0.069921687	0.086266883	0.108549565	0.131934360
1309	4	4	0.055241205	0.047079332	0.059903041	0.083676532	0.243345723	0.055375841	0.095466256	0.091733418	0.080238864	0.187939867
1310	0	0	0.172263294	0.048028212	0.088290446	0.091845237	0.060782667	0.073215432	0.132795244	0.091862366	0.107929282	0.132987782
1311	0	0	0.220411420	0.094996311	0.054560855	0.076960512	0.083865233	0.072263964	0.114605643	0.071931608	0.111704238	0.098700128
1312	5	5	0.072775893	0.051184375	0.028743904	0.074264392	0.132152632	0.157561466	0.104677238	0.124378525	0.101295657	0.152965933
1313	1	1	0.102176227	0.164728507	0.153763562	0.100333266	0.079354599	0.061888821	0.087042041	0.108763471	0.073011771	0.068937786
1314	2	2	0.081918001	0.093130477	0.210354909	0.078263059	0.072816968	0.069165736	0.112563476	0.129177138	0.069633536	0.082976662
1315	8	8	0.119724751	0.050785255	0.050178573	0.081150398	0.073614091	0.074119791	0.130722627	0.055901915	0.225139797	0.138662830
1316	6	6	0.115466811	0.042670760	0.054287318	0.088094041	0.083436467	0.102478743	0.247937456	0.067951769	0.128217250	0.069459401
1317	1	1	0.093338333	0.169108421	0.141887203	0.112289563	0.075841397	0.068949997	0.077250242	0.111223191	0.071551986	0.078559622
1318	7	7	0.077393718	0.123042963	0.089766152	0.089207537	0.093898959	0.066442013	0.080555141	0.202889368	0.082961671	0.093842484
1319	1	1	0.077329069	0.182468072	0.079459533	0.088604689	0.122965842	0.075541869	0.070702523	0.109777771	0.082309261	0.110841334
1320	5	6	0.088911891	0.041761361	0.066190742	0.090002596	0.071731620	0.161586925	0.225583151	0.078529708	0.083424322	0.092277668
1321	6	6	0.112559177	0.041869108	0.051831387	0.099601984	0.082253151	0.049783763	0.211570263	0.074768864	0.199414000	0.076348200
1322	1	1	0.065602995	0.240000278	0.083303049	0.073398158	0.112426899	0.059738863	0.056413304	0.129431933	0.069777228	0.109907269
1323	7	7	0.072243862	0.104962729	0.061496660	0.081985138	0.124898680	0.073732324	0.085864112	0.155819535	0.089406081	0.149590880
1324	3	7	0.097811975	0.052404106	0.041331273	0.113730535	0.083254941	0.124469824	0.121058479	0.150602236	0.117051862	0.098284699
1325	4	4	0.063476689	0.079223946	0.127190486	0.089561805	0.219804674	0.046072442	0.079466715	0.109597236	0.118112370	0.067493752
1326	2	2	0.093855612	0.077786230	0.181036159	0.078330338	0.080937244	0.082904465	0.129592031	0.129931211	0.065718241	0.079908483
1327	6	6	0.179745018	0.036412805	0.038802780	0.068775751	0.050504010	0.125315845	0.205811933	0.042910703	0.136317685	0.115403473
1328	8	8	0.088276751	0.072084248	0.074175060	0.107618250	0.095187858	0.090789400	0.118237339	0.094021648	0.132821605	0.126787871
1329	4	4	0.056522239	0.062046476	0.086914212	0.076722369	0.240186617	0.064879552	0.113072142	0.094453163	0.086249955	0.118953340
1330	6	6	0.091833487	0.051507909	0.095242172	0.083414845	0.066322260	0.094038241	0.264322519	0.075880907	0.085484721	0.091952950
1331	0	0	0.237434193	0.043102726	0.048645936	0.086467236	0.062739417	0.060316030	0.170005605	0.073777027	0.117791310	0.099720508
1332	1	1	0.058495715	0.217190281	0.068281136	0.073920272	0.137576893	0.061014369	0.064214163	0.115567446	0.084269576	0.119470127
1333	6	0	0.183395013	0.046984952	0.061414804	0.103884034	0.072220221	0.059887003	0.160025463	0.060699712	0.158881396	0.092607446
1334	2	2	0.076989628	0.093581498	0.273877561	0.055959806	0.059572596	0.058988597	0.100414544	0.153900057	0.063515849	0.063199885
1335	6	6	0.099231735	0.056952432	0.059518106	0.058495779	0.073440544	0.135008082	0.232456908	0.062047515	0.088779785	0.134069115
1336	4	4	0.071471095	0.068473980	0.079731658	0.086477987	0.153325394	0.067785986	0.135587975	0.103550076	0.111979872	0.121616021
1337	1	1	0.074592844	0.222068205	0.152751997	0.113587163	0.072410718	0.053026274	0.087591015	0.084640406	0.062805057	0.076526351
1338	2	2	0.118384369	0.102671929	0.137778565	0.081151612	0.077502042	0.099739268	0.106551878	0.098399721	0.088818662	0.089001901
1339	7	9	0.055698920	0.111875847	0.054105770	0.093043640	0.134086624	0.065128736	0.075668722	0.144403398	0.080710061	0.185278311
1340	9	9	0.085355468	0.057137441	0.055495210	0.084211923	0.072708502	0.119262144	0.131056830	0.098835863	0.141474128	0.154462412
1341	0	0	0.197050527	0.079178013	0.090241678	0.092717230	0.073274858	0.068779491	0.120775349	0.071273662	0.108482733	0.098226435
1342	7	7	0.064969555	0.080997869	0.113133721	0.053993594	0.094722293	0.081078000	0.091614455	0.259548157	0.065153189	0.094789185
1343	0	0	0.193422958	0.059591211	0.065556876	0.083739534	0.074393958	0.063392818	0.151273802	0.094064333	0.121083908	0.093480587
1344	1	1	0.107316159	0.231837273	0.113882400	0.058617175	0.100758173	0.071457915	0.075858235	0.087892249	0.079245426	0.073135018
1345	2	2	0.099267207	0.078608610	0.190653011	0.088868909	0.072369047	0.062202036	0.075936601	0.110557027	0.128500968	0.093036629
1346	5	5	0.095479324	0.074088126	0.069865413	0.089507654	0.092942804	0.193294197	0.074855544	0.108812094	0.104534201	0.096620642
1347	6	6	0.078862108	0.046340391	0.092101730	0.090029150	0.081019543	0.071390070	0.255179644	0.074971259	0.100884765	0.109221324
1348	0	0	0.202169657	0.056579266	0.060943902	0.078162059	0.126578346	0.074067175	0.119545914	0.053868454	0.129817799	0.098267384
1349	0	0	0.214781612	0.057841312	0.087677747	0.092167415	0.060048662	0.059591692	0.109522402	0.074163236	0.130083457	0.114122525
1350	2	2	0.067743972	0.129986525	0.191064075	0.080236390	0.060666882	0.031999543	0.094311640	0.110029526	0.115095645	0.118865781
1351	2	2	0.081895098	0.088430516	0.171437591	0.064318605	0.106617413	0.062812090	0.091094673	0.122866988	0.130264491	0.080262519
1352	8	8	0.109310694	0.024686689	0.032047808	0.086400241	0.084553175	0.034400400	0.146947846	0.042164654	0.364597172	0.074891366
1353	5	5	0.102323093	0.061197408	0.084306628	0.084228061	0.095946200	0.162721127	0.148484245	0.089272656	0.099628799	0.071891733
1354	4	4	0.079458244	0.076382682	0.066158623	0.069087438	0.177756563	0.070181556	0.096711650	0.116000488	0.100793071	0.147469684
1355	2	2	0.070375763	0.075889818	0.206686005	0.088610001	0.105306059	0.049725521	0.096255161	0.144465998	0.098513246	0.064172350
1356	2	2	0.074778572	0.080250777	0.192022964	0.061262202	0.081728764	0.062936179	0.120075993	0.152900964	0.083988324	0.090055257
1357	4	4	0.073199980	0.120206170	0.119767867	0.071089543	0.172845870	0.069533832	0.094644651	0.105086222	0.086097166	0.087528683
1358	3	3	0.099818707	0.065714464	0.106683135	0.135659814	0.083393238	0.082016543	0.112925164	0.106840052	0.112365961	0.094582960
1359	9	0	0.142639399	0.040319141	0.076134428	0.128187165	0.083813384	0.088384934	0.106712744	0.071224347	0.139487609	0.123096816
1360	3	8	0.119559258	0.072473086	0.093640238	0.128206998	0.088703789	0.064216144	0.093723848	0.092258967	0.154470101	0.092747554
1361	7	7	0.079517223	0.097437643	0.116762713	0.050349005	0.085475318	0.051014163	0.066199385	0.304474026	0.072255976	0.076514475
1362	5	9	0.076156549	0.060540333	0.039529275	0.076390855	0.113246642	0.168865606	0.080527253	0.099103458	0.109793037	0.175846919
1363	9	9	0.074258372	0.045471579	0.013550055	0.044476889	0.092671536	0.074193396	0.059286479	0.045287285	0.107505456	0.443299025
1364	9	9	0.084132284	0.065092310	0.035462782	0.062663637	0.096383661	0.084427670	0.044238776	0.053679191	0.072128668	0.401790977
1365	2	2	0.096080191	0.078135528	0.186388150	0.061965007	0.128627568	0.069433734	0.094448194	0.123005457	0.099712074	0.062204089
1366	9	9	0.080412969	0.030195301	0.020820715	0.051238444	0.141857788	0.081337772	0.085502490	0.070348561	0.112623364	0.325662583
1367	0	0	0.211032376	0.058451738	0.056560408	0.108400367	0.072190680	0.095258802	0.124110147	0.054671235	0.109029695	0.110294551
1368	4	9	0.054906309	0.058709566	0.041722711	0.077876918	0.185396224	0.079401217	0.077608705	0.097415514	0.075286254	0.251676559
1369	8	8	0.108375989	0.071004868	0.091075130	0.107064687	0.078852974	0.059758812	0.100540377	0.065659851	0.211059839	0.106607497
1370	2	2	0.079868376	0.089243069	0.156555146	0.084186777	0.065326571	0.058283027	0.097152553	0.124411151	0.134460539	0.110512801
1371	4	4	0.073866062	0.047925200	0.042826224	0.086819999	0.250685215	0.089493051	0.052210961	0.099369198	0.096205771	0.160598353
1372	5	5	0.076427780	0.058504112	0.059268679	0.085048713	0.092926577	0.202888981	0.103714451	0.118613705	0.111704431	0.090902589
1373	4	4	0.054823134	0.070763938	0.080289759	0.078512207	0.248915359	0.046884816	0.075999573	0.128405496	0.128017649	0.087388091
1374	2	2	0.083499998	0.075618491	0.229789421	0.053749181	0.109555818	0.062260590	0.111355931	0.132501945	0.075049318	0.066619307
1375	3	3	0.091661863	0.094216883	0.089980327	0.225439295	0.076499529	0.081485800	0.079009198	0.084254749	0.096205391	0.081247009
1376	7	7	0.064348973	0.083043724	0.073893309	0.066778407	0.100881927	0.062345300	0.077194549	0.287685901	0.065920904	0.117907017
1377	9	0	0.153845131	0.046091828	0.061714672	0.103937127	0.076010667	0.106613033	0.117891423	0.068429179	0.144998714	0.120468132
1378	0	0	0.167239219	0.055877175	0.109151095	0.094843760	0.070142917	0.081158519	0.097443596	0.093286961	0.122655421	0.108201236
1379	5	6	0.099102743	0.037957326	0.049661588	0.079480626	0.068101995	0.181051120	0.218232393	0.103766181	0.083853446	0.078792512
1380	1	1	0.075745881	0.225295901	0.093330242	0.072407044	0.103358224	0.041542877	0.085200936	0.128134266	0.084649421	0.090335213
1381	2	2	0.093395583	0.066447616	0.248131201	0.074063957	0.067628942	0.055705961	0.090259805	0.113494679	0.098347731	0.092524558
1382	4	4	0.082448542	0.127541989	0.058998629	0.041659072	0.176602662	0.095915340	0.120776825	0.086630851	0.087312400	0.122113593
1383	6	6	0.108140647	0.061055068	0.081371620	0.061319698	0.112655163	0.074994229	0.200862810	0.067077287	0.139261007	0.093262441
1384	5	8	0.085883580	0.061987590	0.063444853	0.082357228	0.108934365	0.093212552	0.147837505	0.097331442	0.158951357	0.100059509
1385	8	8	0.086687043	0.083225168	0.106787175	0.127907664	0.100624152	0.069464594	0.096482709	0.091879606	0.154274255	0.082667656
1386	7	7	0.053496316	0.137093619	0.081444643	0.129643857	0.109439947	0.065147467	0.076412335	0.138117313	0.090636522	0.118568011
1387	7	7	0.088365525	0.081321746	0.100390799	0.080465719	0.067652181	0.069534101	0.087750599	0.251216263	0.093441099	0.079861909
1388	3	3	0.121707961	0.074057177	0.093731694	0.142221779	0.074371152	0.112533882	0.107146636	0.091063984	0.094070025	0.089095816
1389	6	6	0.117413908	0.050707284	0.056998875	0.074129067	0.091173895	0.072263390	0.224066287	0.081240684	0.164402246	0.067604303
1390	3	0	0.146531627	0.089691676	0.081013598	0.123620577	0.090407461	0.091260046	0.104750723	0.090733930	0.084944651	0.097045705
1391	2	2	0.085749343	0.086647399	0.206574485	0.088238165	0.061415181	0.052424707	0.100211568	0.103793830	0.112288460	0.102656819
1392	4	4	0.092537701	0.063183717	0.106085077	0.070077538	0.268321872	0.063904345	0.080739677	0.083153531	0.096321426	0.075675018
1393	9	9	0.056718972	0.084820949	0.046403542	0.037718941	0.098031603	0.064375468	0.069089144	0.139151737	0.098693579	0.304996073
1394	4	4	0.066710606	0.086034201	0.115667887	0.074376144	0.197695181	0.048186701	0.073666267	0.105870560	0.153603420	0.078189053
1395	5	5	0.084239751	0.042684738	0.095670760	0.092049643	0.057554644	0.182717115	0.160765782	0.086597197	0.095539600	0.102180749
1396	5	5	0.087607101	0.065585271	0.040177528	0.088190593	0.106514402	0.160307601	0.142758042	0.110062785	0.106288560	0.092508152
1397	8	8	0.114682548	0.050836019	0.074173629	0.107087888	0.095979661	0.069609098	0.119891711	0.059031889	0.204987645	0.103719898
1398	5	5	0.094646148	0.081988677	0.091216162	0.114203386	0.075713798	0.145199731	0.093280025	0.086529374	0.100781195	0.116441548
1399	9	6	0.134095758	0.040851664	0.070557728	0.093857743	0.078487247	0.063352972	0.184626281	0.071451269	0.175625533	0.087093920
1400	2	2	0.064157613	0.123255968	0.197222754	0.082681052	0.066472918	0.028466264	0.085215122	0.186284006	0.085524395	0.080719829
1401	5	6	0.093338154	0.046683226	0.035935704	0.065911308	0.113848791	0.142705247	0.200418442	0.091151513	0.111686796	0.098320827
1402	4	4	0.056100905	0.081312060	0.065829419	0.075989284	0.255661696	0.046418559	0.091558456	0.112023555	0.103498131	0.111607879
1403	1	1	0.082474515	0.215597048	0.127578765	0.075607173	0.082649812	0.067039162	0.072144344	0.117241934	0.081726387	0.077940829
1404	7	7	0.056715690	0.108736500	0.087453850	0.086410686	0.092546888	0.062368967	0.060824133	0.295712024	0.066816941	0.082414426
1405	8	8	0.113142833	0.037388250	0.066549040	0.103780285	0.070912942	0.043271050	0.138921723	0.072112098	0.249133885	0.104787841
1406	4	4	0.067751721	0.071325280	0.103060655	0.073332489	0.264064580	0.052619983	0.086151026	0.091992483	0.092695758	0.097006068
1407	5	5	0.070473365	0.057664897	0.042287122	0.081092015	0.120647706	0.162328064	0.112429380	0.121071935	0.113331921	0.118673556
1408	9	8	0.114375934	0.054726914	0.059866987	0.083778240	0.070884883	0.115768738	0.114226721	0.111990303	0.158256799	0.116124436
1409	8	8	0.091908000	0.049013436	0.061647445	0.088175014	0.104127772	0.050227866	0.142426297	0.085207559	0.199406371	0.127860263
1410	3	3	0.107647009	0.086663894	0.081434123	0.132294804	0.086054072	0.113837063	0.096958436	0.100848936	0.101575427	0.092686221
1411	3	3	0.112693481	0.058525465	0.066022933	0.145012140	0.076312780	0.057794694	0.121070080	0.108681448	0.135304391	0.118582547
1412	4	4	0.076902233	0.135981560	0.112274587	0.109856650	0.147140503	0.062883452	0.083183728	0.114247158	0.083256170	0.074273936
1413	1	1	0.078870349	0.292727411	0.064655922	0.045683537	0.085114785	0.053249445	0.064674854	0.093959987	0.114748724	0.106314972
1414	9	9	0.055798832	0.055365119	0.020572862	0.035730373	0.099059165	0.053510331	0.054028340	0.070712946	0.094134130	0.461087883
1415	8	8	0.112433039	0.051042922	0.065792076	0.091233283	0.072544865	0.105559766	0.145933896	0.090555027	0.195886016	0.069019109
1416	8	8	0.099527642	0.035379484	0.045749314	0.121719122	0.074104391	0.062596202	0.192254961	0.083759315	0.203459054	0.081450544
1417	7	7	0.100620024	0.125148222	0.108936884	0.080061942	0.085924856	0.043676268	0.082448930	0.168529108	0.111002780	0.093650974
1418	0	0	0.192234784	0.069345087	0.054974530	0.077476762	0.095930047	0.094804898	0.134469211	0.076031230	0.082207792	0.122525625
1419	4	4	0.045005310	0.069030546	0.074536629	0.072011761	0.287372261	0.041733917	0.081353478	0.118043192	0.097803205	0.113109618
1420	1	1	0.061810691	0.271467268	0.120772332	0.086200178	0.070621625	0.053208046	0.090101533	0.085912921	0.072008602	0.087896809
1421	3	3	0.144997790	0.077403054	0.058676545	0.173918664	0.070527874	0.079486787	0.133755460	0.091471188	0.079874165	0.089888476
1422	1	1	0.068003140	0.230603948	0.083129652	0.099853933	0.101783149	0.056553200	0.083264835	0.127103627	0.072289214	0.077415302
1423	9	9	0.047416560	0.042839065	0.024160100	0.041723896	0.089319825	0.096354112	0.061854120	0.070806861	0.061025437	0.464500010
1424	9	9	0.052169740	0.068122573	0.023317380	0.037306491	0.108291551	0.063485526	0.053021457	0.078931861	0.106473625	0.408879757
1425	0	0	0.238396600	0.048377287	0.068145670	0.092209935	0.069874644	0.059874233	0.149030879	0.085842013	0.090959832	0.097288825
1426	9	8	0.130103454	0.048143245	0.062245127	0.084006086	0.074501477	0.092881761	0.143819034	0.083375774	0.208742112	0.072182037
1427	8	8	0.109841704	0.058783550	0.098902144	0.093606308	0.098191209	0.061866153	0.115516804	0.065083496	0.229539171	0.068669364
1428	5	5	0.127163798	0.044005796	0.056767464	0.080541067	0.063456036	0.197388709	0.156547904	0.063432470	0.111602530	0.099094220
1429	4	4	0.055094376	0.051434647	0.067149699	0.107353993	0.265883893	0.067952685	0.055885006	0.099654324	0.090481505	0.139109820
1430	8	8	0.116460055	0.073498651	0.091869809	0.083726868	0.081396632	0.061064877	0.110512055	0.061394926	0.223874524	0.096201569
1431	0	0	0.276237935	0.055288740	0.068401329	0.097662568	0.075890765	0.079342097	0.099849336	0.064984828	0.097063564	0.085278764
1432	9	9	0.114551559	0.049805291	0.082801402	0.077796362	0.082499377	0.118448444	0.117247492	0.095016927	0.086109184	0.175723985
1433	1	1	0.072869204	0.318439901	0.063442253	0.045481727	0.079749867	0.063346997	0.061040547	0.109937802	0.091489717	0.094202049
1434	1	1	0.068401404	0.168182448	0.092237033	0.083363794	0.117730960	0.081118166	0.072096042	0.120693281	0.087712951	0.108463913
1435	7	7	0.057236157	0.073631160	0.109023795	0.079487480	0.077682249	0.081744127	0.075673126	0.248023972	0.083640575	0.113857396
1436	9	9	0.103466466	0.080085307	0.071720973	0.101055317	0.090108864	0.088269405	0.096085548	0.068427771	0.110210888	0.190569505
1437	6	6	0.102375261	0.050265316	0.057061147	0.078308299	0.121249929	0.075010344	0.231864348	0.093852699	0.115268394	0.074744232
1438	2	2	0.047629040	0.077289350	0.268721610	0.068483874	0.107027061	0.036957994	0.096028030	0.142422140	0.090177298	0.065263614
1439	5	5	0.110842541	0.079236224	0.070460699	0.076655634	0.081112638	0.203464642	0.065344438	0.068349384	0.145907819	0.098626070
1440	7	7	0.070906840	0.134954214	0.077449180	0.065041758	0.092008404	0.047871195	0.071272887	0.262223840	0.090171397	0.088100269
1441	7	7	0.067016199	0.077988438	0.090713434	0.041429866	0.142873466	0.052277967	0.086862423	0.269330949	0.080451459	0.091055810
1442	7	7	0.101910271	0.134548515	0.097392328	0.073592059	0.113141641	0.060144875	0.092774563	0.152271762	0.086367518	0.087856449
1443	1	1	0.070118569	0.213595062	0.075307719	0.059467718	0.101561762	0.052210048	0.083759435	0.134384751	0.102383576	0.107211336
1444	3	0	0.149913728	0.076033652	0.085051291	0.109108105	0.088801570	0.081307419	0.117286913	0.082568847	0.136096030	0.073832333
1445	3	4	0.094357476	0.065299027	0.057685953	0.119630270	0.140869737	0.092949584	0.133235037	0.092292801	0.106375180	0.097304821
1446	7	7	0.071465448	0.095126793	0.062415339	0.120269567	0.076211251	0.064541236	0.074350610	0.242489383	0.087516427	0.105613917
1447	4	4	0.081116132	0.089229226	0.116907619	0.095797904	0.150744870	0.055641741	0.121010654	0.116819747	0.092604920	0.080127180
1448	2	2	0.084148362	0.091199897	0.185630471	0.061466038	0.075507596	0.080150500	0.129187346	0.127602831	0.087767571	0.077339321
1449	9	9	0.050984941	0.056758583	0.023307336	0.042167835	0.106052704	0.081846006	0.059827678	0.070816144	0.073770955	0.434467763
1450	1	9	0.064019710	0.135302022	0.063439973	0.098856755	0.115627490	0.062626861	0.066137739	0.134794220	0.103318945	0.155876309
1451	5	6	0.102215961	0.041906849	0.041962758	0.074780814	0.109019712	0.122498803	0.217651248	0.087620988	0.122935839	0.079406925
1452	0	0	0.310597152	0.030521818	0.029052254	0.090465985	0.058774803	0.063959464	0.162373617	0.045148931	0.128183886	0.080922186
1453	4	4	0.069374375	0.104639955	0.093363106	0.071220294	0.199611336	0.086738035	0.086226434	0.103436150	0.079632327	0.105758108
1454	9	9	0.128591418	0.046229448	0.072070092	0.126876220	0.071284302	0.104355939	0.101373099	0.080175154	0.133377820	0.135666564
1455	4	4	0.067094475	0.059567142	0.080750950	0.092168316	0.207057610	0.074059844	0.078452475	0.106405325	0.101755455	0.132688463
1456	4	6	0.096863590	0.110414617	0.114517339	0.072892554	0.122932233	0.059398383	0.134983808	0.103291012	0.105578065	0.079128377
1457	5	5	0.128833309	0.081279069	0.069937035	0.090889685	0.092192195	0.142919034	0.114291899	0.065589078	0.095660791	0.118407913
1458	5	5	0.083227061	0.049773213	0.055141766	0.101352192	0.101780094	0.188865885	0.129288852	0.098812439	0.113784999	0.077973403
1459	0	0	0.288646042	0.050056968	0.051891692	0.088930272	0.076033130	0.070895441	0.120629296	0.071114913	0.100543462	0.081258826
1460	9	9	0.090176210	0.077879347	0.072919592	0.089354768	0.079974227	0.089657828	0.114164501	0.076118141	0.133394524	0.176360875
1461	0	0	0.167062551	0.066498794	0.072761685	0.089291334	0.087959163	0.086718790	0.134278357	0.061203931	0.109487541	0.124737896
1462	1	1	0.064101301	0.212103501	0.151786178	0.127535805	0.070310801	0.054995358	0.065705962	0.098912746	0.061828613	0.092719764
1463	5	5	0.103894532	0.061964888	0.055159763	0.104344711	0.080700487	0.164037824	0.125678539	0.107934780	0.098493434	0.097791053
1464	0	0	0.205358863	0.064961210	0.066794723	0.079334751	0.080836758	0.113865510	0.112890959	0.091641553	0.078881741	0.105434000
1465	2	2	0.099431343	0.070911571	0.209560946	0.084100291	0.052438144	0.059536919	0.116844542	0.115323275	0.082805514	0.109047391
1466	2	2	0.077413961	0.075567670	0.191630498	0.080717422	0.091113880	0.088695012	0.109791756	0.145062685	0.070427954	0.069579177
1467	0	0	0.222952142	0.046973523	0.056896821	0.097729407	0.079627708	0.051624592	0.172906324	0.072504997	0.123379901	0.075404532
1468	4	4	0.083384663	0.078610718	0.118225493	0.064017124	0.238917455	0.042882178	0.072776154	0.107535414	0.122474603	0.071176134
1469	7	7	0.064795539	0.134926617	0.078185603	0.124320328	0.108244240	0.062822767	0.071417071	0.166326389	0.090773746	0.098187685
1470	0	0	0.145743489	0.100829430	0.080837235	0.098231539	0.096704252	0.082964353	0.093633182	0.078541256	0.128269598	0.094245799
1471	7	7	0.072078958	0.088105418	0.139019877	0.076812528	0.094446570	0.042733707	0.074934550	0.241284609	0.102748059	0.067835771
1472	9	9	0.095425189	0.062219921	0.037429124	0.071356922	0.099669643	0.055352531	0.104819350	0.075096965	0.087580651	0.311049730
1473	9	9	0.074374676	0.049602732	0.022015279	0.064207993	0.107229784	0.103015706	0.064808778	0.073861010	0.097916812	0.342967242
1474	7	7	0.085382767	0.123148680	0.120676413	0.076796375	0.110805891	0.042566851	0.075391702	0.200675830	0.079939038	0.084616348
1475	6	6	0.088978037	0.044659797	0.084367029	0.063938543	0.060931738	0.127502501	0.255950481	0.069805928	0.088068053	0.115797833
1476	5	5	0.091212995	0.045447439	0.068456337	0.098123118	0.078228801	0.202599958	0.136289760	0.084586382	0.115172513	0.079882748
1477	9	8	0.118224531	0.053542282	0.058282170	0.080303900	0.073873870	0.108194754	0.140306041	0.093053095	0.144972906	0.129246488
1478	4	4	0.062592588	0.074142203	0.099756695	0.096995734	0.215214223	0.048612203	0.076002792	0.103255026	0.142399356	0.081029259
1479	8	8	0.109285571	0.052599803	0.051871065	0.085487105	0.069410108	0.080392547	0.156416908	0.066103853	0.212529197	0.115903802
1480	8	8	0.081840895	0.053733047	0.047624163	0.114653841	0.067852385	0.061740901	0.119671769	0.081533521	0.304085135	0.067264333
1481	2	4	0.076347247	0.087983996	0.139824614	0.073694788	0.152283147	0.049011335	0.085134357	0.121880978	0.140390188	0.073449351
1482	3	6	0.101279013	0.064963907	0.082736179	0.112976961	0.084073380	0.097997144	0.129773572	0.105177328	0.126635879	0.094386630
1483	7	7	0.098105304	0.109881192	0.114218675	0.089293227	0.089429736	0.058866382	0.101910800	0.165004253	0.102932721	0.070357762
1484	6	6	0.114802197	0.072172113	0.075960107	0.064115778	0.074191973	0.129635260	0.178091094	0.075939566	0.089735791	0.125356078
1485	0	3	0.134771407	0.085669599	0.091419861	0.162032679	0.098418638	0.062416270	0.075515144	0.109130040	0.093404993	0.087221310
1486	9	9	0.072342329	0.046221878	0.034896661	0.079958372	0.114527926	0.073190406	0.083281681	0.078093059	0.097963348	0.319524318
1487	6	6	0.120206960	0.037689261	0.025288885	0.059882395	0.063476190	0.080297753	0.320204079	0.056082014	0.146123603	0.090748869
1488	4	4	0.084201701	0.099579677	0.114987932	0.062350102	0.174686238	0.064124443	0.106151663	0.104960859	0.094860509	0.094096944
1489	4	4	0.053989783	0.051843043	0.036701679	0.080045156	0.256017834	0.063832827	0.084572338	0.104500577	0.074960463	0.193536326
1490	6	6	0.152116150	0.050497625	0.079348654	0.090606116	0.102650829	0.075791284	0.154484719	0.063517295	0.152608648	0.078378677
1491	2	2	0.064987220	0.130131960	0.177401185	0.101614393	0.068787359	0.040685084	0.094035946	0.113762327	0.098481305	0.110113211
1492	8	8	0.099267617	0.034905083	0.044438433	0.089806542	0.120296970	0.044588782	0.163077429	0.075522952	0.259228349	0.068867877
1493	1	1	0.085861087	0.210544899	0.123415656	0.105909698	0.086758517	0.050268713	0.051900420	0.109999247	0.093971811	0.081369936
1494	4	9	0.067157812	0.112873860	0.107451744	0.076395206	0.116893619	0.061668638	0.123411655	0.103999645	0.094340838	0.135806963
1495	2	2	0.092545986	0.073797546	0.172634751	0.066920988	0.118748337	0.092806362	0.096896261	0.119687773	0.096246235	0.069715798
1496	9	9	0.129144847	0.066672228	0.074276134	0.108009189	0.092850097	0.083962329	0.107134566	0.042085610	0.096647829	0.199217230
1497	2	2	0.092023470	0.091252498	0.229713604	0.066710651	0.073169135	0.070439070	0.091124900	0.129580095	0.079833977	0.076152563
1498	1	1	0.090669014	0.186116397	0.104881540	0.074365400	0.097882599	0.095687836	0.075100183	0.096085750	0.082213208	0.096998125
1499	8	9	0.121988840	0.073079981	0.094980061	0.115215704	0.073508926	0.064700045	0.075440869	0.063056573	0.157132208	0.160896838
1500	5	5	0.094797648	0.051285598	0.056200355	0.097413734	0.075156249	0.180234924	0.134799764	0.082706966	0.139076412	0.088328339
1501	4	4	0.062462896	0.088317066	0.095583722	0.067495190	0.233139902	0.068228930	0.107908539	0.095955260	0.088573776	0.092334673
1502	8	8	0.093481489	0.043590024	0.049776558	0.098742291	0.076522939	0.076060832	0.158854708	0.073716097	0.247257844	0.081997126
1503	7	1	0.059349127	0.166961536	0.109048828	0.114899211	0.101517610	0.033765357	0.092858717	0.157140136	0.087542154	0.076917358
1504	9	9	0.114909254	0.049411591	0.048860397	0.117220722	0.075270452	0.068219401	0.126347318	0.064951390	0.135565951	0.199243501
1505	3	3	0.093323290	0.061322957	0.061084095	0.167241722	0.073811337	0.076304004	0.154363140	0.094493106	0.134302363	0.083754018
1506	6	6	0.122861713	0.047411114	0.071777344	0.101882003	0.087774925	0.057092678	0.181270316	0.077709675	0.155536771	0.096683383
1507	0	6	0.196506187	0.035654385	0.031674866	0.065926544	0.096622169	0.084547698	0.203889728	0.074564748	0.099916510	0.110697195
1508	8	8	0.099358022	0.045257114	0.053874213	0.089117959	0.073178083	0.080138266	0.136327773	0.070394605	0.287954777	0.064399153
1509	3	3	0.120943375	0.091933377	0.079382576	0.154046386	0.060941711	0.078227997	0.108349882	0.082488999	0.109063238	0.114622466
1510	5	5	0.087260105	0.049752709	0.065937415	0.102981076	0.089408047	0.176963016	0.117500395	0.090863511	0.138554573	0.080779180
1511	1	1	0.067185968	0.188724890	0.126439601	0.138994589	0.085086100	0.067615524	0.069447823	0.102944873	0.072268665	0.081291988
1512	8	8	0.101714708	0.069270410	0.078981318	0.122770593	0.090127818	0.075666323	0.076125503	0.076474719	0.215547398	0.093321256
1513	5	5	0.090466298	0.048009485	0.050852690	0.126737669	0.065171301	0.201646790	0.102347307	0.101646379	0.114735268	0.098386787
1514	3	7	0.120818339	0.048749123	0.084420688	0.107718684	0.069552347	0.092894241	0.159925252	0.162388250	0.087386884	0.066146187
1515	0	9	0.136363029	0.071093485	0.078008823	0.106678538	0.075604521	0.078558169	0.105591133	0.072514139	0.132075742	0.143512383
1516	2	2	0.086228728	0.083177567	0.185559541	0.075885341	0.077247232	0.066789642	0.113047443	0.103696965	0.097182654	0.111184947
1517	1	1	0.078115411	0.232647285	0.183759093	0.088075951	0.060019635	0.047595557	0.078451753	0.080431417	0.066338472	0.084565334
1518	5	5	0.094316192	0.085838735	0.068845637	0.078988820	0.078702159	0.210714117	0.076882645	0.085848138	0.111273743	0.108589828
1519	0	0	0.214934900	0.066386491	0.066567183	0.096422829	0.070540339	0.100224823	0.150273323	0.051060192	0.085564509	0.098025426
1520	4	4	0.055402450	0.078952327	0.100540206	0.083956361	0.274913549	0.046900187	0.068476602	0.106275514	0.116866872	0.067715913
1521	7	7	0.049906846	0.048863370	0.038912140	0.051634785	0.118254155	0.052629285	0.060203962	0.336174935	0.055474497	0.187946036
1522	1	1	0.068339542	0.278387815	0.057311125	0.045033596	0.080537938	0.055210821	0.124810129	0.093574941	0.094349407	0.102444701
1523	0	0	0.222233921	0.042360675	0.066207528	0.071968213	0.073434584	0.066824593	0.155465022	0.051422428	0.137251884	0.112831086
1524	0	6	0.142613634	0.045373421	0.063005254	0.114136979	0.076191798	0.068537667	0.163551003	0.079358011	0.113449655	0.133782506
1525	9	9	0.061928026	0.051974658	0.052394941	0.096228436	0.137437612	0.104070827	0.081885666	0.087980181	0.091329366	0.234770343
1526	5	5	0.081358567	0.078651980	0.104390346	0.095168173	0.107994065	0.141625926	0.130492270	0.101427011	0.075299159	0.083592579
1527	4	4	0.069564946	0.079849206	0.097749531	0.092157036	0.138820037	0.066772163	0.131755963	0.109840780	0.103251770	0.110238574
1528	9	9	0.079166636	0.063823000	0.033236139	0.057027549	0.087339491	0.084967412	0.052690852	0.051863238	0.077984296	0.411901414
1529	8	8	0.126297534	0.050353087	0.061828442	0.099578477	0.070312649	0.065767989	0.166976169	0.070937060	0.185178116	0.102770492
1530	9	0	0.163728192	0.040076163	0.060867917	0.099999756	0.086359404	0.078322798	0.162724912	0.073878765	0.127423897	0.106618159
1531	7	9	0.069320656	0.134304896	0.074733153	0.089989804	0.109576643	0.053025443	0.077395394	0.147126615	0.086142838	0.158384576
1532	7	7	0.078171559	0.107213296	0.071565174	0.071246587	0.082620203	0.048401237	0.103680059	0.268794209	0.078690350	0.089617312
1533	1	1	0.062043160	0.258414149	0.138057739	0.096954025	0.069156431	0.044103350	0.104234308	0.096687391	0.054686733	0.075662695
1534	6	6	0.155256018	0.036934733	0.028080946	0.058545399	0.061198991	0.088972837	0.295528173	0.047934979	0.150989667	0.076558247
1535	4	4	0.072199583	0.083515510	0.133748814	0.071627028	0.204452902	0.054929379	0.072192103	0.104372226	0.114772782	0.088189699
1536	9	9	0.063956492	0.069629975	0.053695582	0.072605401	0.100027703	0.098153979	0.081502229	0.083462022	0.081971452	0.294995189
1537	3	3	0.064330153	0.045584213	0.033688243	0.244775176	0.083680645	0.058833539	0.071093805	0.119686835	0.119584687	0.158742666
1538	8	8	0.105032466	0.045873713	0.054223392	0.108801752	0.105275884	0.070479676	0.163977712	0.086944357	0.182668909	0.076722205
1539	7	7	0.053676818	0.058902923	0.066227108	0.048177287	0.096489921	0.061711360	0.067515805	0.379530877	0.057365660	0.110402286
1540	5	5	0.090675630	0.054323785	0.044016335	0.103516340	0.085925117	0.206708521	0.102785870	0.102487765	0.130409777	0.079150811
1541	3	6	0.124961935	0.052796774	0.055748075	0.107329629	0.096953258	0.112142175	0.163335294	0.080308847	0.135603502	0.070820421
1542	4	6	0.082512364	0.088151209	0.099680871	0.097665012	0.112276725	0.084493175	0.133903876	0.103265636	0.082163714	0.115887389
1543	9	0	0.150411859	0.046444580	0.074733086	0.123363204	0.072419100	0.096521288	0.104092389	0.066762403	0.140873522	0.124378577
1544	5	5	0.089404985	0.047382202	0.074243695	0.099961251	0.051891316	0.214109674	0.142162099	0.078067273	0.108938038	0.093839385
1545	9	9	0.139737546	0.048066318	0.064319275	0.124845952	0.079944089	0.100622863	0.104235195	0.057498056	0.112743221	0.167987511
1546	5	6	0.114572532	0.076086782	0.079104334	0.084581278	0.080139816	0.119801454	0.129185349	0.107806250	0.107737049	0.100985117
1547	8	8	0.085685097	0.050897423	0.031882554	0.121599980	0.088974304	0.068085179	0.128723279	0.086440459	0.213435784	0.124275893
1548	1	1	0.084695294	0.198652864	0.082532905	0.057359964	0.094058700	0.072175801	0.079174593	0.121245369	0.103981987	0.106122456
1549	5	6	0.112939067	0.056827039	0.062205624	0.072867222	0.107319191	0.131503314	0.166700050	0.088670753	0.131772280	0.069195427
1550	0	0	0.292437494	0.039145000	0.040314704	0.082641378	0.071561269	0.072092503	0.147526368	0.047064442	0.124583304	0.082633436
1551	7	7	0.084677435	0.164611235	0.108061954	0.085978545	0.085289598	0.042977095	0.077337481	0.174000069	0.088424154	0.088642389
1552	5	5	0.123256050	0.077040181	0.059557885	0.078456230	0.084747575	0.155734390	0.129052669	0.090338543	0.097559281	0.104257196
1553	6	6	0.091250733	0.034433302	0.071948111	0.101740003	0.087306291	0.070782006	0.292973012	0.082554542	0.097469315	0.069542594
1554	7	7	0.084648795	0.130867422	0.101429954	0.096467845	0.080941141	0.055991482	0.071729466	0.182818636	0.090077348	0.105027840
1555	3	8	0.109531343	0.069065191	0.088193722	0.118663669	0.068042576	0.063854650	0.091863990	0.064375132	0.197757557	0.128652185
1556	7	7	0.091402970	0.097565122	0.102978431	0.049154010	0.110556088	0.042218942	0.095754728	0.196318910	0.123995878	0.090054862
1557	5	5	0.077006139	0.049767952	0.056688052	0.110900439	0.073115408	0.191274852	0.141763702	0.127332434	0.085875735	0.086275280
1558	7	9	0.064910904	0.075019479	0.064412139	0.100123480	0.118949465	0.108127743	0.072030827	0.137023821	0.079563543	0.179838553
1559	7	7	0.062844723	0.090729371	0.062220123	0.090574123	0.141482696	0.068102419	0.057084668	0.210533649	0.087239541	0.129188761
1560	9	9	0.066414051	0.054938093	0.020428428	0.046724975	0.101457797	0.060865633	0.056076422	0.065721378	0.102528535	0.424844712
1561	7	7	0.088303171	0.134402886	0.109039977	0.092538476	0.078565300	0.057249706	0.078260995	0.195458263	0.089552350	0.076628901
1562	1	1	0.111806825	0.250813931	0.109213933	0.072821803	0.070174247	0.058264174	0.075697415	0.103829518	0.072437510	0.074940696
1563	4	4	0.066322006	0.100821286	0.118675202	0.079132773	0.194055885	0.049021177	0.092570648	0.117863588	0.108262435	0.073274910
1564	7	7	0.048201624	0.095116854	0.074564263	0.058175139	0.091226801	0.044282772	0.065431595	0.352234244	0.056303475	0.114463180
1565	1	1	0.066258818	0.318870425	0.085203297	0.074358642	0.084300928	0.047189075	0.059985559	0.104819328	0.084801935	0.074211992
1566	6	6	0.178050384	0.028903775	0.040334273	0.062243763	0.064776018	0.071562551	0.251215637	0.043963637	0.175368994	0.083581008
1567	0	0	0.235198990	0.073772326	0.059983779	0.097246945	0.070762515	0.072129123	0.124742627	0.065223739	0.111237578	0.089702427
1568	3	6	0.092043824	0.038700406	0.033004064	0.115791686	0.097698301	0.097588733	0.165480286	0.078142151	0.130694404	0.150856152
1569	5	5	0.070299268	0.052465305	0.031647999	0.079550542	0.127543867	0.160988837	0.101130746	0.117210291	0.101268746	0.157894403
1570	8	8	0.087720521	0.052636597	0.049340010	0.107049078	0.073866986	0.070514031	0.149121299	0.086968228	0.245995849	0.076787367
1571	7	7	0.058971945	0.054978669	0.079360478	0.064718805	0.066355690	0.075973652	0.105147749	0.343258381	0.060102113	0.091132492
1572	3	9	0.064520270	0.066625535	0.029319016	0.191102535	0.109949090	0.066415727	0.063916177	0.098199449	0.112937629	0.197014540
1573	2	2	0.104340874	0.103127114	0.168313563	0.070599571	0.086764276	0.070224926	0.092702389	0.133688003	0.092513174	0.077725977
1574	5	9	0.089944735	0.071656935	0.072113201	0.105452918	0.083227344	0.107292861	0.109933801	0.112824716	0.108389579	0.139163926
1575	6	8	0.155276671	0.037762258	0.064143814	0.091396920	0.081327528	0.048029002	0.151477903	0.065801822	0.204369664	0.100414343
1576	6	5	0.086429931	0.048091967	0.089465849	0.083092242	0.073881060	0.160197556	0.155728951	0.086933628	0.089979135	0.126199692
1577	8	8	0.102151334	0.048504092	0.050528049	0.116038151	0.083874047	0.088471621	0.124299191	0.081451416	0.188257441	0.116424628
1578	1	1	0.077754170	0.184210733	0.100746892	0.081655443	0.091111466	0.090141490	0.066957079	0.115575336	0.103688873	0.088158496
1579	8	8	0.104663037	0.041717391	0.047941178	0.091554381	0.090723515	0.059962649	0.140508637	0.064612396	0.271839857	0.086476944
1580	3	3	0.106616557	0.073032103	0.078466021	0.128668487	0.089107595	0.110608794	0.126115531	0.103727214	0.110257216	0.073400445
1581	4	4	0.074339367	0.096000776	0.124173678	0.068381086	0.205852881	0.037970692	0.093359195	0.104634494	0.122406438	0.072881363
1582	2	2	0.074229419	0.117894709	0.170863509	0.094581939	0.068857759	0.045342464	0.087037832	0.085091367	0.125821650	0.130279422
1583	4	4	0.073343821	0.087832220	0.090020038	0.092598006	0.200348124	0.080724902	0.097430840	0.100063667	0.075085953	0.102552533
1584	8	8	0.080993906	0.055494044	0.054765813	0.107258596	0.059619766	0.067660160	0.126526013	0.076782338	0.250404119	0.120495223
1585	6	6	0.120489553	0.048285536	0.059538439	0.084213041	0.090498157	0.106343299	0.194675505	0.076151542	0.149451748	0.070353106
1586	5	6	0.085217066	0.041441485	0.079752631	0.107317604	0.066247329	0.165935040	0.191870019	0.076894335	0.094611302	0.090713218
1587	8	8	0.133627430	0.052132219	0.038624950	0.107260637	0.080303989	0.086119428	0.139216915	0.060007118	0.168749049	0.133958206
1588	3	7	0.111828789	0.042778108	0.051722534	0.109357737	0.086049259	0.100018382	0.147529736	0.164950624	0.117625751	0.068139203
1589	5	5	0.089159407	0.069846109	0.129427969	0.086462222	0.082898244	0.170301631	0.080102839	0.102801934	0.080744892	0.108254775
1590	1	1	0.092071898	0.196664959	0.101622783	0.091396622	0.086619854	0.058294319	0.103911430	0.086842768	0.090719931	0.091855429
1591	5	5	0.094854787	0.044140954	0.092831209	0.078236774	0.075999834	0.182133138	0.161189675	0.083239615	0.110610493	0.076763615
1592	6	6	0.112965062	0.044102322	0.057189491	0.082863487	0.104647383	0.107027806	0.203847885	0.074614838	0.135498032	0.077243671
1593	7	7	0.051488854	0.060599320	0.070626229	0.066238299	0.082833864	0.045282889	0.055140015	0.371690094	0.075288780	0.120811656
1594	2	2	0.068998367	0.088423587	0.157573670	0.070105813	0.097919062	0.061492283	0.106063433	0.136145428	0.129438505	0.083839886
1595	7	7	0.072695248	0.137124613	0.089757726	0.057885230	0.082657963	0.053960688	0.091256261	0.223924145	0.093597218	0.097140945
1596	0	0	0.193333790	0.046904713	0.030275865	0.083312377	0.100761198	0.073592275	0.185315639	0.060995065	0.098387696	0.127121463
1597	2	2	0.098895155	0.088068128	0.195970222	0.075121500	0.069428168	0.044551175	0.068997882	0.139301687	0.111275345	0.108390704
1598	3	3	0.081673361	0.084113970	0.102817714	0.164578959	0.079958543	0.098638877	0.098242827	0.098743379	0.093716815	0.097515561
1599	1	1	0.079100192	0.288598329	0.070374802	0.039482240	0.079511866	0.060583994	0.064899199	0.108563997	0.104506530	0.104378819
1600	8	9	0.103848986	0.071967646	0.086231828	0.120358564	0.078519501	0.071997680	0.091179587	0.059337478	0.153554127	0.163004652
1601	1	1	0.060419075	0.142636135	0.070659034	0.101710305	0.107818641	0.057491452	0.090996608	0.130940333	0.108111188	0.129217178
1602	7	7	0.080408193	0.097021937	0.136793196	0.083489649	0.114536278	0.041071549	0.088555180	0.180048302	0.097121589	0.080954060
1603	8	8	0.092786454	0.047840759	0.040289301	0.089813292	0.102231458	0.076482952	0.154757410	0.079371966	0.216356516	0.100069918
1604	4	4	0.064879268	0.089784183	0.074734367	0.064526521	0.246543214	0.091517836	0.097621091	0.087520838	0.063686855	0.119185805
1605	5	6	0.114960723	0.058438346	0.053020928	0.101546198	0.085124850	0.135807395	0.147604302	0.115204796	0.121890128	0.066402361
1606	9	9	0.075562872	0.052781753	0.031149546	0.064680882	0.103138402	0.091959693	0.049698245	0.054850437	0.081599541	0.394578576
1607	0	0	0.255426705	0.052233558	0.063038997	0.081665091	0.059645113	0.061348364	0.144848421	0.072663337	0.122302994	0.086827472
1608	1	1	0.074213371	0.205994040	0.139129847	0.090149254	0.069852166	0.064629011	0.085498288	0.088780582	0.083823726	0.097929753
1609	2	2	0.089383021	0.075179800	0.172454447	0.132346705	0.054753732	0.073641211	0.125459850	0.102393381	0.074911341	0.099476568
1610	1	1	0.062900804	0.243840650	0.073763758	0.054425951	0.082461633	0.067033663	0.076834477	0.094472691	0.128894314	0.115372062
1611	5	6	0.121816769	0.056318693	0.059520859	0.070211761	0.077152900	0.144658297	0.180994287	0.092832774	0.100008555	0.096485056
1612	3	3	0.133867428	0.054094940	0.054659080	0.165173709	0.064017653	0.057118140	0.164908648	0.073313490	0.128335029	0.104511850
1613	7	7	0.073259220	0.045728296	0.077999003	0.049060952	0.081216082	0.029100005	0.058374040	0.434596866	0.072598428	0.078067221
1614	0	0	0.349039972	0.030858636	0.033329375	0.081120670	0.052928273	0.073577151	0.142451346	0.044638503	0.104490913	0.087565117
1615	9	9	0.096249633	0.050892122	0.031530268	0.060014758	0.094240040	0.104223937	0.098979138	0.100478910	0.138968110	0.224423110
1616	3	3	0.093696117	0.081465982	0.045189880	0.158792481	0.102584861	0.098853789	0.071645662	0.078100502	0.129675686	0.139995068
1617	9	8	0.131856978	0.045624815	0.056381311	0.071467921	0.087458879	0.102492549	0.120351717	0.116487555	0.145249620	0.122628681
1618	8	8	0.108461224	0.027293775	0.035197046	0.108162396	0.073086672	0.061634429	0.188830674	0.057106979	0.256650835	0.083576001
1619	7	7	0.100091577	0.087358758	0.092625484	0.059153315	0.067241065	0.052643716	0.092874095	0.265641958	0.092896171	0.089473866
1620	8	8	0.108921126	0.048628379	0.059895679	0.121399984	0.082463987	0.056694590	0.133567020	0.086765699	0.239363834	0.062299747
1621	8	8	0.090414189	0.064377084	0.082865894	0.171410799	0.087463789	0.067990884	0.081198163	0.083538927	0.192371652	0.078368619
1622	5	5	0.075404122	0.064628921	0.053193353	0.096602559	0.104950391	0.172270805	0.096432164	0.116296388	0.114155732	0.106065519
1623	2	2	0.090849809	0.083254047	0.196495146	0.077138960	0.075669631	0.048450068	0.108155452	0.114185274	0.118009657	0.087791912
1624	6	6	0.124782585	0.047899652	0.064589553	0.094763547	0.071621507	0.059974350	0.194279179	0.087154441	0.165008381	0.089926735
1625	8	8	0.104174189	0.048408777	0.045066576	0.070520006	0.113069549	0.073626801	0.170602217	0.074677221	0.211325571	0.088529088
1626	4	4	0.060531251	0.076774754	0.063254714	0.065207519	0.215780228	0.060920149	0.099146701	0.096946441	0.080974683	0.180463538
1627	6	7	0.076275490	0.058017645	0.063920908	0.110758096	0.136830837	0.065133139	0.138364598	0.151904106	0.116589390	0.082205854
1628	9	9	0.072642550	0.047504261	0.015126586	0.064732902	0.098592736	0.071749702	0.069973849	0.047374554	0.094751075	0.417551845
1629	2	2	0.074489474	0.056076389	0.221520513	0.056734461	0.136338681	0.057297952	0.089058533	0.145878240	0.104643777	0.057962019
1630	7	7	0.057102591	0.091285445	0.060325727	0.068473153	0.169882923	0.066778474	0.071751609	0.177057728	0.086901635	0.150440797
1631	7	7	0.089295059	0.143260613	0.101912096	0.097971939	0.091304623	0.046398200	0.105825938	0.153320149	0.088482797	0.082228646
1632	4	4	0.060636461	0.092518017	0.080756195	0.088218451	0.158086807	0.096545674	0.095726736	0.113403440	0.084596947	0.129511327
1633	4	4	0.100061402	0.099283434	0.112760924	0.049765453	0.138231933	0.067192733	0.126340732	0.094940670	0.119204037	0.092218645
1634	8	8	0.115869515	0.044176519	0.058127072	0.145095348	0.083456159	0.051110275	0.146052256	0.072019480	0.192955568	0.091137804
1635	0	0	0.260137826	0.049815591	0.051933162	0.100746065	0.067455418	0.075761944	0.134116903	0.079741292	0.097451635	0.082840182
1636	1	1	0.082894132	0.190252945	0.111295424	0.081226818	0.078348234	0.057228241	0.084503300	0.171696633	0.063635938	0.078918293
1637	3	3	0.087766834	0.078920312	0.095978953	0.138450921	0.092780046	0.082598485	0.087377645	0.105886966	0.100670978	0.129568949
1638	4	4	0.068649314	0.070969731	0.057305004	0.055489659	0.209963843	0.058353953	0.065718830	0.108030677	0.102515385	0.203003615
1639	8	6	0.118949145	0.048836417	0.058325455	0.131216913	0.078054540	0.085243888	0.181937069	0.068542682	0.159198314	0.069695614
1640	4	4	0.069387190	0.106968746	0.124293387	0.048924893	0.154347479	0.087929986	0.119248793	0.091249600	0.102930717	0.094719224
1641	4	4	0.080255888	0.095371909	0.112344205	0.072164118	0.222642258	0.063841842	0.091335073	0.106214285	0.085378632	0.070451930
1642	2	2	0.089139745	0.077456139	0.192542359	0.097061045	0.066701539	0.072332159	0.088099808	0.179308474	0.076488450	0.060870413
1643	8	8	0.128890976	0.054050766	0.067110859	0.089444146	0.083876967	0.086943172	0.111621328	0.053955887	0.225443393	0.098662488
1644	9	9	0.078744441	0.048790310	0.026075507	0.066632181	0.134661838	0.091891713	0.057709921	0.058527898	0.085699938	0.351266325
1645	2	2	0.074180789	0.099283911	0.238974109	0.069189198	0.069018796	0.051365346	0.109535985	0.160835698	0.059181631	0.068434536
1646	1	1	0.069923453	0.261397153	0.067488350	0.042158131	0.095557980	0.053800784	0.089220829	0.114016443	0.093311973	0.113124944
1647	2	2	0.069034249	0.096634015	0.197030619	0.083073802	0.101866178	0.039735030	0.082229950	0.181716904	0.080475554	0.068203732
1648	1	1	0.106027901	0.203748107	0.114660457	0.073092714	0.092646994	0.059925638	0.075734638	0.107724562	0.085703082	0.080735892
1649	6	6	0.089818619	0.100408636	0.077412367	0.107314833	0.096506827	0.098732650	0.139694780	0.105127916	0.103239343	0.081744038
1650	6	6	0.102168776	0.070474803	0.072842762	0.082874067	0.128432840	0.084885262	0.168099627	0.099906258	0.112758160	0.077557482
1651	7	7	0.102345265	0.106600016	0.080914088	0.074044712	0.093829140	0.047157172	0.068964802	0.274325162	0.075885735	0.075933926
1652	5	6	0.095313802	0.054492809	0.050591670	0.070694461	0.135983750	0.135771155	0.169633508	0.090395734	0.112000734	0.085122444
1653	4	4	0.053051755	0.066287212	0.101482764	0.099126883	0.181483015	0.042457312	0.091107227	0.124208435	0.139301628	0.101493739
1654	0	0	0.206592232	0.045585576	0.054997031	0.098575138	0.077889204	0.061394617	0.159855247	0.083408311	0.140163913	0.071538724
1655	3	8	0.106134117	0.062605865	0.064976692	0.136634752	0.089294903	0.088191517	0.128692091	0.084995374	0.170866296	0.067608371
1656	9	9	0.059037369	0.034713142	0.025899174	0.048394967	0.111046068	0.081571534	0.072756529	0.081738412	0.057763662	0.427079141
1657	5	5	0.107600957	0.072134979	0.065648042	0.084967107	0.083461344	0.162928194	0.117416054	0.103090852	0.093050413	0.109702036
1658	0	0	0.157084301	0.080839619	0.109670959	0.089770935	0.082317010	0.066939645	0.116784550	0.095372580	0.099904664	0.101315722
1659	9	9	0.118838020	0.090504944	0.072526604	0.097919866	0.074654236	0.057856198	0.070726998	0.057388321	0.085057110	0.274527758
1660	1	1	0.073020801	0.286217839	0.092985488	0.080963694	0.102602415	0.054836318	0.068309687	0.104051068	0.071028665	0.065984026
1661	7	7	0.058477085	0.134723514	0.080532677	0.084367178	0.120564573	0.057440814	0.064633951	0.203902408	0.079561986	0.115795828
1662	1	1	0.075875841	0.205612436	0.093232907	0.069026165	0.103698023	0.052884512	0.092448555	0.144863486	0.082230806	0.080127344
1663	5	6	0.109892301	0.045976013	0.040333070	0.072973058	0.111161478	0.138762787	0.187351272	0.085289381	0.118709080	0.089551538
1664	5	5	0.091280289	0.051118705	0.078633234	0.077641532	0.088842832	0.175338179	0.170814067	0.086478919	0.086610109	0.093242139
1665	8	8	0.104013942	0.041270670	0.051784452	0.094261706	0.092437640	0.066190079	0.173627913	0.076394752	0.222827822	0.077190980
1666	0	0	0.238384485	0.061040610	0.086364709	0.105975285	0.067554392	0.057664968	0.095051549	0.064485863	0.117948443	0.105529606
1667	5	5	0.098781399	0.073117517	0.068751447	0.082473099	0.102783278	0.197537661	0.097827353	0.087847508	0.084900752	0.105979949
1668	1	1	0.086490303	0.184494272	0.131155625	0.092531778	0.080252424	0.061523519	0.082271144	0.099664733	0.083876252	0.097739980
1669	5	6	0.087939113	0.034900181	0.061812844	0.090136059	0.069646522	0.189395264	0.190861121	0.078237876	0.099555865	0.097515158
1670	7	7	0.051448699	0.045129519	0.079653323	0.065443069	0.077244721	0.054269139	0.051226880	0.426598370	0.063331932	0.085654438
1671	3	3	0.145802408	0.068620488	0.078324206	0.164477378	0.062421732	0.126404300	0.094382554	0.080934353	0.095457286	0.083175406
1672	6	6	0.195636883	0.037554171	0.037860990	0.076730601	0.068884432	0.106971174	0.215346888	0.047272716	0.128126085	0.085615985
1673	6	6	0.125175714	0.045411810	0.049996231	0.076577790	0.071466528	0.114339679	0.254276305	0.057921264	0.116564393	0.088270284
1674	2	2	0.081103802	0.078590974	0.265323728	0.057766486	0.088480927	0.057312455	0.077121370	0.154197440	0.076067910	0.064034835
1675	8	8	0.095017336	0.039984621	0.055406958	0.101138443	0.094113424	0.076325171	0.154962033	0.074317634	0.238664046	0.070070371
1676	0	0	0.266678363	0.044768535	0.056619089	0.090883344	0.071097091	0.058493070	0.151403308	0.080081061	0.093360625	0.086615473
1677	7	7	0.069265179	0.121326216	0.097280152	0.074055463	0.095512554	0.068797491	0.071193412	0.201223820	0.081363872	0.119981788
1678	4	4	0.067148201	0.072197355	0.056879278	0.082465366	0.204333410	0.052807033	0.064648703	0.134876817	0.088565178	0.176078647
1679	5	6	0.117040329	0.073725276	0.073073976	0.096682616	0.079510219	0.109648570	0.151558578	0.103909358	0.105906002	0.088945121
1680	4	8	0.111383736	0.105187677	0.132181183	0.066929504	0.108413942	0.060838673	0.098680705	0.093089543	0.156011388	0.067283615
1681	7	7	0.078573532	0.112654231	0.103344545	0.079494849	0.069581732	0.046956211	0.066552021	0.313898653	0.061376221	0.067568064
1682	1	1	0.070943907	0.172566906	0.064896926	0.060393080	0.152349487	0.067491941	0.058582947	0.113887750	0.086080596	0.152806461
1683	6	6	0.116175592	0.062992215	0.056495115	0.094303541	0.099634588	0.084983826	0.190655246	0.091651179	0.118807971	0.084300764
1684	7	7	0.080840513	0.122072421	0.094621398	0.087811448	0.080529056	0.053691082	0.101384826	0.199157357	0.100443721	0.079448119
1685	8	6	0.102678739	0.060234871	0.074561909	0.095589377	0.077295952	0.084950007	0.180836573	0.075624727	0.142161191	0.106066592
1686	0	0	0.169554442	0.055538733	0.038279526	0.124563448	0.077199928	0.060352035	0.167680368	0.085585229	0.093294166	0.127952158
1687	6	6	0.124710135	0.042201910	0.050556991	0.104587033	0.061485313	0.064943418	0.246934071	0.063688241	0.162201539	0.078691334
1688	6	6	0.113215119	0.070688583	0.042009957	0.052376010	0.081089884	0.112002663	0.252604216	0.078034900	0.108770072	0.089208595
1689	1	1	0.075590804	0.208318472	0.127722457	0.082638711	0.075217009	0.080874838	0.081727251	0.091878340	0.103130899	0.072901189
1690	1	1	0.062810406	0.300339490	0.064264141	0.044149980	0.072972193	0.054905780	0.088607699	0.109267667	0.081880234	0.120802417
1691	4	4	0.067917749	0.063726813	0.084876083	0.082648568	0.253763288	0.066994309	0.087823786	0.103638500	0.092898108	0.095712781
1692	7	7	0.069388084	0.111588098	0.091712825	0.062772915	0.106731348	0.054143071	0.083762564	0.225633115	0.084380291	0.109887637
1693	5	5	0.110974610	0.049839694	0.074924648	0.091525190	0.055267990	0.210684478	0.127722695	0.083026268	0.087269805	0.108764529
1694	4	4	0.052585006	0.037145071	0.038523216	0.071632005	0.253345251	0.062308624	0.062033068	0.091397241	0.086964011	0.244066507
1695	7	7	0.086123049	0.123570465	0.082463376	0.057194285	0.091445558	0.058614008	0.100515865	0.212049589	0.087654844	0.100369021
1696	8	6	0.088455968	0.066389613	0.103006609	0.113876998	0.082931563	0.078395218	0.130725011	0.086733229	0.130561650	0.118924141
1697	6	6	0.103767999	0.063298404	0.074405119	0.074826375	0.090711109	0.087043293	0.208926007	0.074045062	0.125612572	0.097364046
1698	9	9	0.064435720	0.093707159	0.056823619	0.041164313	0.075341836	0.086043343	0.079646952	0.103962176	0.101889394	0.296985537
1699	0	9	0.149563268	0.037344690	0.019327654	0.075087100	0.120536141	0.085933730	0.125970334	0.059381809	0.097821914	0.229033411
1700	0	0	0.231799632	0.057869669	0.091296166	0.109999284	0.085675292	0.068452053	0.108190604	0.056976497	0.108552016	0.081188805
1701	9	9	0.057929851	0.051173665	0.031535048	0.053671259	0.107721299	0.079904333	0.077491947	0.085121974	0.087501056	0.367949605
1702	4	4	0.076459363	0.094035387	0.132402197	0.068338096	0.182425812	0.057020806	0.104704089	0.115109868	0.093364269	0.076140128
1703	3	6	0.145836905	0.049060632	0.083820313	0.118378654	0.082732059	0.084759749	0.157561943	0.072789095	0.116561666	0.088498943
1704	7	7	0.086692654	0.120002069	0.091098726	0.068310268	0.106390417	0.054287713	0.106967844	0.200523064	0.087248392	0.078478843
1705	3	3	0.112622589	0.070311725	0.056536645	0.162399560	0.075085610	0.106189124	0.140560701	0.080825619	0.109942921	0.085525528
1706	2	2	0.101387829	0.075552657	0.194987640	0.058729276	0.087844014	0.071937785	0.108362317	0.158465624	0.062641330	0.080091417
1707	1	1	0.064456455	0.206661656	0.145517632	0.111559957	0.079107359	0.061875205	0.087372996	0.093282118	0.069854468	0.080312155
1708	1	1	0.079115763	0.211544380	0.135830551	0.076376371	0.080257013	0.072417811	0.075997926	0.111813948	0.077650405	0.078995861
1709	2	2	0.092298143	0.098361179	0.169063926	0.079678595	0.077907331	0.075172909	0.112497590	0.126271561	0.086612321	0.082136489
1710	1	1	0.063234523	0.165353894	0.067485303	0.091911688	0.128370032	0.064856559	0.072383448	0.111458413	0.102473684	0.132472485
1711	4	4	0.068919554	0.084212787	0.109789133	0.074483454	0.206506163	0.031498782	0.083928384	0.101869427	0.155652747	0.083139628
1712	1	1	0.065574013	0.225150749	0.090183482	0.114637189	0.091872245	0.048176244	0.062640049	0.114582904	0.096989751	0.090193294
1713	9	9	0.127747580	0.057823319	0.079028182	0.109800525	0.069130048	0.102350287	0.093254730	0.053944286	0.101046704	0.205874369
1714	2	2	0.063671581	0.082926393	0.174690634	0.105490454	0.109196767	0.048479404	0.080264099	0.135070026	0.112596877	0.087613665
1715	8	8	0.123247758	0.087951198	0.094300739	0.098419532	0.085223958	0.072653174	0.093819112	0.065477528	0.169727385	0.109179594
1716	2	2	0.093258359	0.094378851	0.175989449	0.073466055	0.092864662	0.090598099	0.096172072	0.140154392	0.072968423	0.070149623
1717	3	0	0.165029392	0.083662458	0.059522334	0.115520269	0.081186652	0.087668613	0.141856089	0.071598418	0.093537375	0.100418501
1718	2	2	0.099831454	0.074565873	0.161246315	0.093007982	0.072254874	0.095728293	0.129208311	0.101023011	0.067147948	0.105985969
1719	9	9	0.082464904	0.033651125	0.018956291	0.083934337	0.109863959	0.092290610	0.086119071	0.063827127	0.097689375	0.331203163
1720	3	3	0.133994043	0.084619090	0.076316416	0.153326869	0.079364866	0.101825669	0.101882741	0.075721703	0.108594961	0.084353693
1721	6	6	0.134737387	0.061560910	0.057925120	0.104492962	0.076022111	0.110624783	0.178735048	0.069829620	0.115862906	0.090209149
1722	1	1	0.080981173	0.201640412	0.143056497	0.081446409	0.081808329	0.065212950	0.070036843	0.114655942	0.082082748	0.079078726
1723	7	7	0.122887306	0.100685701	0.096566238	0.052481744	0.088784985	0.045649856	0.095938921	0.200788945	0.117465347	0.078750923
1724	5	5	0.068708159	0.056191392	0.048710655	0.090157323	0.118449204	0.160900801	0.112803333	0.114728555	0.110888496	0.118462086
1725	3	9	0.133773357	0.071331479	0.082249120	0.134680048	0.069368199	0.067480870	0.129307494	0.061535414	0.107200444	0.143073618
1726	1	1	0.058476165	0.245998845	0.152023777	0.098727994	0.085230388	0.062300969	0.072896838	0.092829414	0.061627124	0.069888517
1727	8	8	0.099479064	0.040326580	0.035549756	0.086799674	0.096435353	0.075173169	0.159704760	0.064269014	0.246458843	0.095803730
1728	5	6	0.093449406	0.052257665	0.041828040	0.079226673	0.091497153	0.141059026	0.179489300	0.121414825	0.106079467	0.093698449
1729	5	3	0.083031364	0.085402057	0.058379013	0.140424728	0.099189863	0.138152763	0.079940692	0.120918110	0.094953209	0.099608228
1730	1	1	0.086006001	0.202209994	0.135601044	0.092788428	0.095742442	0.060064822	0.079509482	0.098972090	0.068266407	0.080839239
1731	0	0	0.187919676	0.051572837	0.101107761	0.067523763	0.068486273	0.063583285	0.133342147	0.077850848	0.113544807	0.135068491
1732	5	6	0.103521951	0.048360594	0.055636469	0.093948722	0.096442834	0.113432027	0.202822462	0.084188282	0.127160773	0.074485868
1733	6	6	0.161689609	0.040408786	0.044221193	0.073883712	0.069681920	0.071445733	0.213057086	0.066701286	0.165504128	0.093406543
1734	6	8	0.165512726	0.035248011	0.051031403	0.104741372	0.106247373	0.048263371	0.153425038	0.078065947	0.171810046	0.085654750
1735	0	0	0.184072718	0.055973906	0.048309285	0.073896177	0.091785543	0.072096571	0.156967908	0.099413253	0.101563834	0.115920857
1736	7	7	0.053266414	0.072425649	0.061172623	0.068571948	0.098235577	0.090486057	0.090806551	0.214359134	0.085205510	0.165470511
1737	3	9	0.087250933	0.048032068	0.026612973	0.099371888	0.135800496	0.085514255	0.134145036	0.076322295	0.135604665	0.171345428
1738	7	7	0.049333338	0.068049796	0.078457922	0.082684107	0.073807277	0.053580176	0.064501323	0.319838673	0.085719399	0.124027915
1739	1	1	0.084983185	0.196540818	0.130395129	0.071478829	0.093696393	0.069825403	0.095778748	0.086236648	0.076710358	0.094354391
1740	9	9	0.078510851	0.058368631	0.049690042	0.084869534	0.103911042	0.103143424	0.106338650	0.130920634	0.071979351	0.212267831
1741	2	2	0.068158664	0.086853608	0.189225525	0.091181658	0.111683793	0.047358375	0.101266675	0.117308758	0.115639463	0.071323469
1742	1	1	0.055787116	0.238242060	0.164331272	0.088891871	0.072158031	0.054901786	0.096594267	0.091767572	0.050612502	0.086713590
1743	4	4	0.072913997	0.082992740	0.110791698	0.081788495	0.205184534	0.058634695	0.093722254	0.103601903	0.117892720	0.072476946
1744	9	8	0.146330550	0.046202227	0.071517147	0.084713392	0.068472654	0.074856997	0.144149646	0.100491218	0.164013669	0.099252447
1745	7	7	0.086153097	0.103228047	0.113179296	0.055677764	0.107988082	0.050214369	0.071819894	0.244076282	0.094017319	0.073645860
1746	8	8	0.112997174	0.092649005	0.084736422	0.114963137	0.089675725	0.089662388	0.111667506	0.079413317	0.152267784	0.071967550
1747	8	8	0.148634195	0.072474912	0.070752844	0.090374544	0.088379003	0.103821531	0.120200694	0.053609710	0.160183191	0.091569349
1748	0	0	0.172603771	0.035649173	0.026396252	0.066184707	0.116179109	0.097988263	0.136112049	0.082610779	0.108760394	0.157515585
1749	3	3	0.082703754	0.087965861	0.111878619	0.164558947	0.082428224	0.067739926	0.076832667	0.094629973	0.098492734	0.132769242
1750	7	7	0.065567844	0.070334248	0.093162686	0.078152217	0.080041163	0.087616131	0.086938590	0.205949441	0.090353891	0.141883746
1751	1	1	0.067424923	0.262261063	0.094863944	0.074052669	0.072565816	0.044064846	0.092010543	0.084671110	0.092595637	0.115489505
1752	2	2	0.073225833	0.072238512	0.200448781	0.094993249	0.094697721	0.054331742	0.084489092	0.129802004	0.098082781	0.097690381
1753	5	5	0.083497897	0.048962682	0.058662582	0.099758320	0.089259788	0.197366104	0.124127589	0.092225142	0.119094104	0.087045819
1754	8	8	0.136339471	0.030494623	0.046074361	0.076125726	0.085890621	0.060978372	0.178174973	0.069880284	0.235543698	0.080497853
1755	7	7	0.084187731	0.123752490	0.101811610	0.086738728	0.102039538	0.048679039	0.083712868	0.202790022	0.079602875	0.086685151
1756	3	6	0.133565947	0.055485863	0.061371107	0.127239943	0.084184945	0.070425138	0.188732401	0.075418867	0.119844534	0.083731294
1757	5	6	0.105291605	0.046468813	0.044751201	0.126100421	0.068231605	0.169099271	0.169259429	0.089961335	0.115549117	0.065287217
1758	1	1	0.060699485	0.293611646	0.064098418	0.059171125	0.089727484	0.057362713	0.080421627	0.095671661	0.097265065	0.101970732
1759	6	6	0.120925277	0.039596662	0.067303747	0.083372414	0.082749531	0.115734711	0.191816673	0.085265100	0.145052835	0.068182968
1760	2	2	0.062250528	0.102934815	0.229351401	0.080809914	0.068147674	0.048623357	0.106100731	0.168673545	0.057720587	0.075387388
1761	5	5	0.068018802	0.076186627	0.049270179	0.088774316	0.104627863	0.143521264	0.128355786	0.140566304	0.092557602	0.108121246
1762	7	7	0.060091686	0.072288372	0.113095619	0.099696338	0.077649243	0.105133206	0.073034115	0.230148703	0.063231558	0.105631188
1763	9	9	0.063867159	0.064995348	0.026781581	0.068467893	0.122420996	0.061277010	0.058502503	0.068673797	0.080223054	0.384790689
1764	3	9	0.115080841	0.077426113	0.081684299	0.131710127	0.079430722	0.080587894	0.092215471	0.073346317	0.121779323	0.146738902
1765	4	6	0.076145083	0.105293274	0.106317878	0.105381191	0.089600079	0.052781239	0.136946991	0.104773462	0.117497519	0.105263300
1766	4	8	0.067395449	0.066858575	0.114558466	0.077772260	0.151074752	0.045610640	0.090463445	0.119548544	0.154750928	0.111966930
1767	6	8	0.123331562	0.060257208	0.067695506	0.086604550	0.077828430	0.090608835	0.156061411	0.087024823	0.161405385	0.089182280
1768	1	1	0.090126947	0.169768661	0.097906619	0.097696677	0.100066632	0.042757317	0.077729493	0.125168741	0.116729043	0.082049862
1769	3	3	0.118381664	0.076010294	0.085629284	0.163943261	0.072547540	0.103168160	0.098743990	0.106231637	0.095973603	0.079370610
1770	2	9	0.084118940	0.101118796	0.133910403	0.136152491	0.065024547	0.057773326	0.094933622	0.094678685	0.093124807	0.139164388
1771	8	8	0.124114446	0.074404977	0.053635404	0.101834767	0.085221313	0.097165443	0.102135532	0.076817371	0.144439206	0.140231505
1772	8	8	0.132836074	0.031396162	0.035968795	0.126122028	0.060947344	0.059890866	0.130682588	0.050547656	0.299123228	0.072485179
1773	0	0	0.212750614	0.069916308	0.098130479	0.098203883	0.071388640	0.063203648	0.110959895	0.062845677	0.110229716	0.102371193
1774	3	3	0.089659065	0.093639031	0.088008821	0.184726298	0.076588847	0.088740669	0.089766435	0.096592881	0.093430378	0.098847568
1775	4	4	0.087784082	0.060360014	0.094403028	0.099230483	0.171001643	0.064230829	0.112648502	0.090864256	0.127958030	0.091519102
1776	5	5	0.097481437	0.082949042	0.065522425	0.073905729	0.110298738	0.152241215	0.101536609	0.097997420	0.113331333	0.104736097
1777	9	9	0.088145785	0.069463387	0.039157145	0.082216360	0.115847975	0.090599522	0.073417664	0.068912454	0.123172268	0.249067396
1778	1	1	0.091035888	0.218001097	0.148581043	0.097824045	0.072585151	0.050839912	0.075226746	0.112114839	0.062853247	0.070938058
1779	2	2	0.101003528	0.099939831	0.168390483	0.100605361	0.079349369	0.059765633	0.086618103	0.144371867	0.087734826	0.072221003
1780	7	7	0.076593071	0.173921674	0.123656146	0.110887572	0.071043208	0.034619201	0.070900239	0.182193667	0.088942096	0.067243084
1781	0	0	0.179071397	0.056662515	0.066251032	0.109517090	0.064484641	0.075400248	0.105453119	0.100784011	0.151102662	0.091273285
1782	3	3	0.109283768	0.086426809	0.079797596	0.131533772	0.078310452	0.106668457	0.102679148	0.116581134	0.099126630	0.089592196
1783	5	5	0.089020938	0.055756122	0.063981049	0.085377969	0.104663216	0.172739491	0.143428385	0.084975228	0.119161844	0.080895789
1784	5	6	0.094368659	0.040064465	0.063407086	0.130103111	0.067054212	0.153412312	0.176287025	0.092473902	0.092220910	0.090608336
1785	9	3	0.131280035	0.053831264	0.059710827	0.135818675	0.085666254	0.072117411	0.132792741	0.069982313	0.129148558	0.129651919
1786	1	1	0.065132610	0.168753147	0.093172051	0.085727401	0.116126873	0.049852639	0.104466699	0.141787007	0.082072653	0.092908882
1787	8	8	0.134065539	0.074846596	0.039004847	0.064253531	0.083993912	0.086570740	0.123569109	0.056680333	0.202617496	0.134397924
1788	8	8	0.110452205	0.056220770	0.052908495	0.097069532	0.075974390	0.082781442	0.125609636	0.082944818	0.232932955	0.083105788
1789	4	6	0.098617263	0.096526958	0.093332678	0.096783325	0.113641322	0.095053606	0.131161600	0.098379083	0.081011072	0.095493115
1790	0	0	0.175687313	0.091405608	0.094994813	0.123117261	0.069626994	0.078367896	0.090826675	0.109647788	0.081252076	0.085073657
1791	6	6	0.109917864	0.055944484	0.057708122	0.096230887	0.110093690	0.057000060	0.209574267	0.107253276	0.128086910	0.068190448
1792	0	0	0.228468880	0.062568158	0.072115511	0.120985880	0.065760113	0.087111920	0.089693628	0.052076336	0.117244400	0.103975199
1793	9	9	0.066942222	0.078042753	0.030946279	0.049085055	0.130483329	0.085213311	0.056279294	0.092379391	0.108306952	0.302321434
1794	1	1	0.066439621	0.179830313	0.139328301	0.138327301	0.086355917	0.054448564	0.074950270	0.121954769	0.073060378	0.065304622
1795	3	3	0.119676746	0.053047281	0.061979346	0.208580106	0.064343415	0.076985784	0.135295913	0.084607631	0.148515120	0.046968661
1796	2	2	0.074344650	0.091307051	0.171585917	0.072191834	0.116409101	0.037237145	0.084556617	0.142384395	0.121775307	0.088207960
1797	7	7	0.063241743	0.089705303	0.081573941	0.056677666	0.079091303	0.059048422	0.075028121	0.319593012	0.076227851	0.099812642
1798	1	1	0.071599424	0.192976236	0.166007683	0.104513533	0.062945366	0.062338829	0.085383512	0.092873655	0.071478434	0.089883350
1799	0	9	0.132338628	0.043416623	0.033523485	0.083136626	0.121762656	0.094210178	0.133701980	0.078479327	0.105284385	0.174146175
1800	6	6	0.115190946	0.057427201	0.072723232	0.102208354	0.098309331	0.072057538	0.195447803	0.104844145	0.108905852	0.072885558
1801	4	9	0.057865262	0.081227489	0.052322045	0.058561660	0.174713418	0.050777152	0.087644599	0.110516354	0.121367484	0.205004558
1802	8	8	0.097448416	0.042766757	0.074054614	0.094836071	0.075888254	0.096356511	0.162804678	0.079518825	0.195671961	0.080653951
1803	4	4	0.062585101	0.095737480	0.059092898	0.058799662	0.198525965	0.043922745	0.093975842	0.090744339	0.114166029	0.182449952
1804	1	1	0.086674362	0.219355389	0.098261535	0.053260569	0.086859144	0.061469670	0.100909792	0.088778429	0.084518351	0.119912855
1805	8	9	0.079017319	0.109900475	0.073052533	0.125082403	0.091211036	0.078739688	0.074395016	0.092517376	0.132503673	0.143580526
1806	5	6	0.095786057	0.061106540	0.071069524	0.114507727	0.077111311	0.123897217	0.154003158	0.106855609	0.105497845	0.090165041
1807	3	7	0.104206577	0.066152245	0.092182867	0.126065731	0.087475896	0.106500529	0.109933838	0.135651633	0.088731050	0.083099619
1808	8	8	0.079662420	0.052216113	0.033654880	0.102328762	0.110361278	0.069414988	0.118191861	0.086518764	0.199823290	0.147827610
1809	6	6	0.076513000	0.046874009	0.098454349	0.089649595	0.070561089	0.094036147	0.256137013	0.087279424	0.065719388	0.114775963
1810	8	8	0.114366688	0.048374724	0.097509369	0.098377310	0.088599436	0.090753563	0.128058642	0.062974222	0.186495036	0.084490977
1811	6	0	0.178313509	0.061475676	0.059513710	0.100860529	0.087251708	0.104059383	0.115016162	0.071121089	0.130152091	0.092236131
1812	3	3	0.085904375	0.092628427	0.089656316	0.143896267	0.101606689	0.083981253	0.074408665	0.086003952	0.118050709	0.123863317
1813	8	6	0.103301004	0.049852867	0.049252842	0.073728859	0.108675338	0.076060981	0.200104639	0.067526415	0.191773176	0.079723909
1814	9	9	0.114513442	0.063098215	0.045170419	0.077783622	0.077595480	0.113172390	0.090042159	0.062527575	0.132289156	0.223807409
1815	6	6	0.079254515	0.040012501	0.078725219	0.081970423	0.121712394	0.074618392	0.260110021	0.067878924	0.118922740	0.076794870
1816	2	2	0.060028773	0.084020317	0.197377890	0.083947629	0.117629804	0.029831503	0.074913375	0.171337217	0.110901855	0.070011549
1817	8	8	0.116820246	0.063513070	0.075606093	0.105312817	0.087590940	0.072134420	0.100156069	0.061392881	0.224256411	0.093217082
1818	2	2	0.068729810	0.092861645	0.193253770	0.092680097	0.083156869	0.036857139	0.127580926	0.146569371	0.086603761	0.071706623
1819	8	8	0.076494776	0.061608937	0.057913765	0.097562380	0.064605363	0.073405281	0.123420231	0.076254778	0.230843648	0.137890816
1820	8	8	0.118620887	0.049965560	0.064015791	0.087780759	0.089138895	0.066464648	0.161696017	0.083214335	0.183262601	0.095840506
1821	2	2	0.093875743	0.072541967	0.152233854	0.076876633	0.096230313	0.109014183	0.122489817	0.088971943	0.075999819	0.111765653
1822	5	5	0.084988631	0.059431028	0.085380025	0.102899812	0.075445049	0.212211266	0.086174712	0.126851305	0.082316943	0.084301129
1823	0	0	0.169165656	0.079235293	0.071803696	0.082852587	0.090308964	0.081057161	0.127770558	0.062759273	0.122784115	0.112262636
1824	7	4	0.075493433	0.118412480	0.066994615	0.092607699	0.139003128	0.081538729	0.088471569	0.117004588	0.102512926	0.117960818
1825	1	1	0.081832007	0.201661110	0.089329131	0.095183253	0.110477328	0.080236584	0.089259282	0.089142449	0.076549456	0.086329401
1826	6	6	0.076011337	0.045075148	0.095852971	0.085867010	0.076792039	0.086079270	0.255658597	0.081411779	0.085839480	0.111412369
1827	9	9	0.118205056	0.044161063	0.042043526	0.069332942	0.115832083	0.101190254	0.102000229	0.107417062	0.128796667	0.171021089
1828	4	1	0.088350959	0.130854055	0.097228341	0.069577694	0.127171665	0.088563643	0.114076398	0.089333497	0.087967694	0.106876045
1829	7	7	0.067892879	0.076907702	0.108791456	0.082473710	0.090703987	0.040188923	0.087508760	0.262016714	0.103445858	0.080069989
1830	1	1	0.100502856	0.169420615	0.105864301	0.079149291	0.138857633	0.069949828	0.077483006	0.110085264	0.076093502	0.072593674
1831	1	1	0.081849806	0.233884782	0.133619621	0.064909473	0.084242240	0.050955426	0.116083927	0.075667933	0.060504064	0.098282658
1832	8	8	0.096221067	0.056474842	0.050678518	0.075878657	0.069758475	0.090084821	0.152405947	0.082747683	0.234538600	0.091211431
1833	9	9	0.124317162	0.041372508	0.083619870	0.109409109	0.075933389	0.092192344	0.140133634	0.066429414	0.119804576	0.146787941
1834	7	7	0.070403375	0.092169054	0.093712524	0.075957134	0.090070710	0.044855289	0.087773807	0.239548907	0.082173161	0.123336002
1835	6	6	0.087720536	0.036751661	0.082684994	0.077630110	0.076616749	0.098557696	0.290429801	0.077596560	0.082189307	0.089822575
1836	1	1	0.061656855	0.277126104	0.151327044	0.104169570	0.067333743	0.051169455	0.071548216	0.093140244	0.049926359	0.072602458
1837	7	7	0.047570426	0.068967752	0.060319502	0.061897136	0.106332310	0.058049303	0.062111303	0.343947470	0.058434512	0.132370248
1838	3	6	0.108847283	0.038416330	0.059434380	0.115030482	0.063252643	0.120611161	0.163223475	0.118507631	0.135382310	0.077294268
1839	2	2	0.083486997	0.086366311	0.138522461	0.090583608	0.073989443	0.041246321	0.104898214	0.105293125	0.138046458	0.137567118
1840	4	4	0.064742193	0.052852940	0.069679506	0.087495022	0.240382195	0.072322816	0.078006111	0.104515761	0.090548292	0.139455184
1841	7	7	0.042563144	0.083886512	0.052346185	0.058528863	0.115880355	0.049262512	0.056841169	0.325713813	0.060036395	0.154941022
1842	4	4	0.062739074	0.078961052	0.110593691	0.075907856	0.259387851	0.037532218	0.065714054	0.106024347	0.120881081	0.082258835
1843	9	9	0.095015764	0.038114153	0.019206297	0.055884141	0.077494763	0.091638103	0.091790698	0.060715828	0.134478599	0.335661680
1844	8	8	0.107170589	0.043939650	0.063676633	0.082213178	0.084714226	0.068451710	0.170705691	0.076933198	0.229778647	0.072416507
1845	1	1	0.080145977	0.190722063	0.076911107	0.072477788	0.112883084	0.073563166	0.069345690	0.109813608	0.084217392	0.129920170
1846	6	8	0.133283079	0.046133369	0.045584649	0.070624389	0.085880868	0.052589640	0.141648218	0.080615908	0.209090024	0.134549871
1847	1	1	0.081834942	0.268594563	0.115326583	0.083133526	0.078892596	0.058927774	0.060755208	0.100469790	0.083742946	0.068322018
1848	0	0	0.189251959	0.050200343	0.073201664	0.110438660	0.093864419	0.072118692	0.122381605	0.069347441	0.134381816	0.084813438
1849	1	1	0.062981188	0.208573163	0.084553711	0.093628503	0.123305045	0.046597734	0.071212195	0.134823412	0.086586758	0.087738276
1850	2	2	0.109877639	0.082500331	0.234469637	0.054598510	0.076462157	0.063320220	0.131982997	0.109383427	0.063420825	0.073984206
1851	8	8	0.116235912	0.040681716	0.078066818	0.109596841	0.097354636	0.055311002	0.154248327	0.085218705	0.164643422	0.098642632
1852	9	9	0.089967608	0.050620560	0.024705572	0.089495383	0.107025281	0.074838154	0.065293923	0.051714282	0.086552866	0.359786391
1853	7	7	0.070962526	0.091244414	0.091098487	0.067886278	0.121368103	0.047506500	0.075233452	0.261009574	0.088616289	0.085074358
1854	4	4	0.064031072	0.072137274	0.102925487	0.062698744	0.244457364	0.048208911	0.079259746	0.111092716	0.119050480	0.096138120
1855	2	2	0.089394614	0.076813236	0.232130438	0.067620799	0.104472093	0.047314677	0.083539911	0.121158808	0.103848256	0.073707126
1856	6	6	0.091206759	0.028185945	0.054525830	0.071573004	0.069261193	0.099417269	0.338027716	0.061526991	0.096854754	0.089420520
1857	0	0	0.257537842	0.036214095	0.038530599	0.076917008	0.063286871	0.062324014	0.200903192	0.054600842	0.116405591	0.093279928
1858	8	8	0.093913339	0.049578063	0.048942491	0.111935928	0.076546766	0.076908983	0.163412184	0.077671871	0.220906898	0.080183454
1859	8	8	0.129778638	0.058485970	0.056341868	0.099753365	0.090068914	0.063695967	0.112623192	0.054007407	0.219907746	0.115336925
1860	9	9	0.067154840	0.038282838	0.022668835	0.056505129	0.126991555	0.105619796	0.078080870	0.063187405	0.090947531	0.350561261
1861	6	6	0.149963677	0.045312125	0.050941166	0.094400764	0.068161063	0.050067849	0.185373485	0.073170215	0.183772489	0.098837107
1862	0	0	0.218949988	0.046267070	0.056846689	0.108550109	0.069241449	0.066962697	0.141012534	0.076253235	0.110038444	0.105877891
1863	6	6	0.122629814	0.068524949	0.054521389	0.064516999	0.076218694	0.140476644	0.164241999	0.058406383	0.129923269	0.120539784
1864	9	9	0.087606132	0.086382568	0.040056486	0.061188206	0.087533034	0.043563016	0.065930083	0.063372709	0.100658283	0.363709450
1865	4	1	0.086636253	0.139981285	0.071485296	0.045407448	0.114114955	0.101750426	0.131590053	0.082122669	0.093605310	0.133306354
1866	7	7	0.071354166	0.150862828	0.111818232	0.084147796	0.092231803	0.059782155	0.085513547	0.171303809	0.098440215	0.074545510
1867	5	6	0.088841736	0.036053147	0.079311140	0.099421188	0.055561464	0.176177457	0.193388179	0.084168524	0.095954955	0.091122173
1868	9	9	0.088697977	0.060898144	0.062617563	0.090049863	0.088907808	0.113610812	0.111798286	0.108575545	0.084562562	0.190281436
1869	1	1	0.102066331	0.194969073	0.121949531	0.080202796	0.066779152	0.073776238	0.116349749	0.084664747	0.079244174	0.079998195
1870	1	1	0.073450238	0.258057475	0.062678643	0.060706399	0.089890897	0.060824730	0.063260943	0.098315276	0.118010856	0.114804566
1871	4	4	0.067178890	0.046311777	0.065447830	0.062275279	0.320748866	0.051898111	0.071047142	0.087271698	0.099814922	0.128005460
1872	5	5	0.071544729	0.043644741	0.095068894	0.078833222	0.076408640	0.188466042	0.162490562	0.088151254	0.084527269	0.110864624
1873	0	0	0.155138567	0.069290124	0.086377025	0.075080827	0.097507887	0.093932971	0.143895060	0.086951390	0.091701820	0.100124322
1874	5	5	0.065203652	0.064930007	0.046883076	0.082891569	0.136761576	0.142802179	0.096304059	0.126308531	0.100920856	0.136994481
1875	3	3	0.112548910	0.047622718	0.073273472	0.154791638	0.074971922	0.104203150	0.147552252	0.085708737	0.129111856	0.070215330
1876	8	8	0.116749257	0.048175827	0.079521917	0.136314303	0.081302039	0.063771099	0.123333149	0.080805436	0.169093862	0.100933075
1877	6	6	0.098933779	0.049553987	0.095391996	0.100114070	0.079466566	0.096152730	0.211154431	0.090510048	0.083439834	0.095282495
1878	8	8	0.089963689	0.037883125	0.038804129	0.107121289	0.101725325	0.053640418	0.156380087	0.061832331	0.238003373	0.114646271
1879	5	5	0.088195793	0.047458149	0.038596161	0.090497665	0.103052050	0.216917962	0.115148284	0.097442247	0.133043736	0.069648005
1880	3	6	0.097448923	0.057317682	0.047573719	0.157094464	0.082486041	0.086405665	0.182169527	0.073194005	0.106845878	0.109464169
1881	1	1	0.064661711	0.175424978	0.062165063	0.072990395	0.136047527	0.074496180	0.077770397	0.108728245	0.074352771	0.153362691
1882	4	9	0.053846847	0.053857308	0.046349969	0.088117070	0.159587353	0.082380883	0.077782571	0.104427703	0.079413481	0.254236817
1883	8	8	0.101334669	0.035531510	0.071703382	0.107683197	0.076336466	0.040563338	0.141508147	0.066853739	0.242238507	0.116247103
1884	1	1	0.071699254	0.236408830	0.096016087	0.058186591	0.086013570	0.050484009	0.088804200	0.097072102	0.098511375	0.116803929
1885	9	9	0.101023145	0.064089738	0.058172818	0.095072374	0.089331053	0.052808750	0.090397134	0.079845019	0.093566090	0.275693893
1886	5	8	0.092507355	0.099770010	0.080242090	0.112557746	0.097411416	0.098606266	0.103728563	0.102333628	0.123132147	0.089710765
1887	6	6	0.157042876	0.041467324	0.039398700	0.112259246	0.072710261	0.088420026	0.250060558	0.048550609	0.107583143	0.082507290
1888	6	6	0.110814802	0.051236972	0.082648702	0.075930424	0.093792513	0.107940249	0.206157744	0.095006146	0.087266445	0.089206107
1889	6	6	0.086804554	0.072472960	0.073366143	0.060462490	0.095540598	0.080294020	0.181114748	0.085489281	0.140341118	0.124114096
1890	8	8	0.113812864	0.081159048	0.077780455	0.078576207	0.068687506	0.061639637	0.137421548	0.104626037	0.166808963	0.109487720
1891	9	9	0.064435363	0.064009026	0.016861442	0.039301403	0.107017189	0.091056451	0.066592485	0.057007346	0.089701042	0.404018313
1892	3	3	0.117381789	0.075748630	0.086909093	0.230300084	0.079209723	0.076896429	0.095418975	0.079910874	0.089519970	0.068704441
1893	7	7	0.070040174	0.092917182	0.118543714	0.063775696	0.099011742	0.073073216	0.078775741	0.218031436	0.093720965	0.092110060
1894	9	9	0.082936354	0.084171072	0.052783377	0.064168014	0.108064376	0.119552940	0.092002012	0.089863621	0.098678187	0.207780063
1895	8	8	0.090107523	0.036814813	0.048546813	0.097680092	0.102323554	0.048866283	0.140873715	0.075315908	0.288591176	0.070880130
1896	5	6	0.090715632	0.033569336	0.072951265	0.077055290	0.086423457	0.171173245	0.208725721	0.084161490	0.092420176	0.082804404
1897	5	5	0.098168321	0.082093678	0.075678401	0.100872740	0.090302460	0.122039907	0.100084044	0.115835987	0.106650136	0.108274415
1898	3	6	0.107377879	0.080606937	0.066897191	0.112739787	0.100784481	0.102268606	0.132438242	0.076652847	0.106314339	0.113919653
1899	5	5	0.092151813	0.032984871	0.062314976	0.107503235	0.064016640	0.214237973	0.159848765	0.073018976	0.114629619	0.079293102
1900	2	2	0.090025850	0.066356033	0.168574005	0.089111581	0.068016849	0.067666352	0.094322488	0.111653656	0.097395353	0.146877781
1901	5	7	0.099146739	0.066622019	0.061780740	0.109033421	0.085245386	0.113345981	0.110025920	0.130703032	0.120098487	0.103998341
1902	7	7	0.075213209	0.094342150	0.123884186	0.064283013	0.102881394	0.059484303	0.074409634	0.232546240	0.082758218	0.090197600
1903	1	1	0.058530271	0.315889984	0.069363445	0.057021413	0.082565114	0.053118404	0.076701470	0.114799738	0.085028291	0.086981848
1904	6	6	0.097529262	0.056902122	0.080328465	0.069777414	0.071710132	0.132512212	0.231892392	0.068505429	0.080187745	0.110654861
1905	7	7	0.050704122	0.066576928	0.063754953	0.055037320	0.077326506	0.039315529	0.048795495	0.431181639	0.059325457	0.107981987
1906	5	5	0.087498955	0.052101053	0.069783419	0.103104219	0.067332312	0.180405691	0.159415200	0.071490645	0.101647556	0.107220918
1907	8	8	0.084810577	0.041678242	0.042441402	0.094456576	0.109842375	0.058437899	0.143347263	0.084335051	0.235840291	0.104810327
1908	2	2	0.065940350	0.101450823	0.150478736	0.099954270	0.094398245	0.052973937	0.087634735	0.124229141	0.130873382	0.092066363
1909	3	8	0.109746143	0.045514651	0.057125770	0.107159540	0.085676208	0.115332641	0.147588789	0.069248684	0.182925016	0.079682618
1910	4	4	0.068218768	0.105938964	0.117767900	0.066438138	0.175651580	0.060025990	0.078982472	0.118640758	0.107444912	0.100890554
1911	5	5	0.069351509	0.065075375	0.049533118	0.093044370	0.124775618	0.194645613	0.094758630	0.113030404	0.098375246	0.097410157
1912	9	9	0.058260303	0.103466712	0.068645395	0.051928084	0.103648685	0.051729292	0.073687688	0.136611268	0.139831692	0.212190911
1913	8	8	0.094033584	0.063098773	0.053497758	0.166627571	0.078957476	0.062570192	0.104835555	0.081847616	0.221277848	0.073253587
1914	3	3	0.118391410	0.076641269	0.090539739	0.127246469	0.077687763	0.103980720	0.092187755	0.083951697	0.115167797	0.114205390
1915	8	8	0.099319600	0.043121330	0.058246762	0.109261498	0.099558346	0.051892959	0.141895905	0.077437952	0.234320760	0.084944904
1916	5	6	0.103006937	0.055200193	0.047434960	0.105125047	0.075872764	0.122610331	0.200496301	0.095682144	0.108334675	0.086236641
1917	6	6	0.163926288	0.052726015	0.083711840	0.075587422	0.081245892	0.077705279	0.164077356	0.055480689	0.152048692	0.093490504
1918	1	1	0.074854247	0.228084579	0.120041370	0.073994972	0.079266004	0.076174803	0.078976899	0.083585836	0.085372783	0.099648595
1919	9	9	0.065190770	0.051447421	0.024761040	0.074469753	0.107751295	0.051655751	0.070877664	0.059698261	0.071018636	0.423129469
1920	8	8	0.113335662	0.057800710	0.053253401	0.126170874	0.080851302	0.076734796	0.120622911	0.072846219	0.214305863	0.084078260
1921	7	7	0.086374342	0.088738672	0.096867479	0.070445225	0.106961384	0.048646588	0.083808787	0.259085685	0.079052575	0.080019258
1922	6	8	0.160765991	0.043947782	0.070367925	0.113626041	0.089079663	0.045332301	0.129662320	0.075269945	0.167550758	0.104397215
1923	7	7	0.095164493	0.109105267	0.115433291	0.059394896	0.078710489	0.040647864	0.061063204	0.297650248	0.081196539	0.061633699
1924	5	5	0.084897682	0.071262740	0.072577558	0.099508315	0.085975289	0.201880455	0.073551327	0.122163095	0.084061250	0.104122289
1925	8	8	0.100968890	0.057074714	0.088557601	0.089933328	0.094865546	0.073088109	0.075441383	0.061055802	0.286764205	0.072250374
1926	4	4	0.078168355	0.062260512	0.112856120	0.072601430	0.255044848	0.051612336	0.092559613	0.098053776	0.099794805	0.077048212
1927	2	2	0.069418497	0.086901441	0.175058335	0.090669118	0.095998786	0.046379130	0.113514937	0.163522199	0.086791039	0.071746513
1928	2	2	0.082014903	0.072524957	0.213530973	0.065298729	0.107386589	0.055590667	0.084959954	0.129399300	0.116557382	0.072736531
1929	8	6	0.111032672	0.044411752	0.050485440	0.107749529	0.100754961	0.081005573	0.187149927	0.067557424	0.179244921	0.070607834
1930	5	5	0.083515458	0.052032512	0.071394444	0.103349403	0.067885913	0.212155104	0.128739387	0.084846191	0.091702424	0.104379170
1931	5	5	0.090030923	0.036959853	0.080997318	0.080587134	0.078303561	0.224602431	0.145835027	0.079909436	0.095646180	0.087128021
1932	4	4	0.073702753	0.055577647	0.076780386	0.080473848	0.178736761	0.085819058	0.129254252	0.104887180	0.080249548	0.134518489
1933	6	6	0.090584688	0.063826703	0.053851876	0.069261245	0.120315313	0.083024807	0.203211889	0.126947209	0.130848140	0.058128197
1934	3	3	0.121907867	0.068672843	0.071814418	0.195348069	0.080294892	0.064012595	0.110336788	0.083537310	0.117183194	0.086892024
1935	5	5	0.082321845	0.069100626	0.047747698	0.078945935	0.110438496	0.161954790	0.096332490	0.109131031	0.095244132	0.148782998
1936	4	4	0.061199561	0.081299670	0.118675441	0.079059109	0.219316736	0.042402014	0.089796372	0.111701176	0.118245795	0.078304105
1937	3	3	0.078986779	0.056179632	0.084494278	0.200274915	0.075297065	0.056006923	0.098423325	0.081659257	0.147224054	0.121453807
1938	1	1	0.050787903	0.242745087	0.069234230	0.083611421	0.114324704	0.048075549	0.068131365	0.131131008	0.089518785	0.102439970
1939	4	4	0.051236819	0.043803502	0.061852433	0.064887561	0.267365336	0.069829091	0.081147455	0.097729795	0.090376101	0.171771854
1940	0	0	0.276538372	0.054008603	0.056165364	0.075248621	0.080153719	0.070995718	0.141048014	0.073560119	0.101938471	0.070343010
1941	1	1	0.069426052	0.195342019	0.110860646	0.068033457	0.078509256	0.053878579	0.080603927	0.110692851	0.120928980	0.111724153
1942	6	6	0.096220903	0.075119011	0.053069666	0.099058881	0.072718740	0.100876428	0.164426535	0.087563187	0.149526298	0.101420373
1943	5	6	0.092530631	0.073533691	0.056593791	0.096334875	0.094078258	0.092739150	0.157141060	0.107398674	0.145839155	0.083810680
1944	2	7	0.092265099	0.077887185	0.160466254	0.074083671	0.081516303	0.090768024	0.099571712	0.184109554	0.069046691	0.070285507
1945	3	0	0.163901582	0.072017215	0.063188955	0.134404182	0.071415290	0.089457825	0.109236926	0.067105189	0.119355425	0.109917440
1946	5	5	0.086137645	0.069450520	0.049112722	0.072947577	0.121110499	0.164668873	0.101087101	0.100186259	0.104248762	0.131050020
1947	3	3	0.092948996	0.086546928	0.093827099	0.154734761	0.088130109	0.059848860	0.075609446	0.078744434	0.125126258	0.144483119
1948	7	7	0.069490626	0.052428909	0.099549189	0.081133425	0.070115060	0.057977404	0.089312606	0.288037509	0.092020564	0.099934749
1949	3	9	0.132449552	0.075110957	0.091814138	0.113013789	0.089018770	0.069660738	0.120267846	0.062663846	0.112051912	0.133948445
1950	3	3	0.084453404	0.087090053	0.104133047	0.140530601	0.102352887	0.075798236	0.083277933	0.073801816	0.112774439	0.135787532
1951	8	8	0.095826089	0.051357884	0.058907751	0.102589928	0.064870358	0.066489205	0.157072276	0.092285551	0.221079901	0.089521110
1952	1	1	0.093123838	0.264953941	0.111299075	0.058878060	0.082523368	0.057545178	0.054384425	0.120257907	0.080286607	0.076747686
1953	3	0	0.128111362	0.099390604	0.107166976	0.090128161	0.084892683	0.103762284	0.093068466	0.101631097	0.109544851	0.082303561
1954	6	6	0.128972426	0.054520257	0.036658306	0.072549425	0.078397371	0.087857157	0.232791007	0.071432956	0.160132125	0.076688953
1955	6	6	0.126748666	0.033297881	0.052783765	0.081783287	0.071669459	0.037927743	0.247823402	0.083034895	0.180758953	0.084171936
1956	2	2	0.058195151	0.066967741	0.189030826	0.094855949	0.147194982	0.043709882	0.070206560	0.135529950	0.128359690	0.065949351
1957	4	4	0.077916943	0.075683363	0.110186711	0.119970478	0.181028113	0.051668327	0.076314032	0.112720080	0.114109039	0.080402903
1958	3	9	0.077592537	0.056670003	0.039628826	0.155815244	0.078692459	0.084050104	0.081994578	0.107045777	0.119269311	0.199241221
1959	8	6	0.130361661	0.057398222	0.070007563	0.091940232	0.080322377	0.067619927	0.165413007	0.072234027	0.155017778	0.109685220
1960	2	2	0.072026163	0.070187181	0.239585638	0.071718827	0.099126577	0.035522562	0.095811509	0.164809212	0.081529945	0.069682479
1961	9	3	0.127217218	0.078764640	0.086399399	0.158668518	0.079447374	0.077405468	0.076006420	0.057157595	0.104706712	0.154226586
1962	9	9	0.161017179	0.087056264	0.097742260	0.116610639	0.079693675	0.047590345	0.098108299	0.050413966	0.099579215	0.162188172
1963	8	8	0.103877924	0.048277587	0.070184097	0.113506325	0.095565833	0.058568362	0.078041963	0.058421835	0.296207547	0.077348545
1964	2	2	0.091513976	0.084466964	0.207649171	0.066403463	0.087816969	0.068145730	0.095213823	0.136013836	0.089752130	0.073024079
1965	4	5	0.078497991	0.127860934	0.068577617	0.044293277	0.130930871	0.132648006	0.126338869	0.086299427	0.092728019	0.111825019
1966	0	0	0.202928752	0.059212122	0.069723360	0.114655919	0.072859608	0.068679310	0.103860617	0.057702061	0.154500678	0.095877632
1967	7	7	0.036704358	0.058316801	0.051595215	0.053851131	0.083188027	0.048057310	0.053340212	0.445977956	0.055079404	0.113889635
1968	7	9	0.058764018	0.120569311	0.048796941	0.076652810	0.145709455	0.060204871	0.059706330	0.134734824	0.078761049	0.216100454
1969	9	9	0.098114215	0.056391496	0.093527570	0.058940187	0.081509262	0.114948131	0.143710524	0.083262213	0.076013580	0.193582788
1970	4	4	0.070204675	0.064033441	0.070028260	0.063242264	0.319498658	0.053648166	0.082489684	0.080631852	0.102748983	0.093474008
1971	1	1	0.090792552	0.219756439	0.123515680	0.071034819	0.094837919	0.072009929	0.070048377	0.101183690	0.080073684	0.076746888
1972	5	5	0.097543404	0.064163275	0.073921271	0.111748606	0.072851092	0.189470664	0.090318047	0.087866388	0.107675202	0.104441971
1973	1	1	0.070682608	0.182119176	0.121306241	0.133075163	0.079682723	0.044404946	0.110361226	0.087787248	0.074073784	0.096506886
1974	9	9	0.087924346	0.062952131	0.047488373	0.100665890	0.104629308	0.082752280	0.066166177	0.050591946	0.111487940	0.285341591
1975	6	6	0.122788928	0.048203390	0.055200491	0.089562766	0.077592924	0.076962300	0.247699618	0.076967202	0.140521288	0.064501084
1976	6	6	0.142111987	0.052343171	0.056756675	0.078166157	0.076640390	0.089045316	0.242889926	0.076462790	0.118578844	0.067004681
1977	6	6	0.094430611	0.037891231	0.054756783	0.124231704	0.091299571	0.060056787	0.275553942	0.071846284	0.128100425	0.061832592
1978	7	7	0.083250582	0.131902412	0.111795038	0.118921459	0.081081308	0.061626591	0.095169231	0.149400219	0.085457586	0.081395619
1979	0	0	0.218535423	0.073516876	0.068540029	0.074255079	0.088506207	0.059910968	0.121706784	0.066231288	0.135308087	0.093489274
1980	5	6	0.113054149	0.065414712	0.061781418	0.089646488	0.095270820	0.126665428	0.154516980	0.094038494	0.097125329	0.102486178
1981	1	1	0.087267980	0.202907041	0.105689645	0.106814601	0.081400409	0.061779559	0.062845230	0.109130763	0.107689306	0.074475534
1982	8	8	0.126780465	0.053137966	0.047386482	0.087069362	0.076920897	0.089952186	0.147809446	0.055793520	0.215464398	0.099685244
1983	9	9	0.060465377	0.096496940	0.046633448	0.056342810	0.084217310	0.075045511	0.086730525	0.091182791	0.156528950	0.246356368
1984	6	8	0.103574857	0.054399446	0.091483615	0.106746346	0.088756166	0.063982084	0.158737049	0.083429925	0.161261782	0.087628722
1985	4	6	0.077230319	0.123314135	0.114222735	0.085595638	0.095701911	0.049347520	0.134745896	0.097265691	0.127008080	0.095568068
1986	8	8	0.125454336	0.059694670	0.126598343	0.088620104	0.117450230	0.059218273	0.104141228	0.056197871	0.172747940	0.089876927
1987	1	1	0.098814704	0.167910323	0.142765850	0.093374379	0.071096733	0.059554808	0.091752395	0.117880993	0.079761334	0.077088520
1988	0	0	0.234898373	0.036117796	0.032606855	0.078041472	0.095004193	0.087044485	0.146008566	0.090239398	0.100420341	0.099618554
1989	6	6	0.114771128	0.056440715	0.055250838	0.062130816	0.076061562	0.128957450	0.184228539	0.060034581	0.114003092	0.148121327
1990	7	7	0.064221621	0.128152058	0.071990252	0.063190036	0.097842202	0.045649100	0.067480102	0.286008924	0.076888010	0.098577760
1991	8	8	0.112280473	0.035530344	0.058866981	0.103464246	0.064897910	0.060230665	0.112891272	0.050650727	0.329913914	0.071273483
1992	9	9	0.118770204	0.068109252	0.074517570	0.134866476	0.084401712	0.065972276	0.083602592	0.057053767	0.107058063	0.205648124
1993	8	6	0.085182741	0.054237749	0.040376984	0.136251345	0.080861464	0.077031843	0.144709066	0.101892315	0.142028809	0.137427688
1994	3	9	0.106945932	0.063029945	0.086597703	0.133625105	0.072987832	0.073399685	0.110933803	0.101671070	0.114778228	0.136030704
1995	1	1	0.078151040	0.225366235	0.162190095	0.095215477	0.061018433	0.060328685	0.080532141	0.082769059	0.069779359	0.084649436
1996	8	8	0.117983080	0.037496485	0.032924414	0.054346655	0.070072331	0.051864821	0.206865937	0.060084086	0.249467283	0.118894897
1997	4	4	0.049871288	0.045398470	0.066730060	0.071150042	0.301946461	0.070705213	0.059706468	0.106868170	0.098922484	0.128701285
1998	2	2	0.073631912	0.072692133	0.186256692	0.082538664	0.080530338	0.062629983	0.103984483	0.112551734	0.106581166	0.118602827
1999	7	7	0.077812813	0.131108657	0.101519369	0.063087888	0.076187991	0.074962489	0.097823404	0.201961085	0.085401364	0.090134941
