index	true	predicted	p0	p1	p2	p3	p4	p5	p6	p7	p8	p9
0	5	6	0.094348364	0.087799288	0.101533398	0.112113215	0.087493308	0.097516753	0.131688520	0.097698659	0.088976428	0.100832053
1	4	2	0.102862291	0.088418856	0.116905183	0.103184067	0.085750610	0.106722988	0.087445728	0.104873784	0.099204637	0.104631841
2	2	6	0.104794800	0.087117873	0.101972722	0.105822384	0.108595930	0.097604640	0.111952335	0.104286626	0.081761092	0.096091621
3	0	6	0.090571195	0.082116447	0.107617632	0.103623487	0.101330809	0.098874547	0.118762963	0.094527282	0.110702313	0.091873400
4	1	2	0.086988881	0.074300140	0.115504444	0.102867000	0.097643800	0.099656574	0.109690882	0.110456541	0.112899959	0.089991786
5	0	4	0.096295960	0.112170383	0.095020175	0.100783013	0.126466185	0.074736990	0.113157511	0.094824187	0.087763071	0.098782487
6	0	6	0.087925173	0.090472840	0.102260292	0.098793559	0.107350633	0.097634077	0.113844670	0.110284023	0.095768690	0.095666066
7	5	7	0.092876323	0.095017351	0.106407158	0.105752319	0.097165957	0.092527114	0.100575231	0.127304733	0.086961955	0.095411815
8	8	9	0.100393161	0.092721052	0.095960893	0.109587453	0.102102824	0.091307752	0.108530886	0.101256087	0.085244000	0.112895831
9	6	6	0.091874629	0.073995948	0.090293847	0.110491171	0.098860487	0.099613175	0.117693514	0.099069193	0.109378897	0.108729087
10	1	9	0.094387442	0.104990304	0.108969592	0.102073923	0.094841562	0.099186458	0.082104936	0.101878807	0.089556441	0.122010440
11	7	3	0.089463383	0.090574197	0.089427814	0.119234763	0.093073323	0.091934264	0.096137375	0.116985612	0.105390057	0.107779287
12	2	7	0.105340682	0.093597673	0.105187334	0.103270285	0.095578581	0.095443070	0.091365807	0.113521285	0.096651241	0.100044020
13	5	3	0.085630231	0.092450403	0.092562556	0.118112557	0.098254204	0.099689089	0.102144644	0.107493065	0.102599353	0.101063892
14	1	3	0.093347274	0.103807010	0.102379806	0.107702918	0.099331848	0.093165629	0.092139333	0.105517738	0.102548674	0.100059740
15	6	6	0.087270804	0.098556764	0.089547135	0.108614922	0.103341654	0.099593624	0.115347333	0.105677105	0.104547992	0.087502636
16	7	2	0.085413225	0.102151528	0.118238054	0.097196504	0.097569011	0.091134742	0.093605839	0.104134589	0.114792541	0.095763937
17	6	3	0.090662941	0.068924785	0.102671407	0.148050025	0.088275351	0.077700369	0.096719809	0.104148991	0.116305053	0.106541313
18	3	4	0.119898826	0.083782628	0.077815838	0.094218858	0.126014009	0.091200136	0.124524437	0.105475605	0.095990986	0.081078641
19	0	6	0.086600125	0.100642309	0.093168736	0.107338034	0.090299390	0.095285498	0.124403343	0.113286212	0.094582960	0.094393402
20	0	7	0.092878424	0.096440703	0.104318231	0.102441132	0.092110574	0.098334275	0.103227399	0.109201163	0.097090758	0.103957348
21	9	3	0.094524570	0.092659794	0.095822319	0.117036670	0.113320209	0.093563743	0.116344377	0.097143687	0.091589756	0.087994911
22	2	2	0.095284835	0.089411326	0.107914880	0.094643854	0.106879734	0.103357166	0.089346282	0.098295905	0.107559718	0.107306376
23	0	8	0.094335496	0.087507933	0.091062844	0.100124665	0.099382080	0.107279636	0.105146989	0.098825514	0.111503735	0.104831152
24	9	0	0.125538066	0.097034380	0.093577564	0.081761338	0.099394612	0.105223820	0.095274799	0.109708384	0.090039425	0.102447644
25	6	6	0.085303269	0.093158789	0.092403971	0.100304671	0.093358837	0.103885464	0.126719952	0.106882758	0.106303699	0.091678604
26	9	7	0.118986160	0.096001923	0.102111630	0.093020171	0.089056715	0.100537919	0.084837221	0.124622650	0.095266066	0.095559530
27	4	9	0.097782746	0.092471994	0.109229304	0.116136380	0.091788106	0.085175477	0.094919533	0.100311451	0.093766823	0.118418291
28	8	4	0.086127631	0.087758437	0.091337457	0.100808926	0.112414204	0.107178092	0.108523622	0.109092571	0.097315080	0.099443905
29	7	2	0.093145594	0.102934100	0.115287013	0.106847972	0.091567941	0.079772994	0.096118629	0.107062593	0.106831864	0.100431286
30	9	7	0.100586787	0.099771038	0.100897081	0.090934031	0.099961475	0.094550520	0.106641218	0.107355811	0.100012712	0.099289350
31	0	2	0.083739325	0.085328870	0.116325051	0.110677592	0.100644104	0.095286079	0.112287737	0.094705798	0.099418804	0.101586588
32	9	7	0.107801691	0.084955506	0.103023835	0.088476524	0.095388792	0.105880260	0.088647924	0.120820738	0.102443390	0.102561399
33	1	7	0.084184758	0.075618088	0.110776044	0.093750723	0.106844120	0.106197722	0.112223268	0.113926068	0.095500618	0.100978628
34	4	3	0.088734612	0.098144740	0.111985505	0.126894236	0.101911321	0.101138160	0.079934776	0.097913198	0.099794939	0.093548529
35	1	2	0.080049224	0.073256001	0.128151655	0.103137806	0.107043348	0.100258321	0.109038554	0.108359955	0.095618390	0.095086806
36	4	3	0.110271089	0.107762538	0.095882215	0.110368580	0.080922499	0.097435594	0.095898241	0.100610636	0.092410840	0.108437799
37	5	6	0.101824731	0.092373028	0.098614238	0.090200827	0.104192756	0.105961002	0.112982526	0.097469702	0.095542632	0.100838587
38	1	3	0.093417957	0.093314603	0.105948932	0.111604623	0.098211758	0.094066016	0.102876909	0.098792396	0.100306608	0.101460226
39	3	3	0.101933062	0.091646403	0.111353651	0.114069588	0.086260512	0.092337005	0.097781271	0.097669177	0.111314476	0.095634863
40	6	6	0.095203876	0.090848856	0.088966951	0.104385167	0.100274876	0.102360748	0.111570291	0.103726588	0.104404576	0.098258056
41	7	2	0.102237999	0.107657842	0.114320219	0.097286500	0.090938494	0.096114010	0.083287194	0.109169714	0.097397499	0.101590537
42	1	6	0.099009782	0.079294473	0.102854826	0.105824038	0.110823646	0.090355560	0.112613894	0.096624970	0.102074243	0.100524619
43	3	6	0.088980943	0.085722558	0.097496003	0.113125004	0.098324522	0.093972199	0.120138705	0.102152646	0.107526675	0.092560776
44	1	8	0.095145985	0.075111873	0.107555509	0.102431715	0.084782690	0.097964130	0.105989359	0.097148456	0.121418066	0.112452164
45	2	3	0.096480459	0.104710311	0.110218361	0.117204785	0.089211673	0.106350973	0.083745748	0.097676225	0.097267918	0.097133696
46	5	3	0.087060817	0.087504216	0.101029225	0.130534559	0.085498370	0.093073390	0.116993323	0.102292612	0.092078298	0.103935279
47	7	8	0.103667520	0.102350876	0.097742774	0.083773717	0.095935240	0.100472279	0.090029746	0.109914713	0.114344329	0.101768859
48	9	0	0.123214245	0.100661501	0.104578018	0.081937760	0.103223838	0.099604003	0.102715686	0.096706726	0.093429968	0.093928277
49	7	8	0.105013467	0.095484473	0.112930551	0.085240364	0.096980482	0.103027843	0.085048579	0.103655897	0.113947153	0.098671235
50	7	7	0.099784121	0.110904537	0.098353833	0.090129651	0.103432566	0.091810554	0.093727283	0.117904224	0.095417723	0.098535463
51	5	7	0.083717875	0.075465873	0.112438492	0.101920195	0.099950477	0.089260913	0.116716117	0.127750963	0.100526132	0.092252895
52	2	8	0.097659908	0.075638309	0.108487822	0.099790543	0.101931237	0.090786926	0.110094458	0.109173670	0.115223512	0.091213666
53	2	6	0.102044798	0.080246307	0.109221198	0.089109585	0.101869181	0.105515189	0.124962993	0.098037481	0.098039500	0.090953752
54	6	6	0.094211131	0.090257436	0.105008632	0.095338583	0.113575026	0.101225279	0.113986954	0.096265309	0.091306351	0.098825321
55	8	6	0.105779827	0.101764478	0.097210847	0.089271910	0.108951658	0.099036001	0.115421064	0.094509497	0.084215753	0.103839003
56	6	6	0.103487797	0.107525058	0.092900746	0.085875735	0.108801417	0.113504663	0.114555039	0.077767447	0.087092496	0.108489625
57	7	2	0.100593559	0.098015383	0.127364188	0.101393640	0.088003494	0.098812945	0.092308521	0.090648547	0.095055528	0.107804239
58	7	2	0.106423587	0.090609848	0.119661950	0.113628931	0.093775563	0.086848192	0.080941528	0.091319546	0.101112746	0.115678139
59	2	6	0.098817267	0.096701562	0.106893033	0.095246635	0.095581360	0.100048162	0.109798133	0.105031140	0.093844399	0.098038256
60	2	3	0.097370520	0.097827144	0.102219500	0.107131496	0.104622111	0.098378822	0.091620967	0.094163612	0.103423491	0.103242226
61	4	0	0.120825641	0.087707490	0.110523634	0.102943398	0.081398763	0.102408737	0.091671862	0.104448356	0.098140500	0.099931642
62	4	3	0.092245519	0.089809150	0.107441977	0.111060344	0.105230123	0.098237649	0.098644175	0.094298169	0.107085265	0.095947698
63	8	6	0.083397552	0.082077801	0.088664785	0.097068913	0.109551601	0.106263690	0.120221704	0.119160041	0.102680862	0.090913013
64	7	7	0.100096226	0.103240773	0.097212963	0.094099820	0.095744312	0.110657267	0.089849234	0.111156061	0.109208114	0.088735245
65	8	7	0.091699906	0.086917184	0.100750297	0.096702173	0.105546042	0.099862196	0.117189974	0.119609341	0.092904106	0.088818796
66	7	4	0.106954634	0.103244655	0.104053117	0.078386791	0.114361160	0.102950059	0.091012917	0.096267089	0.105772980	0.096996605
67	9	6	0.103841789	0.088677526	0.096592747	0.092932217	0.112748638	0.105445847	0.115343764	0.106476210	0.083970755	0.093970470
68	2	3	0.090206452	0.095062681	0.108262792	0.121942006	0.092190966	0.096473984	0.087072551	0.120298341	0.098421603	0.090068698
69	0	4	0.101141326	0.104083352	0.082631566	0.085119158	0.134030029	0.105772763	0.126159772	0.084736481	0.082966514	0.093359068
70	7	3	0.091990098	0.091087639	0.087489404	0.122873567	0.088747650	0.101630099	0.099757567	0.105940074	0.098758683	0.111725189
71	1	2	0.091945328	0.075776137	0.122297846	0.090601265	0.103915825	0.098418668	0.107838795	0.102916919	0.097122766	0.109166503
72	0	9	0.098083727	0.097010091	0.104028605	0.102011792	0.095998116	0.097782023	0.099014804	0.100232586	0.097140491	0.108697720
73	7	2	0.103815265	0.100960463	0.109051958	0.100210816	0.098694630	0.087501451	0.096037582	0.098167963	0.103560030	0.101999842
74	4	3	0.086849175	0.099530160	0.088274911	0.112227358	0.096651331	0.095396191	0.101556182	0.099437982	0.112071231	0.108005382
75	4	0	0.117877193	0.088352516	0.108483575	0.090960503	0.088491045	0.103676245	0.088342480	0.109217584	0.102345586	0.102253288
76	1	2	0.091710225	0.082086608	0.113753498	0.100287110	0.107284233	0.099010319	0.100229286	0.099869914	0.101282097	0.104486756
77	5	3	0.098233469	0.096975058	0.099029996	0.110007107	0.099411480	0.097422428	0.099316783	0.098222308	0.105256274	0.096125066
78	7	2	0.104058839	0.109330349	0.119571656	0.086622909	0.087053366	0.098572358	0.090925686	0.092182912	0.107950732	0.103731185
79	2	7	0.089117698	0.096955374	0.107067227	0.109948106	0.096122012	0.096692801	0.085560367	0.111190878	0.110946566	0.096398957
80	8	6	0.095912874	0.092640676	0.093856111	0.090831697	0.111475967	0.105055816	0.127171054	0.103104390	0.091229744	0.088721678
81	2	2	0.083129942	0.084966108	0.126745701	0.126348689	0.105434209	0.086441249	0.088844821	0.100409426	0.101716757	0.095963106
82	9	9	0.110648878	0.095845960	0.102576271	0.099861622	0.091199264	0.098497562	0.084328994	0.105359331	0.097652085	0.114030018
83	5	9	0.093313053	0.099880777	0.104903303	0.115705438	0.083542109	0.105884865	0.080565490	0.094402261	0.094485700	0.127317026
84	5	7	0.106179684	0.102037981	0.096272551	0.092986390	0.097025283	0.097053654	0.106043518	0.116558269	0.094613791	0.091228932
85	8	7	0.091567084	0.093686268	0.087722570	0.095764928	0.107961990	0.109903432	0.104607120	0.128044739	0.085012324	0.095729575
86	7	8	0.099706858	0.104831353	0.107830152	0.104500815	0.086009584	0.087604068	0.097226068	0.103828594	0.107941411	0.100521043
87	2	2	0.083467297	0.088618428	0.117967173	0.112276770	0.116149493	0.087743357	0.105978116	0.107713379	0.086834677	0.093251303
88	1	3	0.095260657	0.096283369	0.104542710	0.104570515	0.097964816	0.099427119	0.104137078	0.094560191	0.100629210	0.102624305
89	2	2	0.086738944	0.103155784	0.116597094	0.116494335	0.105859779	0.087205850	0.089164697	0.111677036	0.077859484	0.105247006
90	5	6	0.091824964	0.091826029	0.095485352	0.089219548	0.109566107	0.104995705	0.119153112	0.104964152	0.096182421	0.096782491
91	0	1	0.101395808	0.121382207	0.086788915	0.082776308	0.105203688	0.097313821	0.113086812	0.099817574	0.092035614	0.100199237
92	3	4	0.098057076	0.092840999	0.099901557	0.109713651	0.113747463	0.090075850	0.101480760	0.108203433	0.099659294	0.086320005
93	6	3	0.089727841	0.092356659	0.093162477	0.133295372	0.093945876	0.103773847	0.094024926	0.104551077	0.103795141	0.091366865
94	8	8	0.093851939	0.076278962	0.089592412	0.092838272	0.096133403	0.099127315	0.118652768	0.101894587	0.119750135	0.111880146
95	6	3	0.097750761	0.088331446	0.113793544	0.127740130	0.079352163	0.097592950	0.086552121	0.097015791	0.113166876	0.098704256
96	1	0	0.127659604	0.096299306	0.100874461	0.093017839	0.084264606	0.093939073	0.092774153	0.111677825	0.097901680	0.101591408
97	7	8	0.097979039	0.081805013	0.108605884	0.104216777	0.100362323	0.097751833	0.103257664	0.097923256	0.114536822	0.093561478
98	1	7	0.094540037	0.087016001	0.105198100	0.104537219	0.087595701	0.107300647	0.099716403	0.108131364	0.105408959	0.100555643
99	6	6	0.099970870	0.104929276	0.101679027	0.088312931	0.101382919	0.107671425	0.128239051	0.081377864	0.090798922	0.095637694
100	4	3	0.098831862	0.090141058	0.113726005	0.121133931	0.087168470	0.102075748	0.098521292	0.099446170	0.092525139	0.096430361
101	0	6	0.087066256	0.090085000	0.108396433	0.107768729	0.098641038	0.103624970	0.109611735	0.096047305	0.095340803	0.103417695
102	3	3	0.080476567	0.093254313	0.106382363	0.123096243	0.092493020	0.097424716	0.094762675	0.102337502	0.092189774	0.117582895
103	7	8	0.093618855	0.093752481	0.112534791	0.086603165	0.097580671	0.112596035	0.084314965	0.097796351	0.116606198	0.104596414
104	5	6	0.085727774	0.090075977	0.109190382	0.115679167	0.096684992	0.092080347	0.121773310	0.109514497	0.089658119	0.089615382
105	2	2	0.093344644	0.087365307	0.116213441	0.112998225	0.099034272	0.096353829	0.092109129	0.108233266	0.100227036	0.094120882
106	8	4	0.094586439	0.098879509	0.102852456	0.096417926	0.114591897	0.099852353	0.108086601	0.108604185	0.088220596	0.087908089
107	2	3	0.098383605	0.105001830	0.100125812	0.112865306	0.105937235	0.097199693	0.092128515	0.091717586	0.097769640	0.098870851
108	7	2	0.093937665	0.103608005	0.110467143	0.110004783	0.099434368	0.090746611	0.095695019	0.108283438	0.099337347	0.088485621
109	2	2	0.109012976	0.087321468	0.118457936	0.102968886	0.101534374	0.091414928	0.090682432	0.096329987	0.097096838	0.105180159
110	7	7	0.098336540	0.090612002	0.100380130	0.107892767	0.096593611	0.094915055	0.110020034	0.111097217	0.097786270	0.092366390
111	4	3	0.092984095	0.103753127	0.097426914	0.133972108	0.091677524	0.093976982	0.088281818	0.094371781	0.106580399	0.096975282
112	8	4	0.102837242	0.071340062	0.106524244	0.098082051	0.120354109	0.084547125	0.114483349	0.108219564	0.102209799	0.091402508
113	9	4	0.109578341	0.075386867	0.105002843	0.108666085	0.118914142	0.087319404	0.104989581	0.095469162	0.091994978	0.102678552
114	7	3	0.104602098	0.087982036	0.097699516	0.110136881	0.105932094	0.104725026	0.103899226	0.089616939	0.089546151	0.105860054
115	8	7	0.096860752	0.086500570	0.092819206	0.092315137	0.100800328	0.100694455	0.116259992	0.127163947	0.097869627	0.088716015
116	4	1	0.094118640	0.108497106	0.105329700	0.103734203	0.091643587	0.100655712	0.084240891	0.108491793	0.099432461	0.103855893
117	2	3	0.089425601	0.103091300	0.111970685	0.112787470	0.096500054	0.092991285	0.101928778	0.109188341	0.084570341	0.097546160
118	5	3	0.083550952	0.091812320	0.100265644	0.123732209	0.088525340	0.097645208	0.096630067	0.103161737	0.099101610	0.115574874
119	3	8	0.094105959	0.077713490	0.095109895	0.108376987	0.086210445	0.100471444	0.112336591	0.099080741	0.119817480	0.106776953
120	1	7	0.089234844	0.076744542	0.117218100	0.091429256	0.092579499	0.097480662	0.111360051	0.123556815	0.104312211	0.096084103
121	1	3	0.089658536	0.103775024	0.091299482	0.110267200	0.106762998	0.096582048	0.107932910	0.096582964	0.099312693	0.097826056
122	6	3	0.091479264	0.087806419	0.111747392	0.121086121	0.099439703	0.085465826	0.084710449	0.103713386	0.099556439	0.114994958
123	8	7	0.089113273	0.077837735	0.097417682	0.106923088	0.108572826	0.103349194	0.108659230	0.113273688	0.100612618	0.094240606
124	3	6	0.106163122	0.098581284	0.091351680	0.094378851	0.107364886	0.089596011	0.111893654	0.111584030	0.100100733	0.088985816
125	6	7	0.089391179	0.098834626	0.087845944	0.100647978	0.109917574	0.104514740	0.108132385	0.116571084	0.092919633	0.091224790
126	6	3	0.090313464	0.090917803	0.093927175	0.125487909	0.096790470	0.100231826	0.102535337	0.109248206	0.099034965	0.091512851
127	6	6	0.099971622	0.099065185	0.096574686	0.106459752	0.103423521	0.096020475	0.110381916	0.104223810	0.079055689	0.104823321
128	4	2	0.094550215	0.100873321	0.114918657	0.110587813	0.096177459	0.101235718	0.093461365	0.096187152	0.091579191	0.100428976
129	0	6	0.100273035	0.082237564	0.105386317	0.084997751	0.104961008	0.101038598	0.109019302	0.101457939	0.104034849	0.106593587
130	3	6	0.107256256	0.082764067	0.112941638	0.093576454	0.107626550	0.085890241	0.115792304	0.100011691	0.104988329	0.089152418
131	8	7	0.088579677	0.094371147	0.100841537	0.098689459	0.100994080	0.098314822	0.102273166	0.114262402	0.102796793	0.098876923
132	4	9	0.110122949	0.097663313	0.097295992	0.108582795	0.081451692	0.095616132	0.086806685	0.102878600	0.105502903	0.114078991
133	6	3	0.089046732	0.096514516	0.100500248	0.129343063	0.090091676	0.096383609	0.085178919	0.115775004	0.094385102	0.102781191
134	9	4	0.097963050	0.086867951	0.088325374	0.097355343	0.116644464	0.107895762	0.114072710	0.116152413	0.085877217	0.088845722
135	4	0	0.116289496	0.102198683	0.110124677	0.095194437	0.080568478	0.097986817	0.088335097	0.109487168	0.096539065	0.103276156
136	7	7	0.103817225	0.100678749	0.092335545	0.090075575	0.101344526	0.091061316	0.110945009	0.120934777	0.098936409	0.089870892
137	9	8	0.089969680	0.085138232	0.099321023	0.102287494	0.105509132	0.099346615	0.097020492	0.114161298	0.114639252	0.092606865
138	1	6	0.100900523	0.097705409	0.102078803	0.096190423	0.091398895	0.108087212	0.110875502	0.095819667	0.092001572	0.104941957
139	6	6	0.091390550	0.090330817	0.098393045	0.098452047	0.102599151	0.102937676	0.113603465	0.111257538	0.085285284	0.105750382
140	9	4	0.084222011	0.098599099	0.090985522	0.104895093	0.133152828	0.090313740	0.103762656	0.107931927	0.086419687	0.099717349
141	8	9	0.113094762	0.092177153	0.104224339	0.102608986	0.094191387	0.077191189	0.096096843	0.103199415	0.089461043	0.127754867
142	8	5	0.095309272	0.097750455	0.082627639	0.103722401	0.107737549	0.112154186	0.091834724	0.108188510	0.093672723	0.107002541
143	1	4	0.082755663	0.077638276	0.106554136	0.092003591	0.122486450	0.112124771	0.114721768	0.110280514	0.089858077	0.091576800
144	8	8	0.102680340	0.080174580	0.097793773	0.116058692	0.095952250	0.091485366	0.101398811	0.100172594	0.118918024	0.095365547
145	7	9	0.089868084	0.079095021	0.090406403	0.111261785	0.097831301	0.114441469	0.094172217	0.096689649	0.109656237	0.116577886
146	4	0	0.138327152	0.097735181	0.091797955	0.085694164	0.094912559	0.099995703	0.099109873	0.103920549	0.090148807	0.098358117
147	1	8	0.106085055	0.095833369	0.092423253	0.087373197	0.093280889	0.103987552	0.109916136	0.099024840	0.115078591	0.096997187
148	7	1	0.097346522	0.111452334	0.111373186	0.093305819	0.095499404	0.092843652	0.090978421	0.106048591	0.103381671	0.097770348
149	7	8	0.088180609	0.092472941	0.117518462	0.090824500	0.114189431	0.096042365	0.093418196	0.104650542	0.117749065	0.084953904
150	3	6	0.099390686	0.079423010	0.094509348	0.106932618	0.115627147	0.091598123	0.127539068	0.100488871	0.098369516	0.086121589
151	8	4	0.106300339	0.087391071	0.099196434	0.090522930	0.122343227	0.084536739	0.113371231	0.092568323	0.097027481	0.106742196
152	0	4	0.101306878	0.097865634	0.103483096	0.095110327	0.109024063	0.099330083	0.106879421	0.101157859	0.096386388	0.089456275
153	7	3	0.081742197	0.091971017	0.103017904	0.113759458	0.108837537	0.107244983	0.091855235	0.097663112	0.097894743	0.106013805
154	0	9	0.102012865	0.099932872	0.107614510	0.093268618	0.105587386	0.102528811	0.095120803	0.086051852	0.095368639	0.112513542
155	5	3	0.095213391	0.088690341	0.092947513	0.123183049	0.093981363	0.097843237	0.099413030	0.098906040	0.112857476	0.096964605
156	9	2	0.104442485	0.101645157	0.111710839	0.103175767	0.097374961	0.097669877	0.079298303	0.110378832	0.098409407	0.095894463
157	2	5	0.100190163	0.098482043	0.116187409	0.091217116	0.086405486	0.125081152	0.078721374	0.106709674	0.098950423	0.098055117
158	9	0	0.124446720	0.094073452	0.103180878	0.093210191	0.090462714	0.102181405	0.095671996	0.106037669	0.084784068	0.105950937
159	8	6	0.107569925	0.093785107	0.084100224	0.102897950	0.101371653	0.090759121	0.114809290	0.104573548	0.092177160	0.107955970
160	9	7	0.100608349	0.087306716	0.102121793	0.082158782	0.108723193	0.107371204	0.099029206	0.123775683	0.091792531	0.097112492
161	9	7	0.088394664	0.093652859	0.091095820	0.097787686	0.102139279	0.098056562	0.112052970	0.119469427	0.100026444	0.097324282
162	0	3	0.097753920	0.081411645	0.097803965	0.114574641	0.100950941	0.104398854	0.101142891	0.098620512	0.100366496	0.102976076
163	3	6	0.101972327	0.106841810	0.081826635	0.096096985	0.104356103	0.105102248	0.119944908	0.085599415	0.099929586	0.098330051
164	2	3	0.083592430	0.084025756	0.120479897	0.123201862	0.097852223	0.080929741	0.090636939	0.102111325	0.106179424	0.110990360
165	8	3	0.112263940	0.085941285	0.093636006	0.116619751	0.093468614	0.088653497	0.104458198	0.104374632	0.101316214	0.099267818
166	7	2	0.106577143	0.104999751	0.119299509	0.079470940	0.085704409	0.092456728	0.095724873	0.118157022	0.101239614	0.096370026
167	8	6	0.091039538	0.084903538	0.092026263	0.115987606	0.091868855	0.097953953	0.121463984	0.100102067	0.103806093	0.100848116
168	5	2	0.094797671	0.100205027	0.112101987	0.109708279	0.086136319	0.104791261	0.090917028	0.101083383	0.099043980	0.101215005
169	7	0	0.117807284	0.101268128	0.108590066	0.101630993	0.090173781	0.087171264	0.088439405	0.110780723	0.098695353	0.095443018
170	0	4	0.098526046	0.094379365	0.103399597	0.096665420	0.112232819	0.100581706	0.106207460	0.089059673	0.105257124	0.093690813
171	9	0	0.129124254	0.088734850	0.102237292	0.089379109	0.092944726	0.099902935	0.088574313	0.111349784	0.099200375	0.098552331
172	7	3	0.092536777	0.090438247	0.099994540	0.121581793	0.099103279	0.097686023	0.093672387	0.105961569	0.084682815	0.114342719
173	4	3	0.099265464	0.093579486	0.111696787	0.115625501	0.089806572	0.101780586	0.085249096	0.100047752	0.104676455	0.098272331
174	2	5	0.103246063	0.103701696	0.107772060	0.104413740	0.100610800	0.112527929	0.090713948	0.086939566	0.096320428	0.093753658
175	1	3	0.090202615	0.102455616	0.102839790	0.114063293	0.095499657	0.105035163	0.094206505	0.094992898	0.105706789	0.094997659
176	6	7	0.105953038	0.098817788	0.084227376	0.090240285	0.103289001	0.097073503	0.111591689	0.112613469	0.097913943	0.098279849
177	4	3	0.095493726	0.098799191	0.105291195	0.116331294	0.096839018	0.081598304	0.092808090	0.101599179	0.095798492	0.115441523
178	8	4	0.085146755	0.097894177	0.092538521	0.110248446	0.119966738	0.100117490	0.112685762	0.106181525	0.098518923	0.076701805
179	9	7	0.119725570	0.082191780	0.100586429	0.093710303	0.109922551	0.095122419	0.096140012	0.120530635	0.097933561	0.084136754
180	2	3	0.099167325	0.081533186	0.118303880	0.120175160	0.080655538	0.085042819	0.083091088	0.109387115	0.108140707	0.114503168
181	1	0	0.117846355	0.106184281	0.098556183	0.087874278	0.097338349	0.092334099	0.098436996	0.097587556	0.091561288	0.112280585
182	1	8	0.104524389	0.102714099	0.091457210	0.100485191	0.098508157	0.100098707	0.096345909	0.100370772	0.106939070	0.098556407
183	4	2	0.087189145	0.105468757	0.109816678	0.106232606	0.104217224	0.099903524	0.088153340	0.098640285	0.098052636	0.102325767
184	7	2	0.103745282	0.107787043	0.116356686	0.091017403	0.087931909	0.087548204	0.089166880	0.111487702	0.105370194	0.099588707
185	8	6	0.090929225	0.085315093	0.079063728	0.097284980	0.101323918	0.104622930	0.132223755	0.102814183	0.104888991	0.101533197
186	9	0	0.116324410	0.108436473	0.106960900	0.090760857	0.084356174	0.091215476	0.083668754	0.116211012	0.087980524	0.114085443
187	4	7	0.102006070	0.093341298	0.099257134	0.106885798	0.087094508	0.096170679	0.095547065	0.113243327	0.099565417	0.106888756
188	2	2	0.105900593	0.067520812	0.113304079	0.110226840	0.090833418	0.092670523	0.096806645	0.112969607	0.110817827	0.098949708
189	9	3	0.086825095	0.097495593	0.091924563	0.117420591	0.096470915	0.105269395	0.105821475	0.108052805	0.100666083	0.090053499
190	9	0	0.135489330	0.082626857	0.102686405	0.077647656	0.102715828	0.098985188	0.098306425	0.098613486	0.098868921	0.104059987
191	4	9	0.104270816	0.098170042	0.097979501	0.112069897	0.087275594	0.102062747	0.085693836	0.097494446	0.102849402	0.112133689
192	1	8	0.097864218	0.074099936	0.093738467	0.090740874	0.107452922	0.102296457	0.111989066	0.112554625	0.113627739	0.095635734
193	1	5	0.094509825	0.104573928	0.103532262	0.107128300	0.094649702	0.111277208	0.094976068	0.094161376	0.099010475	0.096180826
194	1	2	0.088928804	0.095423996	0.112309910	0.105335765	0.095596634	0.102438807	0.106523588	0.090493239	0.094553597	0.108395666
195	7	7	0.095851548	0.103428677	0.106263682	0.111378528	0.091242619	0.085430779	0.089065492	0.115155093	0.105243750	0.096939944
196	7	2	0.104865007	0.105826221	0.111718297	0.101178393	0.096176952	0.101847708	0.089349762	0.097828120	0.099652030	0.091557525
197	0	3	0.094625629	0.094099373	0.091723979	0.110419765	0.099486321	0.098201826	0.108468987	0.110334292	0.105988130	0.086651720
198	3	6	0.083253711	0.092927560	0.090404019	0.110942259	0.096796148	0.100252666	0.127916336	0.112835884	0.100831114	0.083840325
199	4	0	0.119483896	0.105097294	0.112760782	0.102508239	0.087987751	0.102339230	0.078750610	0.089902289	0.092869259	0.108300649
200	6	6	0.089954533	0.103717245	0.090863675	0.097467288	0.102490023	0.104168609	0.115920998	0.098194361	0.091253996	0.105969295
201	5	3	0.087081574	0.090964399	0.092440508	0.129630849	0.085365824	0.103137523	0.099133179	0.109377250	0.099255815	0.103613079
202	0	3	0.081301033	0.096884333	0.104225986	0.118640952	0.108896762	0.089783125	0.108069688	0.094607972	0.090443358	0.107146822
203	7	2	0.094146065	0.109663025	0.112993538	0.107556336	0.095844284	0.086603627	0.099214576	0.093780398	0.097514682	0.102683485
204	9	0	0.127826467	0.109653212	0.090974554	0.082423955	0.100377291	0.096217334	0.100764483	0.104163699	0.087270625	0.100328378
205	0	6	0.093212560	0.093860053	0.081306122	0.087905429	0.110814407	0.107572205	0.127354011	0.093998946	0.106337279	0.097639017
206	5	6	0.093814000	0.100030638	0.085804820	0.096212842	0.112387329	0.103313632	0.136501655	0.097491905	0.089004554	0.085438609
207	0	3	0.093249716	0.085567281	0.109957524	0.121707775	0.092612818	0.093207918	0.091604084	0.108471066	0.104629271	0.098992452
208	2	0	0.110834986	0.104395941	0.104441255	0.080665387	0.110382512	0.108903997	0.094810829	0.098502003	0.087028317	0.100034691
209	6	3	0.095411204	0.098235190	0.097948365	0.107892141	0.104516953	0.098530859	0.101023547	0.105892040	0.086067759	0.104481913
210	8	6	0.105904959	0.103705123	0.086853072	0.097835302	0.111129567	0.101643808	0.118429773	0.080462329	0.096931562	0.097104572
211	1	9	0.089641228	0.089166209	0.108595453	0.098200217	0.101792470	0.102108672	0.102566689	0.101524912	0.097208962	0.109195158
212	6	3	0.079974189	0.086331211	0.102496713	0.123776771	0.097892605	0.093865067	0.105481118	0.097535871	0.095402233	0.117244273
213	3	6	0.086801663	0.082598343	0.110198244	0.114538267	0.103988551	0.095815711	0.130166590	0.106128417	0.090885900	0.078878351
214	9	0	0.135131285	0.084311977	0.103982493	0.086510874	0.102163702	0.103963926	0.092239566	0.098252989	0.098545969	0.094897255
215	0	4	0.083634228	0.097421803	0.097092174	0.100125335	0.107483253	0.101884693	0.105326913	0.098213539	0.104192927	0.104625106
216	8	1	0.099740021	0.113996916	0.087533176	0.093240514	0.111363292	0.108575590	0.111585945	0.104796857	0.090969525	0.078198165
217	2	7	0.096453123	0.099919312	0.102940947	0.100088648	0.096088536	0.107833020	0.084891878	0.110955618	0.099777542	0.101051398
218	7	7	0.106409021	0.102550961	0.100556649	0.094219781	0.103555210	0.089376599	0.094275817	0.112003468	0.097315155	0.099737287
219	3	6	0.086347826	0.096198857	0.085070834	0.109997079	0.109360121	0.106278218	0.121130347	0.106783420	0.098308370	0.080524966
220	8	3	0.086822785	0.097200722	0.093846656	0.114125967	0.101995416	0.101999104	0.096660204	0.105549552	0.102863654	0.098935947
221	0	2	0.098856948	0.090832509	0.104776040	0.100040525	0.093410768	0.102896318	0.104623877	0.104543813	0.104138367	0.095880918
222	2	3	0.078636818	0.095591083	0.108209744	0.131682187	0.097348921	0.102449551	0.093028948	0.100061752	0.101930268	0.091060758
223	6	1	0.105204754	0.106837362	0.097191133	0.092293113	0.103930198	0.097526789	0.097841442	0.106667981	0.092984244	0.099523060
224	8	3	0.093055718	0.064013980	0.109472714	0.125561193	0.091379136	0.087909430	0.105740502	0.096046038	0.119598627	0.107222661
225	4	0	0.125980407	0.098066978	0.115037933	0.101952985	0.079298906	0.107851677	0.078272216	0.096954845	0.092557713	0.104026385
226	5	7	0.097437449	0.089492537	0.105648026	0.101121359	0.097337641	0.102360636	0.099819906	0.108347476	0.093756281	0.104678735
227	6	6	0.103003502	0.105340034	0.091646910	0.084668450	0.105228409	0.104957849	0.119641453	0.101214610	0.086257167	0.098041683
228	6	7	0.098260455	0.101488657	0.088562921	0.106290691	0.108587377	0.091350749	0.100404091	0.111351073	0.097303718	0.096400321
229	3	6	0.105097845	0.096076764	0.088965900	0.103167564	0.102667876	0.095105343	0.118902914	0.086460359	0.105525568	0.098029904
230	2	7	0.091759339	0.090429321	0.084637567	0.108281262	0.092941940	0.101292975	0.103094362	0.121619150	0.102510735	0.103433289
231	3	6	0.093824118	0.079926886	0.094468638	0.114000246	0.093816221	0.097031422	0.120467253	0.097585708	0.110485420	0.098394096
232	8	7	0.101466700	0.093837313	0.085246645	0.093275517	0.109886065	0.105158769	0.113393337	0.114372924	0.094750799	0.088611938
233	2	7	0.090625167	0.090210490	0.099997386	0.100375809	0.083569117	0.114596166	0.098244198	0.118495747	0.107214138	0.096671775
234	0	6	0.094869651	0.100249738	0.095600940	0.088719532	0.106802873	0.093859866	0.134689569	0.098481506	0.098027289	0.088699020
235	5	6	0.084873073	0.101193279	0.099730797	0.103569120	0.092334345	0.107112944	0.116619334	0.103361309	0.096254565	0.094951227
236	2	3	0.080439314	0.081972130	0.105678782	0.137944505	0.099521697	0.092057265	0.088762864	0.112093665	0.080723748	0.120806098
237	5	7	0.091494784	0.104412980	0.097322769	0.109112516	0.091067135	0.098251984	0.105275676	0.113840260	0.095524870	0.093697034
238	2	3	0.084688447	0.096784234	0.108165927	0.110528767	0.104020752	0.096758410	0.085568473	0.104961909	0.100395739	0.108127296
239	0	8	0.100752592	0.079940394	0.100559719	0.100614302	0.103433549	0.098033868	0.101898886	0.099664144	0.109173879	0.105928726
240	0	8	0.102716126	0.087433651	0.093873225	0.104582034	0.095426492	0.098485097	0.106683068	0.100246757	0.108720765	0.101832740
241	4	2	0.110950068	0.084839553	0.119736776	0.104010038	0.097859196	0.093145266	0.096876875	0.096825980	0.099346489	0.096409693
242	9	0	0.118954815	0.090832189	0.088245578	0.086232573	0.094711341	0.106713884	0.098009601	0.115843959	0.095283210	0.105172768
243	5	3	0.100911297	0.077025212	0.088293418	0.138334766	0.085392915	0.091696411	0.091035873	0.104366861	0.115983836	0.106959365
244	8	3	0.088321052	0.089657247	0.087152876	0.121306926	0.112709366	0.088620313	0.113109626	0.090392984	0.107532687	0.101196982
245	4	3	0.092023455	0.103822894	0.096381754	0.112136960	0.102879770	0.093756706	0.088893913	0.095197670	0.106366262	0.108540647
246	6	5	0.097468644	0.096538514	0.105206043	0.107746474	0.097101286	0.113082983	0.086573765	0.094750680	0.099637985	0.101893552
247	5	1	0.108213089	0.114170410	0.095378973	0.079046749	0.112508506	0.108188324	0.113944054	0.080749206	0.082809120	0.104991592
248	6	9	0.098832481	0.094089143	0.090295300	0.103220582	0.098833665	0.105383515	0.110745721	0.092755377	0.083401896	0.122442283
249	4	9	0.080630757	0.077956691	0.112361811	0.110749297	0.086851157	0.096174605	0.094539985	0.104802266	0.113527767	0.122405678
250	0	4	0.089144893	0.092844114	0.098566748	0.094555259	0.119780995	0.103096910	0.118589059	0.083948247	0.094269469	0.105204366
251	3	2	0.110380538	0.083719291	0.115429394	0.106671348	0.086902112	0.099799387	0.100007117	0.096939109	0.103834890	0.096316688
252	5	2	0.101341538	0.100500889	0.111587986	0.090297759	0.094852000	0.108090624	0.110036522	0.092068918	0.092357188	0.098866552
253	2	7	0.093635395	0.090973012	0.098449029	0.099197172	0.104803704	0.099840514	0.102567531	0.111861087	0.103715628	0.094956912
254	6	1	0.091343798	0.113953099	0.090606183	0.095375158	0.098411031	0.110688508	0.109487534	0.100470439	0.087074935	0.102589317
255	3	6	0.096873686	0.105567411	0.097794704	0.100913897	0.098844185	0.102795109	0.111619569	0.088498391	0.096535802	0.100557223
256	6	0	0.118257217	0.097943716	0.091427833	0.115639120	0.094041400	0.089851595	0.083886102	0.093992665	0.101598009	0.113362312
257	8	3	0.094428666	0.067347884	0.100114889	0.114528142	0.101631351	0.091584139	0.112380430	0.099072099	0.112822130	0.106090218
258	7	1	0.095643654	0.109085880	0.105403163	0.100901179	0.089467600	0.101112813	0.095952109	0.107984945	0.094744660	0.099703886
259	5	7	0.105396241	0.107100844	0.092182703	0.088833570	0.097641885	0.105258770	0.101156741	0.113156177	0.089409135	0.099863976
260	3	3	0.084347025	0.095339485	0.109156579	0.115402922	0.098780684	0.093637981	0.111573502	0.111108005	0.095097505	0.085556269
261	9	6	0.097301520	0.108860172	0.087227128	0.088099010	0.109427691	0.108256765	0.124314405	0.096357986	0.089540891	0.090614393
262	0	9	0.086313337	0.088926733	0.105393395	0.094518080	0.107529171	0.106144048	0.107415944	0.097283542	0.098669969	0.107805841
263	5	6	0.096057743	0.100477576	0.098766312	0.095762059	0.092440039	0.102080837	0.112714000	0.111572824	0.093720019	0.096408546
264	9	0	0.117104858	0.097508065	0.104741536	0.102620840	0.091613315	0.096270643	0.088783339	0.110892199	0.082200065	0.108265027
265	7	7	0.091616392	0.109847404	0.103936791	0.115432933	0.076641776	0.099410392	0.095343612	0.140778095	0.087255597	0.079737015
266	4	7	0.094446883	0.097578585	0.100663051	0.104089476	0.085561857	0.098902397	0.097729057	0.114017129	0.098055743	0.108955853
267	0	0	0.115447506	0.096651860	0.097567856	0.079412244	0.102110386	0.106093302	0.105883643	0.101372667	0.097467393	0.097993180
268	3	4	0.075296797	0.099138647	0.108061440	0.113069087	0.113777332	0.097273529	0.095145665	0.104036704	0.092427105	0.101773649
269	2	3	0.085894600	0.103414960	0.112724178	0.115155585	0.097713657	0.101593025	0.081890427	0.093073480	0.105771333	0.102768667
270	1	7	0.099625900	0.095903829	0.093940899	0.095620021	0.099496432	0.093364388	0.100049607	0.113926664	0.102087744	0.105984494
271	9	0	0.128312051	0.092510462	0.099904895	0.083336122	0.091510095	0.106867857	0.085388511	0.115690589	0.098821081	0.097658366
272	0	6	0.081446990	0.087591857	0.098110713	0.087396763	0.103456423	0.104963236	0.147347644	0.097738355	0.098056242	0.093891777
273	9	3	0.085909687	0.102468848	0.104506135	0.124145903	0.093154244	0.088076495	0.096550941	0.112726845	0.106201194	0.086259864
274	1	3	0.092399426	0.098380849	0.111995555	0.117039390	0.084353715	0.103747010	0.091824189	0.095063120	0.091384292	0.113812484
275	9	0	0.128060177	0.102503166	0.106514886	0.089355528	0.081006140	0.101553783	0.085709989	0.114701197	0.084153317	0.106441781
276	6	5	0.090306722	0.093680769	0.094614595	0.112196907	0.096299380	0.113996416	0.109591015	0.100283056	0.091905974	0.097125195
277	8	8	0.079684608	0.074274689	0.102612622	0.118638828	0.090171181	0.095310979	0.113820925	0.096816130	0.130946293	0.097723775
278	6	6	0.081443518	0.084825128	0.099172160	0.093928605	0.102680862	0.111809149	0.118514754	0.100650474	0.097952679	0.109022766
279	9	7	0.097108699	0.078751028	0.092054166	0.087490901	0.109346181	0.101547211	0.108744398	0.121883593	0.108959630	0.094114155
280	6	5	0.091573700	0.099376731	0.104225695	0.102300435	0.093997732	0.107560232	0.096848793	0.106883153	0.092206165	0.105027296
281	2	2	0.092260271	0.097169511	0.109308019	0.104535274	0.101695307	0.103547461	0.100603551	0.108423233	0.089716882	0.092740513
282	3	2	0.117335178	0.089763403	0.119482793	0.094142616	0.094156772	0.105678767	0.099041350	0.096910156	0.090140529	0.093348399
283	4	6	0.092272110	0.075944945	0.111256398	0.094952174	0.091974519	0.103502512	0.120104730	0.116066054	0.107931398	0.085995182
284	3	3	0.101799928	0.088505253	0.092642158	0.113336213	0.103164285	0.092351139	0.111723505	0.101518281	0.106691964	0.088267192
285	8	6	0.099422850	0.098182321	0.091424502	0.102427684	0.114314109	0.103874505	0.120691448	0.084069528	0.089959905	0.095633149
286	8	3	0.088226162	0.096612893	0.094541058	0.118827723	0.093294390	0.094160102	0.110460103	0.099119879	0.110464677	0.094293006
287	7	8	0.095427796	0.107463345	0.104064919	0.092615053	0.093825199	0.099740997	0.093633048	0.104129121	0.111887984	0.097212523
288	2	3	0.080421127	0.085695103	0.111939669	0.148456484	0.096538700	0.095139958	0.078359902	0.104315720	0.108251743	0.090881579
289	2	4	0.087491482	0.098311879	0.103418976	0.108292878	0.115486659	0.095494069	0.099872887	0.109038934	0.088061079	0.094531223
290	3	6	0.079913035	0.090770058	0.101836413	0.111294098	0.091697700	0.095293358	0.133647576	0.111468181	0.098462164	0.085617304
291	9	0	0.120304756	0.096916132	0.100901209	0.096408196	0.090206027	0.108548194	0.089459941	0.106254995	0.082138374	0.108862184
292	7	1	0.095903426	0.118659317	0.108326763	0.106927030	0.095051907	0.077040933	0.091608576	0.103163481	0.101202644	0.102115847
293	9	0	0.131795600	0.100450151	0.089709401	0.080783196	0.101603806	0.103729337	0.088683322	0.109845527	0.085441425	0.107958205
294	5	7	0.102451585	0.103010945	0.105000719	0.088991359	0.100061692	0.086223692	0.095334046	0.121257380	0.085787944	0.111880645
295	1	9	0.102064528	0.095414273	0.103305236	0.087051041	0.086459942	0.099949993	0.110494278	0.099519201	0.104527570	0.111213952
296	8	3	0.089470133	0.092613801	0.099499620	0.115856633	0.089151390	0.106035791	0.094395310	0.094990827	0.104311936	0.113674656
297	9	7	0.100342646	0.091831885	0.098788090	0.103921637	0.093433835	0.101442747	0.089103371	0.120012872	0.095520847	0.105602056
298	1	7	0.099746853	0.093290552	0.098571308	0.089439370	0.093383141	0.100585684	0.102197967	0.110584736	0.101863243	0.110337064
299	1	6	0.097558551	0.063956238	0.119970821	0.104306437	0.104015097	0.095807485	0.121106215	0.100454971	0.101672553	0.091151699
300	4	2	0.093667530	0.099285044	0.116907492	0.113415316	0.104464881	0.095618039	0.082560860	0.091137350	0.104415745	0.098527722
301	4	3	0.099946439	0.090183429	0.106656536	0.114510864	0.089486443	0.089276262	0.111458614	0.090961762	0.102208048	0.105311565
302	3	3	0.082013503	0.101475477	0.094610676	0.119031638	0.113741100	0.089767106	0.116497420	0.109606683	0.093245633	0.080010764
303	3	7	0.091946952	0.093636438	0.096716881	0.100776650	0.099598445	0.098981969	0.113870345	0.121040151	0.093640335	0.089791887
304	8	7	0.089819431	0.101301886	0.092719108	0.109934777	0.103354134	0.105143502	0.096385233	0.115596592	0.091235287	0.094509989
305	9	7	0.103512757	0.091040418	0.090231687	0.104007043	0.100930162	0.099811405	0.099081054	0.119488150	0.098120801	0.093776621
306	7	2	0.092341304	0.111616045	0.122938439	0.097389087	0.094426073	0.090662733	0.096720375	0.099260114	0.099785462	0.094860300
307	0	6	0.100262888	0.092850454	0.092308983	0.099361323	0.106518634	0.086522520	0.131068632	0.101183817	0.101210915	0.088711850
308	1	9	0.093462870	0.094624728	0.103155769	0.087408759	0.087430790	0.110643238	0.110081851	0.102074824	0.097021602	0.114095502
309	8	9	0.091271304	0.081384756	0.095982768	0.117303342	0.083112895	0.095236771	0.118304491	0.095784239	0.091655284	0.129964158
310	4	6	0.109760858	0.085890554	0.108833469	0.094321609	0.107934549	0.094085582	0.116518244	0.093178332	0.097707152	0.091769688
311	5	7	0.090018637	0.105787836	0.099550918	0.104434237	0.092994213	0.093783513	0.110643245	0.112682618	0.096731968	0.093372762
312	0	6	0.095750883	0.103859164	0.103724591	0.098930813	0.101037905	0.101319343	0.111232184	0.106168412	0.079829097	0.098147631
313	5	7	0.093445994	0.083740853	0.100525774	0.106939569	0.096177086	0.100753359	0.100577332	0.109501466	0.107740067	0.100598514
314	2	7	0.074724592	0.107778519	0.110646084	0.122718386	0.098954760	0.094043337	0.089091763	0.128600299	0.086085536	0.087356687
315	9	6	0.084142625	0.097076043	0.102589458	0.104149923	0.092389472	0.105345823	0.131789565	0.097307332	0.098509945	0.086699888
316	3	6	0.113697112	0.091755576	0.088425934	0.089684397	0.112822175	0.091450222	0.126131058	0.094707161	0.101475790	0.089850567
317	7	3	0.084815003	0.089226969	0.086262241	0.127961949	0.084997781	0.091948234	0.111713693	0.121029094	0.103117578	0.098927520
318	5	6	0.102456778	0.099308036	0.093648568	0.088066801	0.106810004	0.106608786	0.115962610	0.098811582	0.100551374	0.087775476
319	4	8	0.089666381	0.078734703	0.107309185	0.106810801	0.102841713	0.104102872	0.096259609	0.102882072	0.112051211	0.099341579
320	9	7	0.109537780	0.090232275	0.104073875	0.100164838	0.091707230	0.099776246	0.080648594	0.124210253	0.091283195	0.108365797
321	5	7	0.095192157	0.096512541	0.100495502	0.095366657	0.097415671	0.101358384	0.107287705	0.111496076	0.098031133	0.096844248
322	3	4	0.100545473	0.089772873	0.088388078	0.079656735	0.132263735	0.105181798	0.116993561	0.116113685	0.079687767	0.091396220
323	1	6	0.098578773	0.073874637	0.104380518	0.082024962	0.113670163	0.102234632	0.114742897	0.107263960	0.094759129	0.108470373
324	8	4	0.093401089	0.083227336	0.094219364	0.095343783	0.111379184	0.104673527	0.108228222	0.092074841	0.108201273	0.109251305
325	0	6	0.093381442	0.095848911	0.089123257	0.100777566	0.098292790	0.101772271	0.124113172	0.094360158	0.106369659	0.095960736
326	8	4	0.094369657	0.096633241	0.082829423	0.106774636	0.112886019	0.106992014	0.093284309	0.110298209	0.097176082	0.098756395
327	7	9	0.095684066	0.104728922	0.098234840	0.101725042	0.086135790	0.113997556	0.096371196	0.101185963	0.087116785	0.114819780
328	4	3	0.078800030	0.075570658	0.101364389	0.119882196	0.096598923	0.106301144	0.091831170	0.109918870	0.116715699	0.103016920
329	5	1	0.089300863	0.108134978	0.097876817	0.107939705	0.091250382	0.101784244	0.104044557	0.107974581	0.098411039	0.093282856
330	4	8	0.096214704	0.090075456	0.096927337	0.100736856	0.100835472	0.105726145	0.092741162	0.105167642	0.111777402	0.099797823
331	5	6	0.078591809	0.105818085	0.099695139	0.105336316	0.086343534	0.114133954	0.116718240	0.100437701	0.097304635	0.095620640
332	3	7	0.114033632	0.099845089	0.096778728	0.087048553	0.087016560	0.101953954	0.102175772	0.116214626	0.090536319	0.104396671
333	6	9	0.099137858	0.084010646	0.103264213	0.110051237	0.091001034	0.095612548	0.100459911	0.088475309	0.111004196	0.116983108
334	0	0	0.111625537	0.106404133	0.090394653	0.084403388	0.100411810	0.107163601	0.106570490	0.097107999	0.098055489	0.097862847
335	2	3	0.074360192	0.095927671	0.112817019	0.135052249	0.093859784	0.102182835	0.093408182	0.114989713	0.082712866	0.094689518
336	6	3	0.079603754	0.093623236	0.101217560	0.125995263	0.105296448	0.090804532	0.107769877	0.108628355	0.097964883	0.089096159
337	4	3	0.090055905	0.101081446	0.101945587	0.139825717	0.088040747	0.103640847	0.073486507	0.095304750	0.105167739	0.101450764
338	4	3	0.101796210	0.107734531	0.106453851	0.117538102	0.088072307	0.094214842	0.072797000	0.108823679	0.098582052	0.103987344
339	9	7	0.109625697	0.089688912	0.103927620	0.091840379	0.097683780	0.100215524	0.086586602	0.119661145	0.111092739	0.089677505
340	2	3	0.099892363	0.070916161	0.108106963	0.126119077	0.092850901	0.091094643	0.106717229	0.103048772	0.102317058	0.098936878
341	5	7	0.090653524	0.087134384	0.108900182	0.091670573	0.094724700	0.103037074	0.108846694	0.123190083	0.096410573	0.095432289
342	0	7	0.100303590	0.086570710	0.099339880	0.088072136	0.099666238	0.103429474	0.102353089	0.119694635	0.100371704	0.100198470
343	8	3	0.080818899	0.096678585	0.104841672	0.131638020	0.101703286	0.087199338	0.112376280	0.107948825	0.092448741	0.084346384
344	6	6	0.108951651	0.094728045	0.092837490	0.098253801	0.109066814	0.096820399	0.110755265	0.094157189	0.091614507	0.102814861
345	4	3	0.092916675	0.095234647	0.103944823	0.114746891	0.089326791	0.098615468	0.096049145	0.105644979	0.100413054	0.103107609
346	8	9	0.094040073	0.074051477	0.096121550	0.110061750	0.104597256	0.094270572	0.111590005	0.091905802	0.110819697	0.112541847
347	7	2	0.108246654	0.098427474	0.119003393	0.093378894	0.094598740	0.092364796	0.100582041	0.102572538	0.095673285	0.095152207
348	6	6	0.090328582	0.086787201	0.086363159	0.085154600	0.107493326	0.114111409	0.120941892	0.103499159	0.110343285	0.094977431
349	2	7	0.092880815	0.099128686	0.110585086	0.090619259	0.091480970	0.109169230	0.101080552	0.117225409	0.088406444	0.099423565
350	9	7	0.095426492	0.105396301	0.087561257	0.102288872	0.103610761	0.094161354	0.112099409	0.118805386	0.096565843	0.084084272
351	1	2	0.083426379	0.077029832	0.120069645	0.105142504	0.098493695	0.104632616	0.101232186	0.104448736	0.101897486	0.103626952
352	3	3	0.097103953	0.081870548	0.103389032	0.120936133	0.100139864	0.083049215	0.114968292	0.098550811	0.110941738	0.089050479
353	1	3	0.092642598	0.097766332	0.107014261	0.110372096	0.096279368	0.094977468	0.093846180	0.105199888	0.093499109	0.108402662
354	1	3	0.105061822	0.092347331	0.091828331	0.114297472	0.099519864	0.097481094	0.101400621	0.092234157	0.106990054	0.098839313
355	8	6	0.093613043	0.092064008	0.090181343	0.107418075	0.086714871	0.099642098	0.111712620	0.109484620	0.107676603	0.101492770
356	3	2	0.092574053	0.095172137	0.108932912	0.103022829	0.102859877	0.099276647	0.104703851	0.099846371	0.095317021	0.098294288
357	2	3	0.082736500	0.101252384	0.095263265	0.126647472	0.096086428	0.094065204	0.088536456	0.106938392	0.110154130	0.098319732
358	1	0	0.112726897	0.083090454	0.108649977	0.103514306	0.095049076	0.086772211	0.110530749	0.092625909	0.109005809	0.098034628
359	1	3	0.091866985	0.091333412	0.108635262	0.135618806	0.097678185	0.092284642	0.088767007	0.102950260	0.099170640	0.091694817
360	9	7	0.093899518	0.076841891	0.104173332	0.098323040	0.114295952	0.091656066	0.100175560	0.117167436	0.100553021	0.102914207
361	3	3	0.087776840	0.102145918	0.114729710	0.119214967	0.118222713	0.075608999	0.103420645	0.104136191	0.090214849	0.084529229
362	0	7	0.098145939	0.091864966	0.093496479	0.111724727	0.083647460	0.091420949	0.112080671	0.114257157	0.103466131	0.099895544
363	5	6	0.099846072	0.090197429	0.092215352	0.098714337	0.096095935	0.103212669	0.111956507	0.111594975	0.106867097	0.089299604
364	0	6	0.102176122	0.099482052	0.104295440	0.097118340	0.103594415	0.102129377	0.104983158	0.096444212	0.104332604	0.085444294
365	8	4	0.099942997	0.103497528	0.083211787	0.079853170	0.115751326	0.110973574	0.101126716	0.112900443	0.084160648	0.108581856
366	9	0	0.128245220	0.095504828	0.103033774	0.094799496	0.086495534	0.100172266	0.081348322	0.112259753	0.095289320	0.102851503
367	4	2	0.111884080	0.100325122	0.116332859	0.104502507	0.085865721	0.092615366	0.088079005	0.105862521	0.090650268	0.103882551
368	1	2	0.085423693	0.093641326	0.123397946	0.116456300	0.101406306	0.085410528	0.097841904	0.098130614	0.100384980	0.097906396
369	8	7	0.094114274	0.087658904	0.118003882	0.093531162	0.097596198	0.100523293	0.109892517	0.120203666	0.095690429	0.082785778
370	3	4	0.097061709	0.091844164	0.103580005	0.100509919	0.111547612	0.096868619	0.108795822	0.095190346	0.093318924	0.101282880
371	8	8	0.096772745	0.086827710	0.094486237	0.112666100	0.092451379	0.095932968	0.092414916	0.103432588	0.113304704	0.111710638
372	9	6	0.092506185	0.109154150	0.096520476	0.102636062	0.111014120	0.106370442	0.111396722	0.105820052	0.078773104	0.085808687
373	2	3	0.101905786	0.084886402	0.115987070	0.120398559	0.088357247	0.095103219	0.077059560	0.106465928	0.099620283	0.110215954
374	5	6	0.092607804	0.097316928	0.090211786	0.106669277	0.102568693	0.106875062	0.115383163	0.101941921	0.095667616	0.090757817
375	4	3	0.080304489	0.103653289	0.100684740	0.134450912	0.093428440	0.094289534	0.084916867	0.106032938	0.097947478	0.104291290
376	5	3	0.092227228	0.098509289	0.103103660	0.110619843	0.100929588	0.094688624	0.107369862	0.098940566	0.091223441	0.102387957
377	6	7	0.088324741	0.093517549	0.094936326	0.094974242	0.104215793	0.103950903	0.112078555	0.123409718	0.088193566	0.096398614
378	9	7	0.117050119	0.102334954	0.098645605	0.091820367	0.089431800	0.106734835	0.094350643	0.119573869	0.075848237	0.104209572
379	7	0	0.123587057	0.103484802	0.106921397	0.076125339	0.083039790	0.104972571	0.087372594	0.105744980	0.100632109	0.108119309
380	5	3	0.106772773	0.105211578	0.090154469	0.107477240	0.102441363	0.087870263	0.090467870	0.107230902	0.099280231	0.103093341
381	3	9	0.092098191	0.087839477	0.089949124	0.095893763	0.101297960	0.093320288	0.107213266	0.112654991	0.101706192	0.118026823
382	9	0	0.140243530	0.100284345	0.085564382	0.080868192	0.121723734	0.104093052	0.101175651	0.092082419	0.088890359	0.085074283
383	6	6	0.093485869	0.101988852	0.102699406	0.100390241	0.101811461	0.108222716	0.112526737	0.091869459	0.088870265	0.098135032
384	7	3	0.095900856	0.087392598	0.096013933	0.130689695	0.098385185	0.089524746	0.094495460	0.117227904	0.102902710	0.087466858
385	9	6	0.103162430	0.083557583	0.080702469	0.094489835	0.121792831	0.102986597	0.136261508	0.106590472	0.088243306	0.082212940
386	6	6	0.080812871	0.083304062	0.089552864	0.108220011	0.109322079	0.103075683	0.127517655	0.112474531	0.093230821	0.092489414
387	7	7	0.092478111	0.090869591	0.101863205	0.117674395	0.088771358	0.095078483	0.105462752	0.118451253	0.092406243	0.096944518
388	6	6	0.091387086	0.080845147	0.092520691	0.109603509	0.098797381	0.108698152	0.122286707	0.100480273	0.097413473	0.097967632
389	5	6	0.086164422	0.087309130	0.089850746	0.104990363	0.096006371	0.111819722	0.119295463	0.107156053	0.114824578	0.082583077
390	0	8	0.096899144	0.093487792	0.103949696	0.108109824	0.096536189	0.097492963	0.091770388	0.100080632	0.109001309	0.102672055
391	5	8	0.095951751	0.105327934	0.098958559	0.102047682	0.094978146	0.100714065	0.100627266	0.100753814	0.109981284	0.090659454
392	2	3	0.090945601	0.102165885	0.096354634	0.123329774	0.090762325	0.102918074	0.092066124	0.111935794	0.094638266	0.094883516
393	5	3	0.092710853	0.091028541	0.088951170	0.116541594	0.101185955	0.095308587	0.102660961	0.108379818	0.100580491	0.102651969
394	1	6	0.090098321	0.099744037	0.102929160	0.095483005	0.101369493	0.096775882	0.114969224	0.102254562	0.098566420	0.097809903
395	3	9	0.094142742	0.090123273	0.109619439	0.103652075	0.094201520	0.091620207	0.106098384	0.103463858	0.096656963	0.110421471
396	4	3	0.088372447	0.094695933	0.099849708	0.127404109	0.082531296	0.088828824	0.095423251	0.097650483	0.119066305	0.106177732
397	3	0	0.120549753	0.083731569	0.103398502	0.096515901	0.104344845	0.092123426	0.108825885	0.092285477	0.096917234	0.101307392
398	9	2	0.085441411	0.075854927	0.124263391	0.110969596	0.103167094	0.095066704	0.108713537	0.095714442	0.102642126	0.098166823
399	7	8	0.097683065	0.095551670	0.104788780	0.084293321	0.105309740	0.100729868	0.104786113	0.097541548	0.105499744	0.103816226
400	3	7	0.100006238	0.086211458	0.083807342	0.098333858	0.099884607	0.110054873	0.108440697	0.111044876	0.100703835	0.101512261
401	9	5	0.108838759	0.102835052	0.094169937	0.093834095	0.104878969	0.110796154	0.100437060	0.107544541	0.083504945	0.093160495
402	3	4	0.090926714	0.069774784	0.116073571	0.109951995	0.118300408	0.093946159	0.116704389	0.090841606	0.102829948	0.090650432
403	9	7	0.112042375	0.082060300	0.113099806	0.088375181	0.091473259	0.091197535	0.090900265	0.117731147	0.102272637	0.110847510
404	7	7	0.094859697	0.099914834	0.104178272	0.095380746	0.094036683	0.089942396	0.109549619	0.117404647	0.097440675	0.097292386
405	9	7	0.099399529	0.102433473	0.088379942	0.103369363	0.101760775	0.097056910	0.110218063	0.115195028	0.101803929	0.080383018
406	9	9	0.115518562	0.099618241	0.110313520	0.105322815	0.089976072	0.084532253	0.076081544	0.115082450	0.084502861	0.119051628
407	5	6	0.094359413	0.089216724	0.099247187	0.088707171	0.104383975	0.106828563	0.114849292	0.105431095	0.096406989	0.100569665
408	7	2	0.097218260	0.092296615	0.116767280	0.113096617	0.099890538	0.075519904	0.101496875	0.097523957	0.097428590	0.108761430
409	2	5	0.092081226	0.085296966	0.107241787	0.102713175	0.096308544	0.114796109	0.095115200	0.103988595	0.104520082	0.097938247
410	9	8	0.097467795	0.097065523	0.084539920	0.109402038	0.112055093	0.107860923	0.092517324	0.089363746	0.116331100	0.093396567
411	7	4	0.095953591	0.102686219	0.097832233	0.096792944	0.113535255	0.101187155	0.105402596	0.093208410	0.103217021	0.090184584
412	7	3	0.087785713	0.093964949	0.097457476	0.130534112	0.090126835	0.091371790	0.102278098	0.108003438	0.108448945	0.090028614
413	7	7	0.089824706	0.089304991	0.106577158	0.099535532	0.098846473	0.099873804	0.102914788	0.108685344	0.101621084	0.102816150
414	6	5	0.109563008	0.105210230	0.097264208	0.095544562	0.087682307	0.113315396	0.092929587	0.090521403	0.105521306	0.102447927
415	0	3	0.088354290	0.101063840	0.099864632	0.109313123	0.109112233	0.085697681	0.105391175	0.103040017	0.101140387	0.097022563
416	1	0	0.109022684	0.092621408	0.098552041	0.103881516	0.104479074	0.090088136	0.100449383	0.094307028	0.099456199	0.107142515
417	3	3	0.091000430	0.081355065	0.100107774	0.114397533	0.100412726	0.100407273	0.106658034	0.099570371	0.110729724	0.095361121
418	0	3	0.093607664	0.089210287	0.108289197	0.118400417	0.102448791	0.090719320	0.099822104	0.101202458	0.102636553	0.093663238
419	8	3	0.107526116	0.091989830	0.090903759	0.113457926	0.094831258	0.097168490	0.101724729	0.100824930	0.106418341	0.095154643
420	2	7	0.092125230	0.094683364	0.103028089	0.105740704	0.096697189	0.101110972	0.110658504	0.112486959	0.102368765	0.081100181
421	8	6	0.075377092	0.075599216	0.101575814	0.118075229	0.106123768	0.094886690	0.120478384	0.097210541	0.107692063	0.102981180
422	7	2	0.096260175	0.103846595	0.116734244	0.083252303	0.097530872	0.102483682	0.091357194	0.094226994	0.101338282	0.112969644
423	7	7	0.100553468	0.105476156	0.105300285	0.088109784	0.085221127	0.093442164	0.094167925	0.123145610	0.101221979	0.103361413
424	9	7	0.113976508	0.095798679	0.106006272	0.091060862	0.091906987	0.100618728	0.089316420	0.119303241	0.099199384	0.092812918
425	6	6	0.091253273	0.104049645	0.099621579	0.100681216	0.097581528	0.100464076	0.112840898	0.099818759	0.096392103	0.097296931
426	7	9	0.105612665	0.096928366	0.105748497	0.086665072	0.110315800	0.100520849	0.094903186	0.093195848	0.090837672	0.115272000
427	5	4	0.099671341	0.100719742	0.098930232	0.084233969	0.113417707	0.104965381	0.109608740	0.095517009	0.091605216	0.101330653
428	4	9	0.101101220	0.106674619	0.094767734	0.107303716	0.097395241	0.095525287	0.097744055	0.085747056	0.092217274	0.121523783
429	8	6	0.090508536	0.098749772	0.100447901	0.107553259	0.103842296	0.092196301	0.111055471	0.107380226	0.095403448	0.092862725
430	8	6	0.096166641	0.079952955	0.094917938	0.100906298	0.104288280	0.100310400	0.118662298	0.098793909	0.103603303	0.102398038
431	9	7	0.123071037	0.093943857	0.089201823	0.073489971	0.102793314	0.108898491	0.084839344	0.139321253	0.092304148	0.092136756
432	4	0	0.118709825	0.087722734	0.097157001	0.101379648	0.102426477	0.100129418	0.089088134	0.084031329	0.107694395	0.111660980
433	6	3	0.093707852	0.102471679	0.094519205	0.120262310	0.105757728	0.097443819	0.115565665	0.097168520	0.083485737	0.089617468
434	8	6	0.081233591	0.080795273	0.098878071	0.113811605	0.087622210	0.081466034	0.125621647	0.104909599	0.113965482	0.111696467
435	8	7	0.093659133	0.089704312	0.089367621	0.101159714	0.109032966	0.098453455	0.118597075	0.120521739	0.090993471	0.088510506
436	9	9	0.086732142	0.101730101	0.112458564	0.101249978	0.090367176	0.100703783	0.089133903	0.102870397	0.096282504	0.118471488
437	2	9	0.112642922	0.083044454	0.104409985	0.079316989	0.112876765	0.098154992	0.091412626	0.112476595	0.090780638	0.114884026
438	7	2	0.096435897	0.079213165	0.118527949	0.083669133	0.088532433	0.110785134	0.100213230	0.112501130	0.115848318	0.094273597
439	6	8	0.100572474	0.105074503	0.093876116	0.102392063	0.090228155	0.104955420	0.101572841	0.098877639	0.109242782	0.093207963
440	4	2	0.100163274	0.095467076	0.117905468	0.105007738	0.084424123	0.111797944	0.086388662	0.099334426	0.097870700	0.101640664
441	1	7	0.083721668	0.064100407	0.103606828	0.089541122	0.104659602	0.104383178	0.119337223	0.120581210	0.110570148	0.099498659
442	0	7	0.111810900	0.085737929	0.088448592	0.083464198	0.097348697	0.099848978	0.110164918	0.124006130	0.094923839	0.104245707
443	7	3	0.084649540	0.096479826	0.100868814	0.117309079	0.115708776	0.087001249	0.100513943	0.095164128	0.106666073	0.095638633
444	9	0	0.125709996	0.095931947	0.099064842	0.084517941	0.089014053	0.106819496	0.094705649	0.112842329	0.089160733	0.102232963
445	0	0	0.121729769	0.101623617	0.089447603	0.072925501	0.108824834	0.110425510	0.104871683	0.097716302	0.089861237	0.102573931
446	6	6	0.086653925	0.085417837	0.085810237	0.101066083	0.108427167	0.107607856	0.117721654	0.103515118	0.099515535	0.104264528
447	8	3	0.078469180	0.073011823	0.099351317	0.116581202	0.104325712	0.099243291	0.114372857	0.096185774	0.112999126	0.105459712
448	0	9	0.088385448	0.100489639	0.104978867	0.110406965	0.103608012	0.089171730	0.099789426	0.096777968	0.085592672	0.120799258
449	5	3	0.096438058	0.102998264	0.099312499	0.107233837	0.093070172	0.095639043	0.106028840	0.106195234	0.093718052	0.099365965
450	2	7	0.091008253	0.094450071	0.107547440	0.118689790	0.088448443	0.102847800	0.080541983	0.130443141	0.094492801	0.091530293
451	4	3	0.076149963	0.082014330	0.132131457	0.143091813	0.101383418	0.085993268	0.094023421	0.098190822	0.096393466	0.090628050
452	2	7	0.095875375	0.093587376	0.106842779	0.110119626	0.077933751	0.109084189	0.089407846	0.119184531	0.099046752	0.098917767
453	9	9	0.106409043	0.100410767	0.102160968	0.098801225	0.090359546	0.104285382	0.091964118	0.108537696	0.088061415	0.109009840
454	1	9	0.099618912	0.101528287	0.097582370	0.096957557	0.091289282	0.103637308	0.095761150	0.097461581	0.103098139	0.113065474
455	1	9	0.089364544	0.101476662	0.109760597	0.102495678	0.090271831	0.098940976	0.107453011	0.091429830	0.095749974	0.113056965
456	3	5	0.095524676	0.101856612	0.092926219	0.094996154	0.107889242	0.112238400	0.106551744	0.106714346	0.083179250	0.098123424
457	8	4	0.107062727	0.091951236	0.097584933	0.094120175	0.117046691	0.083211720	0.116069637	0.108585827	0.082261547	0.102105439
458	9	7	0.113265067	0.095527954	0.100905776	0.109450236	0.081575982	0.110517621	0.072958924	0.123510011	0.101590946	0.090697482
459	8	6	0.090597384	0.097623818	0.091686055	0.113346845	0.104070283	0.096556030	0.120004520	0.114494585	0.082713336	0.088907130
460	5	3	0.105474219	0.090228587	0.096085779	0.107604131	0.098887585	0.099524774	0.106765889	0.104296848	0.098605648	0.092526473
461	0	4	0.114263207	0.089905106	0.110061727	0.100838318	0.115054853	0.084019542	0.093579374	0.096891038	0.100356892	0.095029823
462	8	3	0.093959965	0.073777042	0.095918663	0.115454599	0.096904315	0.094779640	0.114138320	0.106290020	0.108276002	0.100501381
463	6	9	0.104435362	0.102097414	0.093922712	0.115489565	0.092289552	0.083072416	0.093856260	0.106307983	0.090594761	0.117934033
464	4	3	0.093147479	0.108642757	0.117947303	0.120163374	0.083529331	0.097727574	0.085923962	0.098333962	0.098314099	0.096270114
465	5	6	0.099709466	0.080734588	0.097367644	0.117665112	0.087141879	0.099630363	0.119267620	0.096671790	0.108183384	0.093628146
466	0	0	0.123852685	0.103306711	0.102289267	0.083897755	0.094682798	0.110033870	0.101685032	0.089549936	0.102664120	0.088037781
467	0	0	0.125839323	0.090967245	0.085689306	0.100776933	0.095359661	0.098098591	0.097961426	0.100768775	0.099318281	0.105220474
468	7	3	0.096215896	0.092779346	0.106425822	0.116563320	0.102100328	0.081378549	0.096787795	0.101448253	0.107710660	0.098590083
469	7	3	0.091378517	0.093540378	0.099208824	0.118876800	0.092126377	0.094393916	0.099741049	0.108319566	0.101626553	0.100787945
470	3	6	0.104525141	0.085719220	0.098491363	0.091684341	0.100687131	0.097941041	0.112995125	0.104137436	0.093257040	0.110562168
471	5	6	0.098065227	0.102055587	0.105761252	0.096662231	0.108190633	0.104576044	0.118810304	0.089011595	0.087073728	0.089793406
472	1	4	0.080915719	0.083553500	0.111414596	0.090987854	0.112271518	0.106602296	0.111858130	0.105157278	0.096956618	0.100282513
473	0	6	0.081009336	0.097038031	0.088532664	0.111247785	0.094631866	0.102246128	0.130184606	0.098324150	0.105770931	0.091014504
474	8	9	0.110322505	0.084790587	0.095267043	0.098174222	0.086110324	0.099050529	0.107788756	0.105724454	0.100303978	0.112467587
475	8	3	0.086175531	0.079526551	0.104767136	0.123746425	0.106221773	0.099603973	0.098880485	0.100425124	0.099899597	0.100753352
476	5	3	0.100085899	0.101361364	0.094631962	0.108627588	0.092937037	0.105634533	0.099598892	0.102374651	0.096874297	0.097873919
477	0	6	0.091979578	0.078054026	0.107602820	0.107198887	0.102608353	0.096321486	0.108735725	0.104256347	0.103467792	0.099774972
478	9	0	0.139348984	0.100126304	0.101477921	0.087340146	0.094504267	0.097312517	0.081056230	0.106913529	0.091588624	0.100331433
479	3	0	0.119558409	0.090021409	0.090231970	0.098894328	0.094176963	0.091220938	0.092727989	0.115941569	0.100614220	0.106612131
480	1	9	0.089990459	0.094387315	0.105632335	0.102679417	0.098968841	0.104393236	0.096525617	0.107581556	0.087883882	0.111957401
481	9	0	0.126784399	0.093402646	0.101781063	0.087827720	0.085470088	0.102143385	0.087051533	0.116851561	0.094473377	0.104214236
482	4	2	0.105525710	0.090091377	0.111288235	0.099188492	0.094946451	0.104119189	0.102029487	0.099269055	0.099760756	0.093781218
483	9	9	0.093781881	0.102835275	0.103061482	0.104200177	0.112476006	0.079940893	0.108833186	0.101656444	0.080060884	0.113153838
484	9	6	0.088699773	0.090889364	0.106658131	0.103087857	0.112229712	0.103196606	0.116565228	0.104755051	0.075958654	0.097959578
485	5	3	0.091765672	0.090095133	0.091147438	0.115807332	0.111154303	0.094990067	0.110161453	0.099588647	0.099701747	0.095588230
486	6	6	0.077134706	0.085393704	0.094516404	0.107086577	0.104696952	0.093289331	0.133730233	0.109678678	0.100393280	0.094080202
487	4	9	0.109689839	0.088606335	0.105911791	0.100561276	0.092313141	0.085493065	0.093155272	0.109009929	0.099477179	0.115782142
488	5	6	0.101006016	0.090163805	0.099891812	0.081406869	0.109884404	0.110379785	0.120114081	0.105814919	0.084773570	0.096564740
489	4	2	0.100307025	0.071943007	0.131662339	0.101382017	0.120143212	0.086209156	0.109300874	0.091025196	0.096877694	0.091149524
490	9	4	0.116381675	0.112400964	0.102340885	0.092653416	0.118143551	0.098942421	0.100921191	0.082018234	0.091985866	0.084211826
491	4	0	0.130034968	0.093564630	0.119148210	0.091438666	0.072149478	0.100604489	0.082857043	0.097408377	0.101279646	0.111514509
492	1	7	0.095868945	0.072923757	0.101057336	0.073056042	0.108905196	0.104597323	0.117616273	0.121555269	0.098660491	0.105759360
493	4	0	0.113739103	0.102957308	0.109355837	0.105479352	0.080939710	0.096442938	0.087696627	0.107789293	0.093838915	0.101760894
494	8	3	0.093992174	0.088224985	0.101705387	0.109570906	0.097928442	0.098679282	0.106422074	0.094321042	0.102303766	0.106851950
495	0	9	0.083011627	0.108356752	0.101391330	0.108600408	0.107503787	0.083733186	0.111949362	0.091804735	0.084987879	0.118660875
496	0	7	0.084024161	0.095624715	0.104571834	0.105310187	0.109246843	0.094489954	0.107662030	0.109550424	0.099401638	0.090118207
497	3	6	0.095205165	0.082413286	0.101099551	0.111879319	0.111766048	0.081838265	0.123082645	0.113321632	0.097370073	0.082023993
498	6	0	0.117092460	0.105022505	0.103647821	0.093737915	0.098731913	0.102005072	0.091263145	0.080658227	0.100468799	0.107372120
499	4	9	0.110300943	0.085760891	0.097324289	0.099984646	0.097688369	0.107077390	0.089347705	0.099321358	0.101137854	0.112056613
500	8	7	0.097272761	0.082323231	0.098228939	0.107915215	0.095759451	0.093998834	0.103497103	0.119309023	0.091114372	0.110581093
501	7	8	0.076498926	0.098483674	0.110563613	0.104089230	0.105461501	0.104370423	0.103017032	0.087473653	0.110589057	0.099452890
502	4	2	0.101001777	0.102465719	0.111185454	0.109636962	0.088992290	0.094304234	0.078718707	0.102414683	0.100989893	0.110290304
503	9	7	0.102312610	0.078716561	0.107772626	0.105348483	0.090233132	0.102209643	0.081134334	0.117072880	0.110325456	0.104874231
504	9	7	0.093062699	0.086467996	0.094643205	0.095552132	0.103739023	0.109102219	0.110700697	0.122161806	0.085777119	0.098793127
505	5	3	0.099659912	0.094481885	0.101845555	0.111071646	0.097321607	0.099884108	0.107560441	0.098006487	0.094083898	0.096084505
506	1	7	0.090719059	0.089877009	0.106039353	0.110041127	0.095318444	0.099412479	0.099079169	0.115732931	0.089897007	0.103883468
507	9	0	0.122698501	0.088094078	0.098684035	0.093634963	0.104743190	0.101994656	0.086907350	0.114978664	0.092071980	0.096192561
508	3	7	0.086224981	0.096510336	0.097940780	0.116691723	0.091919228	0.089598522	0.113504633	0.119056113	0.095802680	0.092750885
509	3	0	0.110585846	0.089176543	0.099221975	0.092803299	0.109454811	0.098035485	0.096837468	0.101397783	0.093093365	0.109393403
510	0	6	0.096848942	0.094389491	0.085928448	0.102072500	0.086025588	0.095624886	0.134440199	0.096010469	0.125308380	0.083351143
511	6	6	0.104769312	0.096734643	0.097517349	0.090192117	0.100717865	0.104086407	0.123015083	0.086073369	0.093506418	0.103387527
512	2	2	0.075105675	0.092381522	0.119887859	0.118190683	0.104209989	0.096794099	0.098420300	0.100492992	0.085584231	0.108932622
513	5	7	0.088508703	0.082695261	0.102312684	0.115419589	0.093821332	0.101928405	0.094974123	0.116826132	0.107372716	0.096141107
514	5	6	0.096262448	0.088202298	0.096916467	0.094735995	0.112910181	0.111179441	0.114008754	0.093780369	0.097739652	0.094264396
515	6	7	0.091296539	0.096441418	0.094360456	0.103864945	0.113151520	0.096726932	0.096200347	0.116918452	0.091386713	0.099652715
516	2	3	0.091512069	0.082548231	0.103091687	0.118738025	0.099728599	0.096802205	0.098983154	0.104340643	0.110322304	0.093933098
517	6	7	0.074790023	0.082414433	0.107074685	0.103673868	0.104969315	0.107031263	0.117501244	0.119473413	0.093463555	0.089608170
518	7	2	0.101754010	0.104960471	0.112275667	0.096969567	0.097049989	0.092228375	0.099375129	0.093762934	0.096597008	0.105026864
519	8	6	0.087593965	0.102126986	0.086547799	0.100802183	0.103191890	0.105484359	0.122626223	0.086907476	0.098298848	0.106420234
520	8	3	0.088477343	0.076234587	0.113595031	0.121460199	0.103428036	0.082828686	0.111006357	0.096038744	0.103488743	0.103442222
521	9	6	0.102563463	0.096091315	0.101084873	0.102344491	0.100891128	0.095348530	0.112618297	0.107728928	0.092281215	0.089047834
522	1	9	0.102974936	0.090757199	0.109255217	0.101315841	0.089453854	0.094524160	0.099235013	0.104418389	0.098638259	0.109427184
523	6	2	0.097256072	0.097490251	0.113378748	0.105010502	0.100508399	0.107920557	0.088212982	0.091493256	0.094234496	0.104494773
524	4	0	0.127541587	0.088276468	0.115791462	0.087126635	0.091221362	0.100796260	0.094201684	0.093785994	0.089039773	0.112218745
525	3	6	0.093730927	0.095411085	0.076989010	0.082645662	0.118002452	0.108477496	0.121450357	0.108902477	0.095936894	0.098453596
526	0	4	0.091290377	0.102456927	0.097653233	0.104085803	0.116892032	0.085596859	0.104401574	0.094828002	0.086817533	0.115977652
527	8	3	0.104950421	0.079128489	0.095948189	0.119781159	0.111336581	0.091989465	0.107630327	0.089475341	0.104710236	0.095049739
528	9	7	0.100733787	0.087226741	0.094908185	0.095412463	0.103694014	0.094476789	0.088646762	0.125118554	0.097497627	0.112285025
529	4	0	0.127628401	0.090969905	0.101038992	0.095381685	0.077498667	0.089836664	0.078704521	0.117280558	0.101146854	0.120513812
530	8	6	0.100037694	0.090105601	0.095452920	0.092704259	0.108242832	0.089003198	0.122968890	0.091586813	0.102437764	0.107459977
531	0	1	0.088361003	0.111778714	0.086413018	0.096207507	0.103513122	0.109798633	0.111768715	0.091919497	0.092422508	0.107817337
532	1	9	0.097928032	0.094744690	0.107081123	0.095339231	0.096020959	0.102044523	0.105413690	0.095488891	0.095658287	0.110280618
533	0	2	0.086040929	0.083172865	0.115334414	0.100248635	0.104845144	0.102184698	0.115114845	0.096028969	0.105442517	0.091586925
534	8	3	0.099171609	0.105954699	0.088164322	0.118339673	0.106706493	0.091229424	0.101656415	0.094977058	0.100462042	0.093338281
535	9	7	0.107727617	0.085158788	0.103797391	0.092764951	0.099859037	0.095507823	0.085652038	0.127028883	0.098502845	0.104000680
536	6	6	0.088024981	0.093728177	0.098597497	0.103709482	0.105370678	0.104165457	0.110774003	0.103627235	0.094065070	0.097937435
537	9	0	0.123933628	0.083265416	0.110224314	0.092862226	0.098047704	0.095684618	0.088571094	0.115613833	0.099333435	0.092463776
538	7	3	0.102378882	0.095558651	0.090794444	0.117366970	0.098711982	0.105541080	0.092860937	0.095609620	0.105661876	0.095515586
539	5	7	0.083627023	0.102182835	0.104721814	0.108777277	0.099627875	0.100068830	0.096969798	0.117400929	0.096677393	0.089946330
540	0	6	0.094394587	0.081061147	0.097220697	0.098079808	0.094115242	0.104265615	0.129540250	0.100042418	0.105533898	0.095746323
541	1	4	0.100855939	0.072772861	0.103801094	0.089336082	0.121821612	0.101412997	0.111676119	0.091421932	0.104128249	0.102773055
542	3	6	0.080016620	0.105267905	0.093210816	0.109168686	0.096891448	0.104135387	0.122951008	0.106956050	0.092838176	0.088563912
543	8	6	0.100086085	0.093014553	0.093327977	0.096522927	0.103528723	0.107156493	0.117192619	0.113482945	0.089426942	0.086260751
544	5	2	0.095305689	0.099380881	0.106117330	0.103053600	0.096614435	0.098689847	0.100484274	0.105108976	0.098421000	0.096824020
545	4	0	0.111706458	0.097886935	0.109224245	0.107615069	0.086497419	0.101729028	0.084789455	0.101567417	0.101808488	0.097175583
546	9	7	0.090623058	0.089073882	0.104578145	0.105481334	0.095854789	0.106228352	0.094357871	0.111923404	0.097216330	0.104662746
547	5	6	0.094353840	0.099867433	0.099981159	0.095430084	0.092788912	0.102217816	0.117900856	0.102676734	0.094020985	0.100762121
548	3	9	0.101008609	0.085615620	0.104712926	0.098713577	0.096467465	0.098998100	0.098646834	0.101376422	0.098504923	0.115955584
549	1	8	0.104334921	0.086570449	0.112013951	0.093085751	0.106328756	0.090925969	0.097958960	0.089279547	0.121384501	0.098117210
550	5	7	0.091191173	0.092663795	0.106937140	0.099375755	0.092842385	0.107605964	0.107347183	0.119072497	0.091950014	0.091014042
551	1	4	0.109205760	0.100814991	0.084176801	0.109149195	0.115094960	0.094820164	0.102106437	0.088503741	0.112579040	0.083548933
552	1	2	0.091766477	0.089862458	0.107867479	0.107188165	0.100775488	0.097536854	0.101639286	0.101084821	0.107547171	0.094731763
553	8	6	0.092195913	0.088982753	0.096977621	0.092726916	0.111444533	0.097417399	0.118662015	0.093863435	0.098215990	0.109513342
554	7	8	0.090808764	0.092621654	0.109371796	0.091719404	0.102269731	0.096730366	0.087332450	0.108928099	0.119933970	0.100283787
555	4	3	0.086814061	0.090578414	0.113333799	0.127553508	0.097076595	0.092303976	0.095719837	0.100293525	0.099659137	0.096667163
556	5	6	0.086707361	0.109039254	0.095454820	0.101227053	0.089839168	0.100417763	0.119382009	0.112905473	0.091368638	0.093658492
557	1	8	0.089420468	0.080966003	0.104170494	0.101756014	0.099318698	0.085894935	0.119298570	0.089441419	0.133204788	0.096528620
558	8	3	0.087820984	0.084971331	0.093518294	0.111398660	0.106743395	0.093525350	0.110440277	0.096880712	0.105068885	0.109632060
559	0	7	0.086067379	0.088994898	0.094803169	0.100941651	0.109047592	0.092229761	0.110823609	0.113349810	0.111040071	0.092702106
560	1	6	0.087192878	0.088549621	0.099797443	0.107204095	0.116478369	0.100835033	0.118062727	0.100176871	0.091985755	0.089717180
561	4	0	0.138413489	0.091668040	0.115202352	0.094456919	0.081891239	0.098550528	0.082383022	0.098504804	0.091358714	0.107570976
562	4	3	0.100745179	0.111735426	0.094290085	0.112759694	0.096962087	0.107678622	0.093691312	0.101396754	0.090435818	0.090304971
563	5	6	0.103137590	0.106656790	0.103926316	0.099132076	0.095522277	0.103403196	0.108943515	0.096877612	0.082471795	0.099928804
564	1	6	0.092036285	0.094861895	0.104028776	0.100342460	0.092188455	0.095783725	0.110613130	0.110402904	0.099908076	0.099834323
565	9	7	0.100513570	0.107415654	0.103726543	0.105254583	0.094974399	0.093086369	0.081767693	0.113658153	0.099144392	0.100458659
566	1	6	0.088577799	0.077455439	0.108088955	0.098845392	0.098569669	0.103592262	0.112929553	0.109756224	0.104768932	0.097415715
567	1	3	0.086216971	0.088397942	0.112533823	0.119125448	0.098668478	0.095293805	0.091131404	0.104240485	0.110368446	0.094023250
568	3	6	0.096443795	0.083992675	0.095881477	0.109725073	0.081871048	0.100891329	0.115379326	0.104329497	0.105076432	0.106409311
569	1	6	0.098617807	0.079427399	0.107185170	0.088984162	0.090271771	0.094448373	0.116940387	0.106018804	0.109667093	0.108439013
570	2	2	0.093830176	0.096516289	0.114515394	0.104075424	0.097827397	0.100417502	0.090900727	0.110287383	0.085328557	0.106301226
571	9	0	0.120311461	0.095832497	0.107360497	0.086779326	0.096446529	0.103326760	0.093289718	0.106781572	0.085173503	0.104698174
572	1	3	0.083817549	0.094286688	0.105216369	0.109990127	0.098931476	0.106220677	0.102195278	0.102764137	0.095643252	0.100934424
573	7	2	0.105331965	0.111533985	0.112012103	0.104638211	0.078537263	0.082999028	0.088952839	0.101476088	0.107756615	0.106761925
574	1	7	0.105149224	0.083810076	0.097446658	0.080135584	0.097376168	0.105001591	0.112152956	0.114412919	0.094805047	0.109709732
575	0	3	0.090975828	0.091874197	0.103076600	0.120556921	0.091199651	0.081274562	0.089990444	0.101872973	0.116561510	0.112617292
576	9	6	0.083780222	0.097890846	0.097336106	0.102943115	0.106924102	0.110769711	0.116133556	0.114071459	0.078116417	0.092034519
577	9	7	0.098482393	0.090319864	0.105542399	0.107112862	0.098744206	0.103320621	0.097567365	0.112387396	0.102996148	0.083526745
578	7	2	0.100931816	0.103163049	0.112501733	0.092001602	0.093799599	0.101961598	0.109014265	0.093442097	0.099657647	0.093526587
579	0	0	0.122174121	0.091620885	0.093603775	0.092647679	0.095909439	0.099360466	0.097301222	0.099205658	0.103371784	0.104804941
580	3	6	0.101931266	0.082668781	0.089837611	0.102647588	0.106207594	0.095782802	0.128059417	0.105188228	0.104684599	0.082992151
581	7	3	0.082617007	0.101984531	0.104077965	0.123436376	0.094186924	0.092400044	0.097091317	0.112085201	0.102509879	0.089610808
582	5	3	0.088473916	0.086919867	0.099522755	0.132741317	0.081740968	0.095376827	0.104334593	0.100954510	0.098637693	0.111297578
583	8	6	0.103597216	0.096511923	0.079702966	0.096803129	0.116506554	0.098262429	0.127948314	0.096852623	0.097768687	0.086046197
584	1	7	0.090116121	0.075825594	0.107560508	0.105282649	0.098594271	0.107964098	0.104920506	0.109822832	0.101485841	0.098427683
585	4	2	0.106065154	0.092206791	0.123570599	0.096420355	0.086868480	0.101222426	0.092577785	0.096923284	0.092743441	0.111401670
586	0	2	0.102872036	0.074832723	0.113025986	0.099220015	0.090594448	0.100158960	0.106936157	0.102437355	0.106321596	0.103600763
587	6	5	0.105744474	0.108819559	0.096268684	0.089205630	0.108561277	0.111087345	0.109897546	0.093672559	0.083697833	0.093045160
588	4	7	0.099655174	0.097970240	0.106269777	0.082538664	0.099737227	0.114466287	0.090303302	0.121937707	0.090419583	0.096702024
589	7	2	0.093883045	0.097638309	0.114474989	0.090985782	0.109447606	0.094582111	0.097277470	0.088056043	0.104229264	0.109425344
590	3	3	0.085454702	0.099901505	0.100864284	0.150479347	0.098944850	0.082701802	0.082635850	0.101891339	0.107762761	0.089363590
591	6	3	0.101551570	0.072867066	0.100081921	0.125526980	0.088692792	0.104777649	0.092153877	0.104583845	0.108178623	0.101585619
592	1	9	0.094006523	0.101884827	0.101040728	0.094872452	0.100191705	0.101689212	0.101390481	0.100509904	0.095823042	0.108591147
593	6	6	0.090808526	0.087655813	0.085791774	0.096934803	0.121779718	0.104017287	0.130312279	0.107071139	0.086810462	0.088818207
594	2	4	0.103614978	0.091653332	0.101026550	0.102162808	0.106981337	0.105620205	0.096120872	0.093098983	0.098688431	0.101032436
595	7	8	0.090443887	0.074901558	0.113669969	0.122746080	0.089216657	0.086254545	0.101457052	0.101734199	0.124804340	0.094771735
596	1	6	0.087895133	0.078061894	0.106099270	0.088725276	0.103550903	0.110276371	0.116902091	0.108289316	0.100655064	0.099544682
597	8	7	0.103988223	0.080943860	0.089117087	0.099087849	0.106258608	0.095853202	0.098988131	0.117788091	0.099277094	0.108697861
598	7	9	0.098929867	0.089617386	0.107634813	0.078439571	0.107121803	0.107325338	0.094281830	0.104998395	0.099603608	0.112047389
599	2	3	0.097185999	0.108610369	0.122158229	0.123114087	0.082094483	0.079504333	0.075154938	0.104942255	0.095915578	0.111319721
600	7	2	0.107697077	0.088232197	0.118820034	0.101459578	0.078864545	0.094503075	0.096909545	0.101825148	0.101059467	0.110629387
601	9	3	0.086698748	0.100528561	0.095855407	0.112941369	0.097232394	0.102348581	0.108660460	0.107902110	0.095913537	0.091918916
602	4	2	0.116393290	0.094305806	0.117154799	0.104814410	0.094346508	0.091525778	0.091362491	0.097896703	0.097640403	0.094559714
603	2	3	0.083893046	0.092785701	0.116820201	0.122506201	0.096308194	0.088812970	0.089037463	0.108024128	0.098416060	0.103396133
604	8	3	0.086803995	0.072955877	0.102436215	0.130231440	0.098747797	0.082364686	0.104450867	0.091873437	0.111114465	0.119021200
605	4	3	0.089533292	0.097362652	0.106762871	0.121108145	0.089590430	0.086235166	0.102413610	0.092968471	0.105864428	0.108160980
606	4	3	0.102351628	0.089455031	0.108021431	0.121506855	0.074283518	0.105761670	0.082652427	0.092959784	0.103686228	0.119321421
607	3	3	0.103765517	0.093287118	0.092103787	0.107756242	0.104641512	0.097292855	0.102855064	0.093062662	0.101611532	0.103623688
608	7	1	0.095871307	0.116538979	0.111875065	0.098189086	0.091455638	0.076650262	0.091792487	0.107542835	0.104110904	0.105973490
609	4	3	0.112001456	0.110924169	0.103298180	0.114884526	0.076663107	0.092396766	0.078776903	0.105990253	0.091478020	0.113586493
610	5	7	0.085703559	0.100176454	0.103079200	0.101556480	0.097823955	0.103843778	0.103341140	0.113497727	0.101856470	0.089121208
611	2	2	0.085583903	0.092821099	0.109696083	0.108389489	0.102781907	0.097355694	0.093604870	0.104873724	0.097658575	0.107234612
612	8	0	0.116233513	0.082493171	0.109745018	0.102357291	0.090223260	0.091425158	0.098841913	0.108263314	0.099021837	0.101395503
613	3	6	0.089734375	0.094194010	0.097146772	0.105760828	0.096222632	0.103500910	0.119246490	0.108805381	0.095036991	0.090351656
614	1	0	0.126797169	0.098771900	0.100664794	0.081729062	0.085862167	0.101170175	0.096439853	0.091506690	0.102678068	0.114380121
615	7	8	0.090532616	0.104757562	0.106948830	0.105732411	0.079975143	0.097475223	0.097186521	0.108893685	0.115706034	0.092791937
616	9	9	0.098161891	0.079664141	0.103897259	0.107168593	0.095041752	0.095343195	0.107204735	0.105933838	0.097404785	0.110179789
617	9	7	0.116976380	0.092065550	0.104849339	0.095617235	0.088577457	0.098480046	0.084778577	0.127113953	0.091995724	0.099545836
618	9	7	0.116281897	0.089651257	0.092524782	0.099475428	0.087406747	0.111302793	0.082979627	0.131637096	0.096583784	0.092156559
619	7	6	0.096729130	0.097743317	0.093685143	0.087809823	0.109669954	0.098356269	0.113145933	0.098586917	0.100449905	0.103823595
620	1	6	0.090295173	0.062684774	0.110443421	0.090640694	0.098179467	0.110654958	0.127339676	0.113800712	0.101130307	0.094830826
621	3	6	0.103559390	0.101364255	0.089741148	0.095774144	0.110545717	0.103865959	0.121368565	0.094921120	0.092716910	0.086142845
622	9	0	0.120783858	0.088880748	0.106772698	0.086115777	0.096008420	0.108149990	0.082036346	0.113655880	0.097013049	0.100583173
623	6	2	0.096213497	0.102049887	0.113149539	0.103794821	0.103079215	0.110216469	0.087724775	0.090960093	0.093698747	0.099113047
624	0	6	0.099425122	0.101230763	0.101335339	0.097536094	0.102208346	0.096286073	0.109553270	0.102159239	0.091477573	0.098788157
625	0	4	0.100766391	0.089956455	0.108281024	0.095519885	0.113911368	0.092776328	0.108085252	0.103981763	0.096891306	0.089830197
626	9	0	0.118832827	0.090894058	0.107291915	0.087411717	0.098066591	0.106933147	0.092116177	0.115147106	0.087508291	0.095798127
627	0	3	0.092900127	0.098599032	0.100208692	0.118775174	0.086895689	0.099462740	0.096795708	0.104069635	0.101388857	0.100904331
628	6	6	0.097662807	0.084456012	0.093237072	0.086370826	0.118973166	0.101849854	0.127830982	0.107360572	0.087741941	0.094516791
629	1	2	0.088640727	0.100014761	0.120049506	0.106394395	0.095002502	0.094593517	0.091642231	0.107548788	0.095983960	0.100129619
630	4	3	0.089367948	0.092578106	0.094945401	0.125165537	0.087076508	0.090596184	0.097529963	0.096534006	0.116530292	0.109676115
631	4	3	0.096113645	0.094127201	0.104325444	0.121419288	0.095472679	0.095436908	0.092632815	0.097887583	0.103244804	0.099339649
632	0	6	0.083550863	0.093752883	0.104726084	0.094197012	0.112404525	0.099448726	0.119303569	0.097626776	0.099397607	0.095591955
633	9	4	0.110402226	0.100994624	0.078364767	0.086258180	0.131268233	0.102502346	0.097307466	0.104925416	0.093967363	0.094009429
634	3	8	0.094209172	0.096384041	0.089911714	0.102619328	0.104787245	0.101456478	0.104919389	0.100753233	0.112709723	0.092249691
635	4	9	0.100734927	0.096085675	0.100567356	0.106558636	0.089558244	0.091320075	0.094876140	0.099726871	0.104743302	0.115828790
636	6	7	0.094709001	0.078234144	0.102606773	0.081885599	0.109296821	0.096415803	0.118926495	0.121213198	0.099003591	0.097708546
637	0	2	0.102677912	0.088686243	0.105834872	0.099302478	0.095102064	0.099351153	0.103588887	0.095220447	0.105232783	0.105003148
638	6	6	0.094825536	0.106732041	0.092246443	0.100097187	0.094943829	0.111345522	0.113126785	0.096720271	0.087141812	0.102820538
639	3	6	0.115000024	0.067671016	0.109450363	0.093964405	0.102211773	0.089940391	0.127277225	0.104744479	0.100970007	0.088770330
640	0	1	0.099082336	0.110678822	0.100907251	0.102404445	0.108580396	0.091393784	0.106956087	0.087466799	0.086615831	0.105914325
641	1	2	0.086664483	0.092952900	0.109871939	0.108300418	0.096738435	0.096507058	0.097391397	0.107193187	0.097782828	0.106597349
642	4	7	0.112667158	0.106608234	0.099718966	0.101077899	0.089517362	0.078555346	0.085571356	0.113783941	0.104197986	0.108301677
643	8	9	0.083908923	0.087880664	0.103242300	0.106918640	0.097298972	0.105950378	0.103232890	0.108003311	0.094582424	0.108981460
644	8	7	0.104050599	0.098151766	0.089176863	0.110540152	0.100142486	0.093261190	0.099019654	0.122677818	0.098800324	0.084179178
645	2	9	0.106404185	0.081450008	0.105081707	0.108427264	0.092769928	0.090542473	0.083571970	0.108896747	0.108529851	0.114325978
646	5	3	0.095957637	0.090283483	0.100707494	0.108621150	0.103715062	0.095450439	0.104480252	0.099235155	0.098884143	0.102665208
647	1	6	0.105535030	0.090412505	0.098927610	0.079105936	0.093163081	0.110094719	0.111897536	0.103105552	0.096978582	0.110779449
648	1	3	0.093759060	0.101580217	0.105214015	0.113718413	0.093411610	0.102262795	0.093739495	0.100095116	0.097569451	0.098649867
649	0	6	0.086340256	0.086641140	0.107262217	0.097820751	0.104303308	0.096902385	0.120147221	0.102456361	0.106714778	0.091411583
650	8	7	0.085471690	0.093930058	0.087711178	0.088186041	0.112085156	0.109862030	0.105849780	0.130110025	0.090885907	0.095908120
651	0	6	0.098768301	0.087169833	0.088332132	0.085263133	0.107474960	0.094913855	0.130637139	0.105449423	0.110121623	0.091869615
652	2	2	0.093759537	0.098666422	0.113366850	0.112060539	0.086453930	0.107337505	0.089676052	0.105579875	0.094238721	0.098860651
653	4	3	0.083965681	0.110205024	0.096837103	0.128678784	0.084204733	0.097332135	0.081357822	0.109638341	0.107844435	0.099935912
654	7	2	0.092846133	0.102335304	0.118106455	0.094307020	0.085371755	0.090204254	0.105682187	0.104861751	0.105124801	0.101160273
655	5	3	0.103172757	0.093391888	0.092488676	0.107630193	0.097880147	0.103284821	0.104054771	0.098984584	0.095916308	0.103195846
656	2	2	0.096511841	0.096092343	0.113751411	0.103172012	0.101108737	0.110745668	0.100589879	0.100057311	0.085958220	0.092012644
657	3	2	0.106730625	0.091646738	0.114515394	0.104589023	0.093868986	0.091737472	0.088880949	0.100848630	0.093443438	0.113738716
658	6	7	0.079313077	0.086891934	0.090637140	0.107040092	0.104522496	0.099272594	0.109995231	0.112388939	0.106285065	0.103653394
659	5	7	0.089962348	0.086099580	0.100163803	0.103279099	0.095078707	0.106178597	0.091240786	0.116037987	0.108297370	0.103661738
660	8	7	0.093401946	0.091790028	0.103363484	0.109929368	0.096149169	0.098555915	0.103543967	0.116059080	0.084549628	0.102657408
661	6	6	0.094463497	0.103201121	0.091566414	0.089262441	0.095461197	0.110782504	0.121208549	0.106023349	0.093026429	0.095004477
662	3	6	0.106761664	0.087822154	0.083300248	0.094054565	0.117997207	0.089073233	0.134687662	0.097206801	0.095165722	0.093930803
663	9	9	0.105110094	0.111777708	0.110008307	0.112553187	0.083055526	0.083088681	0.084460124	0.110830523	0.085174210	0.113941692
664	1	8	0.105786115	0.091157719	0.105546400	0.097957589	0.093243726	0.103163414	0.092310674	0.099655412	0.109280013	0.101898879
665	8	7	0.085122719	0.085359603	0.096403465	0.100737378	0.102957487	0.098745823	0.121685207	0.123162255	0.091682762	0.094143331
666	6	7	0.097297795	0.096871108	0.094136186	0.088647656	0.084973089	0.117564961	0.116157100	0.118046992	0.096289158	0.090016015
667	0	0	0.121781543	0.087005474	0.108453117	0.085482322	0.101996407	0.094952099	0.093953453	0.098513760	0.099904150	0.107957691
668	6	3	0.082572542	0.097432643	0.096432671	0.127450734	0.099980220	0.090148956	0.117579661	0.111951135	0.078583159	0.097868301
669	4	7	0.093274981	0.097444274	0.109797403	0.112379000	0.082562111	0.090052538	0.088888854	0.119218126	0.089584053	0.116798662
670	4	0	0.123514272	0.090698503	0.122874938	0.094086714	0.096749760	0.095805265	0.103761815	0.085661754	0.094571471	0.092275463
671	1	2	0.094595753	0.091094390	0.114527427	0.090462007	0.096151046	0.100195311	0.102179244	0.106330089	0.106414512	0.098050140
672	7	3	0.093068302	0.109580889	0.104835682	0.111213885	0.088510595	0.097515389	0.086806469	0.105020337	0.100805588	0.102642827
673	4	2	0.107382976	0.102430031	0.115533523	0.104670234	0.085461140	0.099980921	0.088991933	0.107499614	0.090632178	0.097417451
674	7	1	0.095320873	0.115149245	0.111944020	0.092905842	0.096036866	0.090091936	0.102666795	0.101847291	0.103029050	0.091008171
675	0	6	0.116153210	0.098046094	0.088634647	0.084184349	0.108056478	0.102393731	0.129748836	0.087507524	0.095181853	0.090093248
676	8	5	0.084609956	0.088944405	0.098593444	0.080475874	0.104953103	0.121103168	0.106965557	0.117422380	0.099987209	0.096944943
677	0	4	0.089884929	0.103198595	0.111898720	0.113087811	0.116137601	0.084879458	0.096777648	0.087367982	0.086345017	0.110422201
678	7	3	0.081475303	0.089608565	0.100229934	0.123428985	0.099752620	0.100362644	0.096293345	0.110353813	0.106130160	0.092364594
679	7	2	0.091679968	0.088796906	0.118140593	0.108805597	0.089873642	0.086876683	0.098424762	0.088076234	0.114594266	0.114731364
680	0	8	0.089640401	0.091935202	0.086784132	0.114842258	0.104858473	0.084623851	0.119575687	0.095637314	0.120374613	0.091728061
681	9	6	0.086155064	0.104886271	0.086405762	0.101531222	0.112469546	0.099478267	0.114764921	0.105844885	0.098112628	0.090351403
682	8	3	0.090622380	0.090039887	0.096822165	0.117578946	0.099777751	0.084682181	0.111060508	0.102642111	0.108596310	0.098177746
683	2	2	0.098137133	0.088316388	0.116361432	0.099199101	0.101162046	0.098798968	0.100537829	0.116202794	0.089911751	0.091372572
684	6	3	0.095083967	0.096257992	0.111126989	0.116264381	0.090373173	0.103449322	0.079621799	0.092137434	0.111049391	0.104635552
685	8	7	0.091245338	0.089947872	0.102645390	0.106861152	0.102894291	0.087942265	0.115241319	0.117013067	0.093682438	0.092526875
686	7	7	0.103322029	0.096789524	0.104393244	0.098050259	0.101507545	0.084551476	0.097752854	0.109311163	0.095922105	0.108399838
687	3	3	0.088090979	0.081688702	0.103147388	0.118802361	0.100725412	0.082599454	0.117860049	0.104143292	0.117842399	0.085100003
688	3	2	0.091709234	0.084587887	0.113437563	0.108013608	0.110462256	0.089388609	0.097221911	0.106411122	0.099463753	0.099304028
689	3	4	0.094886348	0.101463757	0.088848010	0.098806500	0.118612513	0.096492425	0.109293006	0.116658501	0.097551920	0.077386960
690	7	4	0.105283655	0.098997362	0.111512274	0.100017421	0.116338670	0.076447859	0.106148578	0.093572117	0.100182682	0.091499254
691	6	3	0.099424705	0.090561107	0.103155047	0.149642348	0.085701890	0.094738990	0.072891779	0.103193305	0.094240263	0.106450617
692	9	0	0.122271307	0.104142450	0.090697005	0.091645025	0.106764682	0.097447790	0.099053107	0.097958416	0.098305345	0.091714852
693	4	2	0.103263669	0.086406305	0.121936217	0.111484379	0.090592772	0.096017383	0.087877057	0.095825396	0.104384057	0.102212727
694	6	7	0.085311577	0.102087632	0.104446627	0.100703351	0.096955538	0.105661817	0.108095951	0.115306526	0.093120523	0.088310488
695	3	6	0.096746124	0.088935457	0.104500309	0.099722505	0.100297429	0.107683748	0.110607147	0.101749077	0.090584256	0.099173926
696	1	9	0.085750371	0.092224330	0.105305865	0.104529150	0.103198908	0.101101264	0.105099864	0.103349298	0.086732134	0.112708792
697	5	3	0.089892954	0.099995241	0.098256484	0.118908949	0.093618363	0.099046350	0.101508453	0.110293962	0.095242374	0.093236774
698	9	0	0.122271538	0.096289523	0.103822246	0.103049852	0.078614131	0.097281687	0.080755427	0.112404659	0.107456878	0.098054104
699	5	6	0.084458463	0.086981624	0.104931861	0.099215165	0.093826696	0.105349034	0.112831488	0.108966775	0.098687395	0.104751527
700	0	0	0.118415967	0.095298462	0.110963032	0.089814126	0.099326961	0.093365118	0.092807911	0.102107570	0.098143175	0.099757783
701	7	2	0.088762395	0.109671988	0.118298605	0.115799807	0.099163301	0.097975753	0.091099799	0.083185986	0.106591582	0.089450866
702	5	2	0.090704046	0.087509178	0.107578091	0.105132289	0.104191937	0.097993031	0.106885247	0.105386272	0.099301323	0.095318578
703	1	2	0.087317906	0.079115950	0.115911566	0.110841990	0.104965948	0.099195100	0.112602875	0.095677920	0.096173987	0.098196790
704	5	7	0.088280015	0.084175013	0.109524734	0.094653539	0.106967464	0.099285744	0.113709286	0.116241686	0.094358549	0.092803948
705	0	6	0.083676450	0.088479310	0.103059985	0.110580504	0.103151686	0.094404109	0.117262326	0.097261913	0.105668217	0.096455552
706	3	6	0.087140843	0.097471245	0.091746695	0.104530662	0.097915985	0.103480496	0.132113099	0.112911545	0.091568522	0.081120931
707	2	7	0.106125489	0.078105785	0.104375444	0.105749518	0.106423333	0.100167871	0.102170028	0.109624825	0.098235190	0.089022465
708	7	0	0.116901584	0.103565417	0.105787903	0.091814816	0.084209934	0.099240281	0.092531644	0.110945493	0.095038429	0.099964470
709	1	3	0.093834192	0.100627162	0.109429553	0.120123453	0.095376529	0.082995683	0.092880160	0.096761927	0.097927496	0.110043898
710	5	6	0.108442493	0.078121252	0.105615281	0.105941728	0.096005648	0.097532660	0.131926417	0.096483096	0.085501209	0.094430193
711	7	8	0.084661417	0.073769882	0.101736598	0.133166119	0.096555695	0.096247397	0.100737654	0.089013487	0.134599358	0.089512400
712	6	3	0.106968477	0.087275155	0.092949867	0.107924312	0.096207768	0.106654964	0.099457599	0.099704318	0.105562404	0.097295135
713	1	7	0.087397099	0.081972465	0.096419938	0.095872097	0.109307617	0.103389949	0.110333644	0.116076656	0.103875071	0.095355518
714	5	6	0.100447707	0.097804792	0.092689820	0.094373308	0.102223612	0.100072443	0.108945258	0.099728659	0.102485768	0.101228580
715	4	0	0.123520017	0.096860409	0.106775880	0.103381231	0.079811119	0.105470158	0.085971989	0.095447384	0.100406356	0.102355510
716	8	6	0.094180800	0.075851686	0.104057923	0.103329703	0.093348667	0.099133410	0.115960740	0.097329676	0.115409866	0.101397552
717	5	7	0.096110672	0.102679826	0.105175816	0.100135736	0.094350405	0.098632611	0.106511772	0.109595150	0.091701552	0.095106401
718	0	2	0.094208427	0.101158276	0.110975526	0.108786330	0.105000131	0.100341909	0.105788350	0.094319433	0.095229827	0.084191814
719	8	6	0.103341825	0.104803950	0.095175490	0.085356124	0.099723130	0.110538423	0.113031693	0.092256047	0.091283798	0.104489446
720	0	7	0.100949518	0.098135680	0.096968576	0.107519440	0.094569169	0.095272243	0.098731577	0.111563958	0.103516228	0.092773579
721	2	3	0.083807766	0.094504513	0.112204507	0.113365903	0.105287649	0.093967177	0.089310624	0.112621762	0.094312124	0.100617938
722	9	0	0.134659961	0.085124075	0.098866008	0.087900832	0.100526825	0.099399254	0.089998141	0.109030060	0.093371235	0.101123586
723	3	6	0.093402348	0.102310598	0.092706904	0.103463992	0.104836196	0.099471927	0.125530690	0.108090721	0.085694410	0.084492110
724	8	9	0.108084686	0.086946048	0.095470473	0.108691998	0.083804570	0.103048138	0.110146150	0.088707805	0.100373536	0.114726625
725	5	2	0.115608953	0.079336524	0.118448779	0.093541071	0.102975167	0.094853327	0.113161117	0.104411729	0.089596666	0.088066682
726	3	6	0.112699673	0.087195069	0.108271822	0.091039449	0.112536974	0.092217676	0.113126405	0.098643549	0.089205474	0.095063880
727	9	0	0.125674769	0.075165235	0.108438894	0.086053878	0.114681654	0.093989424	0.093935661	0.119978055	0.089754060	0.092328496
728	4	0	0.108879022	0.108457491	0.104367048	0.104863912	0.094646849	0.097173065	0.080581822	0.101345263	0.103134319	0.096551172
729	8	8	0.108970679	0.097818963	0.082679346	0.100331008	0.102334857	0.089392394	0.111004151	0.097717531	0.111299552	0.098451525
730	4	3	0.095092341	0.104095437	0.104351498	0.110862397	0.105023012	0.097717620	0.090872541	0.102585822	0.101758786	0.087640457
731	6	6	0.091735080	0.082731456	0.098491892	0.107892908	0.090844288	0.098588154	0.116434209	0.096099533	0.108602472	0.108580068
732	6	3	0.087798983	0.087014265	0.093853079	0.120107152	0.100018382	0.103045367	0.106704712	0.099718586	0.107216664	0.094522864
733	5	7	0.092489593	0.092858799	0.089954123	0.107039511	0.102664404	0.104721978	0.090286672	0.115287438	0.096638151	0.108059339
734	2	3	0.086646654	0.097364709	0.106268160	0.116009742	0.082837902	0.098836116	0.090212941	0.108935557	0.106918044	0.105970204
735	9	4	0.103072032	0.112023510	0.082675725	0.090207808	0.114865839	0.101774678	0.105476923	0.108223461	0.095874429	0.085805632
736	4	0	0.136615172	0.086444139	0.107733727	0.102023214	0.090536997	0.091563046	0.090722345	0.098863512	0.091045596	0.104452305
737	4	2	0.106903479	0.107092015	0.107542880	0.107439429	0.102380797	0.085604772	0.086499900	0.091870964	0.098651662	0.106014140
738	0	6	0.103305914	0.079444677	0.097243734	0.087984443	0.106861100	0.102949269	0.131910875	0.098750412	0.091521449	0.100028068
739	6	4	0.112471364	0.093144901	0.085833989	0.078806669	0.122085415	0.101778910	0.103034563	0.096292406	0.097868323	0.108683519
740	8	3	0.093752705	0.086261794	0.093863182	0.117593557	0.094508089	0.100168101	0.097472116	0.096035101	0.106979206	0.113366157
741	8	7	0.088581800	0.089640602	0.098044805	0.099198535	0.110040225	0.092936210	0.103324361	0.126053274	0.111418895	0.080761261
742	3	0	0.119544670	0.100287125	0.087251410	0.083977044	0.103709184	0.104156643	0.111673556	0.112048909	0.087280005	0.090071395
743	5	7	0.104635142	0.098252572	0.090100288	0.100298792	0.096487373	0.102620944	0.104663864	0.111907721	0.099751741	0.091281541
744	7	7	0.102295250	0.083810277	0.100554720	0.095662706	0.106075078	0.090641037	0.109974235	0.113840148	0.097199142	0.099947438
745	1	6	0.086493246	0.068567179	0.116759963	0.091260642	0.117349640	0.093657263	0.133776143	0.097574927	0.098644748	0.095916301
746	1	4	0.089674950	0.091303729	0.093695030	0.102908440	0.117953449	0.094609663	0.106473647	0.096056938	0.099976540	0.107347600
747	8	9	0.112868056	0.082693286	0.090983972	0.116497457	0.110652119	0.079873145	0.106164418	0.106723517	0.074218355	0.119325660
748	0	4	0.101446010	0.113138177	0.090327583	0.082785480	0.113712937	0.103638716	0.113575995	0.080824375	0.095721953	0.104828887
749	4	2	0.115085162	0.107699409	0.120401412	0.098256156	0.086236335	0.106211647	0.085508481	0.093943976	0.085796230	0.100861154
750	7	8	0.087422565	0.096599787	0.110302433	0.096608996	0.103806674	0.096355535	0.102762200	0.096349247	0.115899049	0.093893543
751	8	4	0.102243491	0.081208542	0.092020772	0.101778023	0.111166507	0.087849565	0.110343195	0.102920309	0.099652097	0.110817477
752	2	7	0.106253378	0.094534501	0.097851671	0.099863485	0.099108964	0.098521791	0.089466065	0.118206903	0.097129084	0.099064201
753	5	3	0.101480015	0.100329921	0.103402033	0.115104854	0.104565993	0.107193507	0.096538357	0.090850763	0.087713338	0.092821278
754	9	0	0.124754168	0.094356850	0.104365714	0.096999764	0.085341588	0.103253186	0.082464620	0.116956919	0.097208813	0.094298393
755	3	7	0.091592729	0.091560975	0.102874845	0.106842987	0.108791120	0.092471279	0.103480518	0.112889811	0.096090920	0.093404837
756	4	0	0.119048595	0.098007768	0.118593462	0.102982044	0.084875435	0.084110141	0.084038600	0.099579692	0.095943935	0.112820275
757	8	7	0.085614718	0.087046377	0.093971185	0.091273613	0.110837214	0.107134245	0.112017617	0.117348224	0.089776754	0.104979947
758	1	4	0.095802613	0.087840997	0.096911281	0.104117356	0.113667279	0.096985921	0.096556686	0.100944966	0.107626885	0.099546067
759	0	6	0.098675758	0.079413027	0.092836425	0.098806687	0.115752526	0.095711291	0.124735840	0.097706571	0.093214825	0.103146985
760	8	7	0.094954111	0.093465701	0.088847063	0.095552199	0.107654683	0.103121988	0.114471808	0.121483564	0.095687509	0.084761292
761	0	6	0.104643628	0.111916885	0.089587577	0.076423258	0.110746153	0.098252192	0.126543641	0.083113462	0.094177522	0.104595594
762	9	7	0.113355376	0.084625371	0.095970280	0.108732007	0.101693489	0.092536829	0.088000335	0.118599810	0.097627789	0.098858714
763	7	8	0.091263495	0.099568918	0.098314509	0.108550362	0.104772992	0.082054615	0.104351647	0.105712906	0.108643323	0.096767247
764	7	2	0.086414874	0.090322837	0.120144770	0.112103611	0.087048352	0.099333212	0.092104413	0.096415333	0.108900376	0.107212119
765	7	7	0.098638438	0.094289355	0.100661635	0.096540391	0.099498570	0.096789934	0.087499246	0.114048220	0.104520448	0.107513748
766	5	7	0.086925477	0.083058774	0.110835612	0.105767243	0.098465092	0.109324805	0.101940475	0.112391785	0.091529734	0.099760950
767	4	3	0.080556668	0.087090060	0.099447764	0.138116747	0.088046454	0.080445990	0.099077843	0.105556093	0.125872970	0.095789403
768	5	7	0.090624817	0.091939159	0.099078968	0.101279579	0.103046551	0.102695331	0.110714026	0.111449175	0.103828222	0.085344195
769	5	6	0.081063360	0.098337643	0.103968315	0.110450946	0.090819947	0.100803941	0.115253717	0.112716056	0.091656201	0.094929844
770	6	7	0.102340922	0.095328040	0.093369238	0.113279492	0.098845847	0.100596473	0.087487109	0.113598354	0.099452883	0.095701568
771	4	3	0.081110753	0.100478634	0.098175794	0.120918937	0.091475934	0.090375207	0.099046797	0.104087055	0.112938762	0.101392210
772	7	0	0.110893264	0.082786620	0.108333483	0.096329853	0.107638910	0.092184804	0.105512753	0.100565203	0.102407299	0.093347825
773	9	7	0.112096161	0.089158311	0.107758544	0.078476779	0.097076602	0.102231711	0.086143769	0.126350895	0.093458578	0.107248612
774	3	6	0.102643684	0.097638763	0.083700143	0.087035567	0.107930921	0.102520533	0.119471617	0.110793307	0.099474967	0.088790387
775	2	2	0.096157283	0.092967451	0.108799592	0.090960532	0.098058760	0.105185717	0.091484800	0.105682060	0.106324017	0.104379870
776	2	7	0.100551039	0.098528907	0.113016665	0.103998244	0.092714921	0.104020141	0.085781612	0.116088785	0.092596129	0.092703506
777	8	8	0.094500698	0.089031860	0.094403066	0.097416148	0.105666086	0.112775818	0.097798333	0.097449936	0.117353208	0.093604811
778	5	2	0.098383993	0.093491994	0.122091979	0.111935921	0.095397592	0.083041646	0.094850287	0.103490531	0.099693321	0.097622856
779	6	6	0.110506557	0.102201492	0.089468390	0.068912715	0.127885237	0.099869460	0.129218102	0.088660687	0.083108187	0.100169174
780	9	2	0.096999742	0.101432271	0.116683081	0.106137246	0.094913527	0.095925622	0.087850347	0.112974875	0.096540742	0.090542480
781	7	8	0.085784584	0.089988463	0.100427501	0.102560498	0.095163204	0.101926237	0.100230321	0.095337667	0.122001775	0.106579676
782	2	4	0.090523757	0.107776210	0.108127952	0.101270877	0.109648824	0.103234567	0.103617273	0.091624856	0.085593238	0.098582514
783	6	3	0.111827344	0.091742478	0.105722137	0.122831553	0.094842978	0.084917054	0.081244618	0.098977163	0.101920061	0.105974540
784	3	3	0.089890122	0.081660554	0.091525324	0.110015281	0.097693697	0.107301906	0.105636835	0.105436288	0.104213171	0.106626831
785	4	8	0.094372422	0.094851427	0.101664558	0.107164226	0.096341304	0.086133718	0.100804225	0.098897249	0.113204934	0.106565945
786	5	4	0.094645500	0.094095096	0.097559713	0.099290989	0.113247462	0.095727570	0.102379292	0.105628207	0.092394993	0.105031133
787	4	3	0.094457582	0.092023440	0.110466108	0.121305384	0.096759140	0.090483397	0.090012461	0.103037126	0.102437459	0.099017784
788	7	6	0.089957580	0.085454181	0.102258191	0.111221857	0.113321431	0.102408119	0.115526751	0.090558432	0.097474225	0.091819212
789	4	9	0.102943368	0.100379363	0.109249339	0.082278065	0.096628360	0.111334294	0.090228364	0.096741885	0.095137723	0.115079261
790	1	2	0.094551876	0.095572747	0.118770197	0.097491600	0.095841564	0.106408596	0.097625807	0.110211879	0.088345960	0.095179752
791	8	6	0.105512269	0.087864801	0.083739392	0.100901961	0.098677769	0.106552735	0.112947948	0.105803430	0.100528628	0.097471111
792	0	9	0.084992260	0.107951619	0.097406633	0.096817352	0.102717079	0.109676152	0.112499908	0.080074117	0.094490111	0.113374740
793	0	6	0.100144759	0.096333027	0.091659524	0.092460759	0.106890596	0.104293264	0.131598994	0.107825913	0.092292450	0.076500639
794	4	8	0.097055450	0.093124025	0.106186800	0.114041828	0.090982474	0.095841825	0.087898254	0.091703705	0.114321426	0.108844161
795	3	6	0.096380010	0.089660227	0.091454364	0.097758427	0.114172377	0.091505155	0.119208366	0.094702832	0.100034818	0.105123438
796	3	4	0.109908812	0.100342020	0.090154625	0.086699851	0.118102111	0.100533985	0.104324363	0.096664980	0.095251404	0.098017916
797	2	3	0.080611363	0.094879575	0.109324403	0.126817301	0.099231176	0.091427423	0.082801908	0.109104209	0.102761231	0.103041433
798	0	6	0.093428992	0.093181312	0.096503749	0.087511070	0.108091339	0.100157261	0.121645719	0.098594606	0.100355059	0.100530878
799	4	3	0.097967379	0.093244381	0.117538273	0.125540733	0.084149502	0.105026849	0.076746322	0.089891911	0.110318705	0.099575907
800	0	6	0.084705830	0.096461244	0.100364998	0.107425168	0.106390648	0.092884578	0.116932519	0.103784829	0.093926921	0.097123258
801	5	6	0.107045680	0.100977942	0.099383630	0.088980258	0.099689066	0.107149512	0.113260195	0.088394038	0.087690793	0.107428923
802	7	9	0.092357516	0.092104450	0.095821396	0.115230881	0.095382676	0.106744185	0.094003454	0.098400287	0.092072532	0.117882669
803	5	9	0.100023448	0.098625638	0.096950948	0.095642559	0.087268539	0.096529365	0.106315471	0.108970545	0.098577708	0.111095890
804	9	3	0.087403834	0.099743873	0.090689287	0.121929467	0.098399229	0.090350531	0.112013698	0.114085764	0.103868447	0.081515804
805	6	7	0.091629378	0.074624382	0.099599130	0.099172920	0.111744344	0.101912834	0.111066706	0.130666152	0.096839271	0.082744896
806	5	3	0.096221574	0.077913530	0.099672958	0.121220641	0.090809025	0.099686198	0.103592299	0.103871249	0.102224335	0.104788162
807	5	0	0.114037186	0.086785063	0.103406206	0.106652372	0.108105488	0.094111197	0.105115809	0.099728875	0.085293293	0.096764475
808	8	6	0.086550422	0.078168333	0.097784758	0.109145880	0.106784984	0.094906881	0.121091478	0.094158225	0.110415131	0.100993931
809	3	3	0.096658707	0.098973304	0.100356430	0.111952670	0.107437454	0.095776781	0.091417350	0.098416053	0.101772949	0.097238317
810	2	7	0.096994445	0.105406411	0.111124456	0.100486130	0.096758172	0.092481479	0.093070090	0.114802517	0.091056503	0.097819850
811	2	3	0.099174164	0.099345416	0.111738577	0.113338985	0.090520367	0.108543821	0.090595357	0.100369863	0.098517418	0.087856032
812	5	3	0.088161722	0.095125727	0.102081582	0.114430740	0.092048682	0.091734551	0.112092257	0.113200068	0.093612805	0.097511865
813	6	3	0.096347637	0.101204753	0.098267302	0.121759951	0.090316057	0.094451495	0.090682909	0.093340568	0.111565761	0.102063499
814	8	5	0.096874468	0.099959485	0.096793227	0.087992765	0.108932003	0.112954944	0.106312796	0.107016392	0.091475897	0.091688007
815	5	1	0.105488874	0.106394142	0.099827841	0.101016544	0.106009118	0.093496054	0.093363196	0.102504984	0.094843142	0.097056128
816	0	7	0.096047409	0.108588718	0.102205478	0.096987024	0.103479691	0.097166620	0.093023285	0.111045726	0.090982355	0.100473605
817	3	7	0.099391304	0.086704142	0.084465615	0.098933250	0.103595436	0.099875309	0.106967770	0.114848942	0.108819596	0.096398689
818	2	8	0.094812512	0.097197600	0.102046795	0.106674619	0.101796523	0.106054902	0.092253447	0.106875785	0.107235424	0.085052453
819	3	3	0.093688950	0.095466338	0.101090215	0.116157651	0.099450529	0.096504867	0.091647901	0.107634254	0.097904675	0.100454681
820	7	2	0.084689215	0.109088436	0.117716476	0.113301292	0.091742046	0.094269529	0.082460068	0.097500302	0.109066576	0.100166090
821	7	7	0.095079511	0.093757801	0.105940133	0.088892661	0.102415122	0.098482274	0.088761777	0.111492343	0.109836482	0.105341986
822	4	2	0.091281533	0.096238896	0.124375187	0.114185989	0.098360479	0.097361997	0.094962947	0.088154599	0.094932951	0.100145414
823	0	6	0.108046539	0.105140902	0.084805891	0.080439121	0.100377738	0.098159112	0.116713539	0.115913123	0.097143494	0.093260556
824	8	0	0.121220276	0.086964346	0.089512199	0.090552829	0.115169473	0.087589897	0.114744037	0.091656476	0.094310068	0.108280361
825	0	6	0.093303919	0.099538147	0.105350018	0.105488211	0.098540492	0.098559447	0.110141799	0.097186424	0.085885882	0.106005654
826	0	6	0.087178327	0.092352048	0.096856676	0.097212516	0.105820626	0.091979451	0.132941678	0.102473669	0.095150702	0.098034225
827	5	7	0.095691465	0.088064112	0.103744946	0.106800675	0.098474696	0.095693633	0.098389849	0.109371617	0.098512106	0.105256878
828	5	3	0.094450742	0.099523209	0.094887383	0.128670037	0.089738838	0.104314625	0.096637361	0.104912907	0.104412675	0.082452200
829	4	3	0.094799645	0.095348075	0.099869117	0.116451219	0.099662073	0.093011349	0.079305708	0.106163658	0.110108241	0.105280943
830	6	3	0.090795919	0.092114314	0.088678792	0.124708585	0.102421701	0.093351133	0.089183830	0.113399081	0.108798429	0.096548080
831	7	2	0.093280859	0.096965171	0.112427197	0.097665302	0.097041868	0.094579734	0.104092218	0.110175624	0.099856615	0.093915433
832	4	9	0.107580632	0.108087167	0.100414470	0.099010438	0.083175987	0.091291562	0.088399976	0.101554237	0.106150493	0.114335023
833	6	5	0.112071939	0.105231591	0.103755787	0.101792425	0.090327911	0.112514913	0.080189839	0.090952866	0.101679295	0.101483494
834	9	0	0.129403859	0.102439389	0.102283761	0.082490399	0.093336627	0.104625255	0.092156336	0.105023555	0.077900328	0.110340476
835	8	3	0.094699636	0.085399970	0.105279446	0.113124199	0.090853855	0.090475544	0.100532845	0.102679357	0.107217036	0.109738208
836	7	2	0.098986216	0.110423721	0.114271753	0.089734159	0.089554101	0.093948543	0.098560266	0.108506136	0.101837322	0.094177760
837	7	9	0.098400109	0.081108749	0.089703992	0.110709190	0.091362104	0.118749700	0.097564869	0.090938531	0.102619626	0.118843235
838	0	6	0.097718462	0.075202994	0.108761996	0.093059570	0.105732262	0.095043942	0.123481251	0.099464916	0.110227071	0.091307469
839	8	9	0.111481063	0.078789823	0.097204395	0.105253220	0.097035669	0.082747258	0.104534969	0.114648946	0.090551488	0.117753163
840	4	0	0.118646964	0.104610778	0.115396075	0.089620285	0.090278141	0.105652250	0.091209546	0.093637943	0.094239354	0.096708708
841	4	0	0.118992180	0.104103319	0.104612961	0.104051374	0.079332910	0.101269044	0.090182662	0.101127140	0.093413599	0.102914818
842	3	3	0.094818182	0.084562764	0.095154919	0.121367335	0.104486912	0.090536833	0.111397944	0.101094589	0.108491160	0.088089392
843	0	6	0.078294791	0.084037103	0.109924324	0.103081726	0.105350412	0.106292620	0.123145275	0.100499801	0.100238740	0.089135125
844	2	7	0.089588173	0.097385094	0.106373370	0.104076318	0.098389335	0.097024240	0.091057107	0.111050360	0.099493176	0.105562709
845	9	0	0.136210278	0.079153948	0.098865353	0.072931379	0.095170379	0.106079318	0.088436641	0.123352267	0.099672198	0.100128256
846	7	0	0.118129775	0.105899386	0.103993215	0.089333251	0.090442292	0.100105353	0.093926013	0.109849244	0.094396695	0.093924768
847	9	0	0.122849226	0.098453082	0.100382380	0.086173691	0.091674037	0.103636846	0.079968102	0.119845897	0.101079039	0.095937654
848	2	6	0.109994076	0.095039807	0.101821862	0.085102789	0.095359012	0.108023532	0.115902439	0.104404658	0.087402508	0.096949279
849	3	2	0.097074784	0.084083140	0.114973910	0.108202450	0.108680695	0.089251876	0.104994945	0.097559862	0.099305809	0.095872574
850	0	4	0.094768524	0.104229227	0.099992663	0.115066588	0.120388374	0.076404259	0.104687296	0.089797072	0.101065867	0.093600199
851	0	6	0.101386018	0.112951718	0.091424026	0.092547104	0.097893804	0.098613314	0.123871751	0.099055961	0.085844792	0.096411504
852	9	7	0.116000496	0.088950150	0.111945204	0.088575169	0.088681638	0.104883909	0.089214318	0.116158947	0.090280786	0.105309390
853	1	2	0.094058454	0.087310389	0.109094106	0.108287498	0.100958809	0.085584253	0.100832492	0.102316409	0.104923055	0.106634572
854	6	7	0.082866520	0.084801912	0.094079591	0.102773152	0.109025598	0.103381246	0.112966314	0.116680965	0.090093642	0.103331052
855	5	2	0.094919570	0.092782840	0.109065503	0.107447237	0.082533561	0.107500881	0.099794142	0.107616045	0.098855883	0.099484362
856	6	4	0.109317780	0.101355880	0.084661528	0.101602480	0.112876371	0.106942445	0.099447586	0.101492740	0.095469870	0.086833365
857	6	3	0.091956139	0.089245945	0.094399534	0.113234237	0.097191714	0.101801254	0.108397253	0.100898124	0.100736976	0.102138795
858	2	2	0.091099083	0.094418600	0.132882729	0.127776548	0.092871234	0.072260201	0.082067043	0.104869306	0.091472298	0.110282920
859	2	7	0.088022783	0.091418043	0.110212900	0.096252389	0.095611617	0.106187016	0.087428741	0.122505657	0.097640686	0.104720145
860	0	3	0.088266917	0.109082550	0.102464817	0.116069511	0.103170566	0.085034288	0.106408805	0.103994243	0.080009781	0.105498508
861	1	3	0.098713614	0.103170514	0.108345345	0.116853438	0.103033543	0.081010245	0.090987347	0.094077155	0.100305781	0.103503108
862	5	7	0.082485095	0.089361198	0.108287469	0.092079729	0.106050335	0.113568492	0.109244607	0.117853969	0.093663558	0.087405518
863	9	7	0.120272383	0.079651356	0.110559598	0.086265065	0.094806388	0.103094690	0.095698759	0.121119477	0.092039853	0.096492387
864	5	6	0.109986290	0.101269253	0.092576288	0.100403547	0.103845038	0.101893455	0.119506791	0.096243694	0.082052112	0.092223555
865	5	7	0.091847114	0.102372780	0.105854757	0.095974699	0.090416633	0.101175986	0.108471707	0.110392176	0.092495941	0.100998238
866	1	7	0.085871987	0.113831818	0.101133607	0.100518197	0.099949270	0.101391733	0.092058204	0.117501423	0.085193790	0.102550052
867	1	2	0.100330345	0.082473621	0.115530074	0.109765567	0.098058484	0.092384852	0.095743276	0.091118217	0.101862632	0.112732932
868	3	7	0.104699485	0.095335416	0.093213953	0.086649507	0.106722094	0.099728726	0.106628850	0.109040454	0.095911503	0.102069914
869	0	2	0.084249087	0.082898654	0.114619173	0.113266863	0.103556059	0.096097246	0.100191012	0.105165116	0.105325386	0.094631381
870	3	4	0.104878224	0.106930971	0.085584320	0.083626822	0.123768188	0.111025028	0.120595001	0.093233019	0.081998095	0.088360354
871	1	1	0.098604232	0.109510295	0.107298650	0.106156588	0.098333761	0.096779108	0.097677946	0.093352146	0.091569237	0.100718044
872	9	0	0.114431366	0.091461360	0.101117484	0.098477356	0.087092064	0.095919356	0.096226506	0.105770476	0.101521879	0.107982241
873	9	0	0.120740421	0.102584451	0.105136469	0.096502408	0.086217076	0.102006420	0.087236702	0.107653521	0.092689998	0.099232517
874	5	3	0.086519554	0.090797655	0.094478242	0.122655012	0.084103629	0.091259845	0.107578605	0.113084793	0.099989839	0.109532781
875	3	5	0.115938753	0.101744488	0.105124861	0.080876023	0.089205906	0.118161775	0.107781991	0.082544379	0.091745019	0.106876858
876	9	3	0.096480139	0.079954393	0.088824287	0.116989285	0.084938832	0.097862907	0.115931191	0.106841125	0.116181172	0.095996618
877	7	7	0.087955981	0.082978390	0.101138026	0.102470353	0.089221150	0.094080068	0.089638047	0.132898316	0.103358954	0.116260767
878	0	7	0.089755796	0.091018729	0.100233816	0.105870761	0.087840468	0.096635684	0.102037840	0.116901144	0.110922039	0.098783761
879	4	8	0.086416841	0.102128081	0.086234085	0.117156103	0.086928703	0.092273459	0.090103269	0.105841629	0.119670101	0.113247655
880	3	6	0.096858732	0.094679765	0.093171909	0.098852739	0.095263414	0.106816635	0.110718824	0.109492302	0.100682780	0.093462944
881	6	3	0.084375627	0.090647936	0.102519661	0.119563937	0.092065282	0.094142064	0.099336557	0.107836984	0.109595075	0.099916890
882	6	3	0.103519820	0.099409856	0.099968955	0.122292154	0.099100128	0.094203241	0.085582539	0.101482049	0.099533349	0.094907828
883	9	0	0.120677173	0.094143853	0.088512443	0.082444832	0.101713173	0.103061892	0.104577422	0.111963853	0.096588798	0.096316710
884	7	2	0.087345682	0.109084278	0.113394924	0.098963000	0.095773719	0.094915435	0.095919266	0.110329144	0.102174722	0.092099883
885	0	3	0.088717543	0.099347360	0.094224483	0.116384782	0.112358585	0.101703025	0.115928330	0.095857918	0.081378572	0.094099373
886	0	6	0.095765464	0.107744955	0.085719340	0.084693916	0.110909492	0.098708384	0.130831629	0.093318053	0.096974798	0.095334068
887	0	0	0.122313030	0.084803022	0.093272679	0.087076537	0.104075827	0.097226128	0.095144406	0.107238367	0.103350133	0.105499901
888	9	0	0.124177113	0.090935297	0.104520470	0.079955898	0.094119042	0.107532568	0.091652855	0.116146415	0.088983715	0.101976618
889	4	0	0.128644690	0.097809047	0.106064506	0.085762821	0.093832977	0.093666874	0.099512130	0.109311394	0.094789065	0.090606451
890	8	9	0.106477894	0.087690152	0.088555500	0.104915358	0.091394112	0.095615029	0.109867863	0.104392447	0.089675620	0.121415995
891	4	2	0.110672489	0.106181875	0.115772977	0.108268313	0.079686925	0.098421775	0.086972572	0.099360637	0.091058478	0.103604026
892	6	6	0.090505354	0.115769215	0.096406132	0.088617846	0.099912509	0.106418163	0.125035673	0.085669421	0.087417096	0.104248591
893	8	7	0.078879304	0.100085698	0.093821511	0.114030950	0.105440266	0.095181011	0.110012405	0.117375210	0.093751110	0.091422610
894	3	7	0.096747458	0.097607568	0.085803010	0.090384856	0.111177154	0.100400798	0.110446744	0.135257006	0.091094978	0.081080414
895	1	6	0.096444227	0.086903520	0.111747466	0.103663772	0.100481778	0.095060125	0.116338871	0.082456820	0.102436736	0.104466736
896	6	3	0.100211427	0.090164870	0.104111597	0.133094206	0.075914688	0.089032538	0.084637627	0.104219951	0.105683014	0.112930089
897	7	0	0.122811027	0.096084796	0.112309903	0.086512521	0.083877429	0.099443585	0.096784912	0.100211784	0.101071715	0.100892246
898	9	0	0.119947113	0.098378830	0.098107986	0.097172521	0.097528957	0.101424783	0.091939785	0.105900027	0.092257746	0.097342215
899	8	0	0.115412027	0.094246544	0.092172198	0.102059275	0.097790845	0.084236808	0.106058590	0.106952854	0.101815782	0.099255025
900	2	2	0.092968971	0.089244887	0.116011389	0.099582635	0.097736947	0.095275007	0.091701761	0.109312095	0.095139511	0.113026842
901	9	2	0.107233167	0.090151422	0.109834716	0.108245797	0.099451967	0.095139369	0.085551925	0.107668087	0.096879385	0.099844158
902	3	4	0.118734740	0.082385190	0.079287969	0.084769323	0.128897667	0.097107455	0.125457078	0.099026501	0.099099860	0.085234247
903	0	0	0.115288652	0.089204915	0.092404895	0.114731781	0.089102656	0.096682057	0.092132106	0.109576613	0.102814697	0.098061614
904	6	6	0.086454354	0.099995174	0.109698780	0.116809689	0.101903111	0.094094016	0.117644720	0.099572301	0.085789651	0.088038184
905	6	6	0.087344602	0.081349626	0.092978708	0.080426455	0.106606022	0.112067722	0.140472129	0.118624881	0.095699430	0.084430411
906	1	2	0.084094062	0.103593357	0.113869071	0.101501115	0.107040040	0.100583695	0.102135718	0.095874414	0.095011450	0.096297145
907	3	0	0.113416716	0.078925200	0.107155405	0.103210308	0.108351290	0.086781129	0.110841706	0.095857933	0.091618672	0.103841685
908	5	6	0.104686752	0.086301886	0.102058239	0.089556955	0.102682017	0.099222772	0.121961564	0.102896303	0.096893646	0.093739986
909	0	9	0.093041748	0.110767037	0.108304121	0.104779966	0.105785437	0.084644385	0.103103660	0.099105105	0.078266412	0.112202063
910	7	2	0.095026962	0.100705929	0.111329019	0.098502949	0.100473195	0.089469418	0.100002728	0.098188296	0.100057021	0.106244586
911	7	8	0.100932077	0.106670685	0.107207373	0.105902120	0.089695372	0.085268281	0.089923434	0.102464341	0.108353876	0.103582554
912	1	6	0.088117443	0.066050693	0.103108615	0.090000354	0.104129680	0.103717856	0.117994756	0.113950796	0.108713947	0.104215860
913	0	6	0.101415701	0.083177432	0.092889726	0.095634058	0.097506844	0.092100985	0.133570626	0.087419190	0.109413974	0.106871523
914	2	2	0.098007143	0.092105068	0.112266429	0.086845756	0.109070763	0.111021250	0.100623854	0.108634509	0.087626912	0.093798392
915	7	1	0.095920779	0.114730515	0.105120927	0.096799612	0.091784738	0.100997455	0.093703911	0.103981242	0.094328351	0.102632478
916	9	0	0.121042021	0.099968776	0.106916033	0.104774557	0.087078132	0.102714069	0.085345767	0.110154219	0.078790545	0.103215806
917	3	3	0.084661692	0.095994845	0.102128789	0.134058282	0.082901932	0.089565463	0.088576950	0.100168988	0.117885649	0.104057446
918	2	3	0.093391292	0.086084336	0.114934757	0.138102636	0.073395111	0.089546680	0.082745783	0.099984773	0.111535087	0.110279530
919	8	6	0.084704824	0.087737329	0.097039096	0.113677152	0.105305649	0.089210361	0.119337469	0.113141164	0.094439887	0.095407099
920	7	8	0.087920822	0.110164829	0.111766621	0.100108951	0.096578695	0.094550483	0.095472097	0.089655496	0.124369480	0.089412570
921	3	6	0.093021058	0.097882546	0.098189354	0.105292797	0.097799815	0.110980444	0.116584443	0.084533453	0.092777357	0.102938756
922	4	7	0.097116522	0.076491043	0.108407155	0.092012428	0.111300334	0.093515165	0.101537660	0.114737950	0.102851868	0.102029882
923	7	2	0.101110406	0.092043526	0.114210308	0.099078387	0.085154399	0.097293846	0.103644028	0.100983873	0.099185176	0.107296012
924	0	6	0.083332613	0.089199506	0.109304361	0.100973278	0.100230128	0.099099986	0.118709274	0.110784449	0.091660932	0.096705437
925	3	6	0.105004869	0.073676720	0.105250604	0.101432249	0.101819791	0.091079883	0.116845749	0.101393186	0.100528933	0.102967985
926	1	3	0.095477410	0.091326259	0.106491067	0.112468414	0.091687597	0.096839085	0.102898650	0.092508145	0.106883861	0.103419535
927	6	6	0.081854038	0.083332568	0.092880376	0.090723798	0.106753021	0.116214409	0.128675386	0.100213565	0.100138761	0.099214114
928	2	7	0.097068243	0.101062246	0.112721726	0.112956837	0.086786240	0.079887815	0.080416098	0.116376489	0.097616926	0.115107395
929	2	3	0.093585953	0.090532526	0.113081850	0.115894884	0.092560738	0.089884862	0.089699052	0.106784679	0.110698581	0.097276919
930	7	9	0.092145614	0.107047141	0.105021931	0.088073306	0.097802937	0.093931898	0.095996618	0.103428334	0.108031407	0.108520821
931	1	8	0.107231550	0.081270598	0.104466438	0.093581989	0.095036775	0.096732669	0.105438255	0.095623471	0.116643675	0.103974581
932	1	2	0.096310161	0.084173784	0.118290089	0.110081956	0.102979690	0.088078395	0.098530293	0.102083415	0.101056598	0.098415621
933	9	0	0.124996334	0.105878659	0.107173458	0.091120459	0.083349831	0.096559674	0.078980654	0.115588285	0.079386033	0.116966605
934	6	6	0.095969662	0.081654586	0.084577776	0.080231488	0.102007180	0.110783778	0.130298749	0.120632157	0.110251434	0.083593249
935	6	3	0.096972033	0.093712434	0.098030977	0.126068935	0.089260720	0.101478033	0.088136449	0.105033070	0.104425065	0.096882366
936	8	3	0.084079497	0.092244282	0.099126361	0.124081910	0.094344720	0.098973185	0.090203956	0.107402809	0.109731354	0.099811874
937	8	3	0.080229588	0.080877639	0.107876964	0.140092432	0.094852217	0.077698156	0.091477640	0.111982241	0.110090762	0.104822300
938	2	3	0.090468004	0.098336212	0.105570175	0.131559506	0.097298771	0.085274041	0.087866858	0.109336331	0.087565012	0.106725089
939	0	4	0.092831194	0.109404422	0.101773627	0.104895294	0.115904875	0.079893559	0.111497752	0.095174246	0.083450772	0.105174169
940	0	6	0.096426986	0.083157174	0.090657987	0.099194944	0.101687975	0.088402286	0.133379623	0.097082615	0.117194071	0.092816293
941	5	0	0.117431328	0.087416366	0.108308218	0.086341389	0.088007234	0.104468055	0.101697013	0.100693561	0.097206444	0.108430378
942	8	3	0.100918770	0.093428463	0.090146914	0.114518195	0.102595128	0.090441540	0.104612976	0.108636282	0.094050683	0.100651003
943	8	3	0.083197862	0.099219382	0.106157042	0.119259521	0.100762390	0.093952850	0.112034246	0.102264427	0.093601972	0.089550331
944	0	6	0.092846803	0.079426736	0.109800257	0.099473789	0.095522262	0.098780617	0.124359816	0.101599060	0.095080182	0.103110462
945	5	8	0.080802605	0.095606565	0.099440619	0.101081684	0.102099277	0.100613408	0.102211356	0.103234656	0.111937493	0.102972306
946	5	9	0.109608009	0.094529420	0.096067160	0.083346151	0.109404914	0.097142465	0.107636884	0.106271371	0.084715366	0.111278288
947	7	8	0.085141823	0.088101104	0.102699146	0.105253331	0.090763062	0.096553564	0.094370835	0.103577733	0.122126013	0.111413307
948	5	6	0.100026667	0.098357379	0.087732747	0.090635799	0.101021521	0.103782967	0.112090819	0.105741367	0.091889374	0.108721301
949	0	6	0.079957522	0.093802400	0.095543973	0.100177459	0.111333281	0.097447507	0.127372801	0.101335131	0.097065553	0.095964402
950	8	3	0.092056215	0.072821096	0.095911466	0.129391402	0.097985864	0.079534009	0.118720934	0.108263098	0.103531510	0.101784393
951	1	3	0.098097041	0.080563061	0.103689566	0.115794353	0.103337862	0.093573332	0.103104077	0.096385978	0.104218684	0.101236105
952	3	6	0.105717070	0.083327070	0.104525417	0.094105199	0.100125946	0.099255599	0.115021937	0.089456797	0.109203793	0.099261135
953	7	7	0.103609242	0.094774008	0.102169745	0.102421604	0.104708336	0.094080701	0.101483822	0.111112677	0.093894668	0.091745161
954	9	7	0.115946911	0.081438050	0.106303275	0.083165780	0.093687639	0.112359591	0.089876674	0.126384228	0.097907491	0.092930406
955	9	0	0.131323487	0.091631807	0.096059307	0.087474957	0.089433782	0.099004440	0.084910572	0.114083916	0.099388897	0.106688805
956	4	9	0.102732144	0.106738448	0.088092141	0.105613664	0.095824659	0.096697375	0.083443880	0.102441229	0.101811558	0.116604969
957	3	6	0.101680368	0.087224767	0.089634567	0.092478104	0.098988563	0.108132012	0.117909245	0.108517423	0.097338043	0.098096885
958	3	6	0.119628713	0.073361054	0.098859042	0.098425493	0.114845417	0.083692729	0.126832217	0.096837021	0.099785529	0.087732829
959	9	4	0.107524954	0.090497613	0.080457561	0.079814434	0.122173734	0.099107437	0.105531894	0.117489956	0.092972070	0.104430385
960	6	3	0.084502682	0.073972963	0.113360561	0.114756547	0.082058787	0.100242250	0.105385594	0.099199235	0.112248436	0.114272974
961	2	3	0.087755054	0.086149052	0.112264253	0.116958268	0.104732446	0.090585478	0.096766062	0.107886657	0.106304981	0.090597689
962	4	2	0.097613752	0.078190200	0.121872418	0.106223933	0.109600507	0.091563702	0.101364531	0.096820824	0.102912962	0.093837224
963	0	0	0.141388804	0.085566334	0.093002304	0.073488504	0.107405111	0.100237668	0.096227743	0.108155608	0.086476877	0.108051032
964	6	6	0.088183239	0.112892114	0.097186215	0.099754162	0.107977219	0.104708172	0.114240251	0.087202683	0.082759626	0.105096348
965	0	3	0.096041910	0.093590721	0.099792548	0.128290743	0.090735823	0.100214384	0.086889103	0.093386576	0.104079314	0.106978908
966	7	3	0.091076069	0.101983778	0.096713580	0.131182104	0.097131960	0.087595902	0.086553603	0.101553105	0.111955889	0.094254002
967	2	7	0.094342329	0.094200209	0.103267737	0.110191070	0.091340899	0.098755188	0.091642521	0.116969943	0.104630642	0.094659522
968	5	7	0.084602289	0.100014344	0.099926397	0.105963334	0.090806246	0.102995075	0.105603375	0.118953295	0.091050722	0.100084938
969	7	2	0.106337704	0.105874904	0.113067232	0.091272689	0.098863557	0.091254838	0.097873628	0.093208715	0.100230955	0.102015764
970	9	2	0.109559804	0.096775696	0.110301428	0.097649932	0.095676877	0.098889172	0.089239724	0.096401252	0.104073651	0.101432443
971	0	8	0.109892160	0.076230481	0.094094202	0.091155149	0.102056250	0.103928916	0.105073974	0.109194696	0.113659702	0.094714582
972	2	3	0.087341242	0.097861156	0.114954144	0.118692897	0.089610919	0.091060631	0.086206220	0.104710720	0.099681579	0.109880432
973	4	2	0.110215142	0.078213662	0.121777669	0.110606477	0.077812903	0.108239055	0.101006873	0.093736954	0.097868614	0.100522779
974	8	6	0.086174496	0.102470703	0.097665474	0.108990848	0.089715816	0.098471150	0.109619275	0.105764590	0.092922859	0.108204685
975	0	6	0.097746186	0.079825051	0.088938028	0.088581607	0.092494898	0.095199540	0.137403876	0.110923655	0.118721768	0.090165429
976	6	6	0.101637408	0.100701526	0.090732217	0.092144109	0.094951518	0.107402980	0.116975896	0.105853185	0.093284681	0.096316554
977	3	6	0.102667436	0.095537111	0.099962734	0.100057729	0.099910244	0.090212964	0.124919213	0.085319012	0.098798476	0.102615044
978	8	6	0.095297851	0.093578123	0.080481514	0.101916052	0.104867704	0.102444343	0.118670948	0.108839795	0.102461331	0.091442369
979	4	3	0.104602136	0.101906478	0.103499740	0.121433027	0.103887320	0.086788699	0.087105140	0.093010247	0.100040965	0.097726323
980	5	6	0.090261765	0.099597678	0.100531146	0.098752260	0.096942477	0.094000272	0.124193877	0.103413776	0.093815453	0.098491296
981	3	6	0.088808961	0.109563485	0.093092337	0.111055240	0.099359706	0.106528729	0.111596413	0.090844899	0.090140469	0.099009819
982	0	0	0.118556924	0.093553081	0.093732521	0.099453665	0.105065897	0.093085058	0.104375079	0.093337722	0.103768736	0.095071189
983	7	8	0.085259445	0.088333234	0.107228786	0.117161617	0.093039945	0.100666255	0.097370431	0.097198389	0.118131176	0.095610693
984	9	0	0.124774121	0.085316330	0.102238595	0.091011219	0.087350465	0.104640126	0.091128036	0.107745245	0.098299831	0.107496031
985	8	3	0.086229607	0.089555003	0.099781975	0.136462495	0.089780025	0.080800861	0.099284410	0.097655788	0.126243964	0.094205894
986	7	0	0.124449849	0.102532774	0.101797424	0.094766095	0.095304169	0.089309849	0.084690675	0.101308785	0.096591890	0.109248541
987	1	6	0.103886344	0.094534315	0.097954124	0.085838817	0.090925753	0.102374442	0.113386005	0.105268113	0.098487385	0.107344672
988	4	9	0.102745071	0.084621057	0.108952075	0.104188532	0.097098090	0.101959869	0.098621279	0.094922416	0.096821986	0.110069618
989	0	2	0.091085777	0.098515645	0.120823719	0.094914973	0.096957602	0.103251986	0.095784687	0.112304956	0.084882036	0.101478621
990	0	3	0.080942042	0.095731154	0.108533919	0.136020064	0.094118364	0.097069010	0.087924391	0.099815629	0.107532971	0.092312478
991	0	6	0.086516947	0.091494985	0.104174927	0.107285783	0.100900993	0.100196823	0.119641744	0.099422298	0.091049172	0.099316284
992	4	2	0.106590554	0.089943983	0.121582724	0.107332893	0.091597855	0.097757742	0.101864219	0.099845923	0.088980809	0.094503336
993	3	4	0.102674685	0.099278085	0.083002463	0.087231286	0.120842122	0.102911308	0.110502467	0.099038526	0.094269082	0.100249887
994	7	4	0.088193066	0.088339321	0.108072743	0.087056167	0.129147008	0.107185662	0.105243690	0.099763483	0.105530605	0.081468314
995	8	6	0.103829294	0.096598752	0.081609547	0.093145907	0.099258512	0.105120108	0.122641958	0.094846934	0.099811099	0.103137836
996	6	3	0.100001901	0.082307488	0.107716031	0.110233210	0.105178215	0.102629356	0.100597039	0.094135337	0.096379563	0.100821897
997	3	2	0.117054567	0.080146953	0.129655063	0.097384252	0.082815334	0.098497093	0.098327063	0.111436278	0.098026752	0.086656690
998	9	6	0.088337585	0.090373136	0.103100568	0.101351619	0.114821732	0.106639177	0.120883919	0.098165534	0.082186982	0.094139718
999	1	4	0.103289954	0.090880379	0.102899872	0.099997662	0.113481514	0.095159173	0.104766369	0.088777937	0.096098058	0.104649067
1000	1	3	0.081357338	0.105700873	0.109542027	0.111502208	0.096030086	0.099284217	0.101336978	0.093914904	0.099433742	0.101897702
1001	7	9	0.089433447	0.090398170	0.106489696	0.105604529	0.100809246	0.080639288	0.112304777	0.099166639	0.101271302	0.113882884
1002	1	9	0.099059969	0.087191969	0.099398695	0.078356504	0.091689609	0.106858179	0.113834895	0.105612628	0.099519581	0.118477970
1003	3	7	0.096394442	0.090298899	0.096144974	0.109680936	0.087438792	0.105904453	0.109371454	0.114359304	0.094666436	0.095740251
1004	5	6	0.084814161	0.105552629	0.089289032	0.093024358	0.095738105	0.112413004	0.119293049	0.099060275	0.103635959	0.097179458
1005	9	0	0.123043805	0.099252634	0.109855853	0.087506093	0.081071459	0.102303058	0.094666421	0.111996949	0.082703404	0.107600361
1006	3	6	0.110530213	0.092765145	0.073680416	0.105162002	0.120414108	0.096530735	0.123993419	0.094292819	0.098273963	0.084357157
1007	8	7	0.083888859	0.084995702	0.108730629	0.110686339	0.107282348	0.087371364	0.104328856	0.125185505	0.104663767	0.082866557
1008	5	3	0.094898418	0.098597668	0.103897288	0.115211658	0.093143806	0.092841148	0.103016227	0.106977172	0.093992367	0.097424246
1009	8	6	0.107358277	0.111605547	0.084478967	0.079750605	0.098321371	0.109154828	0.115039103	0.091738701	0.101000294	0.101552330
1010	5	2	0.097630359	0.100159787	0.115589790	0.113015845	0.092672259	0.090150066	0.080443472	0.110767506	0.096475266	0.103095584
1011	6	0	0.115683265	0.102110244	0.086713128	0.107198916	0.105656214	0.091856241	0.084459044	0.101295255	0.100726023	0.104301743
1012	8	3	0.101142414	0.078736931	0.104881600	0.120617382	0.085419647	0.088065535	0.097547993	0.097561233	0.107563995	0.118463255
1013	9	0	0.114409387	0.082689077	0.094462961	0.091777056	0.092720196	0.110205643	0.096702255	0.109310433	0.094604395	0.113118567
1014	6	4	0.104859740	0.108521827	0.094405793	0.090064377	0.113032542	0.103505664	0.112069614	0.085412867	0.084126256	0.104001239
1015	9	4	0.100165091	0.092525505	0.094653524	0.089692913	0.113478087	0.100067735	0.099388219	0.109390333	0.097566918	0.103071555
1016	2	2	0.088804342	0.091550745	0.111399077	0.103004627	0.101086408	0.102535009	0.091343261	0.104040816	0.105362080	0.100873657
1017	8	6	0.105288491	0.090269953	0.079154268	0.095166035	0.110936224	0.098576337	0.114047773	0.105758026	0.097947821	0.102855049
1018	9	0	0.118593089	0.094457127	0.105114207	0.095873564	0.084362105	0.100098446	0.086639538	0.110288188	0.088233478	0.116340287
1019	4	3	0.111635104	0.087970875	0.106027782	0.113493614	0.082382664	0.082133457	0.090045512	0.111755438	0.102421939	0.112133585
1020	3	0	0.127103269	0.090358786	0.100797281	0.083363801	0.099505395	0.094290838	0.115190350	0.100688644	0.095472522	0.093229055
1021	7	8	0.084462486	0.093408555	0.100571483	0.122542799	0.099617362	0.077963024	0.102147691	0.104005381	0.124945335	0.090335794
1022	2	3	0.085560553	0.092808276	0.108288877	0.126763880	0.085515052	0.102212168	0.090103984	0.110251248	0.095193699	0.103302315
1023	8	6	0.102318555	0.102024965	0.084790766	0.100963384	0.097213008	0.097435676	0.111436449	0.107077248	0.101732209	0.095007792
1024	0	3	0.085371390	0.096519262	0.110487707	0.117708907	0.103070423	0.081052996	0.113402970	0.094678372	0.090249948	0.107458033
1025	3	6	0.094675489	0.091197126	0.086350195	0.094223306	0.104931496	0.099121220	0.135811970	0.105993442	0.103415981	0.084279731
1026	8	7	0.086562343	0.082507633	0.110073753	0.099037588	0.109393835	0.098089255	0.108427957	0.114324868	0.094831221	0.096751578
1027	3	7	0.095538117	0.097733669	0.105372667	0.095204897	0.102077223	0.096615270	0.105868429	0.117086567	0.082964212	0.101538934
1028	2	7	0.094376832	0.095638491	0.111053415	0.103359744	0.094283521	0.102241255	0.097906500	0.122123368	0.094241895	0.084775001
1029	8	6	0.105953030	0.083312966	0.093288966	0.113530770	0.108396150	0.077441603	0.114152983	0.104865059	0.104332462	0.094725996
1030	6	6	0.081818216	0.101743601	0.107846260	0.104470916	0.095401771	0.101964310	0.114225268	0.098724410	0.089560047	0.104245208
1031	9	7	0.106033072	0.105517201	0.105913237	0.105053946	0.087207757	0.087049775	0.090222195	0.118110858	0.082546555	0.112345316
1032	7	2	0.086258270	0.101573594	0.116900787	0.102212183	0.092537530	0.095537342	0.102310605	0.094063215	0.113896765	0.094709776
1033	1	7	0.085813262	0.091604479	0.098574914	0.106363393	0.096611701	0.090466514	0.099240370	0.122319393	0.108768858	0.100237064
1034	8	6	0.093158521	0.072169319	0.087059028	0.095909372	0.097188093	0.099178456	0.120071553	0.109355807	0.116177075	0.109732747
1035	1	9	0.099589184	0.102645062	0.104508467	0.099620320	0.107966237	0.103993081	0.093229003	0.092756234	0.085183322	0.110509075
1036	7	0	0.116707869	0.095223382	0.093479134	0.103617422	0.094362058	0.096719965	0.104020551	0.106304348	0.098345682	0.091219746
1037	6	6	0.109479532	0.097143933	0.092368610	0.086080685	0.110661425	0.104083784	0.123565711	0.112743266	0.085005656	0.078867361
1038	2	5	0.098781608	0.105487466	0.104659185	0.104788102	0.096673891	0.109110825	0.094424136	0.100860380	0.090481922	0.094732456
1039	7	3	0.086563237	0.100267492	0.093129881	0.121627815	0.084701799	0.097228177	0.106003031	0.121216729	0.099804997	0.089456819
1040	4	2	0.114934810	0.087149225	0.131773025	0.092704043	0.080768175	0.095134817	0.094510697	0.107364751	0.095401026	0.100259505
1041	2	7	0.104265273	0.089316227	0.098161615	0.099502131	0.095032893	0.098774210	0.096359096	0.116408788	0.103028893	0.099150874
1042	7	3	0.096038714	0.086200677	0.111338489	0.121789306	0.086304024	0.096403211	0.101601556	0.093578860	0.100324444	0.106420733
1043	4	2	0.093852587	0.081299439	0.117785551	0.111032441	0.101289719	0.098521501	0.091924205	0.102580801	0.099969685	0.101744100
1044	0	6	0.084465332	0.087433442	0.099001355	0.099586934	0.115054019	0.106685802	0.131500930	0.100393049	0.093924060	0.081955142
1045	2	2	0.103044622	0.082612865	0.114627518	0.099738538	0.096853755	0.092588924	0.096897960	0.113020733	0.093915418	0.106699675
1046	2	2	0.105240755	0.097654060	0.109693035	0.094578721	0.096583150	0.101007417	0.107294597	0.090460770	0.100061662	0.097425900
1047	8	7	0.085078500	0.098883092	0.094827406	0.105581693	0.101812504	0.094788238	0.112602502	0.121883765	0.094323188	0.090219140
1048	5	7	0.085505933	0.096721143	0.093305111	0.106211655	0.104545318	0.097732030	0.101558313	0.108971141	0.098103970	0.107345492
1049	8	6	0.109229021	0.086049393	0.089739159	0.104226105	0.106644161	0.084948838	0.120738462	0.099678352	0.089553259	0.109193251
1050	4	5	0.089586027	0.093337908	0.099908754	0.101184234	0.089310072	0.121045865	0.094663009	0.095536061	0.110018782	0.105409265
1051	8	7	0.090991609	0.105928704	0.087926991	0.108817697	0.103527755	0.107052624	0.103246219	0.112856060	0.095851228	0.083801195
1052	2	0	0.121042930	0.087322451	0.098512813	0.083044447	0.107386127	0.095723368	0.098084040	0.111683235	0.102646127	0.094554521
1053	3	3	0.088128641	0.078655362	0.105484895	0.113242619	0.104580998	0.096858323	0.110858873	0.106794283	0.102678664	0.092717335
1054	7	2	0.089529268	0.110561818	0.125459105	0.096356526	0.087551452	0.089278802	0.095632836	0.100691430	0.106741808	0.098196954
1055	4	0	0.121775605	0.096313730	0.107807934	0.093446359	0.089427799	0.103704721	0.094470911	0.102967054	0.087867379	0.102218576
1056	3	6	0.094877586	0.096516490	0.089350991	0.088938273	0.114070974	0.104407966	0.116348609	0.110033818	0.094738975	0.090716362
1057	6	9	0.091173366	0.093155369	0.098088063	0.104122132	0.111357972	0.099646285	0.113137335	0.095856301	0.077673458	0.115789622
1058	5	8	0.103802711	0.091565162	0.095589541	0.101304136	0.102420196	0.099923871	0.095109157	0.102541469	0.104694434	0.103049293
1059	9	0	0.133393019	0.089510292	0.104845636	0.083029903	0.094872020	0.102336772	0.093113422	0.107186317	0.093547910	0.098164730
1060	9	6	0.094133705	0.097047634	0.085281640	0.093990169	0.105565093	0.108482271	0.125265285	0.101075202	0.101045050	0.088113971
1061	9	0	0.125264451	0.090579398	0.087658279	0.093201302	0.103693232	0.100288965	0.099759422	0.090674512	0.104063325	0.104817159
1062	9	0	0.121577114	0.088177018	0.109294124	0.085308664	0.089029126	0.100184925	0.100053653	0.117108151	0.094747104	0.094520189
1063	2	9	0.095425524	0.093044832	0.104176134	0.108811386	0.092239752	0.099711902	0.095068097	0.100921176	0.100619815	0.109981321
1064	3	3	0.089705743	0.100448862	0.085402466	0.122129939	0.104683623	0.096992806	0.105230361	0.102252834	0.101242386	0.091911033
1065	8	0	0.116132073	0.098468050	0.085697360	0.111259095	0.088961147	0.092732064	0.092574924	0.111123070	0.098408975	0.104643218
1066	8	0	0.126500785	0.091144383	0.089486957	0.093684420	0.095878027	0.090869121	0.107845746	0.099914901	0.107425027	0.097250663
1067	4	0	0.118366949	0.103887796	0.115028106	0.095381767	0.078947276	0.099681906	0.085839152	0.106044568	0.091831885	0.104990512
1068	5	6	0.095522396	0.104159035	0.108262748	0.095026791	0.092927784	0.115900122	0.118443042	0.088851281	0.084453680	0.096453197
1069	8	9	0.088085569	0.104761571	0.094474643	0.091944061	0.092728741	0.102570854	0.112337552	0.090731800	0.108993240	0.113372020
1070	2	7	0.095928885	0.094496720	0.095621698	0.112068385	0.098578677	0.100359596	0.090250909	0.113269493	0.098729581	0.100696027
1071	5	9	0.080326557	0.099265449	0.102994710	0.104842387	0.105205968	0.093110234	0.112490170	0.097487673	0.091160685	0.113116145
1072	1	2	0.076586172	0.091261260	0.120877370	0.108441651	0.097306430	0.101533942	0.102965504	0.103316434	0.101392038	0.096319228
1073	5	7	0.084888384	0.078412972	0.104625933	0.110587642	0.097089395	0.104244083	0.106380306	0.113465264	0.091220170	0.109085813
1074	1	3	0.094328433	0.076987147	0.114750691	0.114903912	0.100036986	0.084883139	0.110642642	0.089070246	0.105747521	0.108649231
1075	7	7	0.103281930	0.106065139	0.106140688	0.098511145	0.092810117	0.077294596	0.095722377	0.115142271	0.106311694	0.098719992
1076	8	3	0.086801909	0.077748373	0.113148578	0.115349680	0.100966766	0.091710880	0.103771515	0.102811083	0.105312034	0.102379248
1077	7	9	0.101554446	0.104747497	0.114089608	0.101912372	0.094463296	0.091252588	0.086863674	0.094747610	0.092208669	0.118160248
1078	5	4	0.094403684	0.111210123	0.103205346	0.088338614	0.113896124	0.097036377	0.107302323	0.102159366	0.077619411	0.104828693
1079	6	6	0.103218153	0.101104252	0.087428436	0.089081064	0.098278314	0.110588983	0.115605272	0.095231064	0.094895236	0.104569286
1080	7	2	0.095009930	0.104698047	0.112102456	0.098830841	0.087628484	0.100372188	0.097928651	0.105686687	0.107405297	0.090337478
1081	5	6	0.093273617	0.097731628	0.106035776	0.102413461	0.090278424	0.097512484	0.116130322	0.100594148	0.093396299	0.102633864
1082	1	9	0.101445310	0.082211524	0.100392453	0.091321878	0.092668124	0.104739532	0.103839859	0.107659586	0.100320294	0.115401387
1083	5	6	0.093437210	0.106265195	0.103144042	0.105898611	0.095047422	0.104889996	0.108178966	0.102198914	0.083794557	0.097145095
1084	2	5	0.102539442	0.098610871	0.098705940	0.090672970	0.102593780	0.106275141	0.103093103	0.093482010	0.097787805	0.106238984
1085	3	2	0.098204114	0.089403056	0.106479980	0.101152718	0.101584315	0.096982725	0.099228665	0.105200395	0.096668974	0.105095126
1086	0	2	0.108387865	0.090380885	0.114846110	0.096687563	0.097854443	0.100678839	0.087009504	0.098311193	0.104508661	0.101334788
1087	8	6	0.103482731	0.095829010	0.081931211	0.087678805	0.107863478	0.105419911	0.119982302	0.115484804	0.099014923	0.083312869
1088	0	6	0.089761294	0.063550763	0.109719567	0.114390507	0.097693458	0.088945493	0.124386974	0.105010986	0.115440227	0.091100700
1089	8	3	0.096412711	0.073233381	0.095271610	0.116895743	0.110222414	0.083461441	0.110058695	0.101597995	0.107264109	0.105581872
1090	1	2	0.080126204	0.088347681	0.130034864	0.109640986	0.092279933	0.089700863	0.103841908	0.096654765	0.111488760	0.097884059
1091	8	6	0.095414378	0.105114162	0.089080207	0.082430035	0.094912358	0.111212797	0.124344729	0.097048759	0.099087834	0.101354741
1092	9	7	0.126718074	0.095228687	0.100666232	0.090022400	0.090185009	0.102573715	0.079779401	0.127137899	0.091898128	0.095790468
1093	2	7	0.085263900	0.093820453	0.112372436	0.114573002	0.091650344	0.099237144	0.102825180	0.118599899	0.091319993	0.090337716
1094	9	0	0.119283967	0.105001055	0.100915618	0.087693512	0.091892257	0.095420904	0.093963437	0.114628956	0.099658802	0.091541529
1095	2	3	0.078138851	0.097454369	0.108100884	0.124160543	0.091885597	0.099764615	0.096075311	0.121295057	0.093189396	0.089935347
1096	0	6	0.099884197	0.111615419	0.084608518	0.080964886	0.114588685	0.102361567	0.123503037	0.083892085	0.095014982	0.103566557
1097	4	0	0.117826559	0.092433311	0.091491044	0.094459079	0.106331773	0.101667799	0.099243946	0.093453974	0.096498556	0.106593996
1098	5	4	0.097278126	0.093230091	0.094309181	0.095934279	0.115698449	0.104807518	0.111890338	0.098103158	0.095541090	0.093207754
1099	1	2	0.089968510	0.094085567	0.108669937	0.105555631	0.098807558	0.101298146	0.099314287	0.098428153	0.097934373	0.105937913
1100	9	3	0.088353574	0.085851625	0.101185687	0.118368916	0.095462665	0.091387920	0.109705761	0.110196196	0.113836929	0.085650682
1101	8	7	0.088453926	0.098596312	0.102165177	0.099321283	0.103103191	0.094448492	0.104265958	0.126044050	0.091434091	0.092167467
1102	1	3	0.098402068	0.101572670	0.109493531	0.109817684	0.089089200	0.099094205	0.091173783	0.106601641	0.091835059	0.102920212
1103	3	4	0.088358402	0.089048624	0.097210646	0.095441073	0.120228820	0.103240490	0.118085220	0.104683757	0.088701062	0.095001966
1104	4	0	0.120713539	0.104043275	0.101093516	0.092403546	0.087864324	0.098047420	0.086308651	0.108360559	0.089067206	0.112098016
1105	4	3	0.105536975	0.082275219	0.105171040	0.119363718	0.074488968	0.100047342	0.089394480	0.104102187	0.106633514	0.112986609
1106	4	8	0.090222016	0.087188721	0.108502850	0.107703909	0.089004233	0.106282704	0.086697258	0.109106280	0.114718445	0.100573599
1107	6	2	0.100975074	0.095775321	0.125373885	0.122195385	0.076580837	0.103853218	0.073864505	0.094322413	0.098122723	0.108936638
1108	4	3	0.081222028	0.105128288	0.114460804	0.123311222	0.105040774	0.083306752	0.088666275	0.093303502	0.103878364	0.101681918
1109	1	0	0.124233037	0.096880272	0.115205809	0.097652711	0.088037357	0.093178459	0.092794180	0.100383990	0.092280284	0.099354044
1110	0	0	0.133355543	0.081567094	0.100151435	0.076816678	0.099235773	0.089382865	0.108892344	0.115051240	0.094027050	0.101519994
1111	4	3	0.088087410	0.090251960	0.108161904	0.116946086	0.093690582	0.093237460	0.088882402	0.108739689	0.096344382	0.115658082
1112	5	3	0.092975989	0.096017696	0.104029469	0.115392193	0.094839580	0.107732885	0.093401253	0.108686604	0.099644378	0.087280020
1113	6	8	0.100653753	0.095668115	0.091621548	0.108722523	0.106077515	0.103447519	0.084001347	0.105702415	0.113494940	0.090610504
1114	6	3	0.096310578	0.088326745	0.095292889	0.122952580	0.089454383	0.097838752	0.092709579	0.109552130	0.106279559	0.101282798
1115	4	0	0.111329161	0.104446962	0.097798824	0.103177026	0.094253719	0.100911081	0.085111633	0.084965862	0.109960660	0.108045049
1116	7	1	0.100736201	0.113788091	0.103256725	0.095252201	0.095473327	0.087076306	0.100830145	0.107508466	0.104288921	0.091789640
1117	6	3	0.080230340	0.093885131	0.099551551	0.117569812	0.110890754	0.094024725	0.110129721	0.106069840	0.095096633	0.092551492
1118	7	4	0.104409195	0.100947171	0.106134519	0.094768345	0.114674434	0.090775378	0.091874696	0.099494241	0.102226488	0.094695523
1119	5	3	0.077495389	0.088299818	0.092173077	0.132173389	0.100621924	0.110130966	0.102019511	0.107585922	0.091270544	0.098229505
1120	9	0	0.117621943	0.090758026	0.104422040	0.101641968	0.086595073	0.093537956	0.083875090	0.117166288	0.091959439	0.112422198
1121	2	8	0.100577898	0.080333479	0.108814485	0.097076945	0.094503023	0.101440795	0.099487893	0.108415991	0.111313492	0.098035991
1122	5	0	0.111813031	0.094186388	0.094719268	0.097198054	0.091940612	0.106669396	0.107933819	0.100118481	0.093248144	0.102172889
1123	6	6	0.106264889	0.108050562	0.094322219	0.092002213	0.095499367	0.107661374	0.110913403	0.101298697	0.092461511	0.091525741
1124	0	6	0.091369182	0.109922476	0.092649631	0.095383681	0.110125743	0.099629745	0.120470688	0.094556816	0.091019899	0.094872199
1125	0	0	0.121585265	0.093876146	0.119056456	0.084893286	0.117024213	0.101952821	0.109109506	0.088312842	0.083529517	0.080659896
1126	1	2	0.100037560	0.100090817	0.108475253	0.088727809	0.107632689	0.104104050	0.102742262	0.092355207	0.088748030	0.107086286
1127	2	2	0.110688560	0.105492689	0.123608477	0.099812984	0.090573773	0.088508099	0.083936207	0.094141558	0.096783906	0.106453806
1128	8	9	0.094875820	0.084673770	0.113286942	0.110845268	0.088662215	0.084056936	0.101285808	0.111139968	0.093003027	0.118170232
1129	5	4	0.098092005	0.095410094	0.085942805	0.092451334	0.112064146	0.103633992	0.103529505	0.101027340	0.102281213	0.105567530
1130	8	7	0.083120383	0.099815734	0.091289647	0.103488401	0.107321717	0.097590491	0.111488961	0.125052109	0.088706344	0.092126243
1131	3	1	0.098307215	0.115724541	0.104133762	0.096923053	0.109484836	0.099526972	0.100200944	0.099310748	0.091591500	0.084796466
1132	0	6	0.096627750	0.112809777	0.094406411	0.088581912	0.111155979	0.107865497	0.120222047	0.080132999	0.084967501	0.103230149
1133	4	1	0.114779867	0.118070461	0.105148181	0.103764422	0.084591851	0.099130772	0.080109358	0.095095642	0.095257245	0.104052208
1134	9	7	0.115550123	0.069548875	0.089929253	0.092459746	0.110701308	0.092744134	0.098416626	0.124871716	0.099013105	0.106765114
1135	0	0	0.120614231	0.084578693	0.093979284	0.082345366	0.099329486	0.107138149	0.102255687	0.102946773	0.100664087	0.106148228
1136	2	7	0.094902590	0.084363297	0.100329384	0.115559183	0.088189587	0.098297358	0.091930047	0.120851025	0.103982352	0.101595238
1137	3	7	0.091794148	0.095879890	0.107697532	0.112112872	0.097442769	0.090772860	0.104710177	0.114849143	0.089090191	0.095650367
1138	6	6	0.086873852	0.085757241	0.079253778	0.116763681	0.109351456	0.100848839	0.136634693	0.097652592	0.114357486	0.072506383
1139	0	8	0.094941728	0.087744638	0.094130896	0.121072456	0.091617726	0.096593089	0.099702977	0.104213253	0.121154025	0.088829115
1140	7	2	0.092449881	0.099173307	0.126308784	0.094485842	0.083525822	0.095817253	0.098157436	0.107488543	0.106729366	0.095863678
1141	3	6	0.102260128	0.104231127	0.094037712	0.093962140	0.104007542	0.114740126	0.119823538	0.075721644	0.091696389	0.099519677
1142	1	7	0.089851692	0.103559874	0.100119486	0.095593944	0.100774512	0.099261880	0.110527523	0.110693865	0.082530387	0.107086860
1143	5	7	0.081838086	0.105332769	0.095504113	0.111022547	0.088175885	0.102707945	0.111415312	0.112336263	0.095137514	0.096529521
1144	0	6	0.078974143	0.088305645	0.102310702	0.103389420	0.099733509	0.097643606	0.128880471	0.099756226	0.094909556	0.106096730
1145	6	6	0.083717667	0.076112561	0.101696059	0.103275202	0.103899837	0.107661225	0.125485867	0.098502487	0.110371299	0.089277856
1146	3	8	0.098326579	0.091891319	0.090838827	0.111941330	0.096164048	0.089956537	0.112457082	0.093357794	0.114974730	0.100091740
1147	0	3	0.090820402	0.094892956	0.105068222	0.121208549	0.086715013	0.095371388	0.101044215	0.101977974	0.106714204	0.096187167
1148	0	0	0.113822214	0.086653620	0.098211110	0.085761428	0.091958426	0.107457377	0.095651858	0.109578878	0.103885248	0.107019819
1149	9	7	0.095129043	0.079455838	0.098844282	0.106058918	0.100340724	0.101752430	0.098436244	0.112431251	0.099363834	0.108187363
1150	8	3	0.100209653	0.081664421	0.107910357	0.128977731	0.109324738	0.077602066	0.091724932	0.097889930	0.102445580	0.102250516
1151	6	5	0.100650199	0.109452665	0.088357009	0.085288852	0.103827581	0.114028722	0.110582508	0.092368409	0.097480260	0.097963780
1152	4	3	0.085996196	0.094737686	0.113609768	0.131940320	0.081344411	0.087460160	0.081692331	0.109131530	0.104644999	0.109442621
1153	8	7	0.090710208	0.097658470	0.095617205	0.099561751	0.112569481	0.089907840	0.107724667	0.125704944	0.097200833	0.083344594
1154	1	2	0.093693726	0.106545523	0.111083686	0.094681412	0.100180000	0.098061286	0.096636400	0.106050640	0.087541491	0.105525874
1155	6	7	0.100205086	0.102710560	0.086083412	0.106740110	0.105839148	0.100961715	0.097146854	0.109005570	0.098701581	0.092605911
1156	0	3	0.089499190	0.088798687	0.101733141	0.111896396	0.106120288	0.097597338	0.105514094	0.099702999	0.099667244	0.099470712
1157	7	3	0.097718179	0.087040789	0.099645413	0.123976350	0.098758101	0.086544037	0.104434393	0.119569406	0.091996260	0.090317093
1158	4	3	0.092466436	0.101684727	0.116431423	0.116866730	0.094537944	0.094923988	0.087507658	0.095071048	0.097272098	0.103237800
1159	2	7	0.090635411	0.087994918	0.112012319	0.115057565	0.088996060	0.091353253	0.096014917	0.122535199	0.090492517	0.104907803
1160	6	6	0.099032067	0.097395107	0.093889005	0.075881541	0.097091191	0.109916084	0.126043588	0.103398606	0.088762917	0.108589873
1161	8	3	0.097985372	0.075228505	0.113562979	0.116330139	0.102137201	0.092954941	0.098178767	0.105650447	0.098800145	0.099171393
1162	6	5	0.104534365	0.104129247	0.100936085	0.087035060	0.112087816	0.113185532	0.100407891	0.091283821	0.097439326	0.088960916
1163	5	3	0.081594542	0.104333706	0.106411383	0.116761431	0.097728573	0.096986078	0.100509346	0.107049964	0.091410585	0.097214416
1164	5	6	0.095339686	0.094067909	0.103452630	0.107472926	0.092552572	0.102989040	0.109011799	0.096340857	0.093336917	0.105435729
1165	7	3	0.086268991	0.088315576	0.090339161	0.125351727	0.094514854	0.090491824	0.105192721	0.121998511	0.100135349	0.097391240
1166	8	7	0.087767035	0.091790162	0.099759616	0.108770557	0.097671553	0.096378371	0.105250977	0.125897273	0.092440143	0.094274297
1167	5	2	0.102269411	0.098283179	0.113900363	0.102946870	0.084010035	0.105105929	0.093870506	0.097828887	0.098478071	0.103306741
1168	8	3	0.093699746	0.090715043	0.101289287	0.117349975	0.097638130	0.102384999	0.098894641	0.105938882	0.086746305	0.105343081
1169	8	7	0.102312863	0.094525576	0.110432103	0.104724504	0.089285716	0.089820534	0.090294763	0.114258789	0.092840314	0.111504838
1170	4	3	0.086731538	0.093075313	0.112935968	0.114486247	0.094317093	0.091270827	0.095531635	0.108331881	0.101559870	0.101759642
1171	8	6	0.114373274	0.105203606	0.082765847	0.076464377	0.107987344	0.106516086	0.115034908	0.091377124	0.099080250	0.101197198
1172	3	6	0.093512923	0.080262393	0.102367952	0.094893664	0.101107128	0.104512788	0.113881871	0.106175929	0.099213906	0.104071468
1173	3	6	0.098429658	0.072161317	0.101997338	0.108442225	0.093192346	0.099008463	0.113196433	0.099983551	0.110169187	0.103419408
1174	5	0	0.108156495	0.101437755	0.090301409	0.101425305	0.098218262	0.099545762	0.098115444	0.099550590	0.104272574	0.098976418
1175	0	6	0.096198313	0.107799090	0.087244868	0.103243232	0.103671849	0.099598207	0.120534331	0.096388623	0.090510190	0.094811246
1176	7	3	0.101038568	0.080248974	0.099527299	0.111206584	0.100770682	0.093061268	0.104187429	0.105627716	0.104446590	0.099884875
1177	7	9	0.111004941	0.089022465	0.110007741	0.096247613	0.105721161	0.096758090	0.091895841	0.093154706	0.094996512	0.111190923
1178	5	3	0.089894935	0.094312429	0.107430905	0.113347068	0.091475092	0.099958569	0.103019409	0.107125156	0.092671975	0.100764439
1179	6	3	0.096182600	0.096610144	0.096212387	0.113661356	0.095706522	0.105727844	0.087950900	0.096511163	0.109173834	0.102263220
1180	4	0	0.131050318	0.093212783	0.110322498	0.085520379	0.088265844	0.102992192	0.084986396	0.093810357	0.099101134	0.110738173
1181	8	1	0.099702649	0.109357134	0.092574291	0.089791812	0.092963137	0.104575396	0.100815058	0.095576450	0.108439639	0.106204413
1182	9	6	0.092932165	0.093558334	0.086589679	0.100260466	0.104153432	0.095208354	0.131648794	0.103631914	0.093936652	0.098080225
1183	9	4	0.108656898	0.080514707	0.089658581	0.092862941	0.118182115	0.097352035	0.104847908	0.104621314	0.102417402	0.100886181
1184	0	0	0.118080527	0.099465899	0.086472102	0.084670588	0.100365922	0.103521399	0.111882187	0.102476478	0.097161010	0.095903948
1185	3	6	0.100731425	0.092682086	0.079058625	0.090925500	0.112264723	0.108010568	0.115510181	0.110899307	0.087137036	0.102780588
1186	5	5	0.105816290	0.090618707	0.096780576	0.072828293	0.099441692	0.113374129	0.104561865	0.104534753	0.099076338	0.112967312
1187	3	7	0.091997452	0.074554496	0.110241383	0.116536826	0.096619219	0.090252846	0.091899052	0.119815305	0.100805365	0.107278086
1188	5	1	0.106699459	0.108706608	0.098815307	0.102394238	0.086914115	0.101033755	0.102906398	0.102743931	0.092475437	0.097310826
1189	4	3	0.088410519	0.093848504	0.098371372	0.114546895	0.092330158	0.101931371	0.100901134	0.106015570	0.105661996	0.097982541
1190	1	2	0.102103025	0.100970648	0.115505710	0.100628600	0.097990178	0.103917629	0.098258726	0.091735080	0.087468065	0.101422407
1191	4	2	0.107310005	0.102216177	0.109639578	0.107072160	0.085200176	0.098130681	0.084765926	0.103369981	0.100335740	0.101959579
1192	2	2	0.088235304	0.096926011	0.113638505	0.113621801	0.108591028	0.091761775	0.088840969	0.107767679	0.095505483	0.095111392
1193	0	6	0.083193175	0.109198831	0.091865674	0.112805329	0.103501081	0.088214271	0.115889706	0.110450700	0.092142336	0.092738889
1194	9	0	0.122353174	0.088872686	0.104755796	0.086220972	0.096571736	0.104448445	0.091548696	0.112126701	0.094554737	0.098546937
1195	3	4	0.099091388	0.096480496	0.091973394	0.099309333	0.115658201	0.102193542	0.115209177	0.097826719	0.091183290	0.091074489
1196	6	3	0.072131008	0.092823721	0.104929216	0.128307655	0.113649152	0.094136015	0.124652214	0.101987213	0.085463397	0.081920430
1197	6	0	0.113846019	0.102419116	0.107647367	0.090923049	0.095454030	0.110125177	0.088346250	0.082868487	0.103098460	0.105272032
1198	2	7	0.098712541	0.097386666	0.097222015	0.105067134	0.089660481	0.101104721	0.108706526	0.110624939	0.100887157	0.090627812
1199	6	0	0.109794281	0.089842699	0.093813129	0.101198286	0.096597575	0.105003983	0.101054899	0.106157742	0.106315024	0.090222478
1200	4	7	0.101058841	0.090676419	0.105757013	0.094690137	0.090489335	0.099869050	0.099677756	0.117552280	0.092852369	0.107376762
1201	0	6	0.106256038	0.077195793	0.083360925	0.100768529	0.109640241	0.082683533	0.146743461	0.090022437	0.111575089	0.091753997
1202	9	1	0.078055136	0.114228517	0.098423466	0.108668782	0.111385956	0.101241440	0.107040688	0.088767119	0.101020984	0.091167860
1203	0	5	0.109581232	0.095872343	0.099777006	0.096935831	0.092089683	0.111481935	0.095044374	0.103197813	0.094982341	0.101037554
1204	2	3	0.094751380	0.098778412	0.105781563	0.110050462	0.092317805	0.100211762	0.094986297	0.106436737	0.103461698	0.093223833
1205	9	7	0.100046225	0.085905612	0.095189035	0.103682511	0.086180970	0.098741151	0.088804103	0.128498182	0.112041444	0.100910775
1206	1	9	0.091602348	0.100890815	0.098590650	0.098334588	0.106696069	0.101189502	0.104958169	0.099236213	0.091576606	0.106925003
1207	7	8	0.096234649	0.100089744	0.111263111	0.107058182	0.095139980	0.087055378	0.091676980	0.104463622	0.111707777	0.095310517
1208	0	6	0.093604781	0.088895164	0.094968893	0.084898248	0.119564354	0.098102719	0.122760095	0.103048712	0.097997919	0.096159130
1209	1	2	0.094525322	0.088048153	0.111128271	0.106215693	0.109837770	0.096267574	0.109676749	0.088616431	0.095326938	0.100357085
1210	8	9	0.106886752	0.074874789	0.096038677	0.112699896	0.083448738	0.090111054	0.110257819	0.097507909	0.109262854	0.118911542
1211	2	3	0.081549153	0.083500788	0.104206800	0.118296072	0.091290869	0.100377046	0.101991750	0.108504564	0.105718113	0.104564853
1212	5	6	0.102983691	0.085767470	0.104031876	0.092243545	0.097679824	0.098628856	0.110781029	0.107442364	0.094906323	0.105535038
1213	0	8	0.102848262	0.093334362	0.096638523	0.103549063	0.099400923	0.100735269	0.101718210	0.101416022	0.108030088	0.092329353
1214	7	3	0.076618582	0.097448371	0.116810948	0.121700652	0.099919058	0.079764210	0.100756139	0.107547067	0.093879171	0.105555788
1215	8	7	0.086018071	0.102752440	0.096767873	0.102210969	0.104089029	0.108063646	0.099415429	0.123327427	0.092639729	0.084715500
1216	8	6	0.085180953	0.084520862	0.095856242	0.093573958	0.107414201	0.093335621	0.127553970	0.103522576	0.105073102	0.103968516
1217	6	6	0.088384211	0.095176175	0.090041913	0.093838021	0.106068663	0.103768893	0.128082246	0.119201273	0.094227575	0.081211045
1218	1	0	0.110623136	0.108378895	0.105320096	0.095460452	0.095348783	0.096603945	0.102177814	0.086460911	0.106501393	0.093124539
1219	8	6	0.099207908	0.086921327	0.092950463	0.107241005	0.098909669	0.097423121	0.118708901	0.101343088	0.100290343	0.097004116
1220	4	3	0.083995141	0.092261732	0.107390784	0.138067111	0.089641482	0.091418214	0.100894526	0.099201724	0.101815343	0.095313974
1221	3	3	0.097538076	0.094535045	0.086905867	0.117663495	0.101121455	0.092943251	0.113952041	0.092721350	0.108206175	0.094413161
1222	8	6	0.093454376	0.081793837	0.102130428	0.100202501	0.105220981	0.106979392	0.107629932	0.101245999	0.097362831	0.103979662
1223	9	0	0.132582039	0.086163074	0.098913275	0.085256554	0.089389153	0.108427480	0.086564116	0.116935246	0.099531718	0.096237317
1224	6	0	0.119219400	0.098600522	0.096193016	0.087994188	0.104439445	0.098415345	0.104505382	0.092645653	0.096669905	0.101317130
1225	4	0	0.120492376	0.105027400	0.102960616	0.096256502	0.084578209	0.098078817	0.085452817	0.106145844	0.094723724	0.106283657
1226	9	0	0.124528818	0.099860333	0.101003282	0.109346002	0.099823624	0.092982769	0.083572872	0.096903853	0.100204274	0.091774173
1227	9	9	0.110660322	0.094397239	0.103232943	0.101896152	0.087197989	0.094353348	0.087258033	0.109169252	0.098241463	0.113593273
1228	8	5	0.097542256	0.098672785	0.099022172	0.083387136	0.106789120	0.112143867	0.111350566	0.101741374	0.098638497	0.090712152
1229	9	4	0.089619279	0.101693362	0.096991658	0.106030747	0.110190302	0.098518461	0.093632944	0.108401023	0.101722948	0.093199283
1230	0	8	0.092385486	0.096707523	0.098173581	0.105541520	0.092327580	0.108897768	0.102628954	0.102123186	0.111431539	0.089782827
1231	0	6	0.104026258	0.110417813	0.083836451	0.089156002	0.101601854	0.101758271	0.118198723	0.092016838	0.099563092	0.099424675
1232	0	5	0.103314817	0.101352572	0.095938735	0.096856795	0.101294540	0.109853402	0.103141494	0.091327295	0.107807063	0.089113347
1233	8	6	0.098303273	0.080541678	0.091649354	0.103396527	0.087763332	0.104236014	0.116936833	0.096892036	0.111606471	0.108674482
1234	9	7	0.103193872	0.096398436	0.104996264	0.098761462	0.109108798	0.100527816	0.102691911	0.109793611	0.081154056	0.093373828
1235	9	0	0.115128934	0.096883222	0.100170024	0.100317135	0.090238802	0.098777935	0.098717660	0.098819874	0.101589814	0.099356666
1236	5	7	0.098971657	0.082143739	0.092375427	0.092778295	0.099502407	0.104879372	0.113091454	0.117602818	0.100343406	0.098311409
1237	3	6	0.099778950	0.086733356	0.087951250	0.094724827	0.111102201	0.110610306	0.118747644	0.102604181	0.095234491	0.092512853
1238	8	7	0.095804259	0.094774663	0.104048744	0.112376526	0.102941141	0.082504682	0.099419884	0.117788650	0.092311174	0.098030351
1239	1	1	0.102754146	0.109086446	0.106242321	0.096624479	0.103674814	0.101497486	0.100096546	0.086727090	0.098127596	0.095168993
1240	9	3	0.104174636	0.101101018	0.104737401	0.113457128	0.103428386	0.090645500	0.084137671	0.109893851	0.086275287	0.102149151
1241	9	5	0.118494369	0.082628340	0.107707776	0.068480790	0.102415271	0.126629457	0.093311802	0.109390095	0.093431145	0.097510889
1242	0	3	0.096470118	0.099567086	0.096419662	0.111729652	0.099776231	0.091019861	0.102714799	0.109900035	0.097636476	0.094766065
1243	6	2	0.110216282	0.105155237	0.111184239	0.099480234	0.094241187	0.111050405	0.087003157	0.087963708	0.097028330	0.096677281
1244	1	2	0.094139531	0.098072000	0.115803756	0.093105152	0.102400489	0.100417443	0.107880220	0.107637636	0.086121783	0.094422095
1245	9	7	0.089579135	0.103100106	0.107018441	0.102682009	0.103879079	0.096771888	0.090728901	0.110384949	0.095026366	0.100829080
1246	3	6	0.100461751	0.082157917	0.098887548	0.093151316	0.098210678	0.107034735	0.112873822	0.105594143	0.098123625	0.103504479
1247	9	7	0.093966983	0.093540736	0.095693730	0.106402099	0.095587730	0.106084421	0.098205425	0.119742505	0.104115836	0.086660542
1248	5	0	0.111450344	0.096009277	0.103443496	0.095544390	0.092038713	0.099125311	0.111337624	0.099608041	0.091815323	0.099627465
1249	7	2	0.102161795	0.100469634	0.123753175	0.093162514	0.081932344	0.106497474	0.095401041	0.094598435	0.098055266	0.103968337
1250	3	6	0.091394395	0.094822429	0.091846339	0.094420932	0.100389093	0.104970440	0.117695749	0.100558162	0.105098948	0.098803580
1251	0	8	0.088382892	0.075383425	0.105987832	0.109070696	0.096396707	0.097636402	0.108651601	0.098988004	0.114773601	0.104728885
1252	9	6	0.092161141	0.098762415	0.101831406	0.100389034	0.110014334	0.107043929	0.112434611	0.102604985	0.077951320	0.096806824
1253	9	0	0.121267252	0.085403740	0.099818923	0.094508663	0.087668814	0.098480016	0.088958785	0.120021284	0.100874260	0.102998182
1254	6	3	0.087149315	0.079247519	0.106420808	0.120435707	0.103385791	0.099197187	0.106330313	0.100279555	0.096920989	0.100632824
1255	6	3	0.097677916	0.099795565	0.099129759	0.109743752	0.097643465	0.100439727	0.092647009	0.102580696	0.100747012	0.099595100
1256	3	6	0.107063569	0.091980763	0.090181611	0.092515789	0.093491182	0.101716012	0.115902290	0.108603016	0.099425778	0.099119909
1257	3	6	0.086384371	0.086669892	0.096625544	0.111154795	0.094419375	0.106498860	0.116461560	0.105524153	0.103426218	0.092835285
1258	1	9	0.087606624	0.095509954	0.109422594	0.108149670	0.094126001	0.101214953	0.101284273	0.097858548	0.091290742	0.113536589
1259	3	6	0.109463573	0.102291882	0.084784865	0.093151674	0.107224166	0.102504998	0.118228070	0.080917627	0.098861508	0.102571711
1260	8	6	0.104580976	0.081399582	0.088755183	0.106262118	0.107437909	0.091475576	0.107933298	0.103899844	0.106973425	0.101282082
1261	0	7	0.102116920	0.095223613	0.105852269	0.089287065	0.094999969	0.105854750	0.092605606	0.109756425	0.105255954	0.099047415
1262	1	2	0.092874579	0.073421210	0.113854162	0.088925377	0.105958126	0.107711218	0.109847426	0.107066087	0.102207415	0.098134466
1263	3	9	0.095685057	0.092201233	0.097693831	0.089535907	0.100717239	0.107413776	0.106763363	0.105571710	0.096033528	0.108384408
1264	0	6	0.096085891	0.099054091	0.103408173	0.100749433	0.092942797	0.102659561	0.115302205	0.102295496	0.094811253	0.092691086
1265	8	1	0.095249712	0.120830692	0.078798898	0.092559047	0.118465371	0.111834548	0.103215478	0.095835164	0.102705330	0.080505714
1266	0	3	0.083854422	0.084862478	0.099918567	0.118332677	0.108027481	0.105860986	0.117272109	0.102267332	0.099411853	0.080192164
1267	2	4	0.097072594	0.100896493	0.109075941	0.106268167	0.120156899	0.099874184	0.104886971	0.090606727	0.090254046	0.080907866
1268	3	4	0.113381624	0.092727147	0.087150097	0.082570255	0.115944937	0.107174471	0.110842817	0.108024426	0.089502260	0.092681967
1269	5	3	0.076318122	0.092827581	0.106042966	0.125692859	0.099120304	0.093961015	0.106174238	0.109741278	0.090992421	0.099129222
1270	1	9	0.111352950	0.105791748	0.103130259	0.105855510	0.085792668	0.095754176	0.078234881	0.100090757	0.095133603	0.118863501
1271	3	6	0.109974392	0.104924843	0.078393884	0.085844882	0.118198432	0.097972915	0.130252987	0.096401796	0.090404406	0.087631434
1272	1	3	0.094370790	0.091042250	0.113996893	0.122362472	0.095333964	0.091027156	0.085875928	0.096316367	0.103837401	0.105836779
1273	9	6	0.104349524	0.109996460	0.091701441	0.090925455	0.110895269	0.099713527	0.118892029	0.091668434	0.096688405	0.085169457
1274	2	9	0.101328939	0.089428179	0.108207949	0.094700135	0.104539596	0.095847704	0.096879534	0.101717979	0.099036559	0.108313471
1275	5	6	0.110153869	0.109100893	0.084657192	0.080956280	0.101702876	0.100037232	0.115790822	0.094797693	0.088228554	0.114574589
1276	4	0	0.132715866	0.091795474	0.117462404	0.093899719	0.079725012	0.102326624	0.089563504	0.098370053	0.094464108	0.099677198
1277	4	2	0.089036159	0.085122451	0.132342055	0.118606038	0.098203234	0.092281677	0.097422913	0.084531777	0.112417206	0.090036474
1278	8	4	0.101723187	0.094947837	0.090238839	0.093058348	0.128470495	0.111184336	0.116825245	0.094570741	0.091734476	0.077246524
1279	1	9	0.100359321	0.099058986	0.110478982	0.097003467	0.095995180	0.104370482	0.098101251	0.086507820	0.094975598	0.113148972
1280	7	7	0.097189508	0.101888172	0.112701572	0.111411549	0.082856670	0.091260560	0.092063598	0.133208558	0.090874776	0.086545058
1281	2	7	0.095573828	0.092032202	0.095733769	0.102749854	0.102238856	0.100068532	0.101178773	0.106363073	0.103543349	0.100517735
1282	1	3	0.096069559	0.096925087	0.105779506	0.116953097	0.099881545	0.101245619	0.096728511	0.098923095	0.092462294	0.095031671
1283	0	9	0.100782007	0.077050753	0.104949623	0.112440869	0.092611581	0.092357799	0.095933326	0.106968142	0.101364270	0.115541682
1284	0	6	0.085814036	0.079729423	0.105598673	0.100244068	0.107856594	0.111080892	0.125121921	0.103153050	0.096384399	0.085016929
1285	9	7	0.102356091	0.096724890	0.097082600	0.099904798	0.106843680	0.096401364	0.092588268	0.110966608	0.101577587	0.095554084
1286	5	0	0.108651459	0.089322463	0.104683906	0.087698169	0.104164526	0.097692817	0.107740015	0.103104837	0.089999057	0.106942683
1287	1	8	0.100177027	0.081152141	0.098429576	0.099202044	0.090741977	0.094870917	0.102203764	0.102323748	0.120474786	0.110424086
1288	9	7	0.101275109	0.100102901	0.100368902	0.097085930	0.096963540	0.105362624	0.097849093	0.116796866	0.081886061	0.102308981
1289	5	4	0.088345848	0.096973896	0.102178715	0.102959812	0.114703342	0.092474863	0.104653753	0.111227334	0.091346897	0.095135488
1290	3	6	0.095896780	0.086383231	0.093835808	0.117422082	0.109628454	0.090778001	0.119312376	0.103535190	0.096723825	0.086484209
1291	2	3	0.079537824	0.097656138	0.104911603	0.122491173	0.094083786	0.100878172	0.095843546	0.119329467	0.093133502	0.092134826
1292	7	2	0.095073678	0.111754976	0.119770214	0.092621274	0.087189294	0.101327874	0.096838348	0.096889667	0.094333112	0.104201511
1293	1	9	0.097595997	0.104207613	0.093211807	0.098882645	0.090865649	0.105276197	0.101654619	0.095551066	0.102149270	0.110605173
1294	2	7	0.097560927	0.086177990	0.096151650	0.107193887	0.090702422	0.103631422	0.094532549	0.121278107	0.108407781	0.094363227
1295	4	8	0.098750763	0.098014690	0.097273685	0.104584768	0.097082533	0.097114705	0.092628911	0.099756792	0.109989859	0.104803190
1296	3	3	0.099736556	0.085556768	0.106033050	0.106677800	0.105446361	0.091132924	0.104668543	0.100614548	0.103882030	0.096251436
1297	7	6	0.084549353	0.094542250	0.097490028	0.116048850	0.083137184	0.092314176	0.120825544	0.110146940	0.107709207	0.093236394
1298	2	3	0.089597628	0.080560058	0.099948116	0.125244364	0.087341070	0.095886417	0.094280884	0.119981512	0.099738680	0.107421316
1299	6	9	0.098598875	0.083531685	0.097390831	0.108663134	0.088698842	0.097995043	0.102055490	0.110367149	0.096615449	0.116083518
1300	2	4	0.099290617	0.083737262	0.107774608	0.099186860	0.110278398	0.095581084	0.100551538	0.102018207	0.104320005	0.097261451
1301	4	3	0.086257659	0.086166263	0.121621773	0.126765370	0.096626446	0.092580423	0.099853456	0.100533217	0.100451417	0.089144021
1302	8	3	0.096336819	0.106267959	0.089006692	0.111846603	0.095335320	0.092862621	0.105383433	0.101147220	0.105248526	0.096564762
1303	8	7	0.081314653	0.101901509	0.106018960	0.114985548	0.099835925	0.088168219	0.101906672	0.116561465	0.095098339	0.094208702
1304	0	6	0.098465249	0.081918232	0.101190716	0.093946479	0.092982672	0.108088605	0.111695580	0.103859618	0.103216581	0.104636259
1305	3	7	0.098178603	0.111361846	0.094318777	0.102266207	0.104340240	0.086471051	0.103153132	0.111906491	0.088131063	0.099872582
1306	4	2	0.111484416	0.090834618	0.123603098	0.096573666	0.091464162	0.105920129	0.093479849	0.090889752	0.095099755	0.100650646
1307	5	6	0.102242127	0.101869702	0.104177587	0.098581024	0.097995661	0.094291195	0.116526313	0.103563614	0.087490298	0.093262531
1308	3	6	0.087262385	0.091704234	0.103219286	0.106951773	0.092245393	0.093656488	0.118712902	0.116842695	0.098564036	0.090840809
1309	4	2	0.104377121	0.103224389	0.112143122	0.104800306	0.098381661	0.097270846	0.095991291	0.093368284	0.100310974	0.090132073
1310	0	6	0.095183790	0.094637685	0.102839105	0.100556627	0.082727127	0.101429477	0.112317994	0.097232312	0.104104318	0.108971521
1311	0	0	0.128421411	0.096054591	0.087124921	0.077481270	0.105208673	0.105938070	0.093368195	0.098295823	0.099751987	0.108355023
1312	5	0	0.112618528	0.111533515	0.094878122	0.086290821	0.092575721	0.097291760	0.110351562	0.108004518	0.085957825	0.100497581
1313	1	9	0.093514934	0.096732274	0.107649915	0.093425237	0.095066242	0.104518719	0.105090268	0.092108823	0.094207533	0.117686093
1314	2	2	0.092627093	0.096980520	0.107515648	0.104425155	0.104277551	0.098507375	0.098302245	0.105813324	0.094461188	0.097089954
1315	8	7	0.103434049	0.082881615	0.095467947	0.088240393	0.118512802	0.091693044	0.111012943	0.124362059	0.082137011	0.102258109
1316	6	6	0.117291965	0.103407972	0.099051997	0.085662529	0.106178917	0.096993104	0.122149326	0.082832687	0.089443184	0.096988343
1317	1	9	0.098810941	0.105753414	0.099093653	0.101159364	0.088533685	0.101266906	0.100451186	0.098265991	0.090376720	0.116288170
1318	7	2	0.090745516	0.103811026	0.118411317	0.092276491	0.086255156	0.097387359	0.100985259	0.106021002	0.110674120	0.093432702
1319	1	9	0.100359321	0.106404148	0.095532671	0.107150376	0.091396660	0.091155596	0.095807873	0.103104010	0.099276304	0.109813079
1320	5	3	0.097382404	0.085505515	0.102925941	0.118282154	0.087417968	0.099972725	0.106448188	0.105432473	0.096545063	0.100087643
1321	6	3	0.101483919	0.086415969	0.091706350	0.119550094	0.104174793	0.081122555	0.102954984	0.106048442	0.102141991	0.104400858
1322	1	1	0.104380712	0.116609327	0.097627126	0.097218178	0.089596592	0.094794430	0.088893235	0.094791353	0.114498064	0.101591021
1323	7	7	0.105013385	0.102000847	0.104300335	0.083781250	0.090110943	0.099588417	0.101940550	0.106577374	0.104936689	0.101750225
1324	3	6	0.110134043	0.104917251	0.087520398	0.089191802	0.099298663	0.103142455	0.111575365	0.099822655	0.094292231	0.100105099
1325	4	3	0.097938441	0.104559556	0.116618730	0.118434735	0.099078260	0.085597076	0.086027466	0.092116490	0.102679275	0.096949965
1326	2	5	0.092372507	0.096219182	0.108286180	0.105904564	0.103920311	0.108980246	0.106216580	0.094855018	0.089724079	0.093521357
1327	6	7	0.088983729	0.082866244	0.102344655	0.104133412	0.106889687	0.099807478	0.103587188	0.118048266	0.089879252	0.103459984
1328	8	7	0.094642296	0.098805107	0.094895087	0.096927874	0.104299791	0.105377279	0.107541546	0.119438820	0.088706553	0.089365639
1329	4	3	0.105299816	0.100568414	0.111682184	0.116543159	0.090331487	0.100678697	0.079214841	0.094220340	0.097950637	0.103510484
1330	6	3	0.097602695	0.087477095	0.111389190	0.123667412	0.077477135	0.105619855	0.077947848	0.102565885	0.110352919	0.105899945
1331	0	6	0.089404903	0.110627562	0.086210176	0.094494969	0.098616585	0.091349527	0.121848322	0.104950435	0.109180570	0.093316898
1332	1	0	0.117015488	0.088646285	0.107094124	0.090836816	0.096433647	0.089292966	0.102886729	0.106261805	0.097450376	0.104081735
1333	6	6	0.085693322	0.086166307	0.099061064	0.094400235	0.091718510	0.110422932	0.128076166	0.105412804	0.100385688	0.098662972
1334	2	7	0.095412023	0.085471913	0.104236953	0.102098279	0.094807774	0.105233908	0.096300870	0.117213644	0.104350805	0.094873816
1335	6	3	0.103088520	0.077291794	0.092557557	0.115193307	0.092751689	0.100248158	0.094159923	0.106898226	0.111551978	0.106258824
1336	4	9	0.108953506	0.101857156	0.100647219	0.112236381	0.076385297	0.099797063	0.086426146	0.105474181	0.094953485	0.113269635
1337	1	6	0.093525290	0.104093336	0.104179025	0.096372738	0.102242589	0.100053400	0.105510704	0.099606797	0.091395885	0.103020214
1338	2	7	0.091172829	0.100250937	0.098540336	0.096307680	0.100104243	0.102515317	0.109146349	0.111292474	0.099843338	0.090826496
1339	7	2	0.108259633	0.106866270	0.110311873	0.098404065	0.089082330	0.089748718	0.097214952	0.100840062	0.100313857	0.098958209
1340	9	7	0.090521306	0.090546764	0.083976261	0.107768603	0.102164209	0.100979187	0.104796372	0.119227603	0.093876146	0.106143557
1341	0	5	0.103184469	0.091445580	0.099146605	0.074957393	0.110179357	0.113041744	0.112153016	0.096971072	0.096946388	0.101974413
1342	7	2	0.091915853	0.096314840	0.113192774	0.104825214	0.097033702	0.110284902	0.094375409	0.105996102	0.095300339	0.090760835
1343	0	6	0.105569333	0.098324254	0.083618358	0.092934474	0.103039674	0.100823820	0.120555006	0.103779696	0.108645149	0.082710214
1344	1	7	0.105169937	0.090945914	0.096717760	0.080339693	0.085592471	0.110496633	0.111794569	0.113239892	0.098152921	0.107550278
1345	2	3	0.091452360	0.082574628	0.103645839	0.118580088	0.085026309	0.103835881	0.090773337	0.103904292	0.105906434	0.114300691
1346	5	7	0.085761629	0.094524309	0.100730292	0.109623112	0.097602852	0.093472674	0.097937420	0.114734374	0.103055574	0.102557704
1347	6	3	0.088933341	0.089479163	0.107884616	0.144874558	0.075080559	0.087181598	0.070235632	0.113930412	0.107640862	0.114759251
1348	0	9	0.108770825	0.091160394	0.092461288	0.087406151	0.103478022	0.104264900	0.111243479	0.099761873	0.088670142	0.112782873
1349	0	6	0.087229110	0.089985840	0.105563797	0.105237655	0.102537699	0.103959136	0.116272256	0.105859116	0.092311181	0.091044217
1350	2	2	0.093407601	0.095212497	0.139178246	0.124334596	0.091185726	0.073879316	0.080028258	0.112262309	0.092012532	0.098498836
1351	2	7	0.091637239	0.087731302	0.105335899	0.097162947	0.105852865	0.096234113	0.087468095	0.115035921	0.105276719	0.108264960
1352	8	6	0.112552352	0.079408161	0.083871551	0.107000969	0.111238331	0.081827320	0.118676201	0.093550503	0.093967706	0.117906965
1353	5	2	0.099411920	0.106780715	0.108116023	0.100906253	0.100628749	0.100163646	0.104584366	0.100038372	0.089347012	0.090022936
1354	4	2	0.107332453	0.092950769	0.114545755	0.101418391	0.081308730	0.101732552	0.078661159	0.109578714	0.104615539	0.107855901
1355	2	3	0.090594456	0.082317203	0.116375446	0.117828280	0.103379756	0.088135935	0.094357617	0.101446860	0.105872639	0.099691823
1356	2	0	0.111031637	0.085071385	0.101826116	0.099299371	0.102223873	0.095384471	0.098911956	0.101727583	0.106839545	0.097684041
1357	4	9	0.087050706	0.103895411	0.096749246	0.115231737	0.096912086	0.101588413	0.088370323	0.096462220	0.095143415	0.118596479
1358	3	7	0.092936195	0.103406206	0.093615510	0.105509140	0.104422674	0.098053850	0.103787661	0.122831307	0.088702843	0.086734578
1359	9	6	0.085900046	0.091680124	0.102042802	0.109135270	0.097681709	0.092977241	0.123010822	0.105711244	0.105083622	0.086777039
1360	3	3	0.088000789	0.106483512	0.094649948	0.118856065	0.092792831	0.105093457	0.100871868	0.103971384	0.102588043	0.086692102
1361	7	4	0.108099110	0.094658323	0.091338240	0.078361981	0.116777420	0.107677206	0.100348949	0.116451286	0.104948744	0.081338793
1362	5	7	0.102287024	0.095546119	0.104952022	0.097175181	0.092382267	0.104344822	0.100726947	0.108320877	0.094312340	0.099952422
1363	9	0	0.125268936	0.087036207	0.097710937	0.078683771	0.097994179	0.107506946	0.098741047	0.121967785	0.090282157	0.094808020
1364	9	0	0.130234733	0.104966491	0.108943157	0.087723769	0.084929809	0.096843831	0.076502256	0.105857849	0.087505169	0.116492882
1365	2	5	0.095851637	0.098999552	0.112438612	0.093752056	0.099180341	0.118459903	0.090519994	0.096963800	0.090476654	0.103357524
1366	9	0	0.127989501	0.095664084	0.098311216	0.082086027	0.090904780	0.099324591	0.106206477	0.116326079	0.091258369	0.091928832
1367	0	5	0.091276065	0.090476461	0.089114070	0.102162302	0.098620854	0.112005450	0.107158728	0.099896148	0.109092966	0.100196920
1368	4	0	0.124615841	0.106121257	0.106836662	0.088148087	0.083766565	0.100532107	0.089033604	0.105538778	0.091440894	0.103966251
1369	8	9	0.098697685	0.094935507	0.105825409	0.104692034	0.090806313	0.085658111	0.095939048	0.109601088	0.096945822	0.116898939
1370	2	3	0.087253124	0.087552354	0.100430965	0.128888011	0.093121357	0.094964512	0.101381049	0.118076071	0.090316452	0.098016053
1371	4	0	0.123913586	0.085577421	0.116677679	0.108046666	0.072729982	0.099441931	0.093340158	0.096200705	0.091217533	0.112854362
1372	5	7	0.095566064	0.102813169	0.095377482	0.110924110	0.092560664	0.098150983	0.092639126	0.117769398	0.104342818	0.089856163
1373	4	2	0.093329050	0.103023872	0.116824575	0.116250627	0.093989231	0.097579010	0.086592734	0.102292262	0.097158492	0.092960209
1374	2	6	0.111075774	0.096330971	0.113657430	0.079058908	0.113814667	0.096183330	0.116308101	0.100414351	0.081159927	0.091996618
1375	3	3	0.088905297	0.081654646	0.107576393	0.124165319	0.115567498	0.082955398	0.111538514	0.093887113	0.096632771	0.097117051
1376	7	2	0.097108185	0.110242881	0.111130707	0.086963512	0.096004933	0.098055221	0.096177012	0.105159856	0.101074487	0.098083161
1377	9	6	0.093166590	0.099192195	0.088092744	0.101659253	0.094698049	0.109758429	0.119739167	0.097402796	0.107767940	0.088522874
1378	0	7	0.105635442	0.087267511	0.098625623	0.114295103	0.077137999	0.093919113	0.094992727	0.118051976	0.110273510	0.099801019
1379	5	3	0.108393177	0.095118985	0.097815134	0.109691590	0.089580469	0.102241680	0.100962952	0.104108624	0.100995272	0.091092110
1380	1	4	0.111317031	0.087417588	0.106777109	0.092258587	0.117960975	0.080615729	0.102618471	0.103218399	0.099765196	0.098050959
1381	2	7	0.090191208	0.092530638	0.101761274	0.112694696	0.083445847	0.099151894	0.098924190	0.125017941	0.097164646	0.099117666
1382	4	5	0.101127163	0.086554825	0.109320849	0.087238945	0.103013851	0.115611136	0.080548801	0.104525998	0.110590972	0.101467453
1383	6	9	0.103181198	0.091680177	0.098313294	0.095456779	0.101607896	0.102451347	0.095493242	0.099592142	0.105580002	0.106643863
1384	5	5	0.107543685	0.104219384	0.094482489	0.086634517	0.097622350	0.108956829	0.104634039	0.088437103	0.103029974	0.104439594
1385	8	3	0.095260575	0.077632785	0.100597478	0.128980368	0.096318759	0.084124655	0.093455754	0.094556741	0.125529245	0.103543647
1386	7	3	0.074123353	0.113305151	0.109232999	0.126536161	0.100453533	0.089248314	0.091254689	0.099868521	0.101783521	0.094193779
1387	7	5	0.097361185	0.081992351	0.095633723	0.104604192	0.095600061	0.118767373	0.097748555	0.091248177	0.098711766	0.118332706
1388	3	7	0.105833083	0.094839007	0.089881860	0.092178315	0.108618699	0.103799194	0.103151768	0.112944677	0.088307537	0.100445785
1389	6	6	0.112824738	0.104704529	0.087500237	0.077150322	0.108485594	0.106340230	0.117144525	0.086455435	0.098445155	0.100949220
1390	3	6	0.103799306	0.081647292	0.090249360	0.086396970	0.113911107	0.100636847	0.120935045	0.100928105	0.101447225	0.100048669
1391	2	7	0.086261049	0.093292683	0.104008831	0.115486711	0.095245562	0.098942168	0.100901358	0.118474305	0.092318282	0.095069043
1392	4	2	0.105709948	0.092993073	0.112429202	0.097180687	0.091807373	0.108670361	0.098307006	0.095492654	0.098120861	0.099288858
1393	9	7	0.095952258	0.085690349	0.106577352	0.093982384	0.102339193	0.093049288	0.085284196	0.134625867	0.095734566	0.106764480
1394	4	3	0.088291086	0.091478869	0.099403329	0.126349851	0.074724868	0.087277412	0.095222004	0.101980694	0.118743397	0.116528481
1395	5	3	0.094355680	0.084446371	0.104354747	0.123780116	0.085418090	0.095478997	0.098039724	0.100079291	0.101759560	0.112287343
1396	5	6	0.102257058	0.082508616	0.098870397	0.098267645	0.104191288	0.093866959	0.122598954	0.107080035	0.102865845	0.087493233
1397	8	8	0.088090904	0.074329108	0.092561550	0.117622688	0.100294605	0.087202348	0.100255281	0.110979512	0.121701024	0.106963016
1398	5	3	0.082756847	0.084328063	0.101143494	0.130752072	0.094160587	0.093872361	0.104863845	0.100914225	0.104993545	0.102214955
1399	9	4	0.083027318	0.100848287	0.093166910	0.105350785	0.114533246	0.084358610	0.112628862	0.112467051	0.087969109	0.105649799
1400	2	3	0.089077644	0.087892778	0.113338992	0.120043144	0.093084648	0.092406809	0.083024658	0.107552379	0.108270712	0.105308115
1401	5	0	0.114476115	0.111133702	0.090162084	0.087872490	0.100084960	0.113596134	0.098592483	0.097972333	0.085473858	0.100635797
1402	4	3	0.105749473	0.095521174	0.114161141	0.115509108	0.092777520	0.093630031	0.088613108	0.093056075	0.105194055	0.095788233
1403	1	3	0.083737798	0.101455502	0.107133433	0.112731121	0.097666182	0.096749552	0.097641408	0.099928536	0.098263040	0.104693443
1404	7	1	0.083679728	0.118511014	0.101256654	0.103731655	0.087453328	0.095310181	0.100177154	0.108622096	0.110764794	0.090493456
1405	8	3	0.091339037	0.102731250	0.105309360	0.121089071	0.101944380	0.080568314	0.105642520	0.114393242	0.079276748	0.097705975
1406	4	3	0.099696435	0.098298252	0.105129845	0.113701530	0.099421926	0.099299714	0.095118903	0.101364456	0.087721258	0.100247644
1407	5	6	0.095890015	0.098818198	0.101879120	0.098089479	0.097327784	0.094463289	0.115279689	0.110331811	0.092512503	0.095408149
1408	9	7	0.075864971	0.089776263	0.102127783	0.107156247	0.098441146	0.101584591	0.107362017	0.110715792	0.101066858	0.105904266
1409	8	7	0.078678578	0.092338353	0.085106649	0.109415852	0.108763367	0.108901009	0.114956431	0.121280044	0.098267600	0.082292162
1410	3	3	0.087398119	0.095349349	0.103859939	0.121856578	0.102545418	0.100156315	0.092671521	0.093701251	0.104146443	0.098315075
1411	3	3	0.087876409	0.108798996	0.079947181	0.125207677	0.109924667	0.101924486	0.104990631	0.097384505	0.099821649	0.084123798
1412	4	2	0.094882801	0.078701034	0.117514327	0.114941925	0.102151290	0.094259039	0.101068981	0.087272741	0.107410051	0.101797789
1413	1	6	0.084271282	0.064134844	0.114244699	0.086545780	0.104602233	0.096867003	0.129487842	0.118786372	0.109952629	0.091107272
1414	9	7	0.113334395	0.085854709	0.109325491	0.089665376	0.094092041	0.101754792	0.083021082	0.122314297	0.095729254	0.104908504
1415	8	6	0.093245953	0.102108255	0.087247342	0.086905226	0.097847506	0.115255721	0.118266247	0.102925964	0.094446458	0.101751283
1416	8	6	0.103215948	0.102873959	0.084281079	0.099972084	0.098257415	0.097833045	0.118745677	0.118241489	0.092228502	0.084350757
1417	7	8	0.103015564	0.090162620	0.100344978	0.099901512	0.084162928	0.087000996	0.096959017	0.115521923	0.119088985	0.103841498
1418	0	2	0.108497083	0.104592465	0.109309033	0.088951021	0.097800478	0.094020285	0.106211379	0.100366667	0.088272698	0.101978905
1419	4	3	0.097932681	0.104825139	0.098759480	0.123050749	0.087640725	0.092178486	0.082344092	0.099372953	0.108607754	0.105288021
1420	1	4	0.083403654	0.088546760	0.108473927	0.108498804	0.111716904	0.110402927	0.108406641	0.101325586	0.088184714	0.091040105
1421	3	6	0.100827411	0.074427858	0.090747260	0.093345903	0.122939661	0.103650726	0.137223154	0.096552163	0.094054535	0.086231396
1422	1	4	0.113283835	0.088297032	0.101973608	0.100634970	0.113815680	0.092466503	0.110227779	0.084122293	0.096544415	0.098633915
1423	9	7	0.110416621	0.099995121	0.113620110	0.102979973	0.081934534	0.106221661	0.066449001	0.118876517	0.104104891	0.095401645
1424	9	7	0.117274053	0.080787726	0.110030785	0.096333005	0.092420965	0.089758798	0.086499363	0.134897977	0.089357220	0.102640174
1425	0	1	0.091581799	0.109031446	0.097612634	0.099038549	0.108913869	0.098496549	0.105347149	0.095097139	0.091062680	0.103818201
1426	9	9	0.103069797	0.095422894	0.102640182	0.099336185	0.095872223	0.091407731	0.101967953	0.102886871	0.085364267	0.122031875
1427	8	8	0.091947913	0.088379279	0.084305033	0.115318492	0.096392393	0.104655728	0.102725156	0.090406448	0.121528700	0.104340769
1428	5	3	0.096490666	0.090160035	0.093882255	0.113221869	0.093013957	0.104318112	0.103619523	0.103586234	0.094350651	0.107356705
1429	4	2	0.110200167	0.079717480	0.135351881	0.117511325	0.083534651	0.092600130	0.092222169	0.093562409	0.099934600	0.095365182
1430	8	9	0.097165063	0.086330608	0.108725086	0.105657905	0.103078447	0.084504411	0.105670691	0.107740499	0.086698480	0.114428818
1431	0	2	0.081772186	0.088238493	0.122462615	0.109531358	0.106763221	0.094566792	0.105955929	0.100708432	0.100325152	0.089675725
1432	9	7	0.104281023	0.095749855	0.102379382	0.108227178	0.097403131	0.090414643	0.090645306	0.109027930	0.107481025	0.094390489
1433	1	7	0.108926855	0.070993975	0.097998559	0.080362752	0.110721953	0.097527742	0.106639825	0.114665151	0.104541965	0.107621223
1434	1	3	0.092424721	0.100487649	0.104532041	0.115283228	0.081165016	0.105317153	0.086562023	0.098532505	0.108008504	0.107687220
1435	7	3	0.081905939	0.095341980	0.103744932	0.126895770	0.094162874	0.092381306	0.100286841	0.105552778	0.102146916	0.097580619
1436	9	6	0.083757512	0.089587964	0.099357940	0.099262804	0.111027926	0.106229953	0.116887487	0.107966080	0.098700009	0.087222323
1437	6	0	0.109186552	0.097632617	0.101065256	0.095951892	0.104409970	0.106664151	0.092094101	0.092708677	0.096824087	0.103462726
1438	2	2	0.088638291	0.086786926	0.123204902	0.118364014	0.099041753	0.088620372	0.086980648	0.106599174	0.098410837	0.103353031
1439	5	9	0.105422601	0.080489188	0.105709277	0.095341899	0.096472040	0.092243932	0.099288538	0.109774344	0.094390728	0.120867431
1440	7	8	0.095254876	0.099286690	0.103169180	0.090262271	0.108625367	0.098306879	0.091869377	0.106329530	0.114183463	0.092712335
1441	7	2	0.106403992	0.084762916	0.121314719	0.085762888	0.111171022	0.099243686	0.109068461	0.103649020	0.095581964	0.083041348
1442	7	0	0.122473873	0.098342717	0.099187590	0.094099864	0.098644942	0.082706504	0.090097249	0.103559487	0.103871956	0.107015871
1443	1	2	0.099600039	0.089547694	0.113588929	0.097355478	0.105303414	0.095629819	0.092817955	0.096622594	0.110278308	0.099255815
1444	3	7	0.093681924	0.109926194	0.090154350	0.083617233	0.096993357	0.109593458	0.106450833	0.139572978	0.085121147	0.084888473
1445	3	6	0.113832675	0.094696648	0.089451417	0.084186465	0.107104756	0.106158726	0.119289301	0.093252018	0.102395535	0.089632489
1446	7	3	0.097246625	0.087472178	0.113360584	0.116641730	0.099645577	0.097258560	0.100883193	0.095956326	0.094583333	0.096951827
1447	4	2	0.104777701	0.094355159	0.115138285	0.102259047	0.104766205	0.093198575	0.101506710	0.090017118	0.099352352	0.094628833
1448	2	2	0.097369507	0.088095844	0.113696367	0.095812500	0.103479758	0.099504575	0.113658637	0.100462548	0.094008423	0.093911819
1449	9	7	0.120057128	0.091928579	0.108398981	0.091126703	0.083654337	0.104307346	0.082202218	0.121777244	0.096546881	0.100000590
1450	1	0	0.115193434	0.092953868	0.092607141	0.104999743	0.089094184	0.094052643	0.088474169	0.101900928	0.112618059	0.108105779
1451	5	1	0.106069908	0.114001200	0.093433797	0.083460256	0.106999487	0.110702798	0.111962922	0.078477137	0.087656870	0.107235588
1452	0	6	0.093889005	0.088182524	0.095738716	0.100139931	0.111542113	0.091193445	0.124796100	0.089738511	0.107455499	0.097324118
1453	4	9	0.096808180	0.087208986	0.109430969	0.092112355	0.100565292	0.102555394	0.099976987	0.099605933	0.091811277	0.119924642
1454	9	6	0.103488885	0.099231578	0.094022632	0.111205548	0.084829912	0.094531506	0.113439009	0.102260642	0.104111992	0.092878237
1455	4	7	0.104840502	0.089118965	0.112421162	0.104067937	0.088290371	0.099845462	0.090169989	0.114738241	0.095554598	0.100952804
1456	4	3	0.096794464	0.085705198	0.110541195	0.114254653	0.089068986	0.102077283	0.101437218	0.094808862	0.104061455	0.101250730
1457	5	6	0.093453698	0.092935249	0.090269320	0.096295260	0.106950574	0.111599483	0.117738165	0.094905466	0.096455172	0.099397644
1458	5	6	0.103563376	0.096907988	0.094088115	0.106596373	0.109066650	0.090251490	0.114246629	0.105328441	0.089583583	0.090367392
1459	0	6	0.106995933	0.103452772	0.078069374	0.084385708	0.113787182	0.089692645	0.118707754	0.116916917	0.098006092	0.089985609
1460	9	7	0.098450594	0.094539650	0.097596705	0.104678452	0.100008897	0.092056587	0.104405493	0.110046200	0.089226857	0.108990535
1461	0	9	0.093335807	0.088593304	0.104039937	0.101415180	0.097569257	0.101692960	0.103510849	0.101405077	0.096474387	0.111963220
1462	1	9	0.096873425	0.095993251	0.104532674	0.111080714	0.088123947	0.096503288	0.107260764	0.091734610	0.095114820	0.112782501
1463	5	7	0.086853124	0.099331342	0.103384830	0.101517089	0.103596158	0.096942715	0.105037354	0.116535507	0.090606876	0.096194990
1464	0	5	0.099528477	0.098144963	0.108279087	0.098027118	0.092056029	0.108739831	0.097778879	0.106347859	0.099326238	0.091771550
1465	2	3	0.084157385	0.092702046	0.103889666	0.125901416	0.095197462	0.099484853	0.106819324	0.117139220	0.091182344	0.083526328
1466	2	5	0.095220871	0.100788780	0.106098011	0.098019384	0.106566824	0.108246677	0.106287993	0.092673756	0.085519828	0.100577839
1467	0	4	0.090278104	0.113478288	0.096373424	0.100171484	0.122656137	0.076044478	0.109031759	0.096636936	0.084765092	0.110564269
1468	4	3	0.094302341	0.087856539	0.104992904	0.126017958	0.083343804	0.080694489	0.095085569	0.120397054	0.110631518	0.096677743
1469	7	2	0.097299278	0.088050283	0.120094448	0.106088623	0.089868426	0.091888212	0.105821706	0.100572892	0.105769567	0.094546564
1470	0	3	0.092827052	0.088034712	0.099711731	0.111187458	0.100714006	0.097459674	0.109816112	0.096518703	0.108179606	0.095550969
1471	7	8	0.094444044	0.094360709	0.099130929	0.110034101	0.099961765	0.097467691	0.098750129	0.107568808	0.111018032	0.087263845
1472	9	4	0.116572171	0.089483716	0.090163708	0.099610835	0.129703566	0.087732904	0.101634838	0.104006156	0.086488366	0.094603725
1473	9	0	0.126794085	0.089686394	0.096987091	0.087400116	0.088770136	0.108164899	0.092186272	0.109567583	0.093842208	0.106601208
1474	7	2	0.087681808	0.113405906	0.116804712	0.089400545	0.090411484	0.089616686	0.092841282	0.110891894	0.109526373	0.099419340
1475	6	3	0.089409672	0.087505892	0.106459133	0.120227948	0.080891147	0.100425713	0.090856083	0.108426601	0.107800603	0.107997239
1476	5	7	0.088728748	0.097988091	0.104121700	0.104700781	0.089598395	0.105633855	0.109257437	0.109890185	0.092442974	0.097637750
1477	9	4	0.093597509	0.090640247	0.095352910	0.094753921	0.122115873	0.103187904	0.103536375	0.104725234	0.106057703	0.086032279
1478	4	6	0.091043696	0.104569532	0.105171151	0.109636031	0.097960621	0.086354956	0.110030748	0.083083585	0.105576038	0.106573597
1479	8	6	0.087727599	0.101454072	0.080964424	0.095579796	0.095559567	0.109734282	0.125462890	0.111961581	0.100404270	0.091151610
1480	8	3	0.098780394	0.076434381	0.090171613	0.123295449	0.082294956	0.085809916	0.117898293	0.100352176	0.114560619	0.110402256
1481	2	7	0.085484773	0.088969097	0.093667835	0.109255709	0.108754784	0.095553599	0.099243551	0.121528164	0.097539730	0.100002781
1482	3	9	0.089343034	0.101628967	0.098523587	0.100517191	0.089458093	0.109726906	0.096745476	0.090652049	0.101159252	0.122245364
1483	7	1	0.091157936	0.113917060	0.101054266	0.083843380	0.107512079	0.105664916	0.098550461	0.096582100	0.108095355	0.093622379
1484	6	7	0.093094319	0.088607162	0.100691743	0.109390125	0.092241056	0.102500759	0.091407008	0.120581239	0.096196525	0.105290130
1485	0	3	0.085832208	0.086778760	0.102215707	0.130782321	0.098779500	0.097071953	0.098939650	0.101163588	0.116835892	0.081600375
1486	9	7	0.102765940	0.094137624	0.094739400	0.110117294	0.090234682	0.090921216	0.084655091	0.125918463	0.098739617	0.107770681
1487	6	6	0.104007818	0.078383438	0.088040307	0.090928845	0.108231522	0.104228012	0.120506153	0.110522702	0.104244642	0.090906531
1488	4	3	0.095777735	0.100842461	0.101203509	0.105859473	0.093597226	0.102624737	0.092218734	0.098451033	0.104856499	0.104568683
1489	4	0	0.122126408	0.118279897	0.096077725	0.095644057	0.096502192	0.101111725	0.089318871	0.104769945	0.085475624	0.090693593
1490	6	6	0.087769799	0.081073940	0.107718520	0.097834617	0.108444877	0.098646812	0.109730855	0.106120221	0.105377175	0.097283274
1491	2	4	0.101627365	0.099075951	0.100868195	0.103932507	0.112803437	0.094181508	0.111228310	0.106045298	0.086655684	0.083581738
1492	8	6	0.081447333	0.078130797	0.095644474	0.116593063	0.109398805	0.094682403	0.121647753	0.110814244	0.098749407	0.092891745
1493	1	8	0.092574224	0.092078902	0.116615698	0.107813306	0.091178559	0.092193693	0.089328639	0.095498934	0.116716094	0.106001943
1494	4	3	0.101497024	0.095700972	0.113925070	0.125602067	0.089823008	0.087657876	0.080212601	0.097917013	0.096938491	0.110725887
1495	2	7	0.093174689	0.083745793	0.116414078	0.108768798	0.095142692	0.093023852	0.108105019	0.117087141	0.088520199	0.096017718
1496	9	6	0.084855795	0.094297267	0.091239139	0.092267707	0.122769147	0.111879393	0.123572975	0.101791359	0.081794783	0.095532477
1497	2	7	0.092267066	0.097928748	0.105462186	0.101893783	0.091177210	0.103005968	0.110708229	0.115729637	0.094836272	0.086990848
1498	1	0	0.112219572	0.101963080	0.096360080	0.081771635	0.089145146	0.104030080	0.099205866	0.108484022	0.101853147	0.104967326
1499	8	7	0.092458680	0.090967566	0.100035638	0.099123351	0.099577434	0.103099309	0.110045776	0.116499484	0.082487836	0.105704904
1500	5	6	0.086578794	0.098249778	0.104695290	0.103297099	0.093780518	0.099685393	0.118622698	0.101020806	0.091408104	0.102661505
1501	4	2	0.101070493	0.083546929	0.107709408	0.106843032	0.096760906	0.102083050	0.099754602	0.102483466	0.101073407	0.098674707
1502	8	6	0.101121560	0.092612028	0.088724740	0.110905945	0.102831587	0.083436452	0.115264460	0.099504404	0.101594105	0.104004808
1503	7	3	0.088737175	0.087532975	0.109295473	0.117220022	0.116724722	0.089764923	0.108249165	0.093076505	0.102857508	0.086541481
1504	9	6	0.094307661	0.095805511	0.087182894	0.102468073	0.113926776	0.090539284	0.120001636	0.112008169	0.105125181	0.078634761
1505	3	6	0.104661994	0.105855070	0.085912876	0.087430038	0.101343274	0.103820547	0.120112337	0.094946489	0.096194513	0.099722840
1506	6	6	0.096481755	0.099248625	0.102483697	0.102024294	0.096288919	0.105975918	0.121391527	0.098801225	0.082986251	0.094317757
1507	0	0	0.116329245	0.107540809	0.098088913	0.084769808	0.098887406	0.110978119	0.116247356	0.084804848	0.096541509	0.085812017
1508	8	6	0.112925090	0.080786392	0.103916876	0.108459100	0.087062672	0.087732285	0.118238166	0.098911181	0.088671513	0.113296665
1509	3	2	0.102478534	0.102098815	0.112917662	0.105633721	0.097759299	0.094420582	0.089607820	0.091440804	0.101722397	0.101920359
1510	5	7	0.089285396	0.099414952	0.101455763	0.105863571	0.094100088	0.097351179	0.107595988	0.111756898	0.100479707	0.092696510
1511	1	3	0.088007212	0.099278323	0.110926546	0.112173729	0.099787891	0.091256283	0.097067773	0.095533408	0.105390914	0.100577891
1512	8	3	0.083304815	0.082766116	0.103608973	0.124544337	0.091184221	0.093415163	0.098366067	0.097965464	0.120446883	0.104397982
1513	5	3	0.097725518	0.096224539	0.103010401	0.117223389	0.091339879	0.087484740	0.102174513	0.098055340	0.097600393	0.109161370
1514	3	7	0.103020258	0.104551308	0.087708451	0.078085065	0.106332727	0.110213771	0.109970398	0.112001285	0.098618396	0.089498445
1515	0	9	0.089448035	0.090467729	0.101492696	0.120567031	0.084182240	0.093712613	0.093989410	0.102107637	0.099834658	0.124198012
1516	2	3	0.087528124	0.098237246	0.116510883	0.118099093	0.098652668	0.090012521	0.091620006	0.115211822	0.076364107	0.107763603
1517	1	2	0.083305798	0.109675497	0.110601991	0.099465102	0.098737277	0.108985052	0.099030524	0.110256433	0.084599473	0.095342875
1518	5	9	0.104240574	0.083790168	0.098755144	0.091100477	0.102704056	0.096716151	0.106071062	0.105588920	0.098672867	0.112360582
1519	0	6	0.097352192	0.088578433	0.105098195	0.102072552	0.095017530	0.103316694	0.106113389	0.103844479	0.099645510	0.098961093
1520	4	3	0.099277005	0.089291938	0.114816763	0.128151953	0.095789514	0.084372759	0.094643012	0.091281086	0.104064532	0.098311387
1521	7	2	0.112331897	0.110865518	0.119751036	0.085370280	0.086076409	0.094799198	0.088773340	0.115753308	0.092992686	0.093286403
1522	1	6	0.093754269	0.071774885	0.101659596	0.086092070	0.103174277	0.109666713	0.120004468	0.112735078	0.109839857	0.091298774
1523	0	8	0.104766183	0.087979481	0.090814807	0.091515526	0.097727001	0.103551947	0.106278971	0.103835151	0.107078917	0.106452018
1524	0	3	0.103107251	0.098066725	0.105827831	0.119656265	0.097286902	0.092058800	0.082442798	0.105193704	0.103953227	0.092406474
1525	9	7	0.092309065	0.105131149	0.096580304	0.110742994	0.092617311	0.090936936	0.090357646	0.125776455	0.089678980	0.105869137
1526	5	3	0.100525841	0.096217714	0.104293123	0.111505963	0.109980926	0.093215391	0.100459710	0.103872813	0.088887796	0.091040798
1527	4	3	0.089523852	0.083394036	0.101518370	0.135941371	0.087116309	0.097609021	0.089727513	0.098500557	0.107978202	0.108690761
1528	9	0	0.133177787	0.103436321	0.107484087	0.083767265	0.077993676	0.097337522	0.086253636	0.119975671	0.078869581	0.111704506
1529	8	6	0.106185973	0.102311291	0.081832699	0.082459636	0.115428120	0.108038910	0.117692970	0.105005480	0.093558669	0.087486245
1530	9	4	0.107258379	0.090827614	0.097589910	0.091751046	0.127477884	0.083697468	0.124654666	0.099579789	0.091529503	0.085633740
1531	7	0	0.111965828	0.107955709	0.110958256	0.095871426	0.086380012	0.090574794	0.090263158	0.107272036	0.088725217	0.110033505
1532	7	4	0.091040038	0.092281274	0.104727477	0.093102239	0.118656956	0.101479523	0.109861679	0.102748804	0.104561873	0.081540152
1533	1	6	0.084946185	0.098406754	0.101387829	0.096494615	0.113389388	0.097253144	0.116865613	0.100709781	0.089966260	0.100580409
1534	6	6	0.088194191	0.084248312	0.086065836	0.079765186	0.105952702	0.115571246	0.132622182	0.105229959	0.097904168	0.104446165
1535	4	3	0.086567208	0.109124862	0.100015394	0.119697206	0.084225029	0.094230086	0.085371174	0.104170963	0.107316010	0.109282054
1536	9	0	0.115176328	0.094497137	0.107202120	0.099146008	0.106541418	0.092631787	0.086674877	0.102303423	0.100039013	0.095787913
1537	3	7	0.100106113	0.085501559	0.108158842	0.105480745	0.101056680	0.084743388	0.115079872	0.121484280	0.101288855	0.077099726
1538	8	7	0.099356756	0.106385015	0.092151731	0.107554063	0.104813799	0.083713852	0.103824355	0.112074830	0.090744570	0.099381022
1539	7	7	0.095854238	0.102389105	0.107686959	0.091111571	0.095407695	0.102187358	0.094346516	0.124729328	0.086492829	0.099794373
1540	5	6	0.096135803	0.099523321	0.102812737	0.109598361	0.087409839	0.095477365	0.113643311	0.092618681	0.099594727	0.103185855
1541	3	6	0.107552640	0.105694756	0.087621376	0.095088154	0.097992882	0.107770339	0.116130993	0.089181952	0.098180145	0.094786689
1542	4	3	0.096027352	0.100763477	0.104709275	0.114191711	0.087646052	0.100267820	0.091624565	0.101556472	0.100774422	0.102438912
1543	9	3	0.089336440	0.092315286	0.095800839	0.116176441	0.091155373	0.096888959	0.108780064	0.106707759	0.106637307	0.096201539
1544	5	3	0.087736368	0.086400427	0.099719994	0.133729741	0.077014387	0.105392158	0.101812296	0.106787845	0.091966592	0.109440133
1545	9	7	0.096552983	0.087784477	0.095018625	0.101563625	0.107223943	0.091958612	0.116979092	0.118342504	0.093167484	0.091408685
1546	5	6	0.090009242	0.091999397	0.110110275	0.088766299	0.101679854	0.107962593	0.117707871	0.117264546	0.088039897	0.086460069
1547	8	0	0.118969254	0.093580455	0.085973211	0.100269817	0.096000023	0.090669133	0.111673228	0.101990238	0.105079040	0.095795564
1548	1	8	0.101033188	0.083759941	0.103500091	0.102411501	0.094597697	0.097046040	0.094675079	0.103843473	0.109660216	0.109472767
1549	5	1	0.099583149	0.111804709	0.092594616	0.090151273	0.105776377	0.109452210	0.103623785	0.089665160	0.094874449	0.102474369
1550	0	6	0.096492492	0.090464748	0.087129332	0.088586733	0.116940327	0.095119171	0.122237839	0.098204046	0.114974260	0.089851037
1551	7	3	0.087874927	0.085501656	0.113401718	0.115712225	0.083400436	0.082142003	0.105963521	0.114025414	0.112675056	0.099302977
1552	5	4	0.098153934	0.096090354	0.097366795	0.090949364	0.110450938	0.102221452	0.108258285	0.109707370	0.096093364	0.090708174
1553	6	3	0.092849709	0.093375511	0.103197142	0.120603077	0.092955127	0.111275390	0.087547079	0.087556042	0.107155919	0.103484973
1554	7	3	0.103625596	0.110451043	0.109282732	0.112229243	0.080729291	0.081219293	0.094974205	0.101504646	0.101662956	0.104320951
1555	3	7	0.084205456	0.078766510	0.112214044	0.112699017	0.096740231	0.092023805	0.112472489	0.113865793	0.087572053	0.109440558
1556	7	7	0.093883373	0.081309333	0.114443086	0.086424619	0.100187235	0.108180806	0.092193320	0.118349105	0.104641974	0.100387141
1557	5	3	0.091237456	0.102964967	0.085158043	0.114351124	0.103314564	0.101372778	0.112824306	0.103182711	0.097833365	0.087760717
1558	7	7	0.093696974	0.104450740	0.106128722	0.110510133	0.084791154	0.090797812	0.093823135	0.118271343	0.098600350	0.098929629
1559	7	2	0.099151753	0.099689305	0.120870441	0.104966663	0.080473527	0.094478510	0.095655918	0.097048208	0.107938506	0.099727161
1560	9	0	0.125093043	0.089420296	0.105825461	0.086750440	0.092537485	0.098761313	0.088119335	0.116706938	0.093532979	0.103252716
1561	7	8	0.103502318	0.105919227	0.111845665	0.103780583	0.082485907	0.084965326	0.093097545	0.096080713	0.118457735	0.099865004
1562	1	6	0.104878306	0.089201316	0.097189717	0.079309732	0.096794628	0.101462752	0.117520928	0.106315494	0.093250908	0.114076279
1563	4	3	0.091729544	0.106111817	0.101908103	0.115279764	0.097429872	0.090607375	0.087319396	0.100959972	0.104882888	0.103771165
1564	7	2	0.103300974	0.107368022	0.119421817	0.088278420	0.088206090	0.098504454	0.089672819	0.109523818	0.092563748	0.103159890
1565	1	6	0.091113180	0.086194053	0.108635567	0.099113166	0.093802340	0.091583349	0.114802830	0.106371611	0.108241439	0.100142524
1566	6	6	0.087524496	0.087013572	0.090478510	0.083298527	0.098807774	0.114644997	0.135826185	0.106352314	0.096534088	0.099519551
1567	0	0	0.106955171	0.083612949	0.101021148	0.093999304	0.098753534	0.097756542	0.104314722	0.101133205	0.105746210	0.106707223
1568	3	0	0.113251299	0.102931157	0.089033611	0.092238434	0.099183336	0.104391880	0.112633765	0.097470187	0.097140148	0.091726184
1569	5	0	0.116609700	0.102920055	0.097936668	0.097717293	0.087094419	0.097195275	0.104721636	0.113874629	0.090365835	0.091564476
1570	8	6	0.093164742	0.099202320	0.085439831	0.099219464	0.093571655	0.099131860	0.120324843	0.092354216	0.106776565	0.110814512
1571	7	5	0.096615873	0.098685898	0.092420839	0.102323547	0.090398207	0.119456291	0.106741145	0.101379462	0.088931918	0.103046805
1572	3	0	0.118934512	0.091984265	0.111089990	0.100102961	0.086177066	0.088073380	0.106711306	0.094061978	0.105922431	0.096942089
1573	2	2	0.096236311	0.089556769	0.113007002	0.093864180	0.106182255	0.107218377	0.096857242	0.100864597	0.098243833	0.097969502
1574	5	4	0.091515355	0.098551273	0.092159301	0.094217330	0.120294102	0.106599860	0.108445868	0.098105982	0.098014086	0.092096992
1575	6	6	0.078733377	0.098642349	0.098013908	0.104248993	0.101742782	0.106826283	0.116884604	0.104464881	0.099669024	0.090773784
1576	6	3	0.092483632	0.087531693	0.111376420	0.136909619	0.074610300	0.094314963	0.080851443	0.107295804	0.106838435	0.107787736
1577	8	9	0.104962967	0.088678531	0.093834184	0.109847143	0.089507289	0.096255682	0.095831096	0.099883564	0.107283607	0.113916047
1578	1	9	0.094362997	0.080000266	0.103474542	0.103396617	0.075001687	0.097063974	0.113794647	0.092420287	0.113734774	0.126750201
1579	8	9	0.096961752	0.075951196	0.095532149	0.111596279	0.087055981	0.095942765	0.107112840	0.098821275	0.103553712	0.127472013
1580	3	3	0.093289703	0.091635942	0.093884476	0.113318443	0.108849809	0.093838118	0.110368624	0.102187864	0.100599691	0.092027366
1581	4	3	0.075243823	0.111145727	0.106984943	0.123166427	0.095721394	0.080086723	0.091816917	0.108019166	0.099181063	0.108633824
1582	2	2	0.080358744	0.099133387	0.116148360	0.100361764	0.109331466	0.095814526	0.103377439	0.109000102	0.084989704	0.101484582
1583	4	2	0.101899974	0.082947671	0.117061563	0.112575375	0.087505624	0.104057215	0.101148807	0.090246685	0.103462175	0.099094816
1584	8	6	0.093482949	0.097841300	0.098174028	0.099207759	0.093859904	0.105191812	0.110879771	0.100834481	0.103830174	0.096697800
1585	6	6	0.100510053	0.110683851	0.086084962	0.088800155	0.102497406	0.112689689	0.119949751	0.084108792	0.092488058	0.102187350
1586	5	3	0.098908782	0.096676745	0.094187841	0.115546152	0.093226984	0.097403295	0.103804559	0.101835810	0.100252599	0.098157287
1587	8	0	0.111967094	0.084437124	0.089739479	0.099032931	0.111222439	0.094135329	0.106944211	0.108618669	0.092679858	0.101222865
1588	3	7	0.094051860	0.091395654	0.092130594	0.100456290	0.101330675	0.102194503	0.109723456	0.117507294	0.098851830	0.092357844
1589	5	9	0.097818732	0.101630464	0.105361648	0.099410690	0.097426094	0.103705354	0.095632419	0.098716699	0.088733718	0.111564144
1590	1	6	0.085730031	0.084528729	0.109423824	0.094359033	0.123552382	0.110811099	0.123614155	0.094800994	0.090617448	0.082562268
1591	5	6	0.082569063	0.099935144	0.112672307	0.103373915	0.099365652	0.107683703	0.112908594	0.098358825	0.087997049	0.095135681
1592	6	6	0.099816836	0.100841291	0.095142148	0.087846108	0.107632302	0.097142309	0.121732146	0.092063002	0.091788806	0.105995066
1593	7	3	0.096898608	0.095313355	0.098626159	0.126344755	0.087784499	0.092384845	0.087375782	0.102593265	0.105329730	0.107349075
1594	2	2	0.082602903	0.086622342	0.118841596	0.118042320	0.099730954	0.097453631	0.097221710	0.113158926	0.092104860	0.094220780
1595	7	4	0.091886401	0.084608994	0.094362117	0.094055705	0.121709161	0.109411508	0.105457917	0.117978655	0.096749462	0.083780043
1596	0	0	0.113293193	0.092409663	0.094846509	0.094744541	0.093379594	0.098723352	0.101247922	0.096060261	0.106211260	0.109083749
1597	2	3	0.090307377	0.100270607	0.102186680	0.114788756	0.093719229	0.087692127	0.104192421	0.113820568	0.090196021	0.102826111
1598	3	6	0.105149537	0.080705963	0.103820510	0.105546445	0.098163359	0.093618542	0.113472156	0.093596749	0.099650010	0.106276669
1599	1	7	0.099459395	0.075611703	0.099011615	0.081941657	0.098374598	0.103869632	0.112003528	0.123123258	0.110628530	0.095976107
1600	8	3	0.084111132	0.094335563	0.104564488	0.108805805	0.100218587	0.103789777	0.103162140	0.105343878	0.092612833	0.103055745
1601	1	3	0.093595348	0.098096646	0.095854744	0.116812676	0.089235976	0.091344297	0.093368933	0.113274939	0.100368358	0.108048096
1602	7	2	0.083833814	0.102953605	0.124240965	0.111122698	0.092212938	0.091260098	0.087244198	0.098896056	0.108023711	0.100211963
1603	8	6	0.101060182	0.090946697	0.092052191	0.096141666	0.100002393	0.098496966	0.109507814	0.108746216	0.103778608	0.099267267
1604	4	2	0.101941824	0.090930842	0.122871153	0.102147758	0.089493617	0.105675317	0.092126735	0.098725013	0.092368476	0.103719324
1605	5	6	0.107663117	0.092475206	0.098892756	0.104059622	0.097302034	0.102290586	0.109213188	0.088124633	0.106925666	0.093053155
1606	9	0	0.131203905	0.094325490	0.102948949	0.086346269	0.083861440	0.105381325	0.090821780	0.106035657	0.086457670	0.112617478
1607	0	6	0.100074731	0.114560694	0.086537845	0.084701613	0.105138294	0.109604716	0.116452873	0.089418039	0.093906671	0.099604540
1608	1	3	0.084006876	0.099592976	0.097201452	0.115641356	0.097471692	0.102710702	0.107004836	0.104864143	0.092146359	0.099359594
1609	2	5	0.101382211	0.095701143	0.096224003	0.102650777	0.096927881	0.110596694	0.109620579	0.097079813	0.095004782	0.094812080
1610	1	6	0.083264478	0.072343551	0.114312589	0.090101637	0.096367598	0.103915349	0.121579327	0.109284371	0.104924776	0.103906378
1611	5	4	0.095470674	0.100096881	0.082672961	0.088318869	0.120688543	0.105289705	0.115272321	0.099084638	0.098140970	0.094964370
1612	3	6	0.104042195	0.101392291	0.082702167	0.089160755	0.116367869	0.096776709	0.125249177	0.105125964	0.099414408	0.079768419
1613	7	8	0.100691162	0.101824366	0.109346189	0.081068628	0.093927383	0.098788030	0.101841651	0.099058151	0.113165438	0.100288987
1614	0	6	0.079843871	0.083975010	0.100343384	0.105061255	0.111520730	0.101312578	0.116032772	0.096975841	0.113000855	0.091933765
1615	9	7	0.106436960	0.100230142	0.098202713	0.086802490	0.094766177	0.097480252	0.098406442	0.122560881	0.096889026	0.098224953
1616	3	0	0.125192553	0.082411095	0.102278627	0.096997671	0.103725970	0.094305143	0.097680464	0.104615942	0.087306157	0.105486423
1617	9	4	0.089547344	0.095268846	0.098771460	0.095242679	0.113533564	0.096148409	0.110444941	0.103261590	0.101074107	0.096707106
1618	8	3	0.093762703	0.092294767	0.084969342	0.114782326	0.097029448	0.100271352	0.114158064	0.088086292	0.109928802	0.104716882
1619	7	4	0.092271350	0.089755304	0.106581300	0.086421251	0.114412859	0.113041349	0.090531155	0.104737855	0.094485737	0.107761838
1620	8	6	0.088812321	0.095703974	0.088443898	0.118798718	0.098246172	0.089106515	0.119726561	0.103737794	0.107152291	0.090271696
1621	8	3	0.080540247	0.088021673	0.099986464	0.126153082	0.105221555	0.088175595	0.108360358	0.099764943	0.100153454	0.103622556
1622	5	7	0.100067183	0.100132324	0.099627241	0.098961391	0.099171333	0.095108248	0.107783295	0.109501436	0.095946893	0.093700685
1623	2	2	0.099256404	0.089716092	0.110247955	0.109323412	0.097614966	0.097476467	0.087405354	0.105703831	0.100339897	0.102915689
1624	6	5	0.097503498	0.108077608	0.090763167	0.088765636	0.096369453	0.108441606	0.107248560	0.099302493	0.106808849	0.096719079
1625	8	6	0.111433521	0.103373885	0.084816106	0.087118074	0.103512339	0.099537887	0.114025287	0.100465752	0.093202166	0.102514923
1626	4	9	0.106104307	0.105736583	0.095758647	0.104427390	0.091481678	0.103724100	0.088950157	0.091270097	0.092646025	0.119900987
1627	6	4	0.100694500	0.097724214	0.095060892	0.098737068	0.108296432	0.103402682	0.101122737	0.094519936	0.100669108	0.099772342
1628	9	0	0.128361791	0.092963532	0.089251131	0.085006364	0.113184802	0.102004707	0.101997629	0.109571002	0.088615842	0.089043215
1629	2	2	0.098201141	0.102644548	0.116571873	0.099470623	0.101571888	0.100316614	0.093966097	0.096010633	0.080056407	0.111190185
1630	7	2	0.107457519	0.099731192	0.116670355	0.090560533	0.093711421	0.087944008	0.099313110	0.101444528	0.097336099	0.105831318
1631	7	4	0.107853241	0.104215823	0.097064190	0.090363286	0.114515357	0.097280160	0.102381349	0.095918380	0.096430950	0.093977265
1632	4	3	0.085744977	0.098090142	0.103223130	0.113932900	0.101554073	0.097167492	0.098525144	0.095826529	0.098933160	0.107002378
1633	4	7	0.118245281	0.093735181	0.107462950	0.086868681	0.082903922	0.100936994	0.092146404	0.120812550	0.093814246	0.103073783
1634	8	6	0.092382483	0.084861279	0.099661499	0.109840795	0.106430069	0.089140207	0.133217961	0.104999617	0.093873024	0.085593008
1635	0	6	0.094974585	0.110693313	0.093846485	0.105364978	0.095716953	0.090428360	0.112530239	0.093911581	0.104634628	0.097898960
1636	1	2	0.091645911	0.101280741	0.112558611	0.111061409	0.091716506	0.100573175	0.092962280	0.092524625	0.099965915	0.105710760
1637	3	4	0.089686029	0.097762190	0.097227141	0.092360809	0.117643349	0.099089094	0.106476299	0.110255338	0.079858541	0.109641179
1638	4	0	0.139387608	0.099711575	0.107949704	0.078205734	0.077216826	0.107949279	0.081709981	0.108374685	0.095137052	0.104357533
1639	8	6	0.098987237	0.084751830	0.103862397	0.099529043	0.099719301	0.102939427	0.125299662	0.089601167	0.096906714	0.098403171
1640	4	2	0.109781414	0.085164428	0.112853669	0.106276266	0.097799122	0.095955417	0.084180713	0.104149081	0.104730532	0.099109367
1641	4	4	0.110966787	0.087889500	0.100972541	0.090540357	0.113614738	0.096696712	0.104999177	0.100373864	0.098044515	0.095901825
1642	2	2	0.081452072	0.081704706	0.119236387	0.110717312	0.097166076	0.107530765	0.113297500	0.098064251	0.103928953	0.086901978
1643	8	9	0.099919617	0.074573018	0.105614193	0.098464549	0.097170725	0.091205031	0.110330418	0.098461695	0.104950517	0.119310193
1644	9	0	0.123885438	0.093861639	0.108965077	0.086547412	0.087813839	0.103040636	0.098176964	0.105157405	0.084331833	0.108219713
1645	2	3	0.087824993	0.087580785	0.116964899	0.117072985	0.098619342	0.095849574	0.088031098	0.112501249	0.097905450	0.097649582
1646	1	7	0.102923594	0.071166620	0.106817760	0.087144814	0.112595879	0.101078473	0.108294509	0.112997070	0.103655010	0.093326278
1647	2	2	0.085050359	0.089708008	0.124171846	0.115180895	0.095943831	0.103942692	0.085051112	0.096612781	0.102829106	0.101509355
1648	1	0	0.107551217	0.095816031	0.104005434	0.084250741	0.092228323	0.103333548	0.103439011	0.101427145	0.105875306	0.102073252
1649	6	3	0.101150513	0.090290047	0.095108375	0.115003131	0.106572762	0.100257657	0.087902516	0.103002898	0.098381244	0.102330886
1650	6	4	0.110270575	0.095752552	0.105446175	0.099530749	0.111343890	0.097368397	0.098416902	0.098119989	0.090407029	0.093343653
1651	7	2	0.100339122	0.089907169	0.118793271	0.081291541	0.118417099	0.104423210	0.099532403	0.097134434	0.096308790	0.093852974
1652	5	1	0.092332073	0.112038232	0.101317100	0.091897056	0.097937591	0.105397850	0.107177384	0.109370448	0.085133448	0.097398818
1653	4	3	0.078487523	0.099813029	0.094431877	0.136632621	0.093791299	0.085778289	0.095699809	0.101591781	0.116117343	0.097656451
1654	0	4	0.087911814	0.101203293	0.103664897	0.105078287	0.115039065	0.080997743	0.114009134	0.093511023	0.089713678	0.108871110
1655	3	6	0.103710577	0.095565826	0.091375448	0.098137863	0.109228276	0.095684417	0.124497265	0.077285454	0.102737188	0.101777613
1656	9	0	0.122738816	0.101422273	0.108847409	0.090693466	0.093402863	0.103034675	0.079459704	0.099703327	0.095071465	0.105625987
1657	5	5	0.097035997	0.100529045	0.104487307	0.100329883	0.102042608	0.104806080	0.091334142	0.104019374	0.097341128	0.098074473
1658	0	0	0.106813960	0.101642147	0.100360066	0.088143818	0.105501145	0.102874421	0.104163349	0.102613442	0.096181452	0.091706134
1659	9	1	0.105054229	0.113620825	0.096923664	0.097785726	0.098422460	0.101111241	0.094128430	0.111824550	0.082366638	0.098762229
1660	1	8	0.105854914	0.098024130	0.090999350	0.096573472	0.093458638	0.088720538	0.103124730	0.104371615	0.116822205	0.102050401
1661	7	2	0.095640153	0.115631215	0.120421641	0.101712607	0.088055193	0.100452706	0.078890204	0.094070509	0.107661113	0.097464651
1662	1	2	0.092361704	0.092416905	0.107791148	0.099874988	0.102711372	0.100448325	0.104790494	0.101944961	0.093433566	0.104226552
1663	5	6	0.107187025	0.106145024	0.102550246	0.094279639	0.093437769	0.104165480	0.108407311	0.096574023	0.092306554	0.094946958
1664	5	6	0.104494989	0.096222214	0.103703253	0.102149680	0.100112945	0.095577493	0.106262937	0.101496711	0.094452709	0.095527008
1665	8	7	0.103277177	0.090746298	0.090020813	0.110741869	0.102765381	0.087713845	0.107413240	0.116267137	0.091328226	0.099726044
1666	0	6	0.082743518	0.093818314	0.108267367	0.098988086	0.102765754	0.103984483	0.122629240	0.101809435	0.089702852	0.095290951
1667	5	7	0.100591458	0.087707005	0.091097601	0.104380183	0.099160813	0.107526489	0.106046610	0.110423870	0.099099211	0.093966819
1668	1	2	0.085784547	0.092106558	0.111994587	0.100669250	0.098654680	0.099711291	0.100989155	0.103643596	0.100707777	0.105738610
1669	5	6	0.086304568	0.100985058	0.105448961	0.113878511	0.092128262	0.102092013	0.116158202	0.106498674	0.082523927	0.093981855
1670	7	7	0.092101827	0.092922740	0.103714459	0.113976009	0.084052294	0.106069453	0.097345181	0.117658995	0.093401276	0.098757736
1671	3	3	0.094336376	0.084535994	0.101248227	0.115434811	0.107530162	0.106950745	0.099286072	0.099067949	0.096589848	0.095019795
1672	6	6	0.093788527	0.089906387	0.090412639	0.092001110	0.097904846	0.109633192	0.117669716	0.113770008	0.092392713	0.102520883
1673	6	3	0.080698371	0.091446906	0.097270221	0.114866480	0.102945752	0.102639176	0.112120412	0.110683806	0.086310774	0.101018056
1674	2	2	0.094033211	0.086443856	0.112860203	0.104413845	0.106438823	0.100424610	0.084534675	0.111046001	0.097789042	0.102015726
1675	8	6	0.109515145	0.095631056	0.086218074	0.103544824	0.108102709	0.086914778	0.115337610	0.091100082	0.098013803	0.105621882
1676	0	6	0.094159454	0.108118221	0.100301862	0.090819098	0.102392897	0.097819589	0.118752122	0.091089599	0.094291568	0.102255709
1677	7	9	0.104668446	0.105864987	0.111844979	0.101135172	0.093551710	0.080747098	0.092353888	0.096764781	0.096360698	0.116708212
1678	4	2	0.117897384	0.106497496	0.121799581	0.096994907	0.086567059	0.097919144	0.080306277	0.089651205	0.096563227	0.105803818
1679	5	6	0.099717125	0.109407663	0.103998572	0.083973952	0.107102007	0.105770618	0.117585570	0.104693405	0.084760636	0.082990423
1680	4	9	0.105180256	0.072865427	0.101562411	0.100594945	0.077773295	0.093743339	0.102739498	0.116088644	0.106184721	0.123267405
1681	7	2	0.091707066	0.107534170	0.116665788	0.093493350	0.093656905	0.104338884	0.091564529	0.094271027	0.107806727	0.098961510
1682	1	0	0.137465119	0.101730347	0.097516000	0.079902217	0.085188635	0.102789812	0.087592699	0.102518663	0.094433181	0.110863313
1683	6	1	0.113342032	0.115237579	0.099493347	0.088862941	0.094910719	0.102884471	0.095807143	0.089598835	0.103170432	0.096692532
1684	7	2	0.091472879	0.109357871	0.116382606	0.095395707	0.084055334	0.095361158	0.113353342	0.094900340	0.107271619	0.092449114
1685	8	5	0.074553937	0.100273862	0.107228428	0.106257148	0.096454963	0.116821319	0.107925110	0.107363194	0.090160921	0.092961125
1686	0	0	0.123501144	0.098005243	0.086734861	0.094497032	0.118730821	0.090031460	0.095627367	0.102207556	0.099093489	0.091570996
1687	6	6	0.094347090	0.100047633	0.097292110	0.107155822	0.102494150	0.090098672	0.111250497	0.104731672	0.107690096	0.084892236
1688	6	7	0.091318876	0.083725914	0.098934405	0.092953272	0.092732787	0.104748778	0.113883421	0.117012873	0.101127103	0.103562586
1689	1	3	0.091858231	0.080530219	0.107913151	0.113734163	0.091479339	0.098921217	0.098629437	0.101787277	0.103719190	0.111427762
1690	1	4	0.089078560	0.076983854	0.111710645	0.097673655	0.112026550	0.101542599	0.103642419	0.104814842	0.102203049	0.100323893
1691	4	7	0.104649313	0.096871972	0.110650592	0.101006523	0.087382548	0.099724554	0.093852684	0.115941748	0.089976080	0.099943988
1692	7	7	0.097791269	0.112927631	0.098138548	0.086543977	0.088842444	0.095198490	0.105550677	0.114207789	0.088354968	0.112444170
1693	5	3	0.086661398	0.086301602	0.105160818	0.132623285	0.083485924	0.099030539	0.092877418	0.110389374	0.101739645	0.101729974
1694	4	0	0.118644588	0.106214806	0.111104280	0.104340188	0.081975602	0.094398133	0.083574183	0.098850697	0.092122830	0.108774714
1695	7	2	0.087887079	0.090211801	0.116505012	0.083803475	0.113836981	0.108921252	0.099723101	0.110014021	0.103502877	0.085594334
1696	8	7	0.090104550	0.094453529	0.093609348	0.110972859	0.105614938	0.101775557	0.106258795	0.118630938	0.092002064	0.086577468
1697	6	3	0.104821265	0.091137797	0.093632229	0.108413905	0.103689305	0.105693460	0.084972419	0.099855475	0.103885047	0.103899062
1698	9	7	0.103034332	0.081347190	0.108849108	0.090391472	0.100368954	0.105972350	0.084566630	0.129629970	0.099491842	0.096348219
1699	0	0	0.142821386	0.096671052	0.096889943	0.087154180	0.085918553	0.106219932	0.089179151	0.092832334	0.102856539	0.099456951
1700	0	6	0.086826816	0.078406997	0.105183378	0.101483315	0.098547675	0.097955808	0.118700057	0.104627654	0.105384365	0.102883950
1701	9	0	0.120446317	0.095817335	0.101513416	0.094012991	0.091021858	0.108116232	0.082693018	0.109640226	0.096426457	0.100312091
1702	4	9	0.093731962	0.099684566	0.102233492	0.106634006	0.108195186	0.094156183	0.088883378	0.091927759	0.103770442	0.110782899
1703	3	6	0.093206950	0.097857565	0.098222472	0.101059973	0.098505780	0.117101915	0.119752131	0.098518707	0.095801756	0.079972781
1704	7	1	0.098595731	0.115311615	0.115119398	0.081640325	0.097873881	0.096220762	0.100066453	0.102584183	0.093722276	0.098865449
1705	3	6	0.105034441	0.083490819	0.088071845	0.096893318	0.108785667	0.096561357	0.122101337	0.099180028	0.099225387	0.100655772
1706	2	7	0.114398122	0.087976433	0.110963069	0.093944646	0.095704041	0.101117671	0.088009685	0.118373916	0.095481291	0.094031133
1707	1	3	0.084141925	0.099571906	0.107177876	0.114550546	0.097807288	0.095486574	0.105082750	0.100397669	0.099299416	0.096484095
1708	1	9	0.085535266	0.093495868	0.105293930	0.109235078	0.099565908	0.098801352	0.101058960	0.101162627	0.094237380	0.111613594
1709	2	2	0.092380665	0.093649499	0.109511629	0.105032943	0.101492293	0.102909371	0.100914873	0.094689943	0.101974726	0.097443923
1710	1	0	0.115102254	0.096376881	0.093485199	0.103251792	0.097297832	0.090161510	0.098429970	0.091528617	0.104180187	0.110185690
1711	4	3	0.087357990	0.093359157	0.104432896	0.137656391	0.085943624	0.081853680	0.090599395	0.102751158	0.110042162	0.106003530
1712	1	3	0.095463842	0.099281371	0.117372736	0.119718485	0.101658709	0.080983102	0.090383448	0.097709350	0.097932048	0.099496923
1713	9	5	0.083534233	0.095452666	0.100193135	0.108152971	0.101984881	0.110028177	0.105845369	0.106574334	0.087023608	0.101210706
1714	2	3	0.083509997	0.101838283	0.111408114	0.127693534	0.097977862	0.085659437	0.078543514	0.106462985	0.099525750	0.107380554
1715	8	8	0.103374891	0.097413652	0.103059493	0.108121857	0.080537789	0.103075691	0.082804285	0.103450119	0.109405205	0.108757064
1716	2	6	0.101202682	0.101932369	0.097263768	0.095438801	0.107564703	0.105654679	0.115394391	0.090949520	0.084911294	0.099687770
1717	3	4	0.105485804	0.100636713	0.090031751	0.083820380	0.116569474	0.104798302	0.115761034	0.089917764	0.089356638	0.103622124
1718	2	5	0.098838426	0.101755023	0.104769789	0.097750135	0.099069089	0.110388167	0.103842132	0.094340570	0.089763843	0.099482790
1719	9	0	0.116884865	0.098964490	0.089364596	0.099203929	0.093925670	0.104128227	0.091611445	0.109705135	0.099781998	0.096429601
1720	3	6	0.107470103	0.061575130	0.105783716	0.104623243	0.109329641	0.086591944	0.121265419	0.101878539	0.103658453	0.097823828
1721	6	6	0.089241639	0.091767594	0.090939842	0.101872891	0.110531151	0.109684274	0.115359277	0.092186905	0.094997011	0.103419386
1722	1	2	0.085178874	0.085334308	0.125536710	0.107355542	0.094328187	0.105388306	0.100236081	0.099624895	0.096913703	0.100103341
1723	7	8	0.103639148	0.083798826	0.101586290	0.075780593	0.102584250	0.108733691	0.086576559	0.112367906	0.118975170	0.105957575
1724	5	6	0.096047305	0.098012321	0.100357749	0.098840646	0.098828867	0.097359508	0.108668350	0.108258218	0.092699274	0.100927830
1725	3	6	0.093831636	0.097903773	0.087967932	0.087300941	0.120026655	0.111038342	0.128167048	0.101056352	0.081451349	0.091255993
1726	1	2	0.106158547	0.086936437	0.111431122	0.109448291	0.105954207	0.090378985	0.100560457	0.093871087	0.095912062	0.099348851
1727	8	6	0.106718093	0.082335785	0.086827189	0.093220055	0.100189537	0.091637745	0.123456463	0.106043197	0.103367321	0.106204621
1728	5	7	0.106181145	0.100743972	0.104735628	0.095691979	0.089761861	0.107994407	0.099879250	0.110111803	0.091227464	0.093672484
1729	5	3	0.082953408	0.084876783	0.110395782	0.113284759	0.109778740	0.096852995	0.102737837	0.109503701	0.102025338	0.087590605
1730	1	4	0.100988343	0.095718130	0.107152760	0.099703677	0.107429430	0.099791676	0.093927473	0.098166227	0.095182411	0.101939924
1731	0	7	0.101720445	0.093423113	0.101142593	0.094056234	0.095891461	0.109202623	0.095706299	0.111391090	0.103871390	0.093594700
1732	5	6	0.087746628	0.107897744	0.098693855	0.104532436	0.100742877	0.106511541	0.113741860	0.085227534	0.097891808	0.097013697
1733	6	6	0.097060241	0.090946838	0.086869948	0.087859735	0.101001650	0.112608604	0.122534685	0.103564404	0.104810782	0.092743069
1734	6	6	0.082982808	0.089796610	0.099059418	0.104669616	0.102189362	0.099513717	0.121689424	0.108448856	0.094727345	0.096922912
1735	0	5	0.119958296	0.115528680	0.086960569	0.075078033	0.099718541	0.124157555	0.104221024	0.090554573	0.098272912	0.085549891
1736	7	7	0.088929296	0.108138233	0.085963078	0.112117566	0.089265160	0.098261498	0.103431992	0.126891106	0.088224500	0.098777629
1737	3	0	0.127937838	0.095439173	0.090406701	0.087675638	0.091115959	0.094593540	0.108950108	0.105809473	0.099500053	0.098571494
1738	7	3	0.081070535	0.094070457	0.098740362	0.130426958	0.085881442	0.091887087	0.107335024	0.114169300	0.108018622	0.088400230
1739	1	2	0.099336281	0.086796127	0.108375736	0.097019479	0.106046721	0.095934011	0.101015523	0.101395063	0.096874498	0.107206561
1740	9	0	0.113223478	0.098077580	0.097902976	0.095056511	0.098326750	0.096942164	0.089741565	0.109784842	0.096829504	0.104114659
1741	2	3	0.083583154	0.095796503	0.108356103	0.116766565	0.093526416	0.093257613	0.093309171	0.107406281	0.099939205	0.108059019
1742	1	2	0.084361538	0.101755142	0.113460220	0.107386164	0.099286623	0.103390351	0.106159039	0.104775123	0.086127453	0.093298346
1743	4	9	0.094960220	0.108401351	0.105426863	0.106399111	0.095485762	0.099792659	0.090455428	0.090407923	0.094220936	0.114449695
1744	9	4	0.096663401	0.106716111	0.093090989	0.101583637	0.119094595	0.088408522	0.096543685	0.111580081	0.083200507	0.103118502
1745	7	8	0.102293812	0.090519615	0.109327726	0.088694893	0.096819349	0.104456872	0.099299371	0.109961659	0.109975554	0.088651128
1746	8	6	0.100148052	0.085787989	0.101208702	0.098338507	0.106844768	0.093512364	0.128633812	0.090430513	0.100466728	0.094628640
1747	8	4	0.097359881	0.097965904	0.088245183	0.087936498	0.115649551	0.108551733	0.099905007	0.101243414	0.095162444	0.107980371
1748	0	1	0.111938961	0.113882221	0.105360694	0.090221830	0.095501043	0.102062300	0.102750443	0.092989899	0.096072897	0.089219794
1749	3	7	0.088940687	0.101714768	0.099779390	0.105190016	0.097657084	0.096905224	0.107976466	0.118640065	0.094906330	0.088289969
1750	7	3	0.084734619	0.093516052	0.104790293	0.132226408	0.095858507	0.085399389	0.100010067	0.106350854	0.104398988	0.092714846
1751	1	6	0.091512524	0.072069556	0.110837951	0.103752606	0.113965325	0.099792764	0.115392685	0.096374772	0.100820012	0.095481806
1752	2	7	0.078470908	0.092697352	0.099555239	0.112996563	0.090678893	0.112881415	0.103086315	0.122459315	0.089861847	0.097312070
1753	5	7	0.085574269	0.106380641	0.102012999	0.098581687	0.094406083	0.101072513	0.106529884	0.107880607	0.093611777	0.103949547
1754	8	6	0.095004447	0.086755335	0.098281793	0.094289683	0.102974519	0.103147164	0.116276823	0.103127643	0.097921833	0.102220833
1755	7	8	0.093738407	0.101874985	0.111470766	0.097918607	0.091012448	0.089017093	0.096901990	0.104045883	0.114963576	0.099056207
1756	3	6	0.102157936	0.103464931	0.083873443	0.096872553	0.107908525	0.115424223	0.120140366	0.088718392	0.101382561	0.080056950
1757	5	3	0.101004563	0.099405497	0.093133897	0.108357765	0.107564904	0.098565340	0.101012021	0.103368871	0.095983580	0.091603585
1758	1	8	0.096054032	0.067624748	0.103066452	0.095225304	0.102612078	0.091789633	0.114746712	0.115473673	0.119026177	0.094381183
1759	6	6	0.095337957	0.102844328	0.094439439	0.094381593	0.101103269	0.099835508	0.117552847	0.096145824	0.095511466	0.102847762
1760	2	3	0.079873510	0.077512689	0.104921915	0.123647973	0.103619643	0.098902017	0.096595787	0.105120808	0.118536964	0.091268688
1761	5	7	0.086502068	0.098151781	0.103550650	0.107726432	0.090596281	0.106208578	0.100799181	0.115952283	0.094289817	0.096222930
1762	7	3	0.099160306	0.080094993	0.092621170	0.128126487	0.103305057	0.094995350	0.100437410	0.110329166	0.093864106	0.097065978
1763	9	0	0.120169669	0.100843735	0.100353070	0.087649338	0.095170051	0.104085684	0.091117300	0.103906892	0.093002439	0.103701726
1764	3	4	0.092056550	0.102551490	0.095536456	0.101109594	0.111008704	0.107102752	0.102430895	0.101384170	0.091293059	0.095526300
1765	4	3	0.091906495	0.104080722	0.100007929	0.138400957	0.090989821	0.089646682	0.077324823	0.105425224	0.100130148	0.102087185
1766	4	3	0.091041401	0.096050203	0.111205064	0.144084945	0.078861445	0.084390074	0.073701680	0.096482381	0.116394162	0.107788645
1767	6	9	0.105557308	0.106793843	0.096210688	0.094030425	0.098447666	0.106460229	0.091117851	0.094912067	0.099298365	0.107171550
1768	1	3	0.100118391	0.096693166	0.105962984	0.113562040	0.098931558	0.087297633	0.093086056	0.097801037	0.099229366	0.107317805
1769	3	2	0.092773713	0.085870899	0.118861236	0.103840306	0.106931105	0.097621694	0.101400912	0.103919476	0.097726539	0.091054089
1770	2	3	0.088992462	0.101821251	0.102031961	0.114571199	0.109614395	0.094160885	0.107638083	0.106518142	0.090025805	0.084625915
1771	8	7	0.097659625	0.090926327	0.100195311	0.095441565	0.096869722	0.093582928	0.102215737	0.109822370	0.105072632	0.108213760
1772	8	6	0.099005334	0.069085404	0.100047693	0.106682949	0.101588421	0.088532090	0.116478756	0.095919281	0.111816689	0.110843435
1773	0	6	0.083745934	0.090115346	0.105344452	0.102033928	0.097794563	0.107287467	0.129808143	0.103555314	0.085414745	0.094900109
1774	3	6	0.104001947	0.079964809	0.096967742	0.102494478	0.113138281	0.093067646	0.118528619	0.085080281	0.098776862	0.107979253
1775	4	3	0.082418673	0.080973029	0.114313580	0.125614554	0.094475493	0.084807180	0.119304091	0.104714260	0.101994462	0.091384716
1776	5	2	0.100377835	0.088559970	0.112503238	0.090458520	0.099554457	0.096410841	0.103201717	0.104649432	0.097619593	0.106664293
1777	9	0	0.112199403	0.092773803	0.093447201	0.101513565	0.105001278	0.091240212	0.096457608	0.106221333	0.093258545	0.107887112
1778	1	1	0.092667729	0.113948390	0.102891266	0.111420691	0.090440586	0.100049257	0.088615432	0.096832104	0.090318188	0.112816334
1779	2	4	0.095666230	0.088721402	0.104336865	0.104405746	0.112499751	0.099612840	0.104075707	0.099441275	0.103516959	0.087723173
1780	7	2	0.084372856	0.088460192	0.138730705	0.124196149	0.099020682	0.073719613	0.099832438	0.088648215	0.105074055	0.097945154
1781	0	6	0.096352473	0.096618071	0.098151818	0.108903319	0.094121411	0.093906090	0.116217606	0.102186166	0.101640508	0.091902465
1782	3	6	0.111525856	0.091077186	0.084059559	0.091395289	0.112086333	0.108056113	0.115804188	0.106644899	0.094921112	0.084429331
1783	5	6	0.096158780	0.101429917	0.096858382	0.096111104	0.096177854	0.098261952	0.119986147	0.109552287	0.091913797	0.093549855
1784	5	3	0.093002498	0.085545711	0.085598327	0.123086981	0.093243107	0.103705429	0.110619910	0.096204668	0.101165719	0.107827641
1785	9	6	0.112672903	0.096206613	0.081131585	0.093720295	0.115621530	0.096432306	0.128607631	0.106722482	0.090180822	0.078703806
1786	1	6	0.103322975	0.093137465	0.106125221	0.095667899	0.102024116	0.091303028	0.115525350	0.099058360	0.099693872	0.094141744
1787	8	9	0.104784630	0.077381767	0.088932976	0.078984208	0.113067515	0.102971479	0.110026553	0.113826185	0.096049450	0.113975182
1788	8	9	0.106277362	0.092002071	0.087690674	0.111796871	0.088833518	0.081363581	0.104116775	0.098269716	0.109676734	0.119972721
1789	4	3	0.094197974	0.094430089	0.100902796	0.115895398	0.091497585	0.099014990	0.093846120	0.095626250	0.106581092	0.108007647
1790	0	8	0.100476481	0.090249449	0.096309990	0.106535025	0.100987025	0.091546260	0.105651781	0.104879193	0.108578883	0.094785936
1791	6	3	0.102798074	0.092049681	0.098490402	0.108113825	0.095758513	0.101869620	0.102105804	0.101862915	0.098487981	0.098463140
1792	0	2	0.090546399	0.081916213	0.116059721	0.101164579	0.099012390	0.092877664	0.103436649	0.105552450	0.106653251	0.102780655
1793	9	0	0.136369571	0.076272309	0.116139665	0.081664667	0.089965828	0.099654235	0.090095676	0.119864389	0.092833452	0.097140230
1794	1	3	0.092788979	0.084686309	0.116669126	0.117008723	0.099668048	0.094571754	0.103722446	0.095839612	0.102506444	0.092538632
1795	3	6	0.097753704	0.086520225	0.100088984	0.097242378	0.108303316	0.105265304	0.130522683	0.084327087	0.095214881	0.094761387
1796	2	2	0.088811576	0.100138478	0.118949443	0.104254209	0.092974275	0.092092611	0.095196933	0.107932098	0.089606017	0.110044301
1797	7	2	0.096884809	0.098039471	0.103364050	0.100121386	0.101181194	0.102801256	0.102252200	0.095355287	0.099235654	0.100764744
1798	1	2	0.087987810	0.094457097	0.114886001	0.114438802	0.093138799	0.105526187	0.099308982	0.106723249	0.093031973	0.090501107
1799	0	0	0.115348451	0.097636007	0.096757799	0.089061826	0.097669162	0.100480154	0.111749798	0.091987923	0.099879935	0.099428914
1800	6	6	0.098459043	0.103619486	0.102709919	0.092487410	0.106050134	0.104091108	0.106636845	0.099796012	0.099675901	0.086474091
1801	4	0	0.121784106	0.095084012	0.109899282	0.099919952	0.080260746	0.092316687	0.085872829	0.111816376	0.088458769	0.114587270
1802	8	9	0.100403994	0.098704346	0.095014058	0.091499768	0.097459994	0.102002494	0.102284767	0.102884039	0.095715195	0.114031427
1803	4	0	0.122031748	0.098478891	0.102353707	0.095044129	0.095257148	0.091652699	0.085856758	0.102447003	0.091851324	0.115026630
1804	1	4	0.101495519	0.082616337	0.101281092	0.086841099	0.115201637	0.106013834	0.112881914	0.096167959	0.095133327	0.102367274
1805	8	4	0.092404231	0.092623502	0.095910966	0.102916457	0.123732060	0.092405692	0.107588649	0.121544927	0.090786010	0.080087453
1806	5	3	0.094084360	0.103549577	0.105853394	0.116526686	0.104703896	0.096062012	0.092907272	0.097720414	0.099773340	0.088819064
1807	3	4	0.102853402	0.098405078	0.089125752	0.088487841	0.112480007	0.092447303	0.106737830	0.100612149	0.099708669	0.109141923
1808	8	3	0.111289218	0.093960047	0.084454961	0.113904215	0.093592010	0.087519333	0.102491759	0.103180900	0.110926799	0.098680735
1809	6	3	0.095220558	0.101682298	0.094771922	0.124665044	0.092323236	0.090340048	0.088235684	0.105118893	0.115143366	0.092498899
1810	8	2	0.077877514	0.083756596	0.113588020	0.111748286	0.099456824	0.101055272	0.105761215	0.103082255	0.104754172	0.098919824
1811	6	3	0.092131838	0.098692253	0.093454964	0.111897618	0.105055884	0.106407657	0.098469533	0.103772730	0.088664830	0.101452641
1812	3	3	0.079043448	0.093365908	0.096008442	0.116160929	0.102456376	0.103922866	0.106028922	0.112370603	0.101406351	0.089236170
1813	8	6	0.100284919	0.091685131	0.081742607	0.095506787	0.107281893	0.099209346	0.115865164	0.112789869	0.101857215	0.093777075
1814	9	7	0.094553784	0.089087717	0.101678960	0.095486902	0.104292907	0.106596537	0.100558542	0.110406920	0.091938347	0.105399393
1815	6	3	0.100190632	0.078245454	0.115467370	0.119981155	0.084407777	0.091341361	0.096132629	0.089224525	0.116552286	0.108456872
1816	2	2	0.081264786	0.099285759	0.119649291	0.117863484	0.093249366	0.089852773	0.084547795	0.106684789	0.106141098	0.101460889
1817	8	6	0.102536269	0.073922873	0.105697930	0.108976938	0.093620144	0.091436937	0.112757601	0.101157516	0.098957762	0.110936046
1818	2	4	0.097170003	0.094885699	0.106316306	0.092067100	0.121757649	0.097840555	0.121452175	0.096109070	0.086520091	0.085881449
1819	8	6	0.075544849	0.087134644	0.086522743	0.105364360	0.092329845	0.110316008	0.130281299	0.111788251	0.100849442	0.099868581
1820	8	7	0.095107317	0.094728701	0.087513454	0.089939520	0.101310968	0.108566940	0.115200169	0.129024252	0.090828992	0.087779656
1821	2	2	0.096738115	0.090908960	0.117306359	0.106539972	0.103331871	0.095065668	0.086700231	0.103561074	0.095766723	0.104080915
1822	5	3	0.090967923	0.096742950	0.108270608	0.117167011	0.090088174	0.100356713	0.090007477	0.101173289	0.112964846	0.092261069
1823	0	0	0.119224623	0.088776655	0.091423593	0.085176632	0.109957539	0.098302364	0.102163255	0.094927229	0.100928806	0.109119251
1824	7	0	0.127003998	0.091389097	0.103454381	0.088506460	0.105384387	0.088249043	0.105835207	0.102908157	0.094546750	0.092722461
1825	1	6	0.097886473	0.090329960	0.108631521	0.097962692	0.094807260	0.093384989	0.110911727	0.105001338	0.098567195	0.102516837
1826	6	3	0.087780528	0.089679591	0.097987078	0.145397872	0.078520440	0.096107855	0.088672936	0.103151135	0.105319791	0.107382759
1827	9	1	0.096871190	0.110495977	0.102681309	0.091316499	0.107915513	0.092953406	0.103131548	0.100891665	0.099214353	0.094528452
1828	4	8	0.101760916	0.082231998	0.099323839	0.096909553	0.103763893	0.101353206	0.100527883	0.099408083	0.112907849	0.101812825
1829	7	3	0.094852254	0.093614787	0.094698623	0.124114364	0.113664441	0.084088519	0.099290200	0.103931382	0.090134263	0.101611167
1830	1	0	0.110096000	0.091976494	0.098205909	0.086395182	0.094290003	0.096636280	0.108567007	0.100387000	0.108811453	0.104634665
1831	1	6	0.085637674	0.080125757	0.110281773	0.091943488	0.112617128	0.114780299	0.120553926	0.108111329	0.086829156	0.089119464
1832	8	0	0.120520353	0.088127285	0.093735673	0.090625457	0.090147436	0.099759780	0.107657537	0.093491510	0.109797910	0.106137097
1833	9	3	0.092859447	0.099441290	0.103512086	0.111814700	0.097581603	0.088357545	0.107775137	0.110814951	0.101432778	0.086410485
1834	7	4	0.096240774	0.107508026	0.093737788	0.084608026	0.112039872	0.104047932	0.105829306	0.098197356	0.097781532	0.100009322
1835	6	3	0.096598700	0.086669050	0.100633502	0.132682770	0.084938698	0.096941382	0.092001952	0.103882931	0.111989878	0.093661122
1836	1	3	0.090409711	0.095423751	0.113794863	0.115157038	0.093090959	0.100055493	0.102492735	0.092881061	0.100915663	0.095778823
1837	7	2	0.101819530	0.103703380	0.119666152	0.093876734	0.089443959	0.102278687	0.090770341	0.113088943	0.096832328	0.088519908
1838	3	6	0.088427924	0.097889751	0.087413721	0.109260604	0.097126104	0.104476839	0.122534670	0.099043243	0.089778416	0.104048766
1839	2	3	0.085306071	0.095652804	0.105968796	0.118601471	0.092585310	0.096361503	0.094187848	0.112682089	0.099173270	0.099480823
1840	4	2	0.104747802	0.094185278	0.119372427	0.101383634	0.088918567	0.097590499	0.088134907	0.108263828	0.098750040	0.098653100
1841	7	0	0.108426996	0.105637372	0.108318835	0.093706623	0.088519715	0.094246075	0.087609567	0.105540045	0.105193511	0.102801219
1842	4	3	0.088370658	0.106475227	0.096991301	0.135589525	0.087352850	0.078745417	0.085728839	0.107646339	0.113684185	0.099415705
1843	9	7	0.103149295	0.081307612	0.094926938	0.088376187	0.109805897	0.108733036	0.101417683	0.116193958	0.095702238	0.100387178
1844	8	6	0.104502663	0.090005010	0.097544529	0.102083609	0.094158188	0.095018432	0.109461680	0.108839095	0.088999517	0.109387226
1845	1	0	0.119533300	0.100347817	0.101238541	0.091258049	0.091254272	0.094794683	0.095275097	0.104002625	0.099901132	0.102394514
1846	6	7	0.074566536	0.087055340	0.098906800	0.098669067	0.109808311	0.103121772	0.116439693	0.119992957	0.097632349	0.093807146
1847	1	9	0.103315406	0.085566446	0.104226813	0.089959577	0.090393707	0.101395093	0.104497962	0.100805372	0.109140873	0.110698707
1848	0	8	0.083552353	0.089302614	0.097308688	0.109188259	0.095505141	0.109337658	0.110094383	0.100756451	0.112031393	0.092923030
1849	1	6	0.095330030	0.088061869	0.113687977	0.100193158	0.097997911	0.089524768	0.116427220	0.100218020	0.103519827	0.095039293
1850	2	7	0.098315634	0.085097298	0.111719705	0.101114072	0.100359589	0.104164727	0.095152132	0.121038139	0.095947728	0.087091014
1851	8	7	0.100672066	0.088731453	0.094229005	0.106385387	0.105828993	0.100725085	0.109015137	0.112229049	0.093665563	0.088518292
1852	9	0	0.121457584	0.110119015	0.086499996	0.090739861	0.115219422	0.096249878	0.105064102	0.104170881	0.088464722	0.082014464
1853	7	8	0.096190460	0.110197552	0.108181410	0.095462166	0.092618778	0.090763405	0.093573056	0.093724921	0.119821779	0.099466488
1854	4	3	0.082397103	0.097926795	0.096820109	0.136404321	0.080163553	0.087831751	0.099269837	0.107965782	0.107788093	0.103432573
1855	2	7	0.098294489	0.091253698	0.093583025	0.101492614	0.092930615	0.107097253	0.094655856	0.115349807	0.102600813	0.102741875
1856	6	3	0.097340219	0.085545331	0.099130630	0.133458316	0.087706238	0.090469375	0.093289316	0.106805637	0.106625304	0.099629596
1857	0	6	0.091453902	0.098043278	0.082926914	0.090251431	0.103323296	0.099425018	0.137074053	0.100115575	0.107132114	0.090254441
1858	8	6	0.099192597	0.096055657	0.094437219	0.106420107	0.090206608	0.094397388	0.114138104	0.095398121	0.105899237	0.103854984
1859	8	4	0.108789980	0.077739380	0.092029043	0.103788525	0.121236153	0.083083026	0.101747490	0.102070794	0.093727998	0.115787677
1860	9	0	0.144867897	0.102732092	0.089661643	0.088766471	0.089003108	0.101897813	0.084486157	0.099191777	0.091852553	0.107540570
1861	6	6	0.089909032	0.087041147	0.095622607	0.099744745	0.106361486	0.096141763	0.129402652	0.109953478	0.096191615	0.089631416
1862	0	6	0.090671942	0.097493030	0.087027058	0.105088122	0.096913129	0.091636658	0.122970924	0.096832991	0.119595826	0.091770232
1863	6	9	0.095289104	0.075183511	0.105321772	0.100791931	0.096971884	0.099562556	0.103031144	0.108782694	0.104585849	0.110479586
1864	9	7	0.119507797	0.108155996	0.113920487	0.097779766	0.083720662	0.087335512	0.077115476	0.119851336	0.077840641	0.114772283
1865	4	5	0.094572149	0.082725316	0.098074093	0.084443592	0.105565995	0.120150208	0.091072343	0.114501603	0.101548724	0.107345976
1866	7	2	0.080964349	0.104589634	0.115426652	0.090932854	0.092279628	0.098661289	0.104400694	0.107724935	0.105743147	0.099276841
1867	5	3	0.093680948	0.098373100	0.087500773	0.115524717	0.084601827	0.101925485	0.102040246	0.105831988	0.110847026	0.099673860
1868	9	7	0.106064320	0.100506581	0.103381284	0.111320622	0.089083359	0.097594306	0.083753571	0.113496624	0.095002472	0.099796921
1869	1	2	0.080003344	0.085784264	0.120391361	0.112579480	0.095242485	0.103428669	0.108080380	0.099919826	0.099429458	0.095140822
1870	1	6	0.083169729	0.075327821	0.109418191	0.104603872	0.104367450	0.097602442	0.119326852	0.112221695	0.105311662	0.088650249
1871	4	2	0.113669306	0.085844763	0.126553223	0.097067229	0.086575873	0.100206919	0.096842542	0.102740936	0.094370395	0.096128866
1872	5	3	0.087835409	0.095362335	0.112875573	0.125908345	0.081500098	0.101942442	0.097691953	0.106813803	0.092341736	0.097728245
1873	0	4	0.095652759	0.105043977	0.107963957	0.091891073	0.111639008	0.093905136	0.106740005	0.091955468	0.092888445	0.102320187
1874	5	7	0.100580886	0.103782482	0.100491233	0.094752692	0.087965094	0.103091754	0.103625648	0.105445035	0.099637188	0.100627996
1875	3	3	0.087632574	0.102013238	0.103192441	0.110468462	0.096707299	0.099528931	0.109438084	0.091663472	0.101818785	0.097536705
1876	8	3	0.073074214	0.101435930	0.106601380	0.130638093	0.092797443	0.098220535	0.109388471	0.105193920	0.090996861	0.091653161
1877	6	3	0.098219030	0.089816198	0.103071682	0.125881523	0.081522256	0.104533739	0.092118911	0.101327159	0.105146304	0.098363213
1878	8	3	0.098335728	0.093313433	0.104052797	0.115932405	0.093165942	0.087284520	0.097906992	0.109698609	0.097325966	0.102983668
1879	5	6	0.094565652	0.100841619	0.096031584	0.101834320	0.091742061	0.101381049	0.118425317	0.106074333	0.097987488	0.091116615
1880	3	6	0.114531703	0.091334701	0.084643170	0.098201342	0.110697761	0.098598540	0.120697699	0.087204121	0.102832817	0.091258116
1881	1	0	0.118131436	0.106012784	0.098393612	0.089728147	0.095339231	0.097277947	0.095553219	0.096784182	0.097109474	0.105669916
1882	4	0	0.120963491	0.102202252	0.104709134	0.098134421	0.082074590	0.102985658	0.085705116	0.094146103	0.101059958	0.108019315
1883	8	3	0.090876505	0.099138834	0.112207063	0.130739719	0.105163746	0.078219436	0.097145744	0.113003559	0.077996768	0.095508613
1884	1	2	0.085530333	0.080523275	0.117559567	0.095183827	0.102297813	0.102269828	0.106905214	0.116444230	0.090928920	0.102357052
1885	9	7	0.105891094	0.108648874	0.090834461	0.097645909	0.098254032	0.097319752	0.093913950	0.124874748	0.082977645	0.099639498
1886	5	3	0.081019364	0.082573153	0.098590456	0.132455647	0.102521501	0.085515507	0.103939757	0.102287740	0.114101514	0.096995354
1887	6	4	0.103126608	0.078602113	0.081985101	0.100721776	0.139340356	0.101127706	0.123375557	0.096393630	0.091266617	0.084060445
1888	6	3	0.104248852	0.108341925	0.104364157	0.110900164	0.092038773	0.107285850	0.078273453	0.088067606	0.100871049	0.105608240
1889	6	3	0.092147470	0.092231482	0.097847335	0.128461227	0.100511670	0.093788125	0.088311061	0.100667588	0.094785608	0.111248448
1890	8	5	0.105482966	0.100893393	0.088894881	0.075262584	0.115755253	0.120066024	0.112442613	0.109032102	0.092770092	0.079400122
1891	9	0	0.131634280	0.084463805	0.101261929	0.078452826	0.099776730	0.106488585	0.094285004	0.114510037	0.089249730	0.099877097
1892	3	6	0.092202105	0.068266504	0.098216377	0.107108988	0.121177107	0.090871647	0.131045237	0.088774398	0.113741912	0.088595785
1893	7	7	0.102443114	0.090609021	0.091148317	0.107514538	0.096926972	0.091875695	0.101362370	0.121651210	0.091985397	0.104483426
1894	9	7	0.107062481	0.080707461	0.086909525	0.098707676	0.094751455	0.107271023	0.099428222	0.119469702	0.113457821	0.092234671
1895	8	3	0.093856610	0.088739470	0.084560417	0.124844849	0.099144153	0.081459172	0.104613476	0.119437680	0.095075868	0.108268261
1896	5	6	0.092275560	0.103383146	0.106884561	0.102471516	0.093447052	0.104679674	0.116591379	0.090437129	0.094107598	0.095722407
1897	5	7	0.081412181	0.089635417	0.109336704	0.094178960	0.101059437	0.099861272	0.115884349	0.118204445	0.099294685	0.091132604
1898	3	7	0.105684057	0.109127179	0.080961682	0.082756847	0.107989818	0.104744747	0.102887049	0.117530726	0.094306402	0.094011515
1899	5	3	0.098268025	0.091548726	0.104036883	0.116779141	0.084432885	0.099538825	0.114523329	0.093507715	0.094864905	0.102499515
1900	2	3	0.076822132	0.109584808	0.112296768	0.153230280	0.093928210	0.079433493	0.080854364	0.121214308	0.083622672	0.089012951
1901	5	7	0.096713714	0.098198272	0.095066532	0.096090734	0.104119308	0.102278754	0.110166788	0.115891166	0.090279169	0.091195606
1902	7	8	0.096085437	0.094095491	0.104399621	0.109473027	0.094290778	0.092013225	0.097351097	0.106665075	0.110387683	0.095238574
1903	1	6	0.103834011	0.074287832	0.109211124	0.093205005	0.107149512	0.098272599	0.113355011	0.103670515	0.105354503	0.091659859
1904	6	3	0.103901304	0.088111192	0.091796264	0.107086301	0.104435086	0.105135977	0.099021286	0.097828649	0.095944546	0.106739342
1905	7	7	0.111028723	0.098823428	0.105880223	0.090844393	0.086157739	0.098994493	0.093839154	0.113968171	0.103765920	0.096697763
1906	5	3	0.102573149	0.082341731	0.084692150	0.112728424	0.107333906	0.094708279	0.107969262	0.101489082	0.099742085	0.106421940
1907	8	0	0.111768052	0.089182831	0.086052768	0.104725741	0.102880649	0.090728149	0.108639926	0.101454802	0.102258384	0.102308698
1908	2	3	0.089715645	0.111888014	0.095225632	0.114265710	0.083333082	0.087554790	0.087866358	0.106484398	0.111847915	0.111818366
1909	3	3	0.100516193	0.084966123	0.095185652	0.115521006	0.087473646	0.095804028	0.106184602	0.107190199	0.105914548	0.101243928
1910	4	3	0.084061898	0.097896263	0.090377256	0.132136136	0.081900306	0.099187627	0.085178263	0.115893394	0.105576061	0.107792750
1911	5	6	0.091380902	0.101286918	0.096065789	0.108013138	0.094211124	0.102154054	0.112849087	0.109156162	0.090004377	0.094878346
1912	9	9	0.097926237	0.084113017	0.102444850	0.100083739	0.099799342	0.091573313	0.088431932	0.113874637	0.090613641	0.131139234
1913	8	6	0.100658037	0.082113393	0.096802674	0.113643475	0.109016888	0.078671686	0.125587896	0.091143332	0.106262065	0.096100599
1914	3	3	0.095582500	0.089856327	0.113714583	0.116549507	0.092879318	0.100849941	0.088103093	0.094655611	0.100727439	0.107081704
1915	8	7	0.098255709	0.098108873	0.102580972	0.115080476	0.102139749	0.077824414	0.103815407	0.117139556	0.080800831	0.104254127
1916	5	4	0.098012365	0.095958441	0.087591864	0.093670525	0.116917744	0.099302523	0.115603544	0.104400039	0.099227913	0.089315034
1917	6	6	0.088246055	0.087811671	0.100390807	0.087355435	0.110684805	0.109543361	0.123802692	0.098234661	0.093210578	0.100719996
1918	1	9	0.084683135	0.097026460	0.101249941	0.094876990	0.101121977	0.106590867	0.107538372	0.096887492	0.094127506	0.115897305
1919	9	0	0.122185811	0.098297641	0.092637144	0.091527104	0.104904458	0.103742927	0.094075672	0.111370243	0.089839697	0.091419272
1920	8	6	0.096185863	0.082695700	0.095605507	0.110728547	0.090188526	0.080800951	0.132172555	0.105238274	0.101401046	0.104983024
1921	7	2	0.097219810	0.104055464	0.112858601	0.088212445	0.100951217	0.092965357	0.095213406	0.094343543	0.102776878	0.111403286
1922	6	6	0.085985325	0.088577598	0.102647461	0.106219493	0.097625114	0.102206938	0.120413907	0.110785156	0.092605434	0.092933536
1923	7	8	0.095553838	0.094048545	0.106473692	0.084292345	0.103152789	0.088523924	0.090900749	0.110458225	0.118102647	0.108493194
1924	5	3	0.092623644	0.104518056	0.104622789	0.122222029	0.096416801	0.089559905	0.092382900	0.106367275	0.094057120	0.097229436
1925	8	9	0.090353139	0.072701849	0.102441669	0.114662774	0.083790019	0.093324393	0.109779701	0.092938900	0.117190950	0.122816607
1926	4	2	0.093560241	0.085740387	0.118224673	0.113813110	0.091321498	0.104609989	0.103922136	0.095835641	0.093955740	0.099016540
1927	2	4	0.105776928	0.075690255	0.113193162	0.112478666	0.117466159	0.089398958	0.096318744	0.096703246	0.104427293	0.088546626
1928	2	7	0.094252571	0.091929801	0.105452381	0.102075912	0.099189304	0.096631259	0.093630046	0.119154304	0.100158393	0.097526118
1929	8	6	0.099366046	0.107585572	0.095828608	0.099057823	0.107670985	0.096701309	0.111020759	0.095990822	0.080786683	0.105991401
1930	5	3	0.096467823	0.088903226	0.101796880	0.116009936	0.091690615	0.095563419	0.109593838	0.096769407	0.092937365	0.110267542
1931	5	6	0.087492123	0.091521397	0.109090209	0.104554422	0.086706825	0.110481046	0.111629017	0.101116911	0.095008679	0.102399312
1932	4	3	0.102770835	0.095535703	0.107650496	0.111714654	0.088165462	0.098093398	0.094379015	0.105853334	0.096043527	0.099793687
1933	6	7	0.095065862	0.100172780	0.089193173	0.100964956	0.093084909	0.107171401	0.101254463	0.128990069	0.095188402	0.088913999
1934	3	6	0.088748731	0.086835206	0.096280403	0.105002947	0.114274211	0.093443863	0.136820346	0.106001839	0.096110687	0.076481767
1935	5	7	0.105575047	0.105403073	0.094954692	0.086163804	0.105195008	0.102014430	0.100114129	0.110684477	0.092350893	0.097544417
1936	4	3	0.081006072	0.113274395	0.119227648	0.131622210	0.092649817	0.095896848	0.082174510	0.090659566	0.099874012	0.093614981
1937	3	6	0.080328688	0.095227920	0.094273709	0.115502089	0.096219532	0.093271628	0.129961789	0.108216405	0.096575074	0.090423092
1938	1	9	0.109834306	0.096283205	0.098747969	0.094065636	0.097110279	0.088020250	0.101938464	0.098833479	0.104488663	0.110677838
1939	4	2	0.109771498	0.107805051	0.126202777	0.116783388	0.081595793	0.100459173	0.069981553	0.094171077	0.093623877	0.099605851
1940	0	6	0.102318361	0.106905602	0.092822768	0.078783229	0.098619476	0.100165538	0.120764814	0.091531992	0.098110586	0.109977722
1941	1	3	0.081502430	0.087881170	0.122542366	0.130247757	0.092681877	0.096674636	0.084913261	0.099914506	0.100354351	0.103287540
1942	6	6	0.086946309	0.094671711	0.086737424	0.110374399	0.111620024	0.094201252	0.119845971	0.100962467	0.104991943	0.089648418
1943	5	3	0.100516416	0.080431931	0.083689339	0.119464040	0.116858713	0.087630361	0.117849067	0.097647451	0.102369711	0.093542926
1944	2	1	0.105141886	0.112132967	0.100292444	0.084208392	0.111411877	0.104699887	0.105133779	0.096522115	0.087642163	0.092814453
1945	3	4	0.096226647	0.086745419	0.088484392	0.090199381	0.110593721	0.107063487	0.109805018	0.106926620	0.097454019	0.106501237
1946	5	9	0.097393833	0.104940780	0.100100905	0.089874491	0.100393221	0.102029517	0.104567148	0.103596903	0.088780135	0.108323015
1947	3	6	0.086576276	0.093635321	0.099490263	0.103843495	0.107871212	0.100741915	0.121842891	0.109285675	0.085809179	0.090903781
1948	7	3	0.088874742	0.088814296	0.097681046	0.125719473	0.096630819	0.099653795	0.098026738	0.099357724	0.095603831	0.109637536
1949	3	7	0.089431293	0.089219816	0.097081929	0.092271179	0.111758441	0.109240942	0.104347423	0.113144018	0.092192158	0.101312809
1950	3	7	0.078343742	0.106160760	0.095394261	0.103091672	0.106391437	0.109848477	0.104201138	0.118449382	0.084403448	0.093715698
1951	8	6	0.102705948	0.103708297	0.086762287	0.095095038	0.091547444	0.102831803	0.115536883	0.096515708	0.105156593	0.100139938
1952	1	9	0.106676355	0.093079574	0.096361078	0.085408904	0.107889995	0.102298863	0.099011399	0.096887112	0.099752173	0.112634532
1953	3	5	0.099980608	0.100604482	0.093279138	0.093380526	0.093843296	0.113588192	0.092421077	0.103279769	0.112844259	0.096778579
1954	6	4	0.095997743	0.087687507	0.083761431	0.098068818	0.121649049	0.100270472	0.120874718	0.097578660	0.100770928	0.093340673
1955	6	1	0.108512513	0.111555763	0.099125959	0.100126900	0.109311849	0.092169695	0.106255338	0.100140728	0.078753114	0.094048105
1956	2	3	0.081677392	0.098532900	0.105096586	0.130326793	0.090018868	0.095947683	0.084046595	0.104658127	0.109328784	0.100366272
1957	4	3	0.077924848	0.097420014	0.120433040	0.130898342	0.093936726	0.083852895	0.093884468	0.098236255	0.108571067	0.094842322
1958	3	7	0.106304906	0.091947928	0.101602249	0.093746461	0.096470512	0.101036139	0.112922937	0.113384575	0.094203494	0.088380843
1959	8	6	0.110968724	0.100122981	0.081942044	0.078477316	0.109094411	0.110697336	0.117774047	0.111154459	0.093765542	0.086003169
1960	2	2	0.085506089	0.085907325	0.125353068	0.121237405	0.097372942	0.089743905	0.087128997	0.104854256	0.105857939	0.097038083
1961	9	2	0.095090918	0.082154989	0.113591835	0.110744633	0.109116666	0.099544004	0.113561951	0.100539796	0.081416182	0.094239064
1962	9	4	0.093743801	0.101475589	0.091208145	0.092818536	0.124520272	0.108290426	0.121863477	0.099371940	0.081367433	0.085340403
1963	8	8	0.091812372	0.070884019	0.097022064	0.119316593	0.093750671	0.088458180	0.111439697	0.095015563	0.121970527	0.110330358
1964	2	6	0.102681302	0.104385830	0.108416565	0.090666957	0.100701056	0.101344481	0.110914834	0.092694886	0.091604166	0.096589908
1965	4	5	0.110100158	0.085799851	0.104990482	0.093380637	0.086441576	0.112780422	0.095541649	0.112460896	0.093097262	0.105406992
1966	0	3	0.092598706	0.076181166	0.104310475	0.112983301	0.108228847	0.098435543	0.106612235	0.092221551	0.099989384	0.108438745
1967	7	1	0.101879150	0.114853710	0.102623351	0.091231339	0.094347365	0.088760003	0.096382119	0.112859704	0.099479601	0.097583689
1968	7	7	0.118986547	0.108730026	0.098057516	0.081386261	0.082623601	0.101631105	0.086382538	0.121124543	0.096100479	0.104977444
1969	9	7	0.099335313	0.088135622	0.106065720	0.099492893	0.096384354	0.098789133	0.090745673	0.120033026	0.111633435	0.089384824
1970	4	0	0.112972334	0.095463894	0.103016503	0.101407051	0.093247801	0.103894904	0.093503341	0.102035828	0.094771899	0.099686481
1971	1	6	0.101370685	0.101885177	0.096334398	0.091674149	0.085359015	0.095517844	0.112550832	0.110018142	0.101770386	0.103519343
1972	5	9	0.093583897	0.090803258	0.090388827	0.105610140	0.099701174	0.101486646	0.108174086	0.101048708	0.100652911	0.108550355
1973	1	6	0.091269165	0.105373837	0.090369336	0.096880093	0.115094624	0.096076742	0.127262756	0.093940452	0.090631023	0.093102016
1974	9	7	0.102490932	0.080110066	0.098404206	0.097170077	0.102011517	0.104603045	0.112680435	0.114589289	0.096054636	0.091885857
1975	6	6	0.094001673	0.109643213	0.091900714	0.105198137	0.103250585	0.097664222	0.115311787	0.096185811	0.087868258	0.098975554
1976	6	6	0.100735918	0.107968435	0.095581725	0.094447710	0.104030624	0.108904809	0.113178320	0.089708984	0.089114271	0.096329257
1977	6	3	0.094689153	0.078135997	0.097484328	0.141123846	0.096444048	0.086292401	0.098551854	0.107430801	0.103520021	0.096327484
1978	7	3	0.084212326	0.092205890	0.111921124	0.116232470	0.098981984	0.102383487	0.102384590	0.092761382	0.104903467	0.094013363
1979	0	0	0.124035113	0.081616245	0.090635359	0.073004231	0.107615620	0.101759218	0.104681164	0.111253247	0.099756978	0.105642758
1980	5	4	0.096632272	0.089981973	0.093511507	0.096823812	0.118244804	0.101742849	0.117460929	0.099900045	0.094987631	0.090714231
1981	1	6	0.090137467	0.090281524	0.102811493	0.104542732	0.101358078	0.090539970	0.119729854	0.098676063	0.107097633	0.094825208
1982	8	6	0.095173590	0.075402334	0.092451058	0.104266733	0.095490552	0.106899574	0.117633268	0.103166312	0.101227395	0.108289167
1983	9	7	0.100194357	0.073487803	0.100626327	0.105255000	0.091413461	0.090271786	0.091829553	0.125253245	0.109167822	0.112500660
1984	6	6	0.105679847	0.086429149	0.089802928	0.084898300	0.105096906	0.099769831	0.119411469	0.092955671	0.110008597	0.105947226
1985	4	3	0.093591772	0.105169483	0.108647443	0.122883059	0.098234311	0.089001708	0.080201641	0.102200568	0.094884157	0.105185755
1986	8	7	0.096250899	0.086420327	0.088537320	0.103729442	0.102638885	0.102923945	0.110029362	0.117848396	0.098324344	0.093297102
1987	1	9	0.086021520	0.099782802	0.106750876	0.108569644	0.095691577	0.099277973	0.097670510	0.099825554	0.093514025	0.112895526
1988	0	2	0.104323447	0.100506589	0.106374122	0.089700244	0.098656863	0.105466485	0.105152383	0.088419214	0.105902530	0.095498152
1989	6	8	0.082712740	0.080843441	0.104121067	0.107427672	0.092786081	0.106844351	0.099763297	0.102778971	0.111918911	0.110803582
1990	7	8	0.108276926	0.105687015	0.107720748	0.094241284	0.083110586	0.091339245	0.096978024	0.097475447	0.109245569	0.105925091
1991	8	3	0.093066923	0.076034002	0.116889261	0.129960269	0.085488185	0.082083195	0.098043762	0.097639620	0.106893629	0.113901056
1992	9	6	0.089914978	0.103235267	0.089472383	0.103241041	0.114695534	0.108099081	0.117023453	0.105533183	0.079967618	0.088817589
1993	8	6	0.091797575	0.087736934	0.091459200	0.103465028	0.104198799	0.098222889	0.119522385	0.111070678	0.097774737	0.094751790
1994	3	7	0.085946739	0.095423855	0.094353437	0.106421851	0.098445520	0.103617452	0.105399601	0.113498203	0.095670722	0.101222716
1995	1	3	0.082201049	0.100774102	0.118192799	0.118888631	0.096661665	0.098085210	0.091235064	0.102165543	0.089335285	0.102460735
1996	8	7	0.088513203	0.081149094	0.080083579	0.085554533	0.112311706	0.109896027	0.123541899	0.126742512	0.101145491	0.091061890
1997	4	3	0.096467473	0.100349784	0.100364327	0.134520382	0.079646066	0.086439736	0.091669746	0.111072607	0.096547864	0.102922067
1998	2	3	0.076841600	0.101573654	0.113844372	0.137252897	0.091184698	0.092100106	0.086273581	0.117118746	0.075736471	0.108073890
1999	7	2	0.083800495	0.095411263	0.115018480	0.093529947	0.100491427	0.101532057	0.107245363	0.101162843	0.107951753	0.093856364
