index	true	predicted	p0	p1	p2	p3	p4	p5	p6	p7	p8	p9
0	6	0	0.344968915	0.060958404	0.081831537	0.068079434	0.103028074	0.019721577	0.146319628	0.070339620	0.073059142	0.031693719
1	6	6	0.107843794	0.084300876	0.075485207	0.077340223	0.088929579	0.076277912	0.172559634	0.101442844	0.110435888	0.105383985
2	6	6	0.106081210	0.085678488	0.138898537	0.048157793	0.142680123	0.039934851	0.236692280	0.055929314	0.071691580	0.074255884
3	9	9	0.074712671	0.059771113	0.085863806	0.048874851	0.116564415	0.124828547	0.087323390	0.058949299	0.162014544	0.181097388
4	0	0	0.303612202	0.054566272	0.082345054	0.032932978	0.056970317	0.103918441	0.069742858	0.160990968	0.096263401	0.038657427
5	7	7	0.050182395	0.105353668	0.052224223	0.049592063	0.053962406	0.142537013	0.046510909	0.370476127	0.078032732	0.051128432
6	4	4	0.051048528	0.076029114	0.154307917	0.025450235	0.356840014	0.030525615	0.150668874	0.036489774	0.055091836	0.063548118
7	4	4	0.079594538	0.060657561	0.193319932	0.043920439	0.260052800	0.036769744	0.144598410	0.050859373	0.065455846	0.064771406
8	0	0	0.421875000	0.059082586	0.075435631	0.050176151	0.085757196	0.024375519	0.089499056	0.072849683	0.073584057	0.047365148
9	0	0	0.393172741	0.052534100	0.077914171	0.046618126	0.125221103	0.026317792	0.110975735	0.066633239	0.054604255	0.046008706
10	0	0	0.330714226	0.058763389	0.103688121	0.061322916	0.066544987	0.046412293	0.105953492	0.091720499	0.076584212	0.058295853
11	3	3	0.112163253	0.108885735	0.071135513	0.279887497	0.134901151	0.025302697	0.100232482	0.052032907	0.067919560	0.047539268
12	5	7	0.065938383	0.092203416	0.067220315	0.045887657	0.053807415	0.219332188	0.057279114	0.234017000	0.109154649	0.055159889
13	3	1	0.072131798	0.255662084	0.043873437	0.137301788	0.083724834	0.077142715	0.083721809	0.072862446	0.093707174	0.079871893
14	5	7	0.057638738	0.088427491	0.061327297	0.047807630	0.056793820	0.202662840	0.045338370	0.272791713	0.093860477	0.073351659
15	6	6	0.085226797	0.075933732	0.095680982	0.110369213	0.163820520	0.048050180	0.179696292	0.114410251	0.066301554	0.060510494
16	9	9	0.056813102	0.060420427	0.104719155	0.052229621	0.091549017	0.084203593	0.076593973	0.071526833	0.119290002	0.282654226
17	5	7	0.050890941	0.075034186	0.065261662	0.042528238	0.049544644	0.229493916	0.043245733	0.286271840	0.098848686	0.058880229
18	9	9	0.062613741	0.072552912	0.072368562	0.074613355	0.074199282	0.102425076	0.064109512	0.103949063	0.108994201	0.264174283
19	0	0	0.263221145	0.045011565	0.103830606	0.032941986	0.113629594	0.059123933	0.122232877	0.127227023	0.095143870	0.037637416
20	2	2	0.073412061	0.098944701	0.285288185	0.039507899	0.139085039	0.039201479	0.119661689	0.057548553	0.061120573	0.086229831
21	1	1	0.060572576	0.390434861	0.066331178	0.091031797	0.079335831	0.057012357	0.065619998	0.066191301	0.069609389	0.053860690
22	0	0	0.371151626	0.055326123	0.096802488	0.060426824	0.101097941	0.018600374	0.100002348	0.088843957	0.056296945	0.051451273
23	2	2	0.094288141	0.062578321	0.234866455	0.047107447	0.118223049	0.051549040	0.156301171	0.109383531	0.072648168	0.053054564
24	1	1	0.055644479	0.426270247	0.061321426	0.090327300	0.081825122	0.055723384	0.068513900	0.063856281	0.052178059	0.044339761
25	9	9	0.049557824	0.067782551	0.068950109	0.066804349	0.073495254	0.083735988	0.057465255	0.094759978	0.115105942	0.322342694
26	0	0	0.356702805	0.058743715	0.079919986	0.063646883	0.094501682	0.044225637	0.085746408	0.084276482	0.081874624	0.050361838
27	9	9	0.048881263	0.050714064	0.062314581	0.058094397	0.062512569	0.081858933	0.060182046	0.117387019	0.082905218	0.375149965
28	9	9	0.048076931	0.054681327	0.073839761	0.096712887	0.054782968	0.136609897	0.058229376	0.104402095	0.112316191	0.260348618
29	0	0	0.312276572	0.055221595	0.103271030	0.058298040	0.138652012	0.029483356	0.121850558	0.079717547	0.059643246	0.041586079
30	2	4	0.077929646	0.142295823	0.084945261	0.120988324	0.264235675	0.028297340	0.102800973	0.082486384	0.047748029	0.048272576
31	4	4	0.069572523	0.116465531	0.071881086	0.131244794	0.254044086	0.034149159	0.105110012	0.100647129	0.061889604	0.054996114
32	6	2	0.080279775	0.082834266	0.214544043	0.046873365	0.191110820	0.043983698	0.153369054	0.046809811	0.062291712	0.077903412
33	9	9	0.066204712	0.055507779	0.094514050	0.050895851	0.102816276	0.106895074	0.077403262	0.084054209	0.102984101	0.258724689
34	8	8	0.091545351	0.068315111	0.079494052	0.040916115	0.077826999	0.077433713	0.092493534	0.077398375	0.259592295	0.134984389
35	6	0	0.169379592	0.073733188	0.058507290	0.078076817	0.058407322	0.057644010	0.167245671	0.142699942	0.108961269	0.085344970
36	3	3	0.092282057	0.124098644	0.072343349	0.272083133	0.088269174	0.061610106	0.081545278	0.074342594	0.069419235	0.064006455
37	2	4	0.085335113	0.091891453	0.160675928	0.058392256	0.173588842	0.067147896	0.093650877	0.121364459	0.082389764	0.065563351
38	4	4	0.073402010	0.062338520	0.113592803	0.040220469	0.225596547	0.056221329	0.175002798	0.092995450	0.077678174	0.082951836
39	4	4	0.079691902	0.060188785	0.124359980	0.054435685	0.316416413	0.041381430	0.156460837	0.054340318	0.073684298	0.039040364
40	3	3	0.089758307	0.189471468	0.054894701	0.228133917	0.097224966	0.063089937	0.072050743	0.070313439	0.069031022	0.066031396
41	5	9	0.060957842	0.074285321	0.085412897	0.111049689	0.062327012	0.146027878	0.071762383	0.110625617	0.114357598	0.163193703
42	6	6	0.179746300	0.074839808	0.073550597	0.059396040	0.082349852	0.058978830	0.208071440	0.088922046	0.083743371	0.090401746
43	4	9	0.093477890	0.081676826	0.110884681	0.049800690	0.123304456	0.079381339	0.130868971	0.070225872	0.119079351	0.141299918
44	7	7	0.055751737	0.057644594	0.078023128	0.045221057	0.069131263	0.098331876	0.059410896	0.290697932	0.112737969	0.133049518
45	2	0	0.155707747	0.066092901	0.085644729	0.051837467	0.085698247	0.103505738	0.112353362	0.120608099	0.091948740	0.126602963
46	3	3	0.086500376	0.083684400	0.079138733	0.325396419	0.124341048	0.035722625	0.084381752	0.058072992	0.072652660	0.050109033
47	4	4	0.076706663	0.061576877	0.146957576	0.024989963	0.284965426	0.057978384	0.124683417	0.053588193	0.086778462	0.081775032
48	9	9	0.062810138	0.060545407	0.078150570	0.103435293	0.064491130	0.091959380	0.099639237	0.121704593	0.109915964	0.207348257
49	2	6	0.174551189	0.073985606	0.110488974	0.086990431	0.121094778	0.032705829	0.182305381	0.097571418	0.056323934	0.063982345
50	9	9	0.060079444	0.053784594	0.110651143	0.052760888	0.084435195	0.125484109	0.062897176	0.103547834	0.111460544	0.234899104
51	2	2	0.068930671	0.084799074	0.296677291	0.028496858	0.175665975	0.027877841	0.134870380	0.066673525	0.067758434	0.048249997
52	4	4	0.077181362	0.075909697	0.165223137	0.054420624	0.218689308	0.058833349	0.130374178	0.054206215	0.073660307	0.091501825
53	0	0	0.286381453	0.071291424	0.067878194	0.054076612	0.066570669	0.069426946	0.082908764	0.157431275	0.095486790	0.048547760
54	1	1	0.071971022	0.375288486	0.068865374	0.103736393	0.102427140	0.040803373	0.079019055	0.066905133	0.047351908	0.043632127
55	2	2	0.110061489	0.078392275	0.268874168	0.070896745	0.097639278	0.035633314	0.144095421	0.094706163	0.055085152	0.044616010
56	5	7	0.049704108	0.083616860	0.074655019	0.046842884	0.072499461	0.142404646	0.053697374	0.313048095	0.096575089	0.066956498
57	6	2	0.066619940	0.075077139	0.256851405	0.040687967	0.199610099	0.031680293	0.169768050	0.057245746	0.050491344	0.051968038
58	4	4	0.064570814	0.078842886	0.164048791	0.029245231	0.275309831	0.048239134	0.119008996	0.096648581	0.066100419	0.057985261
59	5	5	0.066934094	0.073831670	0.074284360	0.094301537	0.073497102	0.182514384	0.080417059	0.095876709	0.110609613	0.147733524
60	1	6	0.097469382	0.115324169	0.085587099	0.124545276	0.128539920	0.036767580	0.198758334	0.095197462	0.057795901	0.060014836
61	4	2	0.067364849	0.076943479	0.254062623	0.042771574	0.213398322	0.031143978	0.138285130	0.045200735	0.062570043	0.068259247
62	5	7	0.046634257	0.086800508	0.051218688	0.038602825	0.055838317	0.232732296	0.042781904	0.295378506	0.089327894	0.060684767
63	9	9	0.071163334	0.048136149	0.075342827	0.061124351	0.098409362	0.094668649	0.080020875	0.121385641	0.145226404	0.204522401
64	7	9	0.060622029	0.067515418	0.075116150	0.069567062	0.099449590	0.098503739	0.062212382	0.153967649	0.089764699	0.223281235
65	0	0	0.339009792	0.061474673	0.080377281	0.084270038	0.083967462	0.028654905	0.136223122	0.066453226	0.061012343	0.058557149
66	9	9	0.063335627	0.052437689	0.103509128	0.037185244	0.094282292	0.092300959	0.067981392	0.071616985	0.096415468	0.320935249
67	6	4	0.059535444	0.081919678	0.141848683	0.041329969	0.316524982	0.018413538	0.167283297	0.040337797	0.069822408	0.062984183
68	9	9	0.053600717	0.061414786	0.106007650	0.051215190	0.064005286	0.076327235	0.054500666	0.069329843	0.092557542	0.371041089
69	3	3	0.101417318	0.131701753	0.073850051	0.220490322	0.119420804	0.044601828	0.101319849	0.070236757	0.080288753	0.056672532
70	7	9	0.058054119	0.061573934	0.092570983	0.080182813	0.091568701	0.130780429	0.075846694	0.135434851	0.093204200	0.180783361
71	7	7	0.050748952	0.053664081	0.052844051	0.036351409	0.051387995	0.071576998	0.046133153	0.496686876	0.085715257	0.054891281
72	2	2	0.087774627	0.085771061	0.196265981	0.139333934	0.080020577	0.071132705	0.108581945	0.084431246	0.071897343	0.074790649
73	1	1	0.073719472	0.421560377	0.062822662	0.101468064	0.100844823	0.029604593	0.071352988	0.055324145	0.043972224	0.039330762
74	9	9	0.054410025	0.067211010	0.075615555	0.062837079	0.059118621	0.109310344	0.066705704	0.104732171	0.089193285	0.310866207
75	5	7	0.058333222	0.096567497	0.056067687	0.052282009	0.055530202	0.224028632	0.052830864	0.251600087	0.102842651	0.049917195
76	2	2	0.090382479	0.088896275	0.199003473	0.046620641	0.076474331	0.079929933	0.094189614	0.173307523	0.084928244	0.066267386
77	8	8	0.077515498	0.065209530	0.075424716	0.086507924	0.073468782	0.074394502	0.083905160	0.076999530	0.285775006	0.100799367
78	5	5	0.049460534	0.074133769	0.088751517	0.085760452	0.133077741	0.188014001	0.080906510	0.106152512	0.072250754	0.121492185
79	6	6	0.073851094	0.121755429	0.088350862	0.136099562	0.075829133	0.079010539	0.150446191	0.077339515	0.101105809	0.096211880
80	8	8	0.112746909	0.065371603	0.089251727	0.072093129	0.084900916	0.073569678	0.123880573	0.089113161	0.160553008	0.128519312
81	9	9	0.082281940	0.061769623	0.060405802	0.095885910	0.084308952	0.090786271	0.078600660	0.118393786	0.154425129	0.173141912
82	1	1	0.061487600	0.432115227	0.052390639	0.108968273	0.082948931	0.041151032	0.065794684	0.057741959	0.051483355	0.045918379
83	5	5	0.066840746	0.083865613	0.064631805	0.073082946	0.138428196	0.180798873	0.102374092	0.078961886	0.094098933	0.116916820
84	1	1	0.058943968	0.468406349	0.053081162	0.094313055	0.077097520	0.034533016	0.067269586	0.057563420	0.046867177	0.041924804
85	3	3	0.095107436	0.179912925	0.057699509	0.231742173	0.129489183	0.052448031	0.074009754	0.060046110	0.062709458	0.056835454
86	4	2	0.077821657	0.117930993	0.128249943	0.079707541	0.112438254	0.100358963	0.120163918	0.080532052	0.094008625	0.088788047
87	2	2	0.079902507	0.102031179	0.256678253	0.075265013	0.129174665	0.035679460	0.159611806	0.059120461	0.050304659	0.052232016
88	7	7	0.042182468	0.097332940	0.059059132	0.047140632	0.048224732	0.163309038	0.043902166	0.358736873	0.082778275	0.057333820
89	1	1	0.079973847	0.354807705	0.062804781	0.090470158	0.116419338	0.045518048	0.079067051	0.061319884	0.054181203	0.055437900
90	2	6	0.092327394	0.119755320	0.076815613	0.122018501	0.115874462	0.043239214	0.205757499	0.083806336	0.081528746	0.058877051
91	1	1	0.057403881	0.480324894	0.060293324	0.088121131	0.078202173	0.025315337	0.064589411	0.050792471	0.052043453	0.042914040
92	9	9	0.065875754	0.060232483	0.099005319	0.056061376	0.080906235	0.121665016	0.070576951	0.097683653	0.126906455	0.221086711
93	3	3	0.080572009	0.082682416	0.082175024	0.193773597	0.146435082	0.035729684	0.182235301	0.096723184	0.051860917	0.047812816
94	5	5	0.058819808	0.093618579	0.056017760	0.111371465	0.091586739	0.162029669	0.075352311	0.149779126	0.093354546	0.108070008
95	7	7	0.048961807	0.082941256	0.066529177	0.040680487	0.052189242	0.104517460	0.040808365	0.426928371	0.079512581	0.056931380
96	5	5	0.062785685	0.072137564	0.082856193	0.077944934	0.104819782	0.206684560	0.089908116	0.093805015	0.094819121	0.114238963
97	7	7	0.049681369	0.059001699	0.054232497	0.033270497	0.059570342	0.113524988	0.052123569	0.452288151	0.078324579	0.047982365
98	1	1	0.081098996	0.302184492	0.051951881	0.101168044	0.100412570	0.063268878	0.099354587	0.082099788	0.066477142	0.051983733
99	7	9	0.068671428	0.062683165	0.076627046	0.074081957	0.098413251	0.097156338	0.068791188	0.122340128	0.082093365	0.249142110
100	7	7	0.047872372	0.082235247	0.072274201	0.070161425	0.067189462	0.112212382	0.063756585	0.249744743	0.082006112	0.152547508
101	0	6	0.117203638	0.063093856	0.141062647	0.066164598	0.121729784	0.038568694	0.234567612	0.067461185	0.061405152	0.088742755
102	5	9	0.065638758	0.063344978	0.080787688	0.080912746	0.079058722	0.156561196	0.060334608	0.129567876	0.121801354	0.161992043
103	3	3	0.142936826	0.118627571	0.058491033	0.157700926	0.126856863	0.052660439	0.131276876	0.074725106	0.075628668	0.061095696
104	1	1	0.055759806	0.487944990	0.054964770	0.086884625	0.072152078	0.028071068	0.071716137	0.050585117	0.051570766	0.040350571
105	9	9	0.063246228	0.070394136	0.076078445	0.075960279	0.065414734	0.122065701	0.062950060	0.108686097	0.099934809	0.255269498
106	4	4	0.081703372	0.092397310	0.140252829	0.059894819	0.144037634	0.080818698	0.119973883	0.084388219	0.104280069	0.092253141
107	1	1	0.097651839	0.178150445	0.064368553	0.106952034	0.127465293	0.052711643	0.157324046	0.106305115	0.055813823	0.053257216
108	9	9	0.034949336	0.046349574	0.096713528	0.039548032	0.069649845	0.085986830	0.053045027	0.066863567	0.094217584	0.412676603
109	6	4	0.068500564	0.075137466	0.134595573	0.041102786	0.292948991	0.031845745	0.155099720	0.042015038	0.078271732	0.080482468
110	6	0	0.302289188	0.091734447	0.076697119	0.109845482	0.076312609	0.046459749	0.115207873	0.063834615	0.057007801	0.060611222
111	5	5	0.058953874	0.060579013	0.053049356	0.073210075	0.061960470	0.266308218	0.074165270	0.106521867	0.094904996	0.150346845
112	0	0	0.161819175	0.145985618	0.053857893	0.126436353	0.066628344	0.107803084	0.106937811	0.071524113	0.080574460	0.078433126
113	5	5	0.085480064	0.082231544	0.105587125	0.076144271	0.095546648	0.157043457	0.085322857	0.102333538	0.094776571	0.115533985
114	9	9	0.060202014	0.048841145	0.081744313	0.050717115	0.074184589	0.116953760	0.061679959	0.083396591	0.085688718	0.336591750
115	5	7	0.075240932	0.058412757	0.062695436	0.067591697	0.092270091	0.118129529	0.090312302	0.165160298	0.138847262	0.131339654
116	9	9	0.067424290	0.058812384	0.082527645	0.072394572	0.087518699	0.089242794	0.074530862	0.108945549	0.100568868	0.258034259
117	7	7	0.051401041	0.057963267	0.072697304	0.064135760	0.058574736	0.088250302	0.079514705	0.282089502	0.104021020	0.141352460
118	5	5	0.077949524	0.088514224	0.064705625	0.076321602	0.097157717	0.164647847	0.081677042	0.121423066	0.084548794	0.143054515
119	3	3	0.087028630	0.137279853	0.060916051	0.285171270	0.095628008	0.057146035	0.073991351	0.078029081	0.068509564	0.056300104
120	8	4	0.068556979	0.071906805	0.107996099	0.044558782	0.179504991	0.074245140	0.120751575	0.056958858	0.125277624	0.150243193
121	5	5	0.062023632	0.100960769	0.064911298	0.058201186	0.110727936	0.178424880	0.072145954	0.171801642	0.090193853	0.090608940
122	4	4	0.073704682	0.067706041	0.141550377	0.068728805	0.262987405	0.044657204	0.167837709	0.047232743	0.067137018	0.058458049
123	6	0	0.355807006	0.054776210	0.082948573	0.063512452	0.099445887	0.024561632	0.151369870	0.061180979	0.056491584	0.049905755
124	3	0	0.157363102	0.143749177	0.058721494	0.138786033	0.119865358	0.067517005	0.125897661	0.067153916	0.062345326	0.058600903
125	2	2	0.097591996	0.098771170	0.259747773	0.033916999	0.136019334	0.047753524	0.117366590	0.067074813	0.076358736	0.065399133
126	2	2	0.078326389	0.104226179	0.148648813	0.092194743	0.131715968	0.085749306	0.090792388	0.090275779	0.090957239	0.087113090
127	3	1	0.095470846	0.200050250	0.057159502	0.149968967	0.129349396	0.063590921	0.087258361	0.087645389	0.065415084	0.064091146
128	7	7	0.057709530	0.082544364	0.059073251	0.048530113	0.058937404	0.144911736	0.048384964	0.344743431	0.097894907	0.057270210
129	9	9	0.048527461	0.064530902	0.072015285	0.077288106	0.062155090	0.108187795	0.046109192	0.137593433	0.077321552	0.306271225
130	1	1	0.070888616	0.291485012	0.068516336	0.076142654	0.108707100	0.092649788	0.089447744	0.069844387	0.070235454	0.062082984
131	0	0	0.367857456	0.060558721	0.108567394	0.048377208	0.084865458	0.029275492	0.095698468	0.100323536	0.067224592	0.037251659
132	8	8	0.066423446	0.093038738	0.099139571	0.058838096	0.078373216	0.056809675	0.088752858	0.108214386	0.243634880	0.106775150
133	5	5	0.065451704	0.070258029	0.046815772	0.045739077	0.078199543	0.311825603	0.057889797	0.145453006	0.100322694	0.078044705
134	8	8	0.061315037	0.094069779	0.071013220	0.107511476	0.073200822	0.045459144	0.098834731	0.080900826	0.267188191	0.100506850
135	1	1	0.062300645	0.438639939	0.060077067	0.090323746	0.077334821	0.034690496	0.067473799	0.059761733	0.060390055	0.049007632
136	7	7	0.071062349	0.071238309	0.079891048	0.051783696	0.055729050	0.158472836	0.088975608	0.235158026	0.122034624	0.065654412
137	5	5	0.069724150	0.074038029	0.063494369	0.056201808	0.087766185	0.217723250	0.072816454	0.163115323	0.101097479	0.094022937
138	5	5	0.057066254	0.064034306	0.083442479	0.082877345	0.077697150	0.197247013	0.062669896	0.110754967	0.107717402	0.156493261
139	7	7	0.063292190	0.078065172	0.091001049	0.063430853	0.077758387	0.123514131	0.073338769	0.226472169	0.095831871	0.107295401
140	6	6	0.072574273	0.063531280	0.094400398	0.071779042	0.152305052	0.061760154	0.179527730	0.100537300	0.079589516	0.123995312
141	1	1	0.067796789	0.364372015	0.064692825	0.095941037	0.098536678	0.059173532	0.069613770	0.072386809	0.053637803	0.053848762
142	8	8	0.061535891	0.097582676	0.096188284	0.066409349	0.074685909	0.065583676	0.110376634	0.092329018	0.213838220	0.121470399
143	7	7	0.051486958	0.098861083	0.053611331	0.043174639	0.055853967	0.123275347	0.042754117	0.402250141	0.076598041	0.052134365
144	0	0	0.343825817	0.053579453	0.101589561	0.072783515	0.123678498	0.024723971	0.091963775	0.057111911	0.063602529	0.067140907
145	1	1	0.101588607	0.205363572	0.065732382	0.118056349	0.118876509	0.044562094	0.152744234	0.081015006	0.062084369	0.049976893
146	9	9	0.077460214	0.066145271	0.078168996	0.071469009	0.082100093	0.083698317	0.076998398	0.108020231	0.166381240	0.189558268
147	2	4	0.075583562	0.101245977	0.145677298	0.071280040	0.239980623	0.045981735	0.115240097	0.081466459	0.062884100	0.060660161
148	8	8	0.066219404	0.055254720	0.063328974	0.051373757	0.069242470	0.072467923	0.065043405	0.075344689	0.357415080	0.124309592
149	1	1	0.069447435	0.330789357	0.062296316	0.116636574	0.091430515	0.061768290	0.064985029	0.071608827	0.078492001	0.052545678
150	8	8	0.061727751	0.076344788	0.117389552	0.058536552	0.091095924	0.073243447	0.089884415	0.094713151	0.198166013	0.138898477
151	3	1	0.070514604	0.222057447	0.051157001	0.220139116	0.086800374	0.064018719	0.073515438	0.064215474	0.080303401	0.067278400
152	7	7	0.040876262	0.042058140	0.057702575	0.039865017	0.060448214	0.077506140	0.060517665	0.460892051	0.085560322	0.074573591
153	4	4	0.084689744	0.083428271	0.144171983	0.060064614	0.275092930	0.052105989	0.112502486	0.092227064	0.058944575	0.036772285
154	9	9	0.047465976	0.058032405	0.061483357	0.067758158	0.052496396	0.090544775	0.052764837	0.096123882	0.091706716	0.381623417
155	7	7	0.054388221	0.075648807	0.064426877	0.043242011	0.052802734	0.159628496	0.046543840	0.350722075	0.098728754	0.053868197
156	0	0	0.311752141	0.055113416	0.073924057	0.086698629	0.100539342	0.024809554	0.174226418	0.067994274	0.052991431	0.051950786
157	0	0	0.317988217	0.097885199	0.050552823	0.076282896	0.082175724	0.067087449	0.094646327	0.071474180	0.083349481	0.058557674
158	0	4	0.111926198	0.081230588	0.097045839	0.116319172	0.137573183	0.084515527	0.108542472	0.107555844	0.083575688	0.071715415
159	2	2	0.075041823	0.083283663	0.275056392	0.039047804	0.153611377	0.036223248	0.122612126	0.067417026	0.084799804	0.062906705
160	9	9	0.053901508	0.056590144	0.072119117	0.061756346	0.073222503	0.087976046	0.075255938	0.119910412	0.095785864	0.303482175
161	7	7	0.047283612	0.069927096	0.048321843	0.034884114	0.055409696	0.123997331	0.050492361	0.442421675	0.076896109	0.050366189
162	7	7	0.060675584	0.044582937	0.059881978	0.049510431	0.053274401	0.096804217	0.062205546	0.380977124	0.111735277	0.080352515
163	7	5	0.048613314	0.076658919	0.071293347	0.073670939	0.072159916	0.239157081	0.052113138	0.201062128	0.092692241	0.072578892
164	7	7	0.050227687	0.065017655	0.066142447	0.038675524	0.059678279	0.113103434	0.051343817	0.405740857	0.091839351	0.058230877
165	7	9	0.060226180	0.072223164	0.084614143	0.069709033	0.094729789	0.110820509	0.067665435	0.117051370	0.101752825	0.221207559
166	3	4	0.087009832	0.103164457	0.081676446	0.145190567	0.213220760	0.037914265	0.129610136	0.077426650	0.061610483	0.063176475
167	6	3	0.095478386	0.137815416	0.068942435	0.177452490	0.125740975	0.079049625	0.107029691	0.074430034	0.074241348	0.059819594
168	6	4	0.081667468	0.113109834	0.100127704	0.107247278	0.159437880	0.090934969	0.140704766	0.075687617	0.065566763	0.065515660
169	4	4	0.074310593	0.076955937	0.182901278	0.044923201	0.204600170	0.044253040	0.166859642	0.050382651	0.080929995	0.073883429
170	6	7	0.092465177	0.069205768	0.063336730	0.080625370	0.082777642	0.116463862	0.147041187	0.162168846	0.103609085	0.082306318
171	7	7	0.047644012	0.082782418	0.054676559	0.038528390	0.051271670	0.098648429	0.040623218	0.458205134	0.077345408	0.050274651
172	3	0	0.241446212	0.058339301	0.051944371	0.067464978	0.093278617	0.051005371	0.187107772	0.069445953	0.115288191	0.064679198
173	2	4	0.087690897	0.078347653	0.149609193	0.147955075	0.211583123	0.045439743	0.096825331	0.071724147	0.059481010	0.051343843
174	7	7	0.042636693	0.055855688	0.049893375	0.033202048	0.046858132	0.105333038	0.042794269	0.483740628	0.083726004	0.055960100
175	5	9	0.100331016	0.069113337	0.068757057	0.056454025	0.098874353	0.159191921	0.077204093	0.104660302	0.104279242	0.161134616
176	1	1	0.089752123	0.226791874	0.049856551	0.112439960	0.105878897	0.056350566	0.149778873	0.103351310	0.053474821	0.052325062
177	6	4	0.121709853	0.086470596	0.113655135	0.150505856	0.166401371	0.041547291	0.118872501	0.069519006	0.073782906	0.057535540
178	0	0	0.337771565	0.057125248	0.083161287	0.081504084	0.123775534	0.021344278	0.125586763	0.060696099	0.057765689	0.051269531
179	5	5	0.062243570	0.109017238	0.056005593	0.055303287	0.096889734	0.227540180	0.056699436	0.182625100	0.078250289	0.075425535
180	8	3	0.078839846	0.123243131	0.073731333	0.164567783	0.076170981	0.106458254	0.076280497	0.096841931	0.105345570	0.098520651
181	9	9	0.057839550	0.065694533	0.094642788	0.061690185	0.073296733	0.099115677	0.061491441	0.066298865	0.117124811	0.302805424
182	9	9	0.046004873	0.056695454	0.103060134	0.059010066	0.075945735	0.101574332	0.056493353	0.077563114	0.095367908	0.328285038
183	1	1	0.094121799	0.230884701	0.052942310	0.100457057	0.103776790	0.072339527	0.105865978	0.096367650	0.075516850	0.067727342
184	9	9	0.047443040	0.060363553	0.071915448	0.066770419	0.085537232	0.096814282	0.052103411	0.092200391	0.092237391	0.334614813
185	1	1	0.064448483	0.445634604	0.059041131	0.104148522	0.091489539	0.022784639	0.077107258	0.050428435	0.044974770	0.039942559
186	7	7	0.047790743	0.062813893	0.049624100	0.035296440	0.053011544	0.114738792	0.047191955	0.456586450	0.087440774	0.045505356
187	7	7	0.061159533	0.070089728	0.071351722	0.052243818	0.076911144	0.109169446	0.057922747	0.275449365	0.098594971	0.127107516
188	7	7	0.050043598	0.065715395	0.062831357	0.040638670	0.052274287	0.105852738	0.044273149	0.445223570	0.081958063	0.051189139
189	6	6	0.110818259	0.085223511	0.098435529	0.143568262	0.120147429	0.021498214	0.179402530	0.106903791	0.070706822	0.063295655
190	4	4	0.062060572	0.085553847	0.133694276	0.050691064	0.271304488	0.020788033	0.167460084	0.054187242	0.083588280	0.070672132
191	3	3	0.068542413	0.157427251	0.067184076	0.211003080	0.072692074	0.120808892	0.064008929	0.084655859	0.073427759	0.080249652
192	4	4	0.069715045	0.074622601	0.194018051	0.037446588	0.265193045	0.041439608	0.115902990	0.055837002	0.075279087	0.070546053
193	7	7	0.061668318	0.064293854	0.077584513	0.064234093	0.067352779	0.090175636	0.069050655	0.298476666	0.068337366	0.138826177
194	3	4	0.102480024	0.096055776	0.100178674	0.152689785	0.181834534	0.036770780	0.117131889	0.083167143	0.062458776	0.067232557
195	1	1	0.051703967	0.433315396	0.054590516	0.097071595	0.059056096	0.051006548	0.055674493	0.075354204	0.066382594	0.055844549
196	7	7	0.052575707	0.062960245	0.068773173	0.092943095	0.077186368	0.112139389	0.095269457	0.184193522	0.073533200	0.180425867
197	2	7	0.079806030	0.122834444	0.098532759	0.108370520	0.072867893	0.088746876	0.128942981	0.141661406	0.062230449	0.096006662
198	2	4	0.070697680	0.086370520	0.206386939	0.040969208	0.223368943	0.037678659	0.156566694	0.058949269	0.060882904	0.058129262
199	7	7	0.041928992	0.077841975	0.054123361	0.034380745	0.044518135	0.123026744	0.034749936	0.462910533	0.075486943	0.051032640
200	8	8	0.078943372	0.064099647	0.084681913	0.072820239	0.082088239	0.069082014	0.100471132	0.086731382	0.248003900	0.113078125
201	2	2	0.092744783	0.092887007	0.271979690	0.042310640	0.139468834	0.039571371	0.118048161	0.067218922	0.069199011	0.066571571
202	4	4	0.096709646	0.076484382	0.086239062	0.082000837	0.231265441	0.032525837	0.205684677	0.072501823	0.063935466	0.052652813
203	5	9	0.049590733	0.052675575	0.097044945	0.126277372	0.055501081	0.142598659	0.069540225	0.129086658	0.109413609	0.168271020
204	4	4	0.054125585	0.074193455	0.216351092	0.024296908	0.331953079	0.030788790	0.116608940	0.050039995	0.052013032	0.049629100
205	8	8	0.054310348	0.063516021	0.089883976	0.039490759	0.082717836	0.064739786	0.072338633	0.091408268	0.338649631	0.102944687
206	4	4	0.079447620	0.074118406	0.166535690	0.076214895	0.188505083	0.047838159	0.154825240	0.069093555	0.078223318	0.065198027
207	4	4	0.079784088	0.078395307	0.102099448	0.119237453	0.257662773	0.029690415	0.145368010	0.071665727	0.064479008	0.051617771
208	9	9	0.066096842	0.066230416	0.081189632	0.100179933	0.084193662	0.129842088	0.072275393	0.105848536	0.114766881	0.179376677
209	7	7	0.048052318	0.085609645	0.053240996	0.040079370	0.053167652	0.118456803	0.046180457	0.427008301	0.078276061	0.049928445
210	5	5	0.063154690	0.072033949	0.087253533	0.099092007	0.069174699	0.196578667	0.075641297	0.105139963	0.099255778	0.132675484
211	9	9	0.050196890	0.060739197	0.061672136	0.068393610	0.091550656	0.093664348	0.066267423	0.079338722	0.089008793	0.339168221
212	3	0	0.238280073	0.085790262	0.070252031	0.106162935	0.127101988	0.051373806	0.129046917	0.079920940	0.060317736	0.051753264
213	8	0	0.181953490	0.095567793	0.102419212	0.034886517	0.098443910	0.063569747	0.086041227	0.079964317	0.168511972	0.088641889
214	3	6	0.082512930	0.080175407	0.073978283	0.146133974	0.156503156	0.033299714	0.198934957	0.108660735	0.066552408	0.053248506
215	2	0	0.185117424	0.079478092	0.170249343	0.045654021	0.157637343	0.050207000	0.119855024	0.035550527	0.071950056	0.084301166
216	0	0	0.347797096	0.056332875	0.100288697	0.078387693	0.091156445	0.037782136	0.103114933	0.065721937	0.059061419	0.060356740
217	8	8	0.099757880	0.066153936	0.120181911	0.087718815	0.081326626	0.048634801	0.098056778	0.143170461	0.184606731	0.070392013
218	5	5	0.066078715	0.090362363	0.076418042	0.069351010	0.103991576	0.164618611	0.066393957	0.079098754	0.138028502	0.145658508
219	0	6	0.123032480	0.056880232	0.164804086	0.053315971	0.125796437	0.027724268	0.216614768	0.111404099	0.061717823	0.058709826
220	6	6	0.086115383	0.073420569	0.116327390	0.099465519	0.147671729	0.049034424	0.249165997	0.062030204	0.061651051	0.055117730
221	7	7	0.048235483	0.082345150	0.068765096	0.040523093	0.054910652	0.079958260	0.048124690	0.434631199	0.089251272	0.053255171
222	7	9	0.066583760	0.074365936	0.080649748	0.076965898	0.068940520	0.097941510	0.075322978	0.119731538	0.093520924	0.245977208
223	4	4	0.083749153	0.071687758	0.148693100	0.039562799	0.225471005	0.033048730	0.211502835	0.051682841	0.073050894	0.061550971
224	8	8	0.068460800	0.070111252	0.074792892	0.040372521	0.081118487	0.064178176	0.070816450	0.061836544	0.333716065	0.134596765
225	0	0	0.382719219	0.058356930	0.087731555	0.061009753	0.089313991	0.031171259	0.090369627	0.082234956	0.073352337	0.043740440
226	8	0	0.202765614	0.061462481	0.071427964	0.043948874	0.119934276	0.074696764	0.096354336	0.039792482	0.175871730	0.113745525
227	4	4	0.094620131	0.069769271	0.129594922	0.083163619	0.160311982	0.089996599	0.138502911	0.070766144	0.083843954	0.079430386
228	4	4	0.082036987	0.082717761	0.097693875	0.097046390	0.321134984	0.022612378	0.109887458	0.066472314	0.066935554	0.053462259
229	3	4	0.090990543	0.124071747	0.054709893	0.167371213	0.177116990	0.046727981	0.127424404	0.088316388	0.064582631	0.058688316
230	3	6	0.136381239	0.072435021	0.083378099	0.113904119	0.079548299	0.074496880	0.152182549	0.117433392	0.091747768	0.078492634
231	5	5	0.110099897	0.072359569	0.107545242	0.064772524	0.083123498	0.149225160	0.074638173	0.110927075	0.111238003	0.116070911
232	0	6	0.105678126	0.085379072	0.082735658	0.127400234	0.162703663	0.029003514	0.206522256	0.072954133	0.074408866	0.053214483
233	5	5	0.116947338	0.073790938	0.083498366	0.090301879	0.084857583	0.166487038	0.087048687	0.093159616	0.097280420	0.106628112
234	9	9	0.053153243	0.052593142	0.077758491	0.065876879	0.104136951	0.120724268	0.083234333	0.115081586	0.124165781	0.203275323
235	3	3	0.102082230	0.123069532	0.074184179	0.224110052	0.117963806	0.038585842	0.122529507	0.073984556	0.070097059	0.053393170
236	1	1	0.061981946	0.459249705	0.058457386	0.095449291	0.082193740	0.025901245	0.069111012	0.052975651	0.052157532	0.042522378
237	1	1	0.062316887	0.435886562	0.062663607	0.093276449	0.080231532	0.040994726	0.063404411	0.061813246	0.050380837	0.049031813
238	5	5	0.068363823	0.051690031	0.077718526	0.082318358	0.097334497	0.241956815	0.066389874	0.121440507	0.099323556	0.093464009
239	7	9	0.077024713	0.071301825	0.093875840	0.078915298	0.088249877	0.104915366	0.073870957	0.129274771	0.106916405	0.175654978
240	1	1	0.075987272	0.386719704	0.060790353	0.116052210	0.104742885	0.025358070	0.079562664	0.056980792	0.050174370	0.043631658
241	0	0	0.378810525	0.055045411	0.078515463	0.053588398	0.123337418	0.024230719	0.125407666	0.062948376	0.048885401	0.049230605
242	5	7	0.055961747	0.111901410	0.067881472	0.049624238	0.060029373	0.196645319	0.058389716	0.238885015	0.088161908	0.072519794
243	0	6	0.106262676	0.071788557	0.057930112	0.134143323	0.128099814	0.038384505	0.206837818	0.132968381	0.071488924	0.052095871
244	9	9	0.047694582	0.052902054	0.101435579	0.049930431	0.067266092	0.079428859	0.072491236	0.076861836	0.095076613	0.356912762
245	1	1	0.085527182	0.333340645	0.065314293	0.106005095	0.099176049	0.041120838	0.095977448	0.070932463	0.056040619	0.046565354
246	6	4	0.075197160	0.066815197	0.122285470	0.056663882	0.263283908	0.045505166	0.193485066	0.063125685	0.058090754	0.055547711
247	2	4	0.087014340	0.091601588	0.169215396	0.051631063	0.182225928	0.058750350	0.117611580	0.096351951	0.081366219	0.064231575
248	2	4	0.090668894	0.082516357	0.125187814	0.088672720	0.136663258	0.084562771	0.133147359	0.114914939	0.079250261	0.064415708
249	5	5	0.073659003	0.072389252	0.079544879	0.076679498	0.080771953	0.197632387	0.080577120	0.090101734	0.122721091	0.125923008
250	9	9	0.056490637	0.045787513	0.106996745	0.057156257	0.078653708	0.075065494	0.106179848	0.064432628	0.117574140	0.291662991
251	4	4	0.074747868	0.120684132	0.073913515	0.128471300	0.274413019	0.030679325	0.106759407	0.068210863	0.066370346	0.055750310
252	7	7	0.050151855	0.074090026	0.052159216	0.039924782	0.053111605	0.127274930	0.039818995	0.430314064	0.084086969	0.049067579
253	3	3	0.094255328	0.200460508	0.053347673	0.241869643	0.089479923	0.059168819	0.065001853	0.062048107	0.066649772	0.067718439
254	2	2	0.086754896	0.099137753	0.286734283	0.043399565	0.129159689	0.037794929	0.114046268	0.060843296	0.068328850	0.073800400
255	3	4	0.083873540	0.063902691	0.099550523	0.158972055	0.233697385	0.036827881	0.122877933	0.083092920	0.055881765	0.061323393
256	2	2	0.085925795	0.099324927	0.283002675	0.037195228	0.128623560	0.029484296	0.126981169	0.077061445	0.062618561	0.069782287
257	8	8	0.072505571	0.082539365	0.095565535	0.055227097	0.057656687	0.070247546	0.077339225	0.189570293	0.234822020	0.064526670
258	5	9	0.060383804	0.051866524	0.094197258	0.100524813	0.056858201	0.162795261	0.071273260	0.120671555	0.105603859	0.175825417
259	1	1	0.083232090	0.146086007	0.053709976	0.118463270	0.134568512	0.068552457	0.118201867	0.134485587	0.069880515	0.072819658
260	1	1	0.088787414	0.243526265	0.041147590	0.086041398	0.112995774	0.088824384	0.098491289	0.099581547	0.076711468	0.063892961
261	2	4	0.089392759	0.085912503	0.122827664	0.046531066	0.248873800	0.038046315	0.152700424	0.088536344	0.072243243	0.054935768
262	1	6	0.088367201	0.099188440	0.090455227	0.142676979	0.134849012	0.062788911	0.152460530	0.122104339	0.059937894	0.047171474
263	2	6	0.076289423	0.067311108	0.122065634	0.099653237	0.138071716	0.092704155	0.152482182	0.088789687	0.085642338	0.076990537
264	1	1	0.073729105	0.368513167	0.060626619	0.088466063	0.112381734	0.042053286	0.087480642	0.061382812	0.056171741	0.049194902
265	7	7	0.055574313	0.072808772	0.054172877	0.040925361	0.057191905	0.080342144	0.048914913	0.429285944	0.101990514	0.058793262
266	2	6	0.116616391	0.070807874	0.097508043	0.094105087	0.101495028	0.075419649	0.128132373	0.113290466	0.094525293	0.108099855
267	4	4	0.061944932	0.076887950	0.212967619	0.036331866	0.259736896	0.037101306	0.143971369	0.060562756	0.057569280	0.052926015
268	5	5	0.083130956	0.068282910	0.083359890	0.086627603	0.070896700	0.209316835	0.069081038	0.095056802	0.087993957	0.146253318
269	3	1	0.069317736	0.229384527	0.050161406	0.206245542	0.073767841	0.076428108	0.062251162	0.083893023	0.079030953	0.069519706
270	2	6	0.086084723	0.068495266	0.154439270	0.045239076	0.198343381	0.037291799	0.206280947	0.084109083	0.069437228	0.050279178
271	3	3	0.079215318	0.146822125	0.051767174	0.151613742	0.133773923	0.077935301	0.114457235	0.117203228	0.062110122	0.065101780
272	2	2	0.094276845	0.093828104	0.291692674	0.071625724	0.105135292	0.039091703	0.111213438	0.071982995	0.059447519	0.061705727
273	0	6	0.113842085	0.074302137	0.113106735	0.156840861	0.153876573	0.038233086	0.163797930	0.072100475	0.068033308	0.045866776
274	2	2	0.088584542	0.068969257	0.224720597	0.040112887	0.177376017	0.047097284	0.151729271	0.043034945	0.078550421	0.079824753
275	7	9	0.060275886	0.068775393	0.079731837	0.066701904	0.119253099	0.100111209	0.074487023	0.099401586	0.095506310	0.235755682
276	8	8	0.069610678	0.084294803	0.102333248	0.073908292	0.087731175	0.035000607	0.135241374	0.069710702	0.232896790	0.109272338
277	1	1	0.061523505	0.409456998	0.062793434	0.093670718	0.077730037	0.051731244	0.060302448	0.071136996	0.051493704	0.060160968
278	4	4	0.068602316	0.083370693	0.164875388	0.044858426	0.253049910	0.048317775	0.112396397	0.067538634	0.079181477	0.077809095
279	1	1	0.067401111	0.407303870	0.062640242	0.093853042	0.099785313	0.038517050	0.075053863	0.061158013	0.051707976	0.042579491
280	9	9	0.053966861	0.063397311	0.077747419	0.041989073	0.068128496	0.076136343	0.054244131	0.085305266	0.100717440	0.378367662
281	6	0	0.354870319	0.051924706	0.068179786	0.081041746	0.097616747	0.029145973	0.142456278	0.065374374	0.067389764	0.042000290
282	2	2	0.105445161	0.094270423	0.137582809	0.100363873	0.121174365	0.046247691	0.131875888	0.104036242	0.092603810	0.066399723
283	7	7	0.051336702	0.099146776	0.061293446	0.044701979	0.055296052	0.144104332	0.047692008	0.367145449	0.079141408	0.050141811
284	9	9	0.050776470	0.046870939	0.085194185	0.041771807	0.058451101	0.088949494	0.062673263	0.063710324	0.093940981	0.407661468
285	5	5	0.055860803	0.064715371	0.064780176	0.056383882	0.089108616	0.226515785	0.068678744	0.190111876	0.105569951	0.078274816
286	1	1	0.077784739	0.368174464	0.054833695	0.096839599	0.104234457	0.040858436	0.087129802	0.065423168	0.054592703	0.050128940
287	5	5	0.054983251	0.066226341	0.066037603	0.093478210	0.054885875	0.229707688	0.062836215	0.111286432	0.112444758	0.148113564
288	8	3	0.068570524	0.111936860	0.069457471	0.162523672	0.082263395	0.108689226	0.055146180	0.103530869	0.143271789	0.094610065
289	6	1	0.133500963	0.141637564	0.051041406	0.105205931	0.104294918	0.117171146	0.135965914	0.061821558	0.082580648	0.066779889
290	0	0	0.266898483	0.124730915	0.045797978	0.080689326	0.075706296	0.094731852	0.088141270	0.080560379	0.080031216	0.062712252
291	4	6	0.093742684	0.073465355	0.097186819	0.058719572	0.174284071	0.047262147	0.187138423	0.073305592	0.095972434	0.098922871
292	3	3	0.107094772	0.101480953	0.073649622	0.227778956	0.124296769	0.056120284	0.113827445	0.066768982	0.071088962	0.057893153
293	6	6	0.100875244	0.068201579	0.066291586	0.101114772	0.092394829	0.055881690	0.202828109	0.130395621	0.101492949	0.080523618
294	2	0	0.157310888	0.075148731	0.128060013	0.130512595	0.156306088	0.026636058	0.137084231	0.083337516	0.065498471	0.040105417
295	5	5	0.062723070	0.083956376	0.071241140	0.100317918	0.081541836	0.212850958	0.059885621	0.097158246	0.085927255	0.144397497
296	6	7	0.088087477	0.073861286	0.106478557	0.049456067	0.090679638	0.076965071	0.115007684	0.213288814	0.133021772	0.053153586
297	8	8	0.075180255	0.065096624	0.091695182	0.092781000	0.076843642	0.062764205	0.100665376	0.085475653	0.259200692	0.090297416
298	3	6	0.077094957	0.104490206	0.067636766	0.117591828	0.079220124	0.082402110	0.153819129	0.138383612	0.091203935	0.088157259
299	4	4	0.078518480	0.068324789	0.114730857	0.098446138	0.330958247	0.028896520	0.103638977	0.062730871	0.060842458	0.052912671
300	6	6	0.096311577	0.077190980	0.063658580	0.160516366	0.103575647	0.036229722	0.233569548	0.101640835	0.067081399	0.060225401
301	1	1	0.058187328	0.498325735	0.054257650	0.089043200	0.074754260	0.025091425	0.063099012	0.054452375	0.042536467	0.040252559
302	2	2	0.090474077	0.088800631	0.233041778	0.093716919	0.111857757	0.045503914	0.144983649	0.070887238	0.061069243	0.059664849
303	0	0	0.355361789	0.069497146	0.081648163	0.068463840	0.122249059	0.020775547	0.116525799	0.062911913	0.059582233	0.042984512
304	9	9	0.050993666	0.070432633	0.101442449	0.049989067	0.075455844	0.077076621	0.062028784	0.082177855	0.101454571	0.328948528
305	4	1	0.092281163	0.189868137	0.053572658	0.137244016	0.120274983	0.080914795	0.135086417	0.074499279	0.069013871	0.047244657
306	2	6	0.110185936	0.075039521	0.096425869	0.127870962	0.128451750	0.029876802	0.218639746	0.092776425	0.051796559	0.068936519
307	8	8	0.153963745	0.071936503	0.102092400	0.052057944	0.063975602	0.058594141	0.147578135	0.078214407	0.158504710	0.113082387
308	9	9	0.046450548	0.056541111	0.071617685	0.074455217	0.060173709	0.088916324	0.050733250	0.100512989	0.098254412	0.352344751
309	9	9	0.057400636	0.062251039	0.083817407	0.048340995	0.065922230	0.097564861	0.072522573	0.080780990	0.097441249	0.333958060
310	9	9	0.055277009	0.065717898	0.084218942	0.086345173	0.084027804	0.118837386	0.072571903	0.109946102	0.111668102	0.211389706
311	9	9	0.068405181	0.054680906	0.095507637	0.110752635	0.069054447	0.087313063	0.082967751	0.088786021	0.105633117	0.236899227
312	8	8	0.066389114	0.058666699	0.077436745	0.058525991	0.071688116	0.074984744	0.107979998	0.073103532	0.291974485	0.119250596
313	4	4	0.072187603	0.062800713	0.115693018	0.039875794	0.219682455	0.038743202	0.189638481	0.078324668	0.091724090	0.091329940
314	3	3	0.089066841	0.136916742	0.070229478	0.219025582	0.094878867	0.066704817	0.093974143	0.099947706	0.062584467	0.066671379
315	3	3	0.091768607	0.145452902	0.057825010	0.167931095	0.132039204	0.063811414	0.114492066	0.113047488	0.053711873	0.059920404
316	4	4	0.085638851	0.085773095	0.097613595	0.078274012	0.263018310	0.033152487	0.191454947	0.054409195	0.060265020	0.050400451
317	6	6	0.073453411	0.062456235	0.099133424	0.144537032	0.076092027	0.042036977	0.229351148	0.127961397	0.072375432	0.072603054
318	8	8	0.165031254	0.064414822	0.096746251	0.062249333	0.093542926	0.073196314	0.094657004	0.060755618	0.175448075	0.113958351
319	9	7	0.054543983	0.056205209	0.066951588	0.045334909	0.071023509	0.106323496	0.069320351	0.281850338	0.101615503	0.146831095
320	2	2	0.116505012	0.084399045	0.221471980	0.040059865	0.168927476	0.052480869	0.111665070	0.056856696	0.077443659	0.070190303
321	1	1	0.096467644	0.295711488	0.065384075	0.104892462	0.112100840	0.047251943	0.102699034	0.071131766	0.051962174	0.052398480
322	1	1	0.082698613	0.300765216	0.052595250	0.111720853	0.111474857	0.061627306	0.098165117	0.075564183	0.054565948	0.050822679
323	5	5	0.072804064	0.074048191	0.071751565	0.093353130	0.072305396	0.195991337	0.102956228	0.101949826	0.100662902	0.114177346
324	8	8	0.064144395	0.074796081	0.089787044	0.050318334	0.093308933	0.065980300	0.136596978	0.071845919	0.253024757	0.100197271
325	0	6	0.132443443	0.064667128	0.083104543	0.076292492	0.095656797	0.066740647	0.200952992	0.111057349	0.092035115	0.077049464
326	5	5	0.093453974	0.066257700	0.073293306	0.067171536	0.083452821	0.172089949	0.083013669	0.094587520	0.124772951	0.141906455
327	5	5	0.083520427	0.072863713	0.070116229	0.084791094	0.092944801	0.184846997	0.078548089	0.109168202	0.093963876	0.129236624
328	5	5	0.078193568	0.071807638	0.093338177	0.104112484	0.064430632	0.163877577	0.077806309	0.128144458	0.102998674	0.115290508
329	9	9	0.056862660	0.072272763	0.075510167	0.054089870	0.077267647	0.098344579	0.066443615	0.109904893	0.121510997	0.267792881
330	3	3	0.097789936	0.187117770	0.062196858	0.241947919	0.099446304	0.052678168	0.083087683	0.060939364	0.056797210	0.057998743
331	0	0	0.218016163	0.053991113	0.047934383	0.070816755	0.062944435	0.091420591	0.176487952	0.130279452	0.079693206	0.068416059
332	5	5	0.076979637	0.070280097	0.079060480	0.070655450	0.086610556	0.185521081	0.083289973	0.100449100	0.099947721	0.147205949
333	8	8	0.072689712	0.059113201	0.091334224	0.074010551	0.075621262	0.101708531	0.092078455	0.088156618	0.246948570	0.098338865
334	5	7	0.052069731	0.117845401	0.065660492	0.046358135	0.074504212	0.203682512	0.057538625	0.237557188	0.075762078	0.069021568
335	6	2	0.073300801	0.099415526	0.223920301	0.047392551	0.179521680	0.039247215	0.136452869	0.050641391	0.073026150	0.077081464
336	7	7	0.054585706	0.071532249	0.060479883	0.039175134	0.055026002	0.110961944	0.047115274	0.428283930	0.084691428	0.048148423
337	8	8	0.101914078	0.088403642	0.095514007	0.050085463	0.094865672	0.045028031	0.092757121	0.070545055	0.237168014	0.123718895
338	8	8	0.106666334	0.097016267	0.059701905	0.037572734	0.074920826	0.059825711	0.101473987	0.166833654	0.214545384	0.081443176
339	6	6	0.153807357	0.071837075	0.104056276	0.110552453	0.121904962	0.029144892	0.196885452	0.087524652	0.066242009	0.058044832
340	6	4	0.056577031	0.083421275	0.239410117	0.034961022	0.245561302	0.034977585	0.134233356	0.045596372	0.060307536	0.064954318
341	2	2	0.077261344	0.087072559	0.295270205	0.044821609	0.130554631	0.036199652	0.129125893	0.056591153	0.058766831	0.084336124
342	9	9	0.060779646	0.045668852	0.087605529	0.039779231	0.047671758	0.103344724	0.053557128	0.047114566	0.107643232	0.406835258
343	0	6	0.118474193	0.109105557	0.072851561	0.119889706	0.108657487	0.078037307	0.153509274	0.104319423	0.069472842	0.065682627
344	8	8	0.151435688	0.070032723	0.077849559	0.048300367	0.084269159	0.092208490	0.116544448	0.078648433	0.180516884	0.100194275
345	7	7	0.051716037	0.055072486	0.072574139	0.052600186	0.058448594	0.106390461	0.053346191	0.383493692	0.088371903	0.077986322
346	1	1	0.060298800	0.372904211	0.066930898	0.104814090	0.078238085	0.058335193	0.072831541	0.064879350	0.064909689	0.055858158
347	7	7	0.069035545	0.061107010	0.086268231	0.070579410	0.072418600	0.140204817	0.099118620	0.211586043	0.106200561	0.083481200
348	0	6	0.089023344	0.083522193	0.095766760	0.128937960	0.165763751	0.026726335	0.222233385	0.076511301	0.064064473	0.047450505
349	7	7	0.050122909	0.052500587	0.051735118	0.035885107	0.050661124	0.105691455	0.054722026	0.458262324	0.088644445	0.051774889
350	0	0	0.214963555	0.069561251	0.061803672	0.069212988	0.098416947	0.081540503	0.074806519	0.071031183	0.177974924	0.080688514
351	4	4	0.068898693	0.083294943	0.192885518	0.034004886	0.238941774	0.036260705	0.174202353	0.043555040	0.059996471	0.067959644
352	3	3	0.118169464	0.163878009	0.058557536	0.177803531	0.103691034	0.057963759	0.130374655	0.065152995	0.064727113	0.059681956
353	9	9	0.053327203	0.058313694	0.087723643	0.039533615	0.066343509	0.075302683	0.060823336	0.070597656	0.096199624	0.391835093
354	9	9	0.056893971	0.042949334	0.104207896	0.049341232	0.063368313	0.086792849	0.097764947	0.063518211	0.105600491	0.329562783
355	9	9	0.069730334	0.054778222	0.102462701	0.049128268	0.075490057	0.134777486	0.068662934	0.063834131	0.142635211	0.238500655
356	3	3	0.112948850	0.090111941	0.068498574	0.178774536	0.161255807	0.039597552	0.128911868	0.079352006	0.087852642	0.052696191
357	0	0	0.298924327	0.062435925	0.099491194	0.054535918	0.115416676	0.036863618	0.132714227	0.097122349	0.070389979	0.032105852
358	6	6	0.099278480	0.092693262	0.133505553	0.082905993	0.141494125	0.035263292	0.251758039	0.054164361	0.059320252	0.049616620
359	4	4	0.072379872	0.083952785	0.148903772	0.044075236	0.282147050	0.040377069	0.120543957	0.089581601	0.059488159	0.058550518
360	9	9	0.047979392	0.049200673	0.098226085	0.058148146	0.064786904	0.082817897	0.076908261	0.071982749	0.091481604	0.358468294
361	4	6	0.091885142	0.096891016	0.078256026	0.085654601	0.147863343	0.031416517	0.260256499	0.069015972	0.078895323	0.059865650
362	8	8	0.063838713	0.072795555	0.075107262	0.061274048	0.075949766	0.083497472	0.066270284	0.080673859	0.282863021	0.137730002
363	3	1	0.085617408	0.210608751	0.056221388	0.200810060	0.101324975	0.078715429	0.068759687	0.072329074	0.060053218	0.065560050
364	6	2	0.076576784	0.068142861	0.247859344	0.067304157	0.143255726	0.051075257	0.153266519	0.064781785	0.049676228	0.078061245
365	0	6	0.104411118	0.093510553	0.077990316	0.144787610	0.127805829	0.036304727	0.176475942	0.072465084	0.102858715	0.063390039
366	1	1	0.064630106	0.415596575	0.062929489	0.097440660	0.086431488	0.043777224	0.064898677	0.062313441	0.051386494	0.050595872
367	7	7	0.043246228	0.068048544	0.057231694	0.037090559	0.047811951	0.077323809	0.044465460	0.492714018	0.079197355	0.052870426
368	9	9	0.070750251	0.070168652	0.096414417	0.048763257	0.073423319	0.102946728	0.070007779	0.070983842	0.093188941	0.303352773
369	4	2	0.083953738	0.073414400	0.245213628	0.032625504	0.179435119	0.040676773	0.113591507	0.088135876	0.076077551	0.066875882
370	4	6	0.101000726	0.066880040	0.100864947	0.053136490	0.175191432	0.041421130	0.231574103	0.043857921	0.088346377	0.097726814
371	7	7	0.051853586	0.050208792	0.045553915	0.032859970	0.062824495	0.080320410	0.064280808	0.469797075	0.086259633	0.056041382
372	8	8	0.142721102	0.064417899	0.070840612	0.041488439	0.064756475	0.079705998	0.111604109	0.086041622	0.224786043	0.113637634
373	9	9	0.058433335	0.067441337	0.083674289	0.050521079	0.085000642	0.082689404	0.060829327	0.089794695	0.124233268	0.297382563
374	6	4	0.081885636	0.072533220	0.119560465	0.066546686	0.251089901	0.030696141	0.200100929	0.047397353	0.063304208	0.066885523
375	8	8	0.063086025	0.060576815	0.082559474	0.038340975	0.083787113	0.038488027	0.070824467	0.110074669	0.370331615	0.081930749
376	7	7	0.058129780	0.053795747	0.055950556	0.036727354	0.060526222	0.086903654	0.057092432	0.455979437	0.080240719	0.054654084
377	2	4	0.070373848	0.064484335	0.219254032	0.037313610	0.221159443	0.039656375	0.127178445	0.088276044	0.069222242	0.063081615
378	9	7	0.052292254	0.054260422	0.052424621	0.045799300	0.063431531	0.093435921	0.071791627	0.332659751	0.115599133	0.118305393
379	4	4	0.081660323	0.092828102	0.128217667	0.086153440	0.206969842	0.058781177	0.129354671	0.076060846	0.074412823	0.065560997
380	3	1	0.075524107	0.201244771	0.056939546	0.191331148	0.073574640	0.101497777	0.067171440	0.077869870	0.074616417	0.080230266
381	1	1	0.065471649	0.420121461	0.060206432	0.100908846	0.079532333	0.044798072	0.063506044	0.066894613	0.049523793	0.049036790
382	6	6	0.085326008	0.076388709	0.097382285	0.063113816	0.125604302	0.062764511	0.246856168	0.052859042	0.091165394	0.098539807
383	3	6	0.088962488	0.076879129	0.085761391	0.138475597	0.160327956	0.030838028	0.216698140	0.103444435	0.049068112	0.049544785
384	0	0	0.299983352	0.068594910	0.094250880	0.074010439	0.119639598	0.048399020	0.114248931	0.075034708	0.060523733	0.045314305
385	5	5	0.061537199	0.071812816	0.066230722	0.124533713	0.088729620	0.209523588	0.064106353	0.106173620	0.091890410	0.115462013
386	4	4	0.100307360	0.075840428	0.088510804	0.159932077	0.180107802	0.034952480	0.141200319	0.092831604	0.071933158	0.054384071
387	4	2	0.071360998	0.078726806	0.232541442	0.047034413	0.199779302	0.044588964	0.115182467	0.107426323	0.059613403	0.043745898
388	5	5	0.062079016	0.069678999	0.072386920	0.067206159	0.099990070	0.262309313	0.065709606	0.108510956	0.088090107	0.104038887
389	5	5	0.088380761	0.068102486	0.071470648	0.065743454	0.072556503	0.186388195	0.079095326	0.118935771	0.105183527	0.144143388
390	8	9	0.061831042	0.082673416	0.092126586	0.045972310	0.126215652	0.077550121	0.079032511	0.067499526	0.183503792	0.183595031
391	9	9	0.046999656	0.057514288	0.096323341	0.049351845	0.066062488	0.095006086	0.074163795	0.069708467	0.095360927	0.349509150
392	1	1	0.074644178	0.265802801	0.048457958	0.140919805	0.075389743	0.063736707	0.074268237	0.081511058	0.097019628	0.078249909
393	3	1	0.074696437	0.184307277	0.043988250	0.138949320	0.096870370	0.110090606	0.088716403	0.097583391	0.088438153	0.076359853
394	0	6	0.087885290	0.122855946	0.053860478	0.130576104	0.093084581	0.063234217	0.135731637	0.130228877	0.100278348	0.082264617
395	7	7	0.042622000	0.058218777	0.054766145	0.036361579	0.049040146	0.101943418	0.045861874	0.482109159	0.076718234	0.052358564
396	7	7	0.055630077	0.073943257	0.077967033	0.045349542	0.055798937	0.097234689	0.052139420	0.386208683	0.098719418	0.057008907
397	6	0	0.219673917	0.053002160	0.078157052	0.057692226	0.101723425	0.038890213	0.194218427	0.065543123	0.097797498	0.093301967
398	6	6	0.084894240	0.119263664	0.119518839	0.099846594	0.110835828	0.065577962	0.152688965	0.079793558	0.088890530	0.078689903
399	5	5	0.062987499	0.104467414	0.055858538	0.064795859	0.066990018	0.227895543	0.055092793	0.193271264	0.100626342	0.068014778
400	3	6	0.085235573	0.073224433	0.070801146	0.095342003	0.121082358	0.093816854	0.133363843	0.131382763	0.092615306	0.103135735
401	8	8	0.211096719	0.063853256	0.078351520	0.038811281	0.076548971	0.071704946	0.082966708	0.064562589	0.217096105	0.095007941
402	5	7	0.062673189	0.061581705	0.086564139	0.061564948	0.069312125	0.153063774	0.085702837	0.203923911	0.091259971	0.124353483
403	1	1	0.068689711	0.312374473	0.070878409	0.108767003	0.107799351	0.059708737	0.082964011	0.086591922	0.050465681	0.051760808
404	6	6	0.081662253	0.079914972	0.178521022	0.051184881	0.152604759	0.031521879	0.239394158	0.044621609	0.064978994	0.075595491
405	1	1	0.070987605	0.367931515	0.056351762	0.100165755	0.115020260	0.039114296	0.084120683	0.062343646	0.060350370	0.043614138
406	9	9	0.044695694	0.055189580	0.073098697	0.073380113	0.054818824	0.072769016	0.067118026	0.121163420	0.073550984	0.364215642
407	7	7	0.050573785	0.069566950	0.056434039	0.043319870	0.054291006	0.104042724	0.046537142	0.424625784	0.097661264	0.052947443
408	6	4	0.068765081	0.058144674	0.134749115	0.039656457	0.284525365	0.037713759	0.186534375	0.047051884	0.068849243	0.074009955
409	3	3	0.069939844	0.184504390	0.062497102	0.218016386	0.069337524	0.075199589	0.057973903	0.088603571	0.096431747	0.077495955
410	8	8	0.105205901	0.053549536	0.106220193	0.106204219	0.084580645	0.080238298	0.121764295	0.091810256	0.163042456	0.087384172
411	9	9	0.051522810	0.066643558	0.082623191	0.079630986	0.064773045	0.109855779	0.073986404	0.101021752	0.090783156	0.279159397
412	1	1	0.061272778	0.453985751	0.056972280	0.091738194	0.075668201	0.036288090	0.063587382	0.061175443	0.051884998	0.047426965
413	0	0	0.224583477	0.043810170	0.055118404	0.052659638	0.077157140	0.076470971	0.163928241	0.137274310	0.117101513	0.051896166
414	6	0	0.148645401	0.055325784	0.063499175	0.051475111	0.114509888	0.109063767	0.123783752	0.082050733	0.139716908	0.111929461
415	2	4	0.078158803	0.054961860	0.174135074	0.028241023	0.284488022	0.044710394	0.123054445	0.113818459	0.063965581	0.034466330
416	0	0	0.381002754	0.062832817	0.065164439	0.045813624	0.109961279	0.029766878	0.109455414	0.067225926	0.081927657	0.046849146
417	0	0	0.241516277	0.057380486	0.093604453	0.048498049	0.084451765	0.046414047	0.094784096	0.147611380	0.132869571	0.052869894
418	5	5	0.071329512	0.063213684	0.083646201	0.097446226	0.076521628	0.225508720	0.079780929	0.098267019	0.095600434	0.108685665
419	3	3	0.099893153	0.125082195	0.067533955	0.288024127	0.117370777	0.030221451	0.092562079	0.061774146	0.068013206	0.049524918
420	8	8	0.081917897	0.085289776	0.095038764	0.088990279	0.083616875	0.068843521	0.116721496	0.085477866	0.201224953	0.092878558
421	9	9	0.062470097	0.066004410	0.095564716	0.078774080	0.089820914	0.100760937	0.067859776	0.103475481	0.106293522	0.228975967
422	8	2	0.143121496	0.069393098	0.143204257	0.048161138	0.140206799	0.071801975	0.090385750	0.053918142	0.125512406	0.114294946
423	9	9	0.057664912	0.067187317	0.093727887	0.062364716	0.077399552	0.072848931	0.059613761	0.074116275	0.103625365	0.331451297
424	5	5	0.061734404	0.081197076	0.056570992	0.048432246	0.058998220	0.241101399	0.048796348	0.236303374	0.109131210	0.057734672
425	4	4	0.062504888	0.090902209	0.167083576	0.055137109	0.246652260	0.050725631	0.119118929	0.060129147	0.070966035	0.076780163
426	5	7	0.060142040	0.087239698	0.063647181	0.048199564	0.057089720	0.230707362	0.046615526	0.243433014	0.106482908	0.056442931
427	4	4	0.079313084	0.066840082	0.199200943	0.017117381	0.233714864	0.040595751	0.122824349	0.104624048	0.081634648	0.054134797
428	4	1	0.089028291	0.198597699	0.080652915	0.104638286	0.074971020	0.123822600	0.072505057	0.099001199	0.080418773	0.076364115
429	3	3	0.111653373	0.156896278	0.067068443	0.175935358	0.139328241	0.044094443	0.111867756	0.067576572	0.065150119	0.060429469
430	6	6	0.079774775	0.101433426	0.134718388	0.061904557	0.184273273	0.029097287	0.244417876	0.047406420	0.061097745	0.055876229
431	2	4	0.109766237	0.079863533	0.092040978	0.090115525	0.138085589	0.118897401	0.106876753	0.061622605	0.111782327	0.090949103
432	2	2	0.131721139	0.073076993	0.230013624	0.036167391	0.177149728	0.044733919	0.100342713	0.059481639	0.077182047	0.070130736
433	6	4	0.076938674	0.090686478	0.166789398	0.061611909	0.236992165	0.047834758	0.141413316	0.083941691	0.053110462	0.040681168
434	0	0	0.317203224	0.052710332	0.088516541	0.083577618	0.105025098	0.035926398	0.136222705	0.083812408	0.063661039	0.033344716
435	2	2	0.084409140	0.079140790	0.316825926	0.054801106	0.117914312	0.028382724	0.123199202	0.074918218	0.052812662	0.067595951
436	9	9	0.047432464	0.053963687	0.077315323	0.068118945	0.054542609	0.060770549	0.060293086	0.101578325	0.070129931	0.405855030
437	7	7	0.048549704	0.096223556	0.058165330	0.039863057	0.051520456	0.098808818	0.044902537	0.427915543	0.080753736	0.053297281
438	8	8	0.140977874	0.068754673	0.103099041	0.060620777	0.084057793	0.051711801	0.118885711	0.084402487	0.192031428	0.095458314
439	5	8	0.072179958	0.044680972	0.069383882	0.042419039	0.071825624	0.113348164	0.076668561	0.121600874	0.199861363	0.188031584
440	1	1	0.055620950	0.474158853	0.052686602	0.089954622	0.077708676	0.036761459	0.062667429	0.057344314	0.049106270	0.043990973
441	3	6	0.080914848	0.059172571	0.079928562	0.094891965	0.093953155	0.118028335	0.181745663	0.102471873	0.084672883	0.104220159
442	1	1	0.059087623	0.462394267	0.058236081	0.096901014	0.080162644	0.030496143	0.064802311	0.058505848	0.044440251	0.044973794
443	5	8	0.067315280	0.082666695	0.081804827	0.053689938	0.099367544	0.117560133	0.102097310	0.067162991	0.168955907	0.159379393
444	6	7	0.092801340	0.109457545	0.047554933	0.120095342	0.094575010	0.082599930	0.131932154	0.138372958	0.099164642	0.083446205
445	0	0	0.280504018	0.095365852	0.060789187	0.073279805	0.080955096	0.081156157	0.076414861	0.090260871	0.094292678	0.066981435
446	8	8	0.059722137	0.094100863	0.079891011	0.092845336	0.106814295	0.042810403	0.086792819	0.082877614	0.256526947	0.097618528
447	1	1	0.086662702	0.260480195	0.058733474	0.132479385	0.116060086	0.075297527	0.078078955	0.078538224	0.053613041	0.060056381
448	2	1	0.091941126	0.184230879	0.074629091	0.073659264	0.101721287	0.114231907	0.083248943	0.139886186	0.072970204	0.063481204
449	3	3	0.098241173	0.079314753	0.084947765	0.249236628	0.125140578	0.031415220	0.137131214	0.079936005	0.060109425	0.054527197
450	8	8	0.090901837	0.073882602	0.123058975	0.075671569	0.141356319	0.042576708	0.114230074	0.082637377	0.188745245	0.066939346
451	0	0	0.275486857	0.050322145	0.069561318	0.043806974	0.146943495	0.038498022	0.091970734	0.115936853	0.113612927	0.053860635
452	3	6	0.089445151	0.124739438	0.071324624	0.125532091	0.104165956	0.086166285	0.153401136	0.093825571	0.080647469	0.070752278
453	6	2	0.113305107	0.091153726	0.219801396	0.037834201	0.176960632	0.041752476	0.124716058	0.047669608	0.070745304	0.076061532
454	1	1	0.101183802	0.162036702	0.073242217	0.142753512	0.122567259	0.037669744	0.138767093	0.080795616	0.081762239	0.059221812
455	7	7	0.051918540	0.057852380	0.062484708	0.034202415	0.051783267	0.088704035	0.044369407	0.467362344	0.088386931	0.052935939
456	2	2	0.089702733	0.094622537	0.183098122	0.064505756	0.096881591	0.093695953	0.104251988	0.108782083	0.089330904	0.075128376
457	1	1	0.062860519	0.411890000	0.049770083	0.106205270	0.079944946	0.049128383	0.060003575	0.060546052	0.070576020	0.049075201
458	5	7	0.075296938	0.066797771	0.091210701	0.082182661	0.079501539	0.135367721	0.083117016	0.146249056	0.100643039	0.139633626
459	9	9	0.052329626	0.048988797	0.086103514	0.051695742	0.064020500	0.073850311	0.056615688	0.069469072	0.117760219	0.379166543
460	8	8	0.056682073	0.062900595	0.097754389	0.040935960	0.093605265	0.078910202	0.100398973	0.064716585	0.255129009	0.148966998
461	4	4	0.074350655	0.077266276	0.151325524	0.086165495	0.291886479	0.045016062	0.104710281	0.076989152	0.052738603	0.039551470
462	2	4	0.076585524	0.083817698	0.134083658	0.074694328	0.318460703	0.030701192	0.091059059	0.094355017	0.051544506	0.044698257
463	2	2	0.063583218	0.069939867	0.280324638	0.032082848	0.203017533	0.028872691	0.151689947	0.046073429	0.057743426	0.066672400
464	0	0	0.375489086	0.058691237	0.090732262	0.058320206	0.089234494	0.032546859	0.097062342	0.072406664	0.069671951	0.055844836
465	2	2	0.078856401	0.085398316	0.270999581	0.044686303	0.142526120	0.037093226	0.141319007	0.054886159	0.065768644	0.078466192
466	5	5	0.097214371	0.082155205	0.094062768	0.080201171	0.079704471	0.156572253	0.087893635	0.104876027	0.085916489	0.131403640
467	6	6	0.109924488	0.069837384	0.084923968	0.096234016	0.143714413	0.032699771	0.213883102	0.101160847	0.074530855	0.073091224
468	1	1	0.060153130	0.457973242	0.056243435	0.092953689	0.079504713	0.032650605	0.067315303	0.060209304	0.050935756	0.042060830
469	3	1	0.070591733	0.223565578	0.050664235	0.214691445	0.067817137	0.071426772	0.065505274	0.073129460	0.085084923	0.077523299
470	0	7	0.100017011	0.062599376	0.087845713	0.099765852	0.081042133	0.069286332	0.128214538	0.155931696	0.123629116	0.091668256
471	0	0	0.253350258	0.157608017	0.046747845	0.071919687	0.063412026	0.091615640	0.097571328	0.073959090	0.079783633	0.064032450
472	6	6	0.084540017	0.055748530	0.090516955	0.073377028	0.102448821	0.091301605	0.173576623	0.105833299	0.098800294	0.123856798
473	9	9	0.059937485	0.063274845	0.102022730	0.050447080	0.081188291	0.106377319	0.072332419	0.075940728	0.097179078	0.291300029
474	8	8	0.083385132	0.075388730	0.076320358	0.054309413	0.111026347	0.068726987	0.111013405	0.074819036	0.217123985	0.127886608
475	1	1	0.070196681	0.329110384	0.069957800	0.100898013	0.105055496	0.061966140	0.092774048	0.065832645	0.054007623	0.050201118
476	4	4	0.078113496	0.085311152	0.225015834	0.030008877	0.229932070	0.041330546	0.118852355	0.061210543	0.061805841	0.068419263
477	7	7	0.051431037	0.090848655	0.052456558	0.042540409	0.049997035	0.154986307	0.043378234	0.385528952	0.080451198	0.048381541
478	2	2	0.086671486	0.078328505	0.202503145	0.062887654	0.188556105	0.040724471	0.132871866	0.079988196	0.069752865	0.057715647
479	5	5	0.072320282	0.077234417	0.077198759	0.104278147	0.078757778	0.223632783	0.053121153	0.099875189	0.075611740	0.137969747
480	6	6	0.082012288	0.073685579	0.121105246	0.065802336	0.212861046	0.034799334	0.259638906	0.062817000	0.049060207	0.038218070
481	2	2	0.085558206	0.098740362	0.198267043	0.046769422	0.136488616	0.076136805	0.120123439	0.069383241	0.079287834	0.089245073
482	4	2	0.061524883	0.081499740	0.229667023	0.032588840	0.225986063	0.040330455	0.114457056	0.082173362	0.074466340	0.057306301
483	7	9	0.051566556	0.059604939	0.070468947	0.085244969	0.062926263	0.132595405	0.092817515	0.140329197	0.106979586	0.197466597
484	4	4	0.060725216	0.077953279	0.140131950	0.048454259	0.345068067	0.042381663	0.096199363	0.078210697	0.057961531	0.052914042
485	7	7	0.049642116	0.070291042	0.056684997	0.039734725	0.054625474	0.120814629	0.043476004	0.434149057	0.081503727	0.049078133
486	4	2	0.077444755	0.072113723	0.231489748	0.034778811	0.209546149	0.042268407	0.123552352	0.067451157	0.070944063	0.070410840
487	4	2	0.076442972	0.065725468	0.243520215	0.035014607	0.241106883	0.029022990	0.120648995	0.084197417	0.053747419	0.050572995
488	2	2	0.090544693	0.075454727	0.280532718	0.039331309	0.155958846	0.031174960	0.112040475	0.101528063	0.056615248	0.056818970
489	5	5	0.055886954	0.095631666	0.067720965	0.053979516	0.070531957	0.247009218	0.052983958	0.189025253	0.090637028	0.076593503
490	0	0	0.365050852	0.054676764	0.090441577	0.058843151	0.093355358	0.027328454	0.132576182	0.072515175	0.061388243	0.043824278
491	7	7	0.063455366	0.091380902	0.058166705	0.052246831	0.059840508	0.191308111	0.059990633	0.268328279	0.098719321	0.056563336
492	3	1	0.080732219	0.193575352	0.046597000	0.165104538	0.072369985	0.110308997	0.097986072	0.073698960	0.089209765	0.070417114
493	1	1	0.058034394	0.382062346	0.066371880	0.087593518	0.102076307	0.060742505	0.069212519	0.060447913	0.061149962	0.052308641
494	0	0	0.335564673	0.052018289	0.107207432	0.042070467	0.099468343	0.032855880	0.102255039	0.126552910	0.065855116	0.036151916
495	7	7	0.056337409	0.060299706	0.062371667	0.039882693	0.059962235	0.123933613	0.055959120	0.402592748	0.089890957	0.048769772
496	8	8	0.079467990	0.081209347	0.102401234	0.084022515	0.097839169	0.043601602	0.070454635	0.088578455	0.254315764	0.098109297
497	7	9	0.067354009	0.065611675	0.069174282	0.074403293	0.063850068	0.081331894	0.079857208	0.161585778	0.073118165	0.263713628
498	4	4	0.070645154	0.071276195	0.162601635	0.055183869	0.299898416	0.038773801	0.124814987	0.067338772	0.058885690	0.050581418
499	0	0	0.300134540	0.056573424	0.084200867	0.047603860	0.135294676	0.030045921	0.164495081	0.085694924	0.062013518	0.033943143
500	3	3	0.088170923	0.217445120	0.062045310	0.217816040	0.148495749	0.040545039	0.081090331	0.050519891	0.046541430	0.047330193
501	6	7	0.071183696	0.065098874	0.085241526	0.060082275	0.065769903	0.095318407	0.100306667	0.295550525	0.095269062	0.066179074
502	0	0	0.336719304	0.072248504	0.079017691	0.050038572	0.104405910	0.056725331	0.101561412	0.078253731	0.073579177	0.047450345
503	1	1	0.066741914	0.420765579	0.067791149	0.092533410	0.091767311	0.030275069	0.084822252	0.057910316	0.047010127	0.040382825
504	1	1	0.060468998	0.453755885	0.057723057	0.087085813	0.079830922	0.041995168	0.059045948	0.061183762	0.053736459	0.045173995
505	9	9	0.061069369	0.058096666	0.098654911	0.073675975	0.056580640	0.128561109	0.068829417	0.090992138	0.101379022	0.262160778
506	8	8	0.086543702	0.057566833	0.085068680	0.090250254	0.107633144	0.068967253	0.125904709	0.082526416	0.200258881	0.095280111
507	6	6	0.079761103	0.070931919	0.114848606	0.061788559	0.209274873	0.051152587	0.231174558	0.042402085	0.064859658	0.073806137
508	0	0	0.346328080	0.042285718	0.082447723	0.025779434	0.110813372	0.037113655	0.112433128	0.129391789	0.087079100	0.026327929
509	9	9	0.060770933	0.058430057	0.068078168	0.075566567	0.099436752	0.105044559	0.073751085	0.127903149	0.135849699	0.195169002
510	2	6	0.075490184	0.064063720	0.192900524	0.054777455	0.161188409	0.044546429	0.198000163	0.053175442	0.070850164	0.085007586
511	1	1	0.063558847	0.443675876	0.062131565	0.085686840	0.094116248	0.035420876	0.073074266	0.052869681	0.049098078	0.040367741
512	7	7	0.049275640	0.063791193	0.056031127	0.039137319	0.052338280	0.102893628	0.044944800	0.448346943	0.093840405	0.049400613
513	1	1	0.058372036	0.384604424	0.063001856	0.093947418	0.083665840	0.057085816	0.066661581	0.073555700	0.066144951	0.052960355
514	9	9	0.058316082	0.075061947	0.070182554	0.081073135	0.063518442	0.088025875	0.064010799	0.101601876	0.112475470	0.285733819
515	9	7	0.063835144	0.067372300	0.086939275	0.066628940	0.085226350	0.153523490	0.074447088	0.160943627	0.126195177	0.114888690
516	6	8	0.165810660	0.053200629	0.070991822	0.038097333	0.094096154	0.079611868	0.101163700	0.160626143	0.175470904	0.060930766
517	2	2	0.084561937	0.076814406	0.200990811	0.040168654	0.174824879	0.032793079	0.171957448	0.063123658	0.077864543	0.076900475
518	6	6	0.106227882	0.088965625	0.081838422	0.142714351	0.121956617	0.057018612	0.176283181	0.102580853	0.067735307	0.054679077
519	5	5	0.060776871	0.074173048	0.061487358	0.047793433	0.105227523	0.265948564	0.055590920	0.201910213	0.072058976	0.055033129
520	0	0	0.212836787	0.063441396	0.094468646	0.113601498	0.120636620	0.021329325	0.192648411	0.062870175	0.062637419	0.055529721
521	8	8	0.127767310	0.069526874	0.093825661	0.052855179	0.086533278	0.076717548	0.099812888	0.078834206	0.182346463	0.131780624
522	9	9	0.050228771	0.056288626	0.101809599	0.052477382	0.077819228	0.108618289	0.080886677	0.084869303	0.111798018	0.275204092
523	3	3	0.092641272	0.079023853	0.070712015	0.255870521	0.124380328	0.038768630	0.123560414	0.089961648	0.068792790	0.056288533
524	4	4	0.063253470	0.075359061	0.168403938	0.045817748	0.259538919	0.041028779	0.146744952	0.064549811	0.068950661	0.066352651
525	4	7	0.097664535	0.097165242	0.142074838	0.056277707	0.099329479	0.101342626	0.094392106	0.146684870	0.098163702	0.066904910
526	3	1	0.091072552	0.186986178	0.057153743	0.139041409	0.087415814	0.101049520	0.122655421	0.082899392	0.069063850	0.062662005
527	2	2	0.089783840	0.070978746	0.183735311	0.072061241	0.123390220	0.053909820	0.127275199	0.075370282	0.104125224	0.099370144
528	7	7	0.050931867	0.088523947	0.069125511	0.042190541	0.052885748	0.095749579	0.043535292	0.419576973	0.081462540	0.056017935
529	4	4	0.071069062	0.080753401	0.174588725	0.059026092	0.264659911	0.053737789	0.107902676	0.074489333	0.060908642	0.052864354
530	9	9	0.060402576	0.056257807	0.085460015	0.067197159	0.068152338	0.108602799	0.070197880	0.085950717	0.104801990	0.292976737
531	2	2	0.122324862	0.086864024	0.234380692	0.042729501	0.119560629	0.042654749	0.147214472	0.054865725	0.071691409	0.077713914
532	9	9	0.049974207	0.048380040	0.088521749	0.044275347	0.062161285	0.092599094	0.082955681	0.067147337	0.094097637	0.369887650
533	0	0	0.327808470	0.063605092	0.088849209	0.071431935	0.104316384	0.032533552	0.121499240	0.079147786	0.061408192	0.049400106
534	0	0	0.312104404	0.061807793	0.075231902	0.095082283	0.103450254	0.029351037	0.146871746	0.060601424	0.060024496	0.055474762
535	0	0	0.420278788	0.051742211	0.072567545	0.051376443	0.099601686	0.025801236	0.104750991	0.070798866	0.056114640	0.046967648
536	0	0	0.400055319	0.059072468	0.083026707	0.053358715	0.104691401	0.025012268	0.106228761	0.070150703	0.052924722	0.045478955
537	9	9	0.063412838	0.045407698	0.092840128	0.047842201	0.070521310	0.126858264	0.066731110	0.068896718	0.127453774	0.290035933
538	0	6	0.130157322	0.077982388	0.095034927	0.088278145	0.131055206	0.057006169	0.198126242	0.091307990	0.072786741	0.058264881
539	0	0	0.376930803	0.053889379	0.083953805	0.059426494	0.095447235	0.029723676	0.086372055	0.082452320	0.088547528	0.043256644
540	4	4	0.059000861	0.080530822	0.211960018	0.033428576	0.308209777	0.028939823	0.131664500	0.042676013	0.051277034	0.052312605
541	8	8	0.097363912	0.104766093	0.080107443	0.126355365	0.081418470	0.048307426	0.108975522	0.083674796	0.191154078	0.077876821
542	6	6	0.075593226	0.079210572	0.078480303	0.162223414	0.083819412	0.051235229	0.189232022	0.134287193	0.073833629	0.072084948
543	7	7	0.042403076	0.080204293	0.058204737	0.044792887	0.050680965	0.132014647	0.037156451	0.427362800	0.074258327	0.052921832
544	0	0	0.296346396	0.070617169	0.083131924	0.087000839	0.120022297	0.039144572	0.139815956	0.064159445	0.053982787	0.045778606
545	0	6	0.123535745	0.068824545	0.069764830	0.112189509	0.110802948	0.057760116	0.154405013	0.136727601	0.090052746	0.075936928
546	2	2	0.072768055	0.066659153	0.348471850	0.029496327	0.109016508	0.037729453	0.102805816	0.122852087	0.057655208	0.052545603
547	2	4	0.100872122	0.105616458	0.078543201	0.145442665	0.173286960	0.039318323	0.148913041	0.091895044	0.058415011	0.057697125
548	0	6	0.119398974	0.071673691	0.091260292	0.091515496	0.122396439	0.037556462	0.222014487	0.110918693	0.072794504	0.060470995
549	3	3	0.094552189	0.095580526	0.088747077	0.188255683	0.172791883	0.034443453	0.120562889	0.079269074	0.065645322	0.060151812
550	0	0	0.288223267	0.067368910	0.098087296	0.097133465	0.096053518	0.025049517	0.127847388	0.073941290	0.063456975	0.062838420
551	9	9	0.049804501	0.061263345	0.105028301	0.048081130	0.123020448	0.099312700	0.075612567	0.091852389	0.113377072	0.232647657
552	6	6	0.091020502	0.104825974	0.096876577	0.083214357	0.125131622	0.055244643	0.237788647	0.075421624	0.069340430	0.061135605
553	3	7	0.074131168	0.125158593	0.044683155	0.137603253	0.082508333	0.090463899	0.105982721	0.143643901	0.103228249	0.092596725
554	6	0	0.361960381	0.050979637	0.074420497	0.047126923	0.115913577	0.030735558	0.151292980	0.053125966	0.056980606	0.057463817
555	9	9	0.042470418	0.059065554	0.063456185	0.062359776	0.068785928	0.085261531	0.050599191	0.093530938	0.093671411	0.380799174
556	5	5	0.067056902	0.078112513	0.073230878	0.071402624	0.106371701	0.175793216	0.080502599	0.095194586	0.115328766	0.137006268
557	3	1	0.086485326	0.176091388	0.055637915	0.136654019	0.132907405	0.091851510	0.099722117	0.091567308	0.064261317	0.064821668
558	4	6	0.079945780	0.083800137	0.093905024	0.112960026	0.155117482	0.029168546	0.236700654	0.103039332	0.055576440	0.049786478
559	9	9	0.056249108	0.061980039	0.071691729	0.068760037	0.079797499	0.083635628	0.065485820	0.095308773	0.111019537	0.306071907
560	5	7	0.097339556	0.054145388	0.063783497	0.101397172	0.076441571	0.125300631	0.077607572	0.142893717	0.129554287	0.131536648
561	9	9	0.058734573	0.065656573	0.062665679	0.055626493	0.091054693	0.083658658	0.067042813	0.081678182	0.108905211	0.324977130
562	4	4	0.072593398	0.096480861	0.184121490	0.037201706	0.199428082	0.042474017	0.167320937	0.045155093	0.069109902	0.086114570
563	3	3	0.100626364	0.151176348	0.068188213	0.189867303	0.139941260	0.066877283	0.097184092	0.062518388	0.067264885	0.056355782
564	1	1	0.058650885	0.363624960	0.063593082	0.093439929	0.075266048	0.078721732	0.065769672	0.069497682	0.076620460	0.054815594
565	9	9	0.057039544	0.074039206	0.091741741	0.110341981	0.093631983	0.107052773	0.067506894	0.103279263	0.092981212	0.202385366
566	1	1	0.091876172	0.276805609	0.065955073	0.091384739	0.136551455	0.054724287	0.107948966	0.067279540	0.050080769	0.057393413
567	7	7	0.048139200	0.071785681	0.053125340	0.040913995	0.050951514	0.118311256	0.047170963	0.443337739	0.073579513	0.052684810
568	5	7	0.061901581	0.053505730	0.069306143	0.049405996	0.059693974	0.140906319	0.086284660	0.229652733	0.129371166	0.119971730
569	1	1	0.079553306	0.338452339	0.055155672	0.092890203	0.101644076	0.044021674	0.108859614	0.068063132	0.060343258	0.051016729
570	4	4	0.058108799	0.059965558	0.213385969	0.019296935	0.338516444	0.034577549	0.117321745	0.055786218	0.055986740	0.047054037
571	9	9	0.057129931	0.073415034	0.092103586	0.056028847	0.076596133	0.074370891	0.080142014	0.106504582	0.115208842	0.268500179
572	8	8	0.083570078	0.121894598	0.068843879	0.103228852	0.068760544	0.100960061	0.075112224	0.093954809	0.199815214	0.083859786
573	0	0	0.341887176	0.057185810	0.060475800	0.054892518	0.107604317	0.029757615	0.127229720	0.054020081	0.088650651	0.078296237
574	9	9	0.042521968	0.042157557	0.104122706	0.044462796	0.048575893	0.067417718	0.060713690	0.059614897	0.094403706	0.436009079
575	2	2	0.073723532	0.078285381	0.212948844	0.044943593	0.196295530	0.027962040	0.164264858	0.062494840	0.060401041	0.078680314
576	1	1	0.101868592	0.304677129	0.056120377	0.101160489	0.096494704	0.062636063	0.102188170	0.071144924	0.053396065	0.050313428
577	9	9	0.067977265	0.067464784	0.096069485	0.066449806	0.073485084	0.127074301	0.070955776	0.087789282	0.106790535	0.235943720
578	7	7	0.052566249	0.067345612	0.052619386	0.041098170	0.056761153	0.115155056	0.061484221	0.418252796	0.079982616	0.054734763
579	5	7	0.054793321	0.092341781	0.066007271	0.048943680	0.052932695	0.199965879	0.042112045	0.283517241	0.103408255	0.055977907
580	0	0	0.373072326	0.058904592	0.090667404	0.069393158	0.086071037	0.030151892	0.093255453	0.073038414	0.066471525	0.058974233
581	7	7	0.066590123	0.070844069	0.081682831	0.068480782	0.070383012	0.130958676	0.078943469	0.180475205	0.109623767	0.142018005
582	8	7	0.131798223	0.052194625	0.059625365	0.024206903	0.085246116	0.074100897	0.098174833	0.229164511	0.167305604	0.078182884
583	6	4	0.089854322	0.067865714	0.133310005	0.061059903	0.161504373	0.058248162	0.138657704	0.076721102	0.103960276	0.108818397
584	6	6	0.086888239	0.104896873	0.176994815	0.065327719	0.149200544	0.035561316	0.214772776	0.056971610	0.058027402	0.051358700
585	8	0	0.204424754	0.051447548	0.065917373	0.027532382	0.106669769	0.074313268	0.100808896	0.129263267	0.141246766	0.098376021
586	4	4	0.087207533	0.073422812	0.149464652	0.100111917	0.218056858	0.047987245	0.153233841	0.068152428	0.054636620	0.047726184
587	2	2	0.085596472	0.089940749	0.290743291	0.044245012	0.130902663	0.034696594	0.125773862	0.056969386	0.062273543	0.078858465
588	5	5	0.064671144	0.065352194	0.072231755	0.062727541	0.108465180	0.229889572	0.068489634	0.090247750	0.085111238	0.152813986
589	4	4	0.070543766	0.081589058	0.163663805	0.048975375	0.289583117	0.043701701	0.104524113	0.071993597	0.062722452	0.062702931
590	9	9	0.065032981	0.068347074	0.072719641	0.077690467	0.083782241	0.129013196	0.058364667	0.132472992	0.138705328	0.173871383
591	6	6	0.085293293	0.154388770	0.085208990	0.117722429	0.152761012	0.059509125	0.178485587	0.066638373	0.050823327	0.049169019
592	4	1	0.075465158	0.213726550	0.059623342	0.129223049	0.102771185	0.086763509	0.092225686	0.092352949	0.081093043	0.066755466
593	3	6	0.094271816	0.106287256	0.071053296	0.151732162	0.158450887	0.029405730	0.166592896	0.094559945	0.074007288	0.053638678
594	9	9	0.064470425	0.055403918	0.105704479	0.046411805	0.077946424	0.113022476	0.084362611	0.064447030	0.113930881	0.274299890
595	1	1	0.072083123	0.398097008	0.062692210	0.098214798	0.089103319	0.042826101	0.068282574	0.063927859	0.054460078	0.050312936
596	9	9	0.094531558	0.070223108	0.060627166	0.093298800	0.103030309	0.091640875	0.094225354	0.106053069	0.139569953	0.146799773
597	7	7	0.046238173	0.062713347	0.063804656	0.036168553	0.053797401	0.081973910	0.049264681	0.482508779	0.074172527	0.049357958
598	2	2	0.073805697	0.073830284	0.209795192	0.064020142	0.146692678	0.071534596	0.127180368	0.049049109	0.076205947	0.107885912
599	6	6	0.087359495	0.085983932	0.128331795	0.077109866	0.115824983	0.050101072	0.225552455	0.069031686	0.081930898	0.078773811
600	4	4	0.063607402	0.056768995	0.190998584	0.027252868	0.303779483	0.032915033	0.141793638	0.062207781	0.065863371	0.054812856
601	2	2	0.081786200	0.096516639	0.288687825	0.056167517	0.142548576	0.031279039	0.117908046	0.062292688	0.058628716	0.064184695
602	6	2	0.078945816	0.070999637	0.329245806	0.038884051	0.134764016	0.029497355	0.140479565	0.054616943	0.054012243	0.068554513
603	2	4	0.091740906	0.077967331	0.164144412	0.060322862	0.221339345	0.036457527	0.151136220	0.096078865	0.063705318	0.037107132
604	5	5	0.059879735	0.086487971	0.052421283	0.071663558	0.075320892	0.270683616	0.070880808	0.155985489	0.082484096	0.074192494
605	1	1	0.056789599	0.487184674	0.054124016	0.092155948	0.073358841	0.027866527	0.065567911	0.052351944	0.048252698	0.042347766
606	6	4	0.063209563	0.074399993	0.152712271	0.040801048	0.297308296	0.034468833	0.135171771	0.055669259	0.077806666	0.068452373
607	0	0	0.175407335	0.067620091	0.076933816	0.054380387	0.075274184	0.073289953	0.115849435	0.105619445	0.131656453	0.123968855
608	5	5	0.062033400	0.053549916	0.066378161	0.063807443	0.078213789	0.262582600	0.073056586	0.129370719	0.111493908	0.099513441
609	4	4	0.067609660	0.074406147	0.184267864	0.039980523	0.249788880	0.035956558	0.165164068	0.059567597	0.058657464	0.064601228
610	5	5	0.053273823	0.100931689	0.052160524	0.044049568	0.058513347	0.252631664	0.050547432	0.246147513	0.088331595	0.053412873
611	1	1	0.092266843	0.228500083	0.056233391	0.113491312	0.117704369	0.062351994	0.140686050	0.085582845	0.056046803	0.047136374
612	7	7	0.074473880	0.074723817	0.087798968	0.082470924	0.077468127	0.098702371	0.073081911	0.192259192	0.084312484	0.154708266
613	1	6	0.093205139	0.105415523	0.083237760	0.126516089	0.124466240	0.038936209	0.196055874	0.110993527	0.060904432	0.060269162
614	1	1	0.101486072	0.263177723	0.072685599	0.107237361	0.128339618	0.052917365	0.101808667	0.067365244	0.053736117	0.051246308
615	4	6	0.079372466	0.069527701	0.149590239	0.039391171	0.204924121	0.041858386	0.212859601	0.044643912	0.069535755	0.088296585
616	6	6	0.085770294	0.086260498	0.133087635	0.078081816	0.198155209	0.034935575	0.211275995	0.075488396	0.055441979	0.041502580
617	2	4	0.092070989	0.086617671	0.121023424	0.111848123	0.172922403	0.085581645	0.104642130	0.085720696	0.073046379	0.066526599
618	8	8	0.067704581	0.055707414	0.077072419	0.071949318	0.074074075	0.116589338	0.071885824	0.068327665	0.269408762	0.127280608
619	3	3	0.078634083	0.188564628	0.053819735	0.198695138	0.070843101	0.110204577	0.068982877	0.082670823	0.068428658	0.079156421
620	3	3	0.082039922	0.100064777	0.057909817	0.140254736	0.125017107	0.072252505	0.121743843	0.131213665	0.086337380	0.083166234
621	7	9	0.063901938	0.070010051	0.083096355	0.071207270	0.069058992	0.107803524	0.073533833	0.141280487	0.097683989	0.222423598
622	7	9	0.070884719	0.067742318	0.072928816	0.071230888	0.101856165	0.110845849	0.076507024	0.116350614	0.100938216	0.210715443
623	8	8	0.153769448	0.057635032	0.074623711	0.022220856	0.075998217	0.087193690	0.075864024	0.116690800	0.248576984	0.087427318
624	2	2	0.078250006	0.087169394	0.181327373	0.085871056	0.109410942	0.073576860	0.137204140	0.091257766	0.072050437	0.083882056
625	8	7	0.132130429	0.066397905	0.084733412	0.024490459	0.066814132	0.074232593	0.071827389	0.206516504	0.181459233	0.091397919
626	0	0	0.385482013	0.057353761	0.090438806	0.051292371	0.092544444	0.038406178	0.083790250	0.096421704	0.064863764	0.039406721
627	5	7	0.049037132	0.073386721	0.062603623	0.043395445	0.058353998	0.169731140	0.047121741	0.355047792	0.087267816	0.054054625
628	0	6	0.089230545	0.074477457	0.134261474	0.097778082	0.123965055	0.058474015	0.159749568	0.129780695	0.074634545	0.057648562
629	0	0	0.177787319	0.066373877	0.087609783	0.050275199	0.081219360	0.107660666	0.097253568	0.109259881	0.144284323	0.078276008
630	9	9	0.053514872	0.070634075	0.093119994	0.051489253	0.073798805	0.092264913	0.060014799	0.062236968	0.118220538	0.324705780
631	2	6	0.098086357	0.067076184	0.180401266	0.037539374	0.121643521	0.059148256	0.194986105	0.060868058	0.093203783	0.087047160
632	2	4	0.087535165	0.081529818	0.143061876	0.063033216	0.219325334	0.065559208	0.132568762	0.097705267	0.065542176	0.044139206
633	5	7	0.058418978	0.063263178	0.057003424	0.032578714	0.055932201	0.165833980	0.052910894	0.344321966	0.111120678	0.058615960
634	0	0	0.323406070	0.063597165	0.078268945	0.044579990	0.055696398	0.074860141	0.080247171	0.123028360	0.104166150	0.052149553
635	0	0	0.388831258	0.051515426	0.086793385	0.057274655	0.099894680	0.034248777	0.088765956	0.074028037	0.063256696	0.055391103
636	7	7	0.046311792	0.055800665	0.047453500	0.040150817	0.046652935	0.088191248	0.044690937	0.505228221	0.068463124	0.057056781
637	7	7	0.050451510	0.058285393	0.057089612	0.037900031	0.059234280	0.107487611	0.054543730	0.430532664	0.089937881	0.054537248
638	3	3	0.114079788	0.111691050	0.075514294	0.240408495	0.144479349	0.036036372	0.102389343	0.057469759	0.069220789	0.048710812
639	1	1	0.085142419	0.268729597	0.055591401	0.109083481	0.110711537	0.071452878	0.102020636	0.080882162	0.060133792	0.056252122
640	3	1	0.083055802	0.185740218	0.047632378	0.177528426	0.104308113	0.071435347	0.100131847	0.101103999	0.066100217	0.062963568
641	7	7	0.054602332	0.048362926	0.064096585	0.043119989	0.056971189	0.104779363	0.061861075	0.428839386	0.086362995	0.051004201
642	5	5	0.057759661	0.073701248	0.087218449	0.062487356	0.078876980	0.234285027	0.062594339	0.172709838	0.092411600	0.077955417
643	2	6	0.133110434	0.062420815	0.106150933	0.039052811	0.132695332	0.071075805	0.172557771	0.069044761	0.095845312	0.118046075
644	2	4	0.084925644	0.085199274	0.141539693	0.056900498	0.248248622	0.059918098	0.098533824	0.103341423	0.068767384	0.052625511
645	2	2	0.095293321	0.082689486	0.237789810	0.061580651	0.109425858	0.060355589	0.121785253	0.099440493	0.077925354	0.053714320
646	4	4	0.069843873	0.066274397	0.154017985	0.039366703	0.252191752	0.039629780	0.152493238	0.067423724	0.087662756	0.071095780
647	3	3	0.092055857	0.120148674	0.079176180	0.179622740	0.162466750	0.063759200	0.110702194	0.077130251	0.062185995	0.052752186
648	7	7	0.049065799	0.068596624	0.076204658	0.045305401	0.056419849	0.096742384	0.052885383	0.406433851	0.090776920	0.057569094
649	6	0	0.296473056	0.056209005	0.060983323	0.115573175	0.085337326	0.018525386	0.163447380	0.088130914	0.054538772	0.060781673
650	2	6	0.099470727	0.086218856	0.169367000	0.106388271	0.100613169	0.053130213	0.172994539	0.066011965	0.068187080	0.077618189
651	8	1	0.072386779	0.202824578	0.051922858	0.137552857	0.073070772	0.140865177	0.073810063	0.074358463	0.085516237	0.087692246
652	0	1	0.118130952	0.147836402	0.097404063	0.101874053	0.131419897	0.076389350	0.130293846	0.069043845	0.062685661	0.064921953
653	1	1	0.092271917	0.258831590	0.056153480	0.127162054	0.114921004	0.050625391	0.102137864	0.079691894	0.061860316	0.056344517
654	4	4	0.064239070	0.074268952	0.163109407	0.031671189	0.276552439	0.044162437	0.128214628	0.061090540	0.080310866	0.076380521
655	1	1	0.085734963	0.294768423	0.049164247	0.167943552	0.098969996	0.047026724	0.076732263	0.065991916	0.059291001	0.054376874
656	1	1	0.064859755	0.384907126	0.051929157	0.105081707	0.081665359	0.051127095	0.067746267	0.070472457	0.068492055	0.053719014
657	5	5	0.072419696	0.079481862	0.086721785	0.128104851	0.064913608	0.182994530	0.079450168	0.097882181	0.099247895	0.108783409
658	7	7	0.050367527	0.056710694	0.047395375	0.037560154	0.062919639	0.099037036	0.046237245	0.452649742	0.083286799	0.063835785
659	9	9	0.051855218	0.062445544	0.099134602	0.059575424	0.069992401	0.075135514	0.074701853	0.094331391	0.098023981	0.314804047
660	5	4	0.072039448	0.073491737	0.086580187	0.056349348	0.185706928	0.130352944	0.080642812	0.076179937	0.100015894	0.138640717
661	9	9	0.050892252	0.053184468	0.072441600	0.061244048	0.082167946	0.081203483	0.070164770	0.095362708	0.103779145	0.329559594
662	2	2	0.084246039	0.078642905	0.285108477	0.032854676	0.155720368	0.036915164	0.131769478	0.070753656	0.070090383	0.053898830
663	6	6	0.099436246	0.096107230	0.081163280	0.108950600	0.105044618	0.081919596	0.148409829	0.116196290	0.085837513	0.076934800
664	8	8	0.065061055	0.068331800	0.090455167	0.039947659	0.127519757	0.074563198	0.071362868	0.065566108	0.248823389	0.148368999
665	5	9	0.064212188	0.071383163	0.076391332	0.088663444	0.066265598	0.143956318	0.080833241	0.118656740	0.133097589	0.156540394
666	5	7	0.078156941	0.059180789	0.076518476	0.043560486	0.077370048	0.157790750	0.105567880	0.183849528	0.128348559	0.089656636
667	7	7	0.053932648	0.065414615	0.078433484	0.038323838	0.059823941	0.083898418	0.064590909	0.391285837	0.104395874	0.059900496
668	5	5	0.062655888	0.119035937	0.048340753	0.063067898	0.069592617	0.284038186	0.046710461	0.155759200	0.091127649	0.059671473
669	7	7	0.056306541	0.073944181	0.070049278	0.045888402	0.060272012	0.112934172	0.055867862	0.361732185	0.107305549	0.055699699
670	5	5	0.064066492	0.087032720	0.070528544	0.064559042	0.081204593	0.219293907	0.055726510	0.166783601	0.100533381	0.090271182
671	3	3	0.088295653	0.190865755	0.039978590	0.191486433	0.113694206	0.052196302	0.120118499	0.085425682	0.061159071	0.056779724
672	6	6	0.076853424	0.119205557	0.097185969	0.093299866	0.163501874	0.049314450	0.230081365	0.063711420	0.049765166	0.057080951
673	8	8	0.069162019	0.073532000	0.111860141	0.053719595	0.095102772	0.061607420	0.093160756	0.081789635	0.248835847	0.111229762
674	1	1	0.059394445	0.455826253	0.053334221	0.101933964	0.075059220	0.032184992	0.065544419	0.059388429	0.054198295	0.043135799
675	5	7	0.053383637	0.079588756	0.064214841	0.040349260	0.056589376	0.213293210	0.048429411	0.290161639	0.094720587	0.059269290
676	6	3	0.078843512	0.115647160	0.065395214	0.155330628	0.096316554	0.119109623	0.085270427	0.120809443	0.080824435	0.082453012
677	5	7	0.052440546	0.082359448	0.055947121	0.039431129	0.053867839	0.241187468	0.048084967	0.271203846	0.099449106	0.056028597
678	9	9	0.055363551	0.055441510	0.083047323	0.031965189	0.062936150	0.083928138	0.066816114	0.073259197	0.100649551	0.386593252
679	9	9	0.052670274	0.069565557	0.075612880	0.065062515	0.055508759	0.072926022	0.059129875	0.118296869	0.096569233	0.334658027
680	3	3	0.106567353	0.116875619	0.082265772	0.189020410	0.135494605	0.048805334	0.109308749	0.079816498	0.066935435	0.064910173
681	3	3	0.094523452	0.119203717	0.053821344	0.155568987	0.091221333	0.061537877	0.117793247	0.151163086	0.083943859	0.071223080
682	7	7	0.051978152	0.074332915	0.049764406	0.048354499	0.054661848	0.139852926	0.046575632	0.392430544	0.089681551	0.052367426
683	6	4	0.078761674	0.073484689	0.159791842	0.047044627	0.241905078	0.043484803	0.146317333	0.102091156	0.061910491	0.045208376
684	4	4	0.075568423	0.070661545	0.129679590	0.058378167	0.303133100	0.034816377	0.139584810	0.070184879	0.064110629	0.053882528
685	0	0	0.280997038	0.064857014	0.089430600	0.055281833	0.075032063	0.073474251	0.089592762	0.124417365	0.089206584	0.057710417
686	3	4	0.105175599	0.173850879	0.056533959	0.153432235	0.182176113	0.047525521	0.113818578	0.064881995	0.052075792	0.050529309
687	0	3	0.116427951	0.147215471	0.086942501	0.169360220	0.137717843	0.043578614	0.106979027	0.067101225	0.071913928	0.052763209
688	3	1	0.086856522	0.175752327	0.052364510	0.170476288	0.077630788	0.078729101	0.107679591	0.111132100	0.065637045	0.073741622
689	5	5	0.055275239	0.069406569	0.064896643	0.057958093	0.082201883	0.188818097	0.079399474	0.109318048	0.125816897	0.166909024
690	1	1	0.067013972	0.400731325	0.064026274	0.097473860	0.082345277	0.042921096	0.068879783	0.059593577	0.063825458	0.053189322
691	6	6	0.105337925	0.101420954	0.158699870	0.078661762	0.119572543	0.048198488	0.205214694	0.061130639	0.064853154	0.056910034
692	1	1	0.056590766	0.470589757	0.056665126	0.093587533	0.078599602	0.033644445	0.065000452	0.055938821	0.049287152	0.040096316
693	3	3	0.093726039	0.179393455	0.060420014	0.249985695	0.119616218	0.051950522	0.091918074	0.065149046	0.042226069	0.045614909
694	7	7	0.047763165	0.093989715	0.060558684	0.048994035	0.052520961	0.161786735	0.044573650	0.346624732	0.086621299	0.056566983
695	2	2	0.086866587	0.072985612	0.168420851	0.059152313	0.103627875	0.074637130	0.155881613	0.152890384	0.067611054	0.057926565
696	8	8	0.071290806	0.096712552	0.107679673	0.052018773	0.078811750	0.031322904	0.081773989	0.109699145	0.271635354	0.099055037
697	0	6	0.092675887	0.087256663	0.112323567	0.080184698	0.188904777	0.027862391	0.235821798	0.062424287	0.070394628	0.042151220
698	5	9	0.071779594	0.069302000	0.096207969	0.092513584	0.058087319	0.152087688	0.073249631	0.121684238	0.097621694	0.167466283
699	3	6	0.081684493	0.150691733	0.061426893	0.108834445	0.137209892	0.056089435	0.169091091	0.115096152	0.059071563	0.060804289
700	8	8	0.063865378	0.058931977	0.092520572	0.033224668	0.066901162	0.084373966	0.085623443	0.100669444	0.279652774	0.134236634
701	8	8	0.056023713	0.071989961	0.089210160	0.101918526	0.120760426	0.110646456	0.093212187	0.086204082	0.157550931	0.112483583
702	6	6	0.091555208	0.076488048	0.106784701	0.086232074	0.075815111	0.079050519	0.213278905	0.078412600	0.090766661	0.101616174
703	6	4	0.089753367	0.075306736	0.163087368	0.052983020	0.197011322	0.035883069	0.169020027	0.104646213	0.058415066	0.053893868
704	9	9	0.047513947	0.066549018	0.080034263	0.064728156	0.061292548	0.074988678	0.060516261	0.097982906	0.092816629	0.353577554
705	4	4	0.090390012	0.099854723	0.069128782	0.129494056	0.251812100	0.031148139	0.135290459	0.072542325	0.067891471	0.052447971
706	7	7	0.048664134	0.054740768	0.053730324	0.035404459	0.052862681	0.123412028	0.061449084	0.413347483	0.099680014	0.056708984
707	9	9	0.055344597	0.062903285	0.089385897	0.110475563	0.065791890	0.109955557	0.071623735	0.100007929	0.105685279	0.228826314
708	4	4	0.060754336	0.067966558	0.172434777	0.032762971	0.340229690	0.037183888	0.115133807	0.063815460	0.060516849	0.049201652
709	7	7	0.054906394	0.067533024	0.056779146	0.037753809	0.054317560	0.105596893	0.047767077	0.416291118	0.100797586	0.058257375
710	3	1	0.078363940	0.211409837	0.056321945	0.208697930	0.099599026	0.065789565	0.069198973	0.082282580	0.067315333	0.061020855
711	9	9	0.056970142	0.061234266	0.100780919	0.085615702	0.076968774	0.078645542	0.091457300	0.088936135	0.103875570	0.255515605
712	7	7	0.047865920	0.069106415	0.063149713	0.039052658	0.049628865	0.092316821	0.046552230	0.448171556	0.088866219	0.055289559
713	4	6	0.096947491	0.056335602	0.062321521	0.071352161	0.177680179	0.049553011	0.279158145	0.076670341	0.072889037	0.057092506
714	3	3	0.113377795	0.096194603	0.081920490	0.260501176	0.109156691	0.021658482	0.104904264	0.088922493	0.073217742	0.050146345
715	3	3	0.100774951	0.186280355	0.058243118	0.225804642	0.138367727	0.045448504	0.085142806	0.054537728	0.053682242	0.051717967
716	9	9	0.049134944	0.062829673	0.068062909	0.052974649	0.069483556	0.073586434	0.066764958	0.098375276	0.116959922	0.341827631
717	2	4	0.087142952	0.071102001	0.115123853	0.077601634	0.254213214	0.046222050	0.149715722	0.080923423	0.066178948	0.051776290
718	4	6	0.094193451	0.078772038	0.069815367	0.117549434	0.156012937	0.030919405	0.257701963	0.087670170	0.060561668	0.046803538
719	0	0	0.226994082	0.119008407	0.059193578	0.096871182	0.078788787	0.061968174	0.122542523	0.085496239	0.086321682	0.062815271
720	9	9	0.061682813	0.054123286	0.125767693	0.059734359	0.104871161	0.089211762	0.068268232	0.088003345	0.113530293	0.234807000
721	5	9	0.075185537	0.058388628	0.101592645	0.055249270	0.091900423	0.135601833	0.069341496	0.116294019	0.119929016	0.176517174
722	8	8	0.102386959	0.079934150	0.054113798	0.111757800	0.066673033	0.106619604	0.084523357	0.091046751	0.208559737	0.094384886
723	8	8	0.067594580	0.083537355	0.082960330	0.039738491	0.091678500	0.068990976	0.075180247	0.058545936	0.239020094	0.192753479
724	3	3	0.102294743	0.093148895	0.128973484	0.169682458	0.150092795	0.030954437	0.150152802	0.063135244	0.058109235	0.053455926
725	3	4	0.098802052	0.069041647	0.099239558	0.120433874	0.221241459	0.033387844	0.130146503	0.112775289	0.064253226	0.050678540
726	4	4	0.063807651	0.074400038	0.214958638	0.028838899	0.228909507	0.047096573	0.133522660	0.078661159	0.072647654	0.057157144
727	7	7	0.061166570	0.063458852	0.056305315	0.043468583	0.056844935	0.092770942	0.062603295	0.346069604	0.124532789	0.092779100
728	3	3	0.099983424	0.134119153	0.063885346	0.225533754	0.147015408	0.043157235	0.116067074	0.058623020	0.056977358	0.054638252
729	0	0	0.261439919	0.079594918	0.090716571	0.079861879	0.123083748	0.029976562	0.111288093	0.079454713	0.075556725	0.069026865
730	9	9	0.058065310	0.050720569	0.131214947	0.036413740	0.080903500	0.100490004	0.071871862	0.070871495	0.126865551	0.272583038
731	7	9	0.065313973	0.072573192	0.102591366	0.063630156	0.073984042	0.093416013	0.061605956	0.084896237	0.098661765	0.283327311
732	6	2	0.090500161	0.094755732	0.194965303	0.093437240	0.070343897	0.091807224	0.108733393	0.091383725	0.087029696	0.077043608
733	7	7	0.052912224	0.057328671	0.060666040	0.039645545	0.054964595	0.092281573	0.053725623	0.440070629	0.088234760	0.060170349
734	8	8	0.065865971	0.062140398	0.091487534	0.062959127	0.083001979	0.081867807	0.094735362	0.087102421	0.278674126	0.092165194
735	9	9	0.059276666	0.046714954	0.109730393	0.051369641	0.078693628	0.111768879	0.064911708	0.074544594	0.115265898	0.287723631
736	5	5	0.054544974	0.076720104	0.059467413	0.046103295	0.066237420	0.244210288	0.052090954	0.217657104	0.105604999	0.077363536
737	0	0	0.372108459	0.056999516	0.107549466	0.050305475	0.118115529	0.023998428	0.093409546	0.074011885	0.057968877	0.045532804
738	2	2	0.088390425	0.064869069	0.302481383	0.046489224	0.160272434	0.033463072	0.131868273	0.050391968	0.048200872	0.073573254
739	3	3	0.099366732	0.152746886	0.069335490	0.236470893	0.113304444	0.039923545	0.102809422	0.085223749	0.054776732	0.046042170
740	3	4	0.101713546	0.075362287	0.110384144	0.148681909	0.219488293	0.033883709	0.118377104	0.064478561	0.068888225	0.058742169
741	6	6	0.191715553	0.074158341	0.062630512	0.073634900	0.103083052	0.062897459	0.221597478	0.065275580	0.101714939	0.043292142
742	1	1	0.080056287	0.271159500	0.058260340	0.101269692	0.112314060	0.063039348	0.118144356	0.071915910	0.072085746	0.051754672
743	6	6	0.099306002	0.102205902	0.059686478	0.142800644	0.144568682	0.046090968	0.150127694	0.131579131	0.063790195	0.059844270
744	9	9	0.048957601	0.052112680	0.104862906	0.042860489	0.064329974	0.076623060	0.079543874	0.063339457	0.099711739	0.367658138
745	4	4	0.052888803	0.063254304	0.130128697	0.045949090	0.426843435	0.040432770	0.089088507	0.071731918	0.041218519	0.038463969
746	8	8	0.169359237	0.068965904	0.072488032	0.020951744	0.086405046	0.070247322	0.089306928	0.106135443	0.213853255	0.102287017
747	0	0	0.240252018	0.056673896	0.068822749	0.069147997	0.125368327	0.038173787	0.206750616	0.085223891	0.057155289	0.052431468
748	0	0	0.413293391	0.052220799	0.062936090	0.051293541	0.108337976	0.022333674	0.123764805	0.067413203	0.050512843	0.047893737
749	9	9	0.058821298	0.070033886	0.071971200	0.069276974	0.077822715	0.093315527	0.088449903	0.096652254	0.075251915	0.298404396
750	0	0	0.296203583	0.057060603	0.065497644	0.048086025	0.082465135	0.081172816	0.095836692	0.097195216	0.115689136	0.060793258
751	8	1	0.067384735	0.203914151	0.057282396	0.072096042	0.157808140	0.092879884	0.078602903	0.103677385	0.081726491	0.084627844
752	3	3	0.081399262	0.194393799	0.052968986	0.194816306	0.074562497	0.089734845	0.081621386	0.091529630	0.068266727	0.070706598
753	9	9	0.076388769	0.071818016	0.115138665	0.061752804	0.105038270	0.101320304	0.077280708	0.076558545	0.109144181	0.205559701
754	2	4	0.096400537	0.091116562	0.160107732	0.074118167	0.238596335	0.035202812	0.111640073	0.082088135	0.057044677	0.053684980
755	2	6	0.097240232	0.052521922	0.102469213	0.090003207	0.086850844	0.049195703	0.267421484	0.115044251	0.061327636	0.077925436
756	0	6	0.093176641	0.129199326	0.061072107	0.120252974	0.111895017	0.061030794	0.174163312	0.133510545	0.060281977	0.055417363
757	8	8	0.081989311	0.079219460	0.126589149	0.048159331	0.100714378	0.032664932	0.100807548	0.127248943	0.225740343	0.076866604
758	5	9	0.062563397	0.054551918	0.092917599	0.066033632	0.117908835	0.135113120	0.136759654	0.074444540	0.106487125	0.153220192
759	7	7	0.051085934	0.090001456	0.068712443	0.045770500	0.055745747	0.101501361	0.052613534	0.376847565	0.096182965	0.061538372
760	1	1	0.069944136	0.419336259	0.057358973	0.108683966	0.090919316	0.025543999	0.077977672	0.059002697	0.048586193	0.042646781
761	2	2	0.087164730	0.088045441	0.186761782	0.061089855	0.176771536	0.032138884	0.166065007	0.062795393	0.069452673	0.069714606
762	9	9	0.047058299	0.068291448	0.072271191	0.078942508	0.058907282	0.102407254	0.054480817	0.094804339	0.123065382	0.299771458
763	5	5	0.058471978	0.084414572	0.062569693	0.049883008	0.059724536	0.243271858	0.049431592	0.221305624	0.111102246	0.059824865
764	8	8	0.146434292	0.053200964	0.090010449	0.035701219	0.064399607	0.073768303	0.073867254	0.136299938	0.240052789	0.086265251
765	8	8	0.066459268	0.078609087	0.076362260	0.059950095	0.056329805	0.033874772	0.072450735	0.077820122	0.374437302	0.103706546
766	5	5	0.070707619	0.075347804	0.076416902	0.086405508	0.116712518	0.177697539	0.075308427	0.100604936	0.086138740	0.134660065
767	8	6	0.085398085	0.068012446	0.130395174	0.080844581	0.090227120	0.051579088	0.165803373	0.103555232	0.150264457	0.073920459
768	6	7	0.089606971	0.085820153	0.122162305	0.076510653	0.096380845	0.049417455	0.126481563	0.138279736	0.137158856	0.078181490
769	4	2	0.089442499	0.101382576	0.172250167	0.087564640	0.124202520	0.066063851	0.122956872	0.076333888	0.071632124	0.088170938
770	4	6	0.077708669	0.066048138	0.089428745	0.108225949	0.091893263	0.054731831	0.204416797	0.128797099	0.103638530	0.075110935
771	1	1	0.081773743	0.254159451	0.052318338	0.095610648	0.165728807	0.061403699	0.106420346	0.066787466	0.061868787	0.053928692
772	4	4	0.070163697	0.094861820	0.179508567	0.048139371	0.226733848	0.047926072	0.158118948	0.044635382	0.063147873	0.066764459
773	7	7	0.048203755	0.084295362	0.057293650	0.039161224	0.049568426	0.094111018	0.043450478	0.446476907	0.081605703	0.055833437
774	2	6	0.078501366	0.097361386	0.091779172	0.115511037	0.093953341	0.076076053	0.139758244	0.126737952	0.082451053	0.097870380
775	9	9	0.060346548	0.055836715	0.098239645	0.066640109	0.121185370	0.099878564	0.098132327	0.076616220	0.107443996	0.215680450
776	5	5	0.076295987	0.087298751	0.075601362	0.082793474	0.102045298	0.163280547	0.082823560	0.096895978	0.106320962	0.126644120
777	6	6	0.085528441	0.088505119	0.144066006	0.058478989	0.144698516	0.033540811	0.246072084	0.043350101	0.067146450	0.088613451
778	7	7	0.068527289	0.079268701	0.084385693	0.060366180	0.063920744	0.091834359	0.066353247	0.300534904	0.067350231	0.117458746
779	4	2	0.079182535	0.096269220	0.246639267	0.045433208	0.135847971	0.029750893	0.152104646	0.053700414	0.068466462	0.092605367
780	7	7	0.054538723	0.093286678	0.063797012	0.042565085	0.059324756	0.144685566	0.045598675	0.363217533	0.078727491	0.054258432
781	9	9	0.054738712	0.057362761	0.060933676	0.051101997	0.055307303	0.102660991	0.054895315	0.101203859	0.073708057	0.388087302
782	8	8	0.069568396	0.078746296	0.096917272	0.058945589	0.150681287	0.062141985	0.120350979	0.070440613	0.170081511	0.122126028
783	9	9	0.055803809	0.055304784	0.086830579	0.059549157	0.061676089	0.122939341	0.074343614	0.083328843	0.096806861	0.303416938
784	3	2	0.087837264	0.085115187	0.172739044	0.063153587	0.157273218	0.029770279	0.155074373	0.126346782	0.081505023	0.041185234
785	3	3	0.076925181	0.159869999	0.059657972	0.239683613	0.093753062	0.068923876	0.069258414	0.103321642	0.069782928	0.058823276
786	2	2	0.082762875	0.081991501	0.304564625	0.039899148	0.137744784	0.032308247	0.129526496	0.070197210	0.053643968	0.067361161
787	5	5	0.057640463	0.127372220	0.056272194	0.063020594	0.073686488	0.247737646	0.052536443	0.186350301	0.069322847	0.066060908
788	0	0	0.390464306	0.057371959	0.077505812	0.059819248	0.101225413	0.026401944	0.122845083	0.070493288	0.043985620	0.049887329
789	8	8	0.067530245	0.071836501	0.087114431	0.037247919	0.076639377	0.045551259	0.074276350	0.062455837	0.340081930	0.137266085
790	2	6	0.093539692	0.066761136	0.138443679	0.052235041	0.178058892	0.034019951	0.230992571	0.064783223	0.076611027	0.064554676
791	6	0	0.382523715	0.051548358	0.086686596	0.058828212	0.097670533	0.025555519	0.121987522	0.070553087	0.056540504	0.048105948
792	1	1	0.080104992	0.335647881	0.055232026	0.099536613	0.088038832	0.062447272	0.071842365	0.073557399	0.070543252	0.063049242
793	3	1	0.084682472	0.256176263	0.063303664	0.152471632	0.100292221	0.065888196	0.083238497	0.080321819	0.054647759	0.058977481
794	6	6	0.089162156	0.063755177	0.145803362	0.056928776	0.127358437	0.073615715	0.172455922	0.061912172	0.090287693	0.118720569
795	9	9	0.041226406	0.047904316	0.081615418	0.050291669	0.084716216	0.056211174	0.054638855	0.064966664	0.102961943	0.415467381
796	1	1	0.064590953	0.440464139	0.051407862	0.100880772	0.076546527	0.032341909	0.064231373	0.061043371	0.061403863	0.047089264
797	9	9	0.065456204	0.058612250	0.081613287	0.082431681	0.053092327	0.133119628	0.049658053	0.102991089	0.096406028	0.276619494
798	4	3	0.099108137	0.144411460	0.055445146	0.193365902	0.160512909	0.049432285	0.113606654	0.072626114	0.059137158	0.052354235
799	8	8	0.064988874	0.092122182	0.072154909	0.091122456	0.064091921	0.038795087	0.083431385	0.094231933	0.308482617	0.090578690
800	4	4	0.051461421	0.069981448	0.126076654	0.028395835	0.437307477	0.038065579	0.095129572	0.056918386	0.044004831	0.052658763
801	0	0	0.265428752	0.089753173	0.068700880	0.078716420	0.091475807	0.059312928	0.107896075	0.101754427	0.073067456	0.063894041
802	3	3	0.072434098	0.218508035	0.060957033	0.221285716	0.105847701	0.073012814	0.068110652	0.062458731	0.060188606	0.057196591
803	9	9	0.056414887	0.066631444	0.071106561	0.076326683	0.062019352	0.083786033	0.070393749	0.101308942	0.124598563	0.287413776
804	8	8	0.088883072	0.046680428	0.135913417	0.077044450	0.096161298	0.049569402	0.109870426	0.100215472	0.216405436	0.079256542
805	5	5	0.090631559	0.090227291	0.085625522	0.081653528	0.098198228	0.181556612	0.090936452	0.085174337	0.097918071	0.098078422
806	2	2	0.095961317	0.093460500	0.229237974	0.073036395	0.155768588	0.033379570	0.120924912	0.079800345	0.058893200	0.059537064
807	3	3	0.102117904	0.107236356	0.089426808	0.164241195	0.156792596	0.043305002	0.130605981	0.090223044	0.058589496	0.057461578
808	5	5	0.058377422	0.076844282	0.086244717	0.086946502	0.096456178	0.208937600	0.077218957	0.105374329	0.085526437	0.118073605
809	8	8	0.055801284	0.087499171	0.087269075	0.043903973	0.101062737	0.083096310	0.071648568	0.071655981	0.213995621	0.184067205
810	7	7	0.054556925	0.106330775	0.062716894	0.044936933	0.056067552	0.152930543	0.042504147	0.342576087	0.086535491	0.050844599
811	9	9	0.060223911	0.060985953	0.083920695	0.040296990	0.109824978	0.079218835	0.061544403	0.067353867	0.110336125	0.326294214
812	7	7	0.064877845	0.071400464	0.071329914	0.057784036	0.070190884	0.151869074	0.063416675	0.280823439	0.084958382	0.083349265
813	7	7	0.049283277	0.062067654	0.051718399	0.032812595	0.053231485	0.119112618	0.048332449	0.447710186	0.083298385	0.052433003
814	3	3	0.072138041	0.198633760	0.046147842	0.294525772	0.090246268	0.048502266	0.076338589	0.057762988	0.060482636	0.055221781
815	6	0	0.295640588	0.064810723	0.089899018	0.065494873	0.103744030	0.050782163	0.125844747	0.086404443	0.067603260	0.049776185
816	1	1	0.076346569	0.363228619	0.062789880	0.103567384	0.093824789	0.048536964	0.073599301	0.070757091	0.054690808	0.052658599
817	8	8	0.072160713	0.083829924	0.088316418	0.076830536	0.071372174	0.051632997	0.080062971	0.090798914	0.287889004	0.097106360
818	5	8	0.096228793	0.053764872	0.079408057	0.070032530	0.064076647	0.134808168	0.080709271	0.142600209	0.148345485	0.130025953
819	3	3	0.092252128	0.148910299	0.064090982	0.240634516	0.155612037	0.038740318	0.102306090	0.057539281	0.054572619	0.045341715
820	6	6	0.095086776	0.067225620	0.087990426	0.081934325	0.077627659	0.098088704	0.151645496	0.125086904	0.100663215	0.114650957
821	6	0	0.287820578	0.076815523	0.069828317	0.093092538	0.121610053	0.026666012	0.124623746	0.080920622	0.066968150	0.051654495
822	8	7	0.068641596	0.086847983	0.108742163	0.041218478	0.068594091	0.062672347	0.072322905	0.206439972	0.193224937	0.091295443
823	2	2	0.080525458	0.083003044	0.240521982	0.036499999	0.180010229	0.038625009	0.116892025	0.110359654	0.066485174	0.047077425
824	7	7	0.043928772	0.048815310	0.055283695	0.043433916	0.056549385	0.114442714	0.054704845	0.440382093	0.083074816	0.059384461
825	1	1	0.066647485	0.345817119	0.064641811	0.099656254	0.085977584	0.069792338	0.065724932	0.076829664	0.065337196	0.059575677
826	9	9	0.055415303	0.052282397	0.089279652	0.039166037	0.126428589	0.091533244	0.058012187	0.086867683	0.139090002	0.261924922
827	2	4	0.079953521	0.077733256	0.167412952	0.062952586	0.192877442	0.067544930	0.119646490	0.108601406	0.073055081	0.050222315
828	3	6	0.085292876	0.094152905	0.066565864	0.141167134	0.130087942	0.044365685	0.199815124	0.123791419	0.061273564	0.053487491
829	4	4	0.091279432	0.072358452	0.175461665	0.029668188	0.214148983	0.061083190	0.139307380	0.073043555	0.089199774	0.054449376
830	3	3	0.096168153	0.132391930	0.071825907	0.310259789	0.112426534	0.036058120	0.081078127	0.050591685	0.060991783	0.048207920
831	5	7	0.061017860	0.074591316	0.059391413	0.041301519	0.072410285	0.242579103	0.054575365	0.250006586	0.091084138	0.053042348
832	7	9	0.058971509	0.073995911	0.098725520	0.111236110	0.065750234	0.113034353	0.065936491	0.120044775	0.100631297	0.191673756
833	9	9	0.057619654	0.068769723	0.078587033	0.091366746	0.076229893	0.081380785	0.073949680	0.131311074	0.103765242	0.237020180
834	8	8	0.062720507	0.060751032	0.086693496	0.041388288	0.075634174	0.084419429	0.095813893	0.065919071	0.277420372	0.149239749
835	7	7	0.052188620	0.098656908	0.052938096	0.045267142	0.052390128	0.138025790	0.044143215	0.378784895	0.086122476	0.051482789
836	9	7	0.049658671	0.064079367	0.056190316	0.033559412	0.048367474	0.097495705	0.039705914	0.463100433	0.086725250	0.061117426
837	5	5	0.067615174	0.104322903	0.053211860	0.061529171	0.086502761	0.258117795	0.063142456	0.136761233	0.087933183	0.080863468
838	0	1	0.109768622	0.231891826	0.048274975	0.100061521	0.130651936	0.059552453	0.121881522	0.070692271	0.073263995	0.053960856
839	8	8	0.094948851	0.081137680	0.102849595	0.098715775	0.086091325	0.048274394	0.139167294	0.132624105	0.143219858	0.072971053
840	5	5	0.059557162	0.075870000	0.046185724	0.054158852	0.081537031	0.320725322	0.054945085	0.134162918	0.088760406	0.084097467
841	2	2	0.109292224	0.072476409	0.247759223	0.079268940	0.141163513	0.037404668	0.144508272	0.083618790	0.047696400	0.036811601
842	4	4	0.074651115	0.085617550	0.137158185	0.049144767	0.282321453	0.050788399	0.165631026	0.041679252	0.061197329	0.051810853
843	7	7	0.051845204	0.055621464	0.057460368	0.038628303	0.053934369	0.097212151	0.060786400	0.441202939	0.082376473	0.060932372
844	2	6	0.101081133	0.101006746	0.088522039	0.121326335	0.107598551	0.070409149	0.150722310	0.090555631	0.086383112	0.082394965
845	4	4	0.070348233	0.077071242	0.145158291	0.069092840	0.310449958	0.045589995	0.115605228	0.075990550	0.050760102	0.039933585
846	2	2	0.091174796	0.093013905	0.246699736	0.091321349	0.088048294	0.054734096	0.103928298	0.103385478	0.077619232	0.050074894
847	0	0	0.298430443	0.071129076	0.084965505	0.058168430	0.087820239	0.051040616	0.103701465	0.122960955	0.077327296	0.044455972
848	2	2	0.105182312	0.076768354	0.152614832	0.088346377	0.110931769	0.079873823	0.115493678	0.137036547	0.074744299	0.059007999
849	7	7	0.048550598	0.075657584	0.064560741	0.044926684	0.057066344	0.128701836	0.061109815	0.355736405	0.102265626	0.061424382
850	6	4	0.072409406	0.079060800	0.140369818	0.057207920	0.245597973	0.036331102	0.193949252	0.063140176	0.056096617	0.055836964
851	1	1	0.063682377	0.418790460	0.061154157	0.090180270	0.089057736	0.043115482	0.072592251	0.061478231	0.051114827	0.048834234
852	8	8	0.064779863	0.092097744	0.096811958	0.080644324	0.079202749	0.040538236	0.065338686	0.104577586	0.301230550	0.074778333
853	4	4	0.081508934	0.074046977	0.161351770	0.064225629	0.236650154	0.040295180	0.160405338	0.072059169	0.067319602	0.042137221
854	0	0	0.169437945	0.075568132	0.091030523	0.108885415	0.126754433	0.053756181	0.113212012	0.097826347	0.080320656	0.083208382
855	2	2	0.089630850	0.103121139	0.182611063	0.108012393	0.070528403	0.079254523	0.108331852	0.082367718	0.084319830	0.091822229
856	0	6	0.131977528	0.111606389	0.077103443	0.125322372	0.140205845	0.052904185	0.154650748	0.082805872	0.068348102	0.055075515
857	9	9	0.047932968	0.053810734	0.125698879	0.048117988	0.096769117	0.114352077	0.067803964	0.075218625	0.104750127	0.265545517
858	4	4	0.066548273	0.076002210	0.199290201	0.044025216	0.226842195	0.040378317	0.164222002	0.059569165	0.062249552	0.060872808
859	2	4	0.069573715	0.061362281	0.219318375	0.024502374	0.317409396	0.034001421	0.109275110	0.054365322	0.058864135	0.051327810
860	3	3	0.085966937	0.081681639	0.084483422	0.304719537	0.122539990	0.027474599	0.105965927	0.058189370	0.073870435	0.055108152
861	1	1	0.054736998	0.390015364	0.059809726	0.082753159	0.077937260	0.069930755	0.067134544	0.067936040	0.073740825	0.056005284
862	0	0	0.370570779	0.074231774	0.064359084	0.067338720	0.109006256	0.024789540	0.117572725	0.065949999	0.068446189	0.037734907
863	5	5	0.108882427	0.053240478	0.081992336	0.087283053	0.063297652	0.168064997	0.094732054	0.098963976	0.122121826	0.121421196
864	9	9	0.056247525	0.066002369	0.080551252	0.072757401	0.068006374	0.079645813	0.065836169	0.107672900	0.080313385	0.322966814
865	3	3	0.073365144	0.145918697	0.033303708	0.165132314	0.064739004	0.081184365	0.121806785	0.142290890	0.086370297	0.085888810
866	6	4	0.079453878	0.082816198	0.141578838	0.050355785	0.243082076	0.028329490	0.205302343	0.066720262	0.054276973	0.048084185
867	4	4	0.069343016	0.083163053	0.203695938	0.048504092	0.230936378	0.039409231	0.136711463	0.045860797	0.070450813	0.071925126
868	7	9	0.064148560	0.064225897	0.086762749	0.075598426	0.097743854	0.093984269	0.062170118	0.182962507	0.069748238	0.202655390
869	5	7	0.073225871	0.065793179	0.084864423	0.051262639	0.066094369	0.158111468	0.071412988	0.204998553	0.140112177	0.084124379
870	6	2	0.068455443	0.085418664	0.227098674	0.045066491	0.196173131	0.031859666	0.130376875	0.049568914	0.077394843	0.088587254
871	0	0	0.285140127	0.057688203	0.087728024	0.045583036	0.082239561	0.044828434	0.118698046	0.144666016	0.098350920	0.035077583
872	0	0	0.229159728	0.078386530	0.121342301	0.061516929	0.106946409	0.032331210	0.175070137	0.082148515	0.061674122	0.051424071
873	4	4	0.072673678	0.070400588	0.183313131	0.044860009	0.262453526	0.040787917	0.131956786	0.101507217	0.057481173	0.034566015
874	7	9	0.051254079	0.054695178	0.070128679	0.072107680	0.077271350	0.118729837	0.084237933	0.123465411	0.090052381	0.258057475
875	1	6	0.092666462	0.092612483	0.074186936	0.116692550	0.157851994	0.050350472	0.164554730	0.127364859	0.064175338	0.059544288
876	3	3	0.095077232	0.083137520	0.085118264	0.285513461	0.133962229	0.038474210	0.098998457	0.059200853	0.068871707	0.051646043
877	5	5	0.085487060	0.076854348	0.113420784	0.078102469	0.071243174	0.155897215	0.089785494	0.098731279	0.092539392	0.137938768
878	5	5	0.058474343	0.096971102	0.056619048	0.055049662	0.064946517	0.272026211	0.061854187	0.168302432	0.087817132	0.077939384
879	0	0	0.331306875	0.054288827	0.084551163	0.052138347	0.074627779	0.043880817	0.133222342	0.125450224	0.073411375	0.027122322
880	7	7	0.049150024	0.108276881	0.057814971	0.040981367	0.051291373	0.144839391	0.042578977	0.379900604	0.073521584	0.051644877
881	4	4	0.080174990	0.116956450	0.074727915	0.107107744	0.288135946	0.048580628	0.098753624	0.065936171	0.062198598	0.057427969
882	4	4	0.065614067	0.067324109	0.173726618	0.027251704	0.295188904	0.050033186	0.112944186	0.056118552	0.072006233	0.079792447
883	1	1	0.095278196	0.191784024	0.061960459	0.124608047	0.109168239	0.044064485	0.161833346	0.090055369	0.067716174	0.053531650
884	2	4	0.078094080	0.070008837	0.117035322	0.048452884	0.211678967	0.073273405	0.127912059	0.080419332	0.086297125	0.106828056
885	3	1	0.086505972	0.185742065	0.053936705	0.178274065	0.075960167	0.094383568	0.068247683	0.086845264	0.084697165	0.085407339
886	1	1	0.052353729	0.476360530	0.056726109	0.087546311	0.080883615	0.040109027	0.059420098	0.059849065	0.045736343	0.041015215
887	3	1	0.093387388	0.208292544	0.050537974	0.149729401	0.128787354	0.069804519	0.113965377	0.074524276	0.064427070	0.046544056
888	6	4	0.067350492	0.091731407	0.047783751	0.095939748	0.308108479	0.044717804	0.145929694	0.080232851	0.068408795	0.049796987
889	4	4	0.076131292	0.083486341	0.123605616	0.099948995	0.343187928	0.029707804	0.089807793	0.065166384	0.046910644	0.042047091
890	7	7	0.042916775	0.048399426	0.053816967	0.032084998	0.050871622	0.079234555	0.050259404	0.502960861	0.085297063	0.054158334
891	2	6	0.095272467	0.079594947	0.119007051	0.087118350	0.159732446	0.037608460	0.252561539	0.057784755	0.064370751	0.046949193
892	5	5	0.058594640	0.062217902	0.059261568	0.051891565	0.056534320	0.253423512	0.057400789	0.244704977	0.101587929	0.054382775
893	8	8	0.160102025	0.045003682	0.061943948	0.043961078	0.068851545	0.100500837	0.123673812	0.063383676	0.187942803	0.144636646
894	0	0	0.262016207	0.070537634	0.096459575	0.107653253	0.074483372	0.035438731	0.093366772	0.115394711	0.089838095	0.054811671
895	1	1	0.065593049	0.432738453	0.051993798	0.103926629	0.079793222	0.039981723	0.062952638	0.053590711	0.063553512	0.045876328
896	2	4	0.083362184	0.069739282	0.210506558	0.040776376	0.235192448	0.034510270	0.130741894	0.092059299	0.061368521	0.041743223
897	0	0	0.397884250	0.051497120	0.087884761	0.060270671	0.095663659	0.029326981	0.102655493	0.066634953	0.061064135	0.047117863
898	4	2	0.071781948	0.072315939	0.216705292	0.040497147	0.201325327	0.040065829	0.188746840	0.049836669	0.057877045	0.060847878
899	3	3	0.141217664	0.106856465	0.060766257	0.243288249	0.098062798	0.024103897	0.113403000	0.073038854	0.080967508	0.058295205
900	2	2	0.098099083	0.078844279	0.246980280	0.078281410	0.126396075	0.034689877	0.133897439	0.105360121	0.051941566	0.045509886
901	5	5	0.065563634	0.066656142	0.069405831	0.037423000	0.056864452	0.250945151	0.062847279	0.233718157	0.105047643	0.051528703
902	1	1	0.068364188	0.369280428	0.071202964	0.096810505	0.108762346	0.044723369	0.083199620	0.068700299	0.044846438	0.044109840
903	0	0	0.351691276	0.050887950	0.086355075	0.047945715	0.104109980	0.034203768	0.129825294	0.070320070	0.074311689	0.050349265
904	0	0	0.265807033	0.058264103	0.085390247	0.065072484	0.106282040	0.052209157	0.156464636	0.100764826	0.074601829	0.035143591
905	7	7	0.055173051	0.074515894	0.098630115	0.066917084	0.073897481	0.110721797	0.086262822	0.194044292	0.119455531	0.120381959
906	7	7	0.048923079	0.046557702	0.050249998	0.033825181	0.053907447	0.094636321	0.061625119	0.473188162	0.084391020	0.052695934
907	7	7	0.053880434	0.058622591	0.072445579	0.052126735	0.059443332	0.085414164	0.079762250	0.220513046	0.118316963	0.199474901
908	9	9	0.045148950	0.055220667	0.107464850	0.043054793	0.082276165	0.075924933	0.049751166	0.093144387	0.081601322	0.366412759
909	1	1	0.074366547	0.319048941	0.053148784	0.093616441	0.108745903	0.054956745	0.098726124	0.069184758	0.078621112	0.049584609
910	5	7	0.061403319	0.090102091	0.064812109	0.049181405	0.052984007	0.208526090	0.054087076	0.252367139	0.107794397	0.058742359
911	4	4	0.058314823	0.069524534	0.116675951	0.058134940	0.431112647	0.027658889	0.084638253	0.052464914	0.049222473	0.052252658
912	8	8	0.072919659	0.070540532	0.082796112	0.055041298	0.083511762	0.075645939	0.086940348	0.070204079	0.260103464	0.142296851
913	8	8	0.064675078	0.055501606	0.098371647	0.038277514	0.119415224	0.077552371	0.078215323	0.077676743	0.281276166	0.109038338
914	8	8	0.078554571	0.076791950	0.084620461	0.101610549	0.076824054	0.070874788	0.094533660	0.086711906	0.225441039	0.104036964
915	0	0	0.342695653	0.053270362	0.088477544	0.061011799	0.084929325	0.031489369	0.160817817	0.085882358	0.058338743	0.033087034
916	3	1	0.085695237	0.174266681	0.074276999	0.160122231	0.066460907	0.120286651	0.072918579	0.078850739	0.085217647	0.081904389
917	3	1	0.076846190	0.169235736	0.044327173	0.132743195	0.082490481	0.099710748	0.090164892	0.133518130	0.084228858	0.086734623
918	6	0	0.171082720	0.134846985	0.057337753	0.128133491	0.136073172	0.049437746	0.125495136	0.049342673	0.084374331	0.063876137
919	1	1	0.075210907	0.296026915	0.045213372	0.091859788	0.104947545	0.075923853	0.081064135	0.080567420	0.084594689	0.064591445
920	1	1	0.073672131	0.293922514	0.058928743	0.139751434	0.095197037	0.059360765	0.075274654	0.078518629	0.068281531	0.057092596
921	9	9	0.039714459	0.050265294	0.099036440	0.051491123	0.057920542	0.073344268	0.058685310	0.061114181	0.085820302	0.422608078
922	4	4	0.080754377	0.113648303	0.056410231	0.126761138	0.160870641	0.068153135	0.136936203	0.114417903	0.081125163	0.060922872
923	8	8	0.063483179	0.070323095	0.115176797	0.050488733	0.115225486	0.062755346	0.101308830	0.078791931	0.228223965	0.114222698
924	6	4	0.078404233	0.064689577	0.179679409	0.046510447	0.237497598	0.044892590	0.142266273	0.096583828	0.064529717	0.044946264
925	3	7	0.088571660	0.066481918	0.062843308	0.101300992	0.101756707	0.077513598	0.117845282	0.157213271	0.120128304	0.106344894
926	9	9	0.062739655	0.064380616	0.110557988	0.047674812	0.077208877	0.125451311	0.082354419	0.100942172	0.127882794	0.200807348
927	2	2	0.101458073	0.063059315	0.276650727	0.067715414	0.149836406	0.034832012	0.132030949	0.073660307	0.050324470	0.050432418
928	1	1	0.060839001	0.457570404	0.059880488	0.098225661	0.084598221	0.024743676	0.071135595	0.055589039	0.046483647	0.040934302
929	3	3	0.100897446	0.096951097	0.086050272	0.163026392	0.137944177	0.048421454	0.129032016	0.120660774	0.064094439	0.052921936
930	9	9	0.062748075	0.052234042	0.127886981	0.061220214	0.081105165	0.103188366	0.080247208	0.086168438	0.117435575	0.227765977
931	8	8	0.181678414	0.061294857	0.090695694	0.070230432	0.079983249	0.069867902	0.097049944	0.062895417	0.187651694	0.098652475
932	0	0	0.303144723	0.066390447	0.097169988	0.080791466	0.107323609	0.026333775	0.138682902	0.073124252	0.056652915	0.050385840
933	8	8	0.145462781	0.074977063	0.078445435	0.037811093	0.063450865	0.066079967	0.097202227	0.087752119	0.250116676	0.098701768
934	4	4	0.081229925	0.079990827	0.154609576	0.058626734	0.195689246	0.046915527	0.181096926	0.045377683	0.074659072	0.081804521
935	9	9	0.056769624	0.057315778	0.120401211	0.055744864	0.081343949	0.108215161	0.072002366	0.065328233	0.117947713	0.264931113
936	4	9	0.080714650	0.102316208	0.123635553	0.065990590	0.127629042	0.070468076	0.097226940	0.070380144	0.130045116	0.131593719
937	3	3	0.093114227	0.158234969	0.050864298	0.183949023	0.100598283	0.061415125	0.119819455	0.100454643	0.065653220	0.065896668
938	4	4	0.060123779	0.080786392	0.216459975	0.033617090	0.284707129	0.040278845	0.121060506	0.049376275	0.055463523	0.058126450
939	1	1	0.083720922	0.219401911	0.044540498	0.147490472	0.074861407	0.082507953	0.062669337	0.102766953	0.095761709	0.086278856
940	8	8	0.070552520	0.069677338	0.113510326	0.047183283	0.115846902	0.054444760	0.074332952	0.065698661	0.256560057	0.132193148
941	0	3	0.101275802	0.106637105	0.083940491	0.175781846	0.145484775	0.036868479	0.143332422	0.095394209	0.058443744	0.052841205
942	2	6	0.076473549	0.081043594	0.112909414	0.094520442	0.090788431	0.051285379	0.202038586	0.117641434	0.078193247	0.095105849
943	0	0	0.236000240	0.157179594	0.034986127	0.055789024	0.090549454	0.103694558	0.114061154	0.074943326	0.076458886	0.056337666
944	9	9	0.063470945	0.057890050	0.086629860	0.060187664	0.103212520	0.118972026	0.097076006	0.094172686	0.130692974	0.187695295
945	9	9	0.043627802	0.054271329	0.094262227	0.066574320	0.120559059	0.078340337	0.086683005	0.080841817	0.107157059	0.267682999
946	9	9	0.062160276	0.060778856	0.107200921	0.059208017	0.070908852	0.114870712	0.079180740	0.080744900	0.130843014	0.234103650
947	3	6	0.103327334	0.072644636	0.071653388	0.137279376	0.095501706	0.051634528	0.141198039	0.129950181	0.107692495	0.089118339
948	4	4	0.089681149	0.077633142	0.157218054	0.035709314	0.159297124	0.077925406	0.142815784	0.062271699	0.096133314	0.101315036
949	7	7	0.064839460	0.103772439	0.067212053	0.042340912	0.054466575	0.188162178	0.059050232	0.258510411	0.108394913	0.053250767
950	8	8	0.070607990	0.102358475	0.096557707	0.084089555	0.074063890	0.058203854	0.090427846	0.085611790	0.241201162	0.096877731
951	4	2	0.077378437	0.102810681	0.193925872	0.043484002	0.169575319	0.047443938	0.138841465	0.052039512	0.078584932	0.095915750
952	1	1	0.063259527	0.359261274	0.065498576	0.094913907	0.088164136	0.065870054	0.066887096	0.075095773	0.063819028	0.057230562
953	2	2	0.081855677	0.078896619	0.276733428	0.033877924	0.179885730	0.047998294	0.115613446	0.064885296	0.064264759	0.055988833
954	2	6	0.093333416	0.094070055	0.142493784	0.096478902	0.174838483	0.040406469	0.187327012	0.068332307	0.056393288	0.046326198
955	9	9	0.047033690	0.055504810	0.056830510	0.041955315	0.077127986	0.077965386	0.048199691	0.088862404	0.091081351	0.415438771
956	2	1	0.069018669	0.250764310	0.057948276	0.118346371	0.103183709	0.074781515	0.096351616	0.079302713	0.082451709	0.067851059
957	3	1	0.095326476	0.190685108	0.059643637	0.164558440	0.112790562	0.071396545	0.121885657	0.061268415	0.070981041	0.051464166
958	1	1	0.088232398	0.333904386	0.063390344	0.118909225	0.116908260	0.038863443	0.078138590	0.066597030	0.048869595	0.046186686
959	2	4	0.070957221	0.076401569	0.148060948	0.057132967	0.267271966	0.041433945	0.160005048	0.042538933	0.064360902	0.071836501
960	9	9	0.049062502	0.059247095	0.091007784	0.076738983	0.070732005	0.085869357	0.064669497	0.086636335	0.089518860	0.326517552
961	7	7	0.059928231	0.055069011	0.051023111	0.032263238	0.054536782	0.094219148	0.053843547	0.437141091	0.096862450	0.065113425
962	2	2	0.077929176	0.083264701	0.302527457	0.033967897	0.147895306	0.035938580	0.119771801	0.076723650	0.066463396	0.055518080
963	0	0	0.225621134	0.062827043	0.113235578	0.079274699	0.121322840	0.039514963	0.139104307	0.115633570	0.060198788	0.043267023
964	9	9	0.057435434	0.066125974	0.050697863	0.062235318	0.065103434	0.117743172	0.077415474	0.090102233	0.109370165	0.303770930
965	7	7	0.045196380	0.053533841	0.061005197	0.033746339	0.051385086	0.084203467	0.045043688	0.490448058	0.081430264	0.054007661
966	8	0	0.153158873	0.070502207	0.102401800	0.053344369	0.071018487	0.075962223	0.126705423	0.090603948	0.132442504	0.123860210
967	3	3	0.098636471	0.150130555	0.062431183	0.270030379	0.103883281	0.051756527	0.079632170	0.064625748	0.064365596	0.054508064
968	9	9	0.049862977	0.054487247	0.065335564	0.097802728	0.044176772	0.083589509	0.040037859	0.121597581	0.079427987	0.363681704
969	2	2	0.072185874	0.087323911	0.293064862	0.035544038	0.169335395	0.025488738	0.125466794	0.060316354	0.056126632	0.075147420
970	4	6	0.074761808	0.094399191	0.094185710	0.063851625	0.124604329	0.045081962	0.175638497	0.083976656	0.141830653	0.101669602
971	9	9	0.052670073	0.054681413	0.091052905	0.057024613	0.066066936	0.083334155	0.065328777	0.076068684	0.101153791	0.352618694
972	5	5	0.060197368	0.068227440	0.065237984	0.050779432	0.084454350	0.247192323	0.074302472	0.158938363	0.107185185	0.083485104
973	7	7	0.044136971	0.048046995	0.052840330	0.037832346	0.045572329	0.096857160	0.054047238	0.484606773	0.078545094	0.057514761
974	2	4	0.069069371	0.078074202	0.177704096	0.042056613	0.290612519	0.033112917	0.124711826	0.075905859	0.059330251	0.049422290
975	4	4	0.081355594	0.087653495	0.082813613	0.124007352	0.228389487	0.027238892	0.187054008	0.069172055	0.062014062	0.050301392
976	3	3	0.075179406	0.233193487	0.050887231	0.260618597	0.076971628	0.067751870	0.060090367	0.064085774	0.051651705	0.059569947
977	6	6	0.161795065	0.063728184	0.055200253	0.081250921	0.099417135	0.090040155	0.195052564	0.094715595	0.083946235	0.074853972
978	6	6	0.078510404	0.077770196	0.125427306	0.104525045	0.153518528	0.027745994	0.273837328	0.055871058	0.050258055	0.052536134
979	5	5	0.063263521	0.088824019	0.060408380	0.084545054	0.091524757	0.196732476	0.063341461	0.163299620	0.080361888	0.107698850
980	8	8	0.084459566	0.056611311	0.065638766	0.036893286	0.108089380	0.075175434	0.076681860	0.062547714	0.294723094	0.139179632
981	8	8	0.110869281	0.058861449	0.064546838	0.054815732	0.079912066	0.085682899	0.068513863	0.056124639	0.263743460	0.156929776
982	0	0	0.279067338	0.098394200	0.059351496	0.079805642	0.086841188	0.086138532	0.083155610	0.073729299	0.077856146	0.075660549
983	5	5	0.068861149	0.092384137	0.055674270	0.053828932	0.076723553	0.240646094	0.065755181	0.192142650	0.087613054	0.066371001
984	0	3	0.119934037	0.084910072	0.083711870	0.182323247	0.153880790	0.028553573	0.161722869	0.076478340	0.059771229	0.048713967
985	3	1	0.081950925	0.168839052	0.048957918	0.137331277	0.089889809	0.108764701	0.132835135	0.080866426	0.088910036	0.061654698
986	8	8	0.135820329	0.073184639	0.076347403	0.034747351	0.057067543	0.070653692	0.062114902	0.108062699	0.243814930	0.138186499
987	3	3	0.084028088	0.161813423	0.054018144	0.164279014	0.107505865	0.083464406	0.112524398	0.090946369	0.075751252	0.065669015
988	5	7	0.051629893	0.082800262	0.063328430	0.041610990	0.055555291	0.164182007	0.053286854	0.350635588	0.080391943	0.056578651
989	5	5	0.055271048	0.064836547	0.072948426	0.076582029	0.092437714	0.222211063	0.093806930	0.086307824	0.085977599	0.149620846
990	5	7	0.058373984	0.099213347	0.064199358	0.047842558	0.062241193	0.178505048	0.054715049	0.285200983	0.097839475	0.051869053
991	4	4	0.080366179	0.069182470	0.165567175	0.039975643	0.254997015	0.042060316	0.142729610	0.073121965	0.068216585	0.063782975
992	3	1	0.132235244	0.166008338	0.055595964	0.139970213	0.148928568	0.068397976	0.109674439	0.072176680	0.060621079	0.046391416
993	1	1	0.085653692	0.289258599	0.060502648	0.112805866	0.137951717	0.052888710	0.091383800	0.065218434	0.053975921	0.050360683
994	6	1	0.073560596	0.181638643	0.088859834	0.118507050	0.077980213	0.068321437	0.143114492	0.084438257	0.085280731	0.078298680
995	1	1	0.084105074	0.366323858	0.050753426	0.101770230	0.094909318	0.038795739	0.089982696	0.067527525	0.057942115	0.047890026
996	7	7	0.053477019	0.075168453	0.056170985	0.042966787	0.058700934	0.134556338	0.062230323	0.379289895	0.082523569	0.054915696
997	8	8	0.132848561	0.064708024	0.055964429	0.048366584	0.077430420	0.069158271	0.118443139	0.051348127	0.257860005	0.123872481
998	4	4	0.066847689	0.081327915	0.135126337	0.083084211	0.289639413	0.048564151	0.114439629	0.070098706	0.053727325	0.057144735
999	3	3	0.076391593	0.093835592	0.062081367	0.182218149	0.157356828	0.041750602	0.143678859	0.107624166	0.071001276	0.064061470
1000	9	9	0.053720322	0.048703037	0.097021431	0.059789926	0.052318819	0.058367919	0.071858816	0.086770423	0.097802691	0.373646706
1001	7	7	0.049147747	0.087003522	0.065103292	0.042611562	0.050792348	0.090807162	0.045053009	0.435884237	0.077915423	0.055681672
1002	5	7	0.059415806	0.068927169	0.055023316	0.053633839	0.066743866	0.213005021	0.077214845	0.249554649	0.088849999	0.067631483
1003	4	4	0.066726312	0.058164667	0.179094046	0.029882526	0.242176101	0.043555547	0.135651842	0.109943822	0.075130492	0.059674613
1004	4	7	0.072746329	0.091256991	0.105767854	0.075965539	0.130811661	0.090443850	0.101333760	0.178983450	0.086360954	0.066329628
1005	2	0	0.215239510	0.058646239	0.105233379	0.051931240	0.088136755	0.056624942	0.153202072	0.136730611	0.076651953	0.057603315
1006	2	4	0.079682708	0.082967758	0.167195767	0.049800780	0.228187993	0.049582724	0.118340984	0.098357297	0.068657465	0.057226487
1007	5	7	0.045963522	0.087063581	0.067040868	0.042382888	0.055482365	0.113093726	0.045969009	0.411028683	0.076910950	0.055064302
1008	8	8	0.137831345	0.078620516	0.077423617	0.027247474	0.087930538	0.067929141	0.087721527	0.100482836	0.201112181	0.133700848
1009	5	7	0.054208495	0.052911874	0.072110713	0.039868500	0.061598707	0.117083780	0.057826694	0.359141052	0.121514045	0.063736118
1010	5	5	0.059422322	0.100854144	0.059824843	0.055082884	0.061060071	0.236929089	0.048055232	0.217653722	0.093130440	0.067987278
1011	3	3	0.091037989	0.158176884	0.062085580	0.184782118	0.091485038	0.099258132	0.103759050	0.074665152	0.071642950	0.063107103
1012	5	5	0.056875784	0.083589338	0.063873164	0.094555736	0.070426449	0.242507279	0.085986286	0.098866656	0.079082608	0.124236710
1013	1	1	0.054925777	0.459411860	0.059279155	0.082239613	0.073542126	0.043522008	0.064734973	0.059912615	0.056176558	0.046255320
1014	0	0	0.274237037	0.085030027	0.090465456	0.070508443	0.116900593	0.037415434	0.133893341	0.071133062	0.074869923	0.045546699
1015	7	7	0.055540737	0.053125530	0.056340747	0.034027532	0.056613751	0.088458769	0.053213339	0.440041870	0.102147177	0.060490560
1016	5	5	0.054529589	0.082377166	0.064511396	0.048393965	0.057229042	0.332179010	0.053677347	0.154315323	0.086699873	0.066087246
1017	0	0	0.247712106	0.087594137	0.143757150	0.040044036	0.105233125	0.031371456	0.146999687	0.051287923	0.067451686	0.078548722
1018	0	0	0.223925009	0.070537202	0.160691872	0.045672227	0.097440049	0.039723918	0.162241668	0.038298585	0.079850532	0.081619017
1019	3	3	0.072358236	0.186228186	0.059556469	0.211929679	0.082015529	0.106680781	0.065120906	0.081304863	0.068181090	0.066624172
1020	0	0	0.272164702	0.065156817	0.113058746	0.038617846	0.127949998	0.043651819	0.121557780	0.098968282	0.080679223	0.038194690
1021	0	0	0.286721408	0.060802516	0.101524584	0.076310702	0.100348011	0.033134408	0.135330722	0.081350580	0.068412244	0.056064826
1022	1	1	0.068807974	0.432086110	0.054441776	0.105746478	0.087570682	0.036507603	0.064984538	0.058490705	0.044978697	0.046385460
1023	2	2	0.084441096	0.073486455	0.334573954	0.064040959	0.113183804	0.032009188	0.100766204	0.102715582	0.047756474	0.047026344
1024	8	8	0.077410772	0.077908866	0.138054043	0.054680645	0.096054628	0.049536187	0.089786537	0.093331769	0.222701132	0.100535348
1025	6	6	0.154412180	0.046136081	0.068199940	0.061567426	0.089562394	0.117192984	0.180458456	0.090982474	0.112735242	0.078752741
1026	3	8	0.076669395	0.088106513	0.092949413	0.080446355	0.116009958	0.079291023	0.117524542	0.120147474	0.150514930	0.078340359
1027	0	0	0.240801021	0.075138338	0.109782405	0.082850888	0.111868851	0.031330787	0.117887892	0.117588714	0.064095192	0.048655819
1028	3	3	0.071997166	0.180056766	0.044639461	0.256662518	0.061733905	0.086280167	0.065548867	0.078650437	0.076616712	0.077814132
1029	8	8	0.065100692	0.077983573	0.105939001	0.050065260	0.076069653	0.048222937	0.086181015	0.124756314	0.273032337	0.092649236
1030	6	0	0.178878501	0.065118715	0.092755578	0.096665509	0.142051414	0.048479255	0.133953914	0.105526015	0.089958720	0.046612393
1031	7	7	0.057789315	0.077931747	0.064508408	0.041324850	0.056066863	0.124128498	0.053744130	0.355279624	0.099498592	0.069727942
1032	2	2	0.077064410	0.074976981	0.305175960	0.049002934	0.127226740	0.030636689	0.132063299	0.058428902	0.055903230	0.089520834
1033	4	4	0.071141593	0.070330590	0.137579381	0.043482549	0.284278840	0.048856799	0.147791654	0.064747840	0.069137484	0.062653229
1034	6	4	0.072846510	0.077856906	0.174084201	0.037995536	0.208487600	0.036949292	0.192862749	0.049053520	0.072446182	0.077417426
1035	3	1	0.070581332	0.214634672	0.064238511	0.123474047	0.088342905	0.154279560	0.064037301	0.082632825	0.068215109	0.069563702
1036	0	6	0.194785282	0.062860794	0.128671885	0.057848152	0.107708216	0.028318997	0.230435118	0.092689835	0.053461529	0.043220226
1037	5	5	0.059928350	0.061376415	0.070927478	0.080358565	0.070064306	0.192429051	0.111371718	0.095256157	0.108433753	0.149854138
1038	5	5	0.054559968	0.073988579	0.076764680	0.126014814	0.093624964	0.173738897	0.073874563	0.108548865	0.084704116	0.134180471
1039	5	7	0.067912757	0.083948523	0.054930553	0.052567132	0.071225233	0.175976634	0.054876145	0.265608996	0.093072325	0.079881653
1040	0	0	0.260908782	0.046360970	0.105171174	0.025999879	0.156801537	0.048333861	0.136431128	0.112798393	0.073093839	0.034100413
1041	3	3	0.077222385	0.162362009	0.060441654	0.274768472	0.107366964	0.042248782	0.093311071	0.085879706	0.048160873	0.048238140
1042	0	0	0.395327955	0.054733150	0.085379094	0.051438693	0.080189519	0.027194191	0.099667564	0.086603783	0.072076023	0.047389917
1043	1	1	0.058483627	0.450635135	0.053253710	0.085497893	0.087909013	0.045612808	0.059926711	0.059213009	0.051372007	0.048096124
1044	2	2	0.067913264	0.086504117	0.238443866	0.024336580	0.236397564	0.039329916	0.117776580	0.041298233	0.075263470	0.072736405
1045	6	3	0.101525530	0.093256794	0.097086146	0.124443829	0.074472070	0.113764219	0.110069327	0.103641175	0.104660995	0.077079900
1046	9	9	0.052334961	0.058745686	0.084954128	0.046162352	0.066962063	0.080264382	0.057847548	0.077090167	0.104011998	0.371626705
1047	1	1	0.097919680	0.274324983	0.059768144	0.114771798	0.112703890	0.042056564	0.121211447	0.066321380	0.060681920	0.050240122
1048	5	7	0.057952028	0.096184522	0.069566302	0.049681887	0.051844876	0.204061255	0.052419275	0.255072922	0.105434060	0.057782855
1049	5	5	0.054387014	0.072870389	0.080403343	0.081184641	0.079565831	0.200332776	0.082867093	0.099366322	0.101903312	0.147119269
1050	5	5	0.067140564	0.071881033	0.076501608	0.079957068	0.063578799	0.205208212	0.084935509	0.090980299	0.118731208	0.141085744
1051	8	8	0.146585211	0.067859583	0.081663370	0.023165466	0.074958213	0.065372303	0.080106609	0.126479611	0.238337725	0.095471889
1052	3	3	0.090431891	0.145202935	0.069142789	0.294762462	0.102066487	0.056862440	0.059371497	0.071629018	0.053655919	0.056874465
1053	0	4	0.114988200	0.120770372	0.089973398	0.138693467	0.172684878	0.047724083	0.127998412	0.074158914	0.062215984	0.050792251
1054	5	5	0.070413195	0.072169945	0.050729677	0.044259056	0.087300666	0.274483442	0.061311383	0.167721570	0.102152854	0.069458216
1055	6	4	0.083015032	0.103447057	0.133217692	0.086344056	0.175628692	0.048141271	0.172899470	0.081045002	0.063497573	0.052764166
1056	8	8	0.076865420	0.048358031	0.096875302	0.048139710	0.100441396	0.070987694	0.106200412	0.071704537	0.255882651	0.124544784
1057	4	4	0.065337226	0.090606958	0.075916767	0.107683532	0.317649752	0.043685444	0.107544646	0.074914403	0.057577379	0.059083905
1058	6	6	0.088709749	0.078998603	0.140763596	0.080946378	0.191806972	0.043128695	0.196737975	0.058604881	0.059063282	0.061239939
1059	8	8	0.194527939	0.060698092	0.055757876	0.024487875	0.087785579	0.067658462	0.105248094	0.106431529	0.200374976	0.097029589
1060	7	7	0.053334292	0.098134473	0.057340629	0.058489267	0.057407033	0.183334425	0.050887216	0.298124611	0.083109260	0.059838805
1061	6	7	0.166055247	0.045325629	0.068759315	0.033239216	0.084460512	0.059749227	0.127671212	0.230939314	0.129917666	0.053882755
1062	0	0	0.300356179	0.059027478	0.102069557	0.063155442	0.110420704	0.022474471	0.107174061	0.105755575	0.081281856	0.048284672
1063	2	2	0.076393470	0.080830716	0.341080338	0.033404514	0.133744642	0.029350830	0.102465019	0.082413360	0.060084838	0.060232237
1064	0	0	0.312100589	0.090930015	0.064586632	0.051440891	0.083277673	0.071075417	0.093433686	0.092945457	0.083208784	0.057000808
1065	2	2	0.098048247	0.109873503	0.128608793	0.103012472	0.097884245	0.055102576	0.126678348	0.102736771	0.099312298	0.078742795
1066	8	8	0.097995624	0.056742150	0.088859871	0.052026756	0.097958229	0.071999438	0.125392735	0.063011609	0.227596894	0.118416749
1067	4	7	0.101579994	0.082819887	0.124907531	0.070846982	0.129106045	0.097911522	0.099286370	0.131013334	0.089429669	0.073098682
1068	7	9	0.060067028	0.058166776	0.082833685	0.060661506	0.088050216	0.107909493	0.068779975	0.116165183	0.087330535	0.270035684
1069	5	5	0.065320849	0.099599794	0.070166610	0.079034127	0.077346087	0.226963490	0.064115301	0.142699972	0.092425130	0.082328685
1070	6	6	0.086574376	0.081828684	0.116967537	0.093684569	0.169487774	0.037742957	0.255233020	0.066732369	0.052001286	0.039747451
1071	9	9	0.056555688	0.061334707	0.070001639	0.061936341	0.059072252	0.078219511	0.049928125	0.100690611	0.091906101	0.370355040
1072	0	0	0.224499866	0.068395846	0.060140412	0.104346327	0.065865822	0.051584136	0.156057462	0.118559435	0.078971885	0.071578756
1073	9	9	0.049622025	0.057356503	0.088463008	0.040670738	0.076460600	0.086288758	0.063401684	0.061857373	0.098177657	0.377701610
1074	4	4	0.086383663	0.075661570	0.084097549	0.146992236	0.202816889	0.034763139	0.134553879	0.103287749	0.067082599	0.064360760
1075	2	2	0.087542176	0.082226157	0.277322114	0.034914773	0.147139877	0.029134275	0.135963216	0.061185215	0.072729915	0.071842216
1076	1	1	0.075368643	0.360582262	0.062234037	0.094403990	0.116028875	0.036700744	0.094338328	0.059408825	0.055765450	0.045168869
1077	1	1	0.077155091	0.208493054	0.063111842	0.127413273	0.086472087	0.111886032	0.058129407	0.108199120	0.078613393	0.080526710
1078	2	2	0.090109393	0.086097345	0.279463589	0.034835938	0.114209525	0.043908820	0.114433102	0.072286412	0.073637754	0.091018096
1079	6	0	0.328380138	0.055620141	0.051408324	0.055138420	0.127369434	0.040573198	0.185935110	0.062828645	0.051469427	0.041277122
1080	6	6	0.079817459	0.123326696	0.083673663	0.101347066	0.144846544	0.059849858	0.229224473	0.059479557	0.061058961	0.057375770
1081	3	3	0.088925682	0.206617787	0.062072590	0.243629783	0.100813895	0.044109460	0.080871262	0.066119522	0.056399129	0.050440911
1082	0	6	0.120671079	0.103870288	0.094239123	0.142740279	0.124184512	0.039612282	0.163363203	0.083650693	0.068439998	0.059228547
1083	3	3	0.109275527	0.087239340	0.101834178	0.183585241	0.149905622	0.042081881	0.120911725	0.078720152	0.066765510	0.059680957
1084	2	4	0.072341383	0.070954308	0.148118347	0.033819798	0.162892431	0.078734919	0.145185873	0.109179333	0.094254993	0.084518656
1085	3	3	0.096271619	0.096924789	0.077758923	0.234509677	0.130561024	0.039006386	0.134394675	0.075629234	0.062177707	0.052765921
1086	6	4	0.080596298	0.101783223	0.057264034	0.116949104	0.160228461	0.070888370	0.155252665	0.113985732	0.075669333	0.067382783
1087	7	7	0.049880363	0.103669189	0.063676149	0.045996618	0.055242427	0.163519859	0.040453356	0.341119647	0.081590928	0.054851521
1088	9	9	0.064130835	0.052676499	0.104401387	0.052198943	0.068143733	0.099421754	0.104639091	0.064892851	0.119378895	0.270116031
1089	0	0	0.308911204	0.055125427	0.087810852	0.060071547	0.080225162	0.065205172	0.124844775	0.095600083	0.077527337	0.044678483
1090	1	1	0.062786661	0.368030429	0.067213416	0.088960961	0.089221105	0.067140847	0.064655796	0.073060460	0.062528200	0.056402098
1091	0	0	0.204049990	0.073417097	0.102582388	0.117304482	0.133647442	0.021449104	0.144285530	0.077680029	0.083948590	0.041635379
1092	3	7	0.081735790	0.086097613	0.056102987	0.130361572	0.081331350	0.077022031	0.099256434	0.206716597	0.093791865	0.087583728
1093	9	9	0.059849396	0.058805041	0.082414679	0.098306209	0.058931973	0.147868529	0.071845762	0.096807756	0.111528262	0.213642418
1094	8	9	0.091574445	0.078234822	0.102882847	0.079811707	0.112958662	0.071414605	0.126574188	0.090776622	0.113483660	0.132288471
1095	1	1	0.077302560	0.285141945	0.052712139	0.109580941	0.098604254	0.078237593	0.090765417	0.082661256	0.069161505	0.055832345
1096	9	9	0.064052284	0.054831889	0.107502490	0.042701695	0.134421214	0.101432398	0.070167117	0.084838472	0.104279086	0.235773444
1097	0	0	0.295916647	0.061996598	0.120688990	0.080924809	0.098008953	0.034713347	0.120099477	0.070377268	0.058916491	0.058357421
1098	8	8	0.104436576	0.077546589	0.094468728	0.017705904	0.081515588	0.062682286	0.076784231	0.158598065	0.225979730	0.100282274
1099	8	8	0.114266232	0.079726636	0.112641893	0.038726997	0.070019506	0.065493710	0.078940287	0.118847817	0.212522134	0.108814768
1100	3	6	0.098476656	0.077567421	0.070281938	0.107890867	0.075924642	0.070797123	0.148440227	0.129103452	0.093118548	0.128399074
1101	1	1	0.110447824	0.152007326	0.086967334	0.134057403	0.121067636	0.044345338	0.145866409	0.077431075	0.071904033	0.055905610
1102	8	8	0.107726119	0.087241299	0.092257336	0.120148823	0.094625548	0.066498138	0.105857059	0.085057735	0.152751252	0.087836772
1103	8	8	0.064362012	0.080487274	0.081209600	0.042112604	0.085937522	0.068032719	0.082278199	0.071803629	0.289236546	0.134539828
1104	9	9	0.074363768	0.048743632	0.082892381	0.054723829	0.093913190	0.112091675	0.091724418	0.076734915	0.131233066	0.233579144
1105	8	8	0.065649055	0.062365614	0.077839628	0.052495450	0.081796445	0.070491083	0.070062183	0.059232686	0.295771927	0.164295956
1106	7	7	0.052374721	0.092351563	0.056976315	0.037466407	0.059983615	0.117962420	0.042134367	0.403651685	0.083319440	0.053779509
1107	6	6	0.091054589	0.075628944	0.122367449	0.103485972	0.187849581	0.038292363	0.233364940	0.059975713	0.051950201	0.036030296
1108	0	6	0.102124453	0.053078283	0.072745956	0.163557708	0.152309567	0.034534220	0.211045891	0.103216484	0.059364393	0.048023026
1109	5	7	0.050365813	0.097032420	0.064360879	0.046173807	0.057550993	0.191062257	0.045898739	0.316149682	0.079055719	0.052349668
1110	6	4	0.086811200	0.074813455	0.163415328	0.061262187	0.215778649	0.048516747	0.182973132	0.083981380	0.053487942	0.028959980
1111	8	8	0.104453899	0.058616944	0.076331601	0.019946776	0.084452890	0.077262945	0.077174880	0.199110538	0.209920332	0.092729211
1112	4	4	0.054422051	0.065799117	0.140149131	0.025755312	0.358404428	0.035735276	0.139741197	0.042263869	0.069669306	0.068060257
1113	4	4	0.091837205	0.076781370	0.113050930	0.111455113	0.270870894	0.027699092	0.157515422	0.065554388	0.045857791	0.039377745
1114	6	6	0.100542404	0.086077161	0.134127006	0.075551443	0.158226356	0.035585184	0.206823379	0.069363110	0.073804706	0.059899159
1115	9	9	0.063478880	0.061315790	0.077545740	0.078021310	0.080551967	0.091869727	0.067366771	0.116930194	0.112335123	0.250584483
1116	1	0	0.151211649	0.107910022	0.081580706	0.093450584	0.113145955	0.053333640	0.147675484	0.118394703	0.063107200	0.070190102
1117	1	1	0.065576278	0.312058955	0.060796849	0.112856939	0.071036711	0.082211316	0.062472709	0.086017132	0.080933407	0.066039659
1118	6	6	0.090243451	0.075991802	0.117074460	0.097421564	0.142131656	0.034263510	0.274565428	0.058639187	0.056160651	0.053508285
1119	4	6	0.084281258	0.063835658	0.125716344	0.054991189	0.168931186	0.038023874	0.254911155	0.049805261	0.070872836	0.088631324
1120	8	8	0.112788565	0.069200397	0.081863038	0.031827752	0.096472271	0.070326112	0.089533672	0.108268917	0.216493726	0.123225518
1121	3	3	0.097056299	0.141160175	0.062716119	0.188003317	0.149092436	0.048492551	0.121535748	0.088672362	0.051677290	0.051593691
1122	4	6	0.092034958	0.092678018	0.099225849	0.092233658	0.203705668	0.024755139	0.212357044	0.065275766	0.067642376	0.050091524
1123	7	9	0.057513125	0.073166609	0.078147203	0.064480826	0.060165141	0.093706913	0.090586975	0.185258478	0.069290750	0.227683946
1124	0	0	0.243172362	0.058950379	0.086950876	0.066953763	0.108805485	0.037460946	0.178783387	0.059939846	0.078767322	0.080215618
1125	1	1	0.063076727	0.435829043	0.059847157	0.087748721	0.082529433	0.035492722	0.070708320	0.061964858	0.057454169	0.045348760
1126	5	5	0.099367671	0.066952206	0.073456101	0.081668727	0.103506245	0.188110322	0.094781198	0.095359378	0.080699377	0.116098754
1127	7	7	0.056230024	0.065838955	0.063313641	0.040923946	0.061987560	0.133103982	0.056693219	0.379986197	0.087490879	0.054431677
1128	0	0	0.184918568	0.077453509	0.065717779	0.097365662	0.090722620	0.128632769	0.100305162	0.100399159	0.090356126	0.064128697
1129	7	7	0.067719787	0.057915162	0.077180520	0.063198879	0.080013230	0.109660082	0.077214696	0.175722882	0.117076471	0.174298331
1130	7	7	0.050298080	0.093439035	0.066262484	0.042504016	0.053765334	0.131551787	0.055382833	0.366492629	0.086944982	0.053358786
1131	9	9	0.053493466	0.066777140	0.109063178	0.049299564	0.120697901	0.085785158	0.067946106	0.087433629	0.107320011	0.252183855
1132	4	4	0.069991164	0.067371421	0.126931608	0.062396042	0.374253333	0.043714210	0.097019628	0.077631049	0.043749243	0.036942314
1133	2	7	0.095265366	0.066066481	0.122513533	0.046668362	0.088068798	0.085879177	0.106157869	0.259064257	0.083728701	0.046587493
1134	9	9	0.064099759	0.050500613	0.125901669	0.058012657	0.078098170	0.094057851	0.108485341	0.064431153	0.104375191	0.252037615
1135	1	1	0.069444075	0.283064485	0.065095685	0.106460698	0.074133687	0.098170415	0.065668762	0.089360073	0.074103214	0.074498899
1136	8	8	0.079421282	0.080528796	0.098983154	0.119216360	0.078182027	0.058961108	0.132177934	0.079078741	0.185658291	0.087792389
1137	0	0	0.413270831	0.054608800	0.085199162	0.053499509	0.099105142	0.027724121	0.097860426	0.076538160	0.057687245	0.034506552
1138	4	4	0.061666388	0.069262184	0.166330069	0.034831766	0.337039739	0.032907594	0.116409183	0.053218875	0.063999474	0.064334728
1139	0	0	0.239518404	0.058189694	0.086324185	0.112261623	0.077796690	0.042064268	0.090763196	0.095382288	0.105882950	0.091816701
1140	9	9	0.044462189	0.059477381	0.091995798	0.040831883	0.080948517	0.082849130	0.066688217	0.089396141	0.101225697	0.342125058
1141	1	1	0.060990024	0.364344805	0.059800927	0.114727303	0.067564145	0.057559963	0.070831425	0.073901325	0.075103737	0.055176422
1142	8	8	0.168826476	0.056221493	0.067670994	0.043884654	0.070036791	0.069653705	0.138485253	0.095459394	0.171305150	0.118456036
1143	2	4	0.094884463	0.060722526	0.141976014	0.095983721	0.275161237	0.020862382	0.150612220	0.077592678	0.046330731	0.035874058
1144	4	4	0.074817516	0.068348795	0.139137477	0.143071041	0.267294198	0.034979060	0.082218111	0.096691400	0.049773682	0.043668706
1145	8	8	0.075362384	0.076150000	0.079311408	0.056590270	0.105473191	0.099211201	0.095698036	0.089564964	0.191071510	0.131567031
1146	3	6	0.098958395	0.071156681	0.074788593	0.113186233	0.144483924	0.032229155	0.262507766	0.098161317	0.055879533	0.048648380
1147	8	8	0.062546402	0.067269213	0.092714630	0.044866223	0.085003167	0.052765418	0.094105393	0.078112386	0.266989380	0.155627713
1148	2	4	0.085044973	0.078180537	0.145684391	0.096413255	0.209400117	0.052770521	0.115666680	0.085698858	0.063488565	0.067652181
1149	3	3	0.095869407	0.149378926	0.059146136	0.307498872	0.100536563	0.043052696	0.081250936	0.055250492	0.060668625	0.047347348
1150	4	4	0.078650750	0.088517703	0.172830403	0.081364617	0.239965051	0.038316827	0.129614234	0.066936195	0.055285841	0.048518371
1151	6	2	0.086141348	0.090934083	0.185372278	0.079995766	0.077933319	0.096329883	0.111670226	0.075837724	0.086014114	0.109771207
1152	6	6	0.097316414	0.076328754	0.168913007	0.058302678	0.136938006	0.046219625	0.211987779	0.064609714	0.080815539	0.058568433
1153	9	9	0.046709776	0.041116040	0.053565931	0.065395094	0.063359268	0.094520263	0.046152715	0.091593362	0.091356456	0.406231046
1154	0	0	0.206149027	0.067359515	0.106573053	0.083998322	0.138191715	0.032699790	0.161297783	0.070127279	0.072734229	0.060869206
1155	6	4	0.081690729	0.074613243	0.111194283	0.036672212	0.267158389	0.035110727	0.199446112	0.044202302	0.071538039	0.078374021
1156	9	9	0.049907137	0.066543035	0.094519235	0.061965007	0.095173396	0.102803327	0.067185305	0.093725435	0.094851211	0.273326904
1157	4	4	0.079253890	0.088193454	0.122442514	0.101299368	0.288040072	0.029259346	0.122117184	0.064332373	0.058930792	0.046130981
1158	1	1	0.087149069	0.210299119	0.049422029	0.105782427	0.140152827	0.064432964	0.125544354	0.098605208	0.064243220	0.054368835
1159	2	2	0.080123797	0.059520382	0.240911976	0.039938677	0.161213487	0.030340489	0.167980149	0.067854248	0.071934633	0.080182098
1160	8	8	0.074384056	0.068763733	0.110784233	0.054522362	0.086178072	0.053071737	0.079752743	0.073900782	0.263979077	0.134663165
1161	7	7	0.047612984	0.058014922	0.055920631	0.041492205	0.063105464	0.112943552	0.049388461	0.425902903	0.087675638	0.057943251
1162	6	2	0.071194246	0.081484631	0.205136165	0.070485875	0.169817477	0.044715878	0.154437482	0.065976530	0.073103897	0.063647904
1163	6	6	0.125294358	0.135447904	0.066535853	0.122706607	0.141011506	0.055349503	0.166480184	0.060958281	0.077957414	0.048258353
1164	8	8	0.141017869	0.088709258	0.099290766	0.035891946	0.065997906	0.038116995	0.081120856	0.107890800	0.269273043	0.072690539
1165	8	8	0.078755774	0.085160211	0.087066017	0.074928157	0.056974337	0.048805352	0.073920719	0.096778639	0.316921562	0.080689266
1166	3	1	0.095197178	0.224850953	0.062136300	0.180155203	0.097902894	0.070302725	0.067181520	0.068983838	0.063156642	0.070132762
1167	5	9	0.078511946	0.090112694	0.078212202	0.088202767	0.106584638	0.135233194	0.077736475	0.111584365	0.089727737	0.144093946
1168	9	9	0.059457470	0.062025424	0.088030852	0.113932796	0.071276627	0.118412949	0.064549804	0.110082895	0.102567330	0.209663838
1169	5	8	0.081203707	0.078969076	0.060111839	0.089685135	0.086549520	0.144585222	0.090487242	0.101451255	0.145779222	0.121177763
1170	8	8	0.096171886	0.078892663	0.109447755	0.084539875	0.086990915	0.047001455	0.073392279	0.115840256	0.233895421	0.073827490
1171	5	5	0.108944394	0.072195664	0.101448528	0.061472949	0.073743820	0.144080088	0.077289395	0.094889350	0.141831473	0.124104328
1172	7	7	0.055880759	0.052105252	0.071734779	0.034082577	0.059068661	0.092776611	0.063058086	0.429175615	0.084781401	0.057336241
1173	8	8	0.054993115	0.089352727	0.126102641	0.033419032	0.117894053	0.066500589	0.075523093	0.124581367	0.169470832	0.142162532
1174	2	2	0.081832998	0.079715699	0.238209754	0.039431378	0.167248383	0.049527075	0.115551896	0.055126142	0.073289365	0.100067347
1175	3	1	0.076822713	0.227154806	0.052753780	0.137221843	0.084742121	0.090636641	0.097081318	0.093942299	0.075223997	0.064420521
1176	4	4	0.075475805	0.101276062	0.129300728	0.075429000	0.276675254	0.039616309	0.107029639	0.069743253	0.061547004	0.063906886
1177	0	0	0.373711616	0.071846455	0.062359970	0.050229941	0.100612961	0.031273723	0.116300650	0.068853199	0.076356299	0.048455257
1178	6	1	0.107614361	0.173865512	0.054001272	0.120094955	0.108930729	0.083585262	0.104231626	0.075481862	0.101912923	0.070281409
1179	1	1	0.067561328	0.375335485	0.063431099	0.101120673	0.094735645	0.049437311	0.071052074	0.069400392	0.056673385	0.051252652
1180	5	7	0.077171825	0.063554190	0.085123889	0.097209677	0.086778127	0.144463465	0.084470086	0.145606458	0.091135308	0.124486983
1181	1	1	0.073023885	0.361477911	0.065811060	0.110225320	0.090670429	0.051881839	0.073768213	0.069228582	0.055894963	0.048017837
1182	8	8	0.073631465	0.101414748	0.080729008	0.086293325	0.068434186	0.075178929	0.154816329	0.083124295	0.171519816	0.104857899
1183	2	4	0.099070437	0.075892329	0.150054514	0.089020051	0.190584913	0.046995673	0.124500252	0.096335977	0.079895608	0.047650158
1184	6	0	0.165126696	0.069027729	0.073531717	0.067001678	0.083360665	0.099056259	0.094200522	0.147468343	0.150031641	0.051194798
1185	8	8	0.058073577	0.054181613	0.101824522	0.047636732	0.074298501	0.064950049	0.088337943	0.103536211	0.255054027	0.152106792
1186	0	0	0.392443001	0.047520012	0.095305733	0.042241871	0.092211753	0.033811405	0.085276611	0.093215093	0.076039098	0.041935366
1187	0	0	0.312611163	0.117065087	0.046925250	0.073452875	0.087697536	0.057566088	0.116849735	0.072768368	0.064239457	0.050824445
1188	5	5	0.072562248	0.078242190	0.054233067	0.076540098	0.076055780	0.259328991	0.068722181	0.134549662	0.091474794	0.088291004
1189	1	1	0.063114651	0.429685891	0.060306828	0.092891611	0.091352381	0.041970037	0.061552364	0.062238976	0.048071116	0.048816219
1190	4	2	0.087988369	0.090101726	0.164098799	0.066707425	0.096176878	0.107773408	0.134579927	0.090267070	0.086481810	0.075824678
1191	9	9	0.065369524	0.053410705	0.082604118	0.049479142	0.058206547	0.122403294	0.085701555	0.082695901	0.081515372	0.318613857
1192	3	3	0.115491211	0.087224983	0.071066648	0.242695227	0.138537481	0.025781853	0.138501868	0.071419738	0.058017984	0.051263060
1193	3	3	0.098178454	0.157855853	0.067775063	0.258347005	0.104436509	0.053453542	0.093955919	0.062194046	0.055166911	0.048636682
1194	3	3	0.083258972	0.158540294	0.068780206	0.174807876	0.076215044	0.113401450	0.068683967	0.082393520	0.088741854	0.085176766
1195	2	2	0.085421219	0.082299069	0.286209196	0.040416129	0.166732788	0.037782140	0.106272615	0.077152185	0.067381792	0.050332844
1196	4	6	0.095903389	0.085637912	0.062270913	0.122826442	0.186871007	0.030930627	0.222284853	0.088227488	0.060043406	0.045003969
1197	6	6	0.077490814	0.125658572	0.108423233	0.110843949	0.084102638	0.052433304	0.172575191	0.091975033	0.095016502	0.081480771
1198	1	1	0.057929549	0.445984483	0.055075292	0.093997411	0.081300497	0.042035669	0.073200978	0.051985558	0.055316955	0.043173566
1199	4	6	0.075749420	0.128778219	0.077719413	0.097995296	0.120842859	0.074593402	0.132656589	0.121696584	0.075171664	0.094796546
1200	8	8	0.154439375	0.055504557	0.053146604	0.040499590	0.081403211	0.063615084	0.136260539	0.097690433	0.192993924	0.124446645
1201	6	4	0.066177525	0.077494651	0.203445777	0.023767034	0.216321662	0.046226870	0.149691045	0.081583150	0.084576055	0.050716132
1202	0	0	0.359117270	0.054378022	0.081010506	0.062697560	0.145229936	0.030758655	0.105126321	0.067790344	0.051444508	0.042446952
1203	2	2	0.078139000	0.082781255	0.297453761	0.033796787	0.151459098	0.038451523	0.107099064	0.089825243	0.065975457	0.055018824
1204	2	4	0.078294039	0.081234224	0.165723905	0.036440376	0.270679265	0.039489470	0.130832046	0.079525277	0.068792701	0.048988700
1205	4	2	0.092783466	0.095102794	0.224664032	0.039981347	0.171170577	0.047804739	0.126238897	0.063257419	0.061890453	0.077106312
1206	4	4	0.072892658	0.059420042	0.209781885	0.037490066	0.227985397	0.034774866	0.154269904	0.045378238	0.072944686	0.085062236
1207	7	7	0.045870792	0.080985606	0.054979581	0.036307029	0.048164584	0.094365567	0.040551715	0.471833080	0.075455748	0.051486235
1208	8	8	0.150408775	0.063995704	0.070144720	0.042910684	0.071090057	0.064984515	0.108700074	0.104620457	0.214005515	0.109139509
1209	1	1	0.062216125	0.424552113	0.060881581	0.099031754	0.080160558	0.034739561	0.070720814	0.057762161	0.059705690	0.050229784
1210	7	9	0.061639618	0.071890354	0.068053618	0.067923218	0.066937640	0.098670930	0.076856822	0.125039205	0.125889987	0.237098679
1211	2	2	0.085454315	0.082705691	0.276297033	0.055878993	0.123284437	0.031660989	0.152889341	0.054827865	0.056588307	0.080413006
1212	6	8	0.111851722	0.090422913	0.135544002	0.052529521	0.109915949	0.056376439	0.104088716	0.057680689	0.149228498	0.132361472
1213	1	1	0.075344652	0.345998526	0.057705510	0.090964906	0.102747768	0.065073043	0.081377365	0.069566071	0.065228164	0.045994017
1214	0	0	0.181467026	0.070875928	0.118057095	0.070985906	0.107889771	0.043391727	0.170910358	0.117151327	0.078502074	0.040768702
1215	7	7	0.063402064	0.051634707	0.073608756	0.042549361	0.069466472	0.108935572	0.086749360	0.332207352	0.106499031	0.064947344
1216	4	4	0.078291021	0.154494226	0.063344404	0.113828324	0.228521511	0.061997231	0.110373199	0.065372311	0.067734756	0.056043033
1217	4	4	0.054903407	0.068822376	0.206349984	0.029061966	0.319780052	0.034133464	0.138868809	0.039787687	0.049173772	0.059118405
1218	2	2	0.071888484	0.091248184	0.253052592	0.029099595	0.211221963	0.042550705	0.117972113	0.067195237	0.064709209	0.051061928
1219	2	2	0.088905953	0.071181379	0.257953972	0.036497887	0.181294888	0.041788243	0.128487691	0.078419566	0.062499873	0.052970584
1220	7	7	0.056600899	0.094034433	0.073034853	0.043864973	0.060548544	0.121539705	0.057517175	0.353314072	0.086508900	0.053036500
1221	1	1	0.073021494	0.393067211	0.056551822	0.106696919	0.084068559	0.041770980	0.063600399	0.062297530	0.066394418	0.052530620
1222	8	8	0.070986807	0.098699830	0.070918888	0.085215338	0.056948390	0.041174207	0.074061692	0.093768895	0.330273926	0.077952079
1223	5	5	0.069684878	0.079795107	0.073116481	0.097203873	0.065775983	0.234575152	0.082997739	0.092321932	0.098899171	0.105629683
1224	8	8	0.079537645	0.063990653	0.090978205	0.133062825	0.096733540	0.052136924	0.078491151	0.088594824	0.212092206	0.104382038
1225	6	6	0.089239113	0.077828132	0.102274232	0.040803630	0.182797700	0.040473435	0.200256154	0.053685799	0.115017712	0.097624049
1226	1	1	0.102821082	0.229983002	0.059317634	0.118903123	0.120896794	0.049543884	0.125680596	0.083086327	0.052593574	0.057173982
1227	8	8	0.088079549	0.065328553	0.090448856	0.097481422	0.082783483	0.077841781	0.078972831	0.089965388	0.219317675	0.109780371
1228	2	2	0.098957956	0.077220984	0.225880757	0.104468644	0.093137361	0.056222755	0.130826056	0.071551621	0.077505469	0.064228468
1229	7	9	0.057257041	0.059401836	0.078525916	0.069834545	0.056220185	0.100990482	0.094270304	0.128886595	0.149930716	0.204682410
1230	7	7	0.051398739	0.090247892	0.058666378	0.047032010	0.053532518	0.113177583	0.047515202	0.408084065	0.080934055	0.049411573
1231	9	9	0.059550289	0.060488869	0.118997753	0.051513176	0.080348127	0.125928193	0.083194509	0.123271383	0.089686781	0.207020923
1232	7	7	0.053351026	0.058681555	0.059113357	0.035460867	0.049017396	0.090114906	0.044635583	0.452134788	0.094610997	0.062879473
1233	2	4	0.068481006	0.065046147	0.207699344	0.040242244	0.236581028	0.056004986	0.121408686	0.049637653	0.063590035	0.091308840
1234	1	1	0.068196997	0.377473593	0.062190406	0.084970109	0.108454488	0.047872771	0.080866911	0.065179393	0.054705665	0.050089676
1235	1	1	0.060781687	0.374794066	0.061899275	0.095807016	0.086067192	0.059332315	0.070044622	0.072444513	0.064432524	0.054396812
1236	1	1	0.071904719	0.162315369	0.044246510	0.141685039	0.092342816	0.073965594	0.108109288	0.136271283	0.088414341	0.080745094
1237	1	1	0.060392655	0.407363504	0.058564100	0.089937143	0.077272341	0.057827443	0.068959765	0.070791386	0.058486786	0.050404772
1238	2	0	0.226847857	0.074239597	0.134422660	0.045142744	0.076458871	0.071883105	0.093950190	0.100841537	0.100241259	0.075972155
1239	7	9	0.077427104	0.078107260	0.097369663	0.068422936	0.098619387	0.113322057	0.080722116	0.138807863	0.085137300	0.162064359
1240	7	9	0.063435398	0.054673310	0.089040458	0.076659806	0.086680718	0.094679505	0.092646644	0.135394663	0.112249710	0.194539785
1241	6	6	0.106395148	0.075965635	0.114967458	0.069206282	0.131288439	0.033937696	0.242927745	0.100366518	0.059809525	0.065135509
1242	2	4	0.100335635	0.066527620	0.183360308	0.079946309	0.224567398	0.043740962	0.115725905	0.092419460	0.060163390	0.033213016
1243	4	4	0.074230805	0.061464664	0.213903427	0.033401191	0.229849309	0.033985361	0.154602081	0.057883497	0.079174444	0.061505318
1244	1	1	0.059771318	0.454132229	0.059117623	0.088891417	0.078903057	0.038886130	0.060461711	0.061017141	0.049690876	0.049128529
1245	4	6	0.099602297	0.052206509	0.081355676	0.064785749	0.188797742	0.055663474	0.221635833	0.083515294	0.081401996	0.071035326
1246	1	1	0.056094736	0.460864216	0.057717498	0.093653560	0.079380132	0.042208754	0.062829979	0.061076440	0.045212120	0.040962521
1247	5	5	0.057711210	0.096111119	0.058222350	0.089240290	0.081161000	0.193807632	0.070952445	0.153599009	0.091542348	0.107652657
1248	6	6	0.093514517	0.073879391	0.105555661	0.117767498	0.194797724	0.029098755	0.204874933	0.063463606	0.065022647	0.052025314
1249	4	4	0.075691551	0.066803478	0.125311792	0.049940389	0.267302155	0.037753448	0.155000389	0.050513942	0.087729611	0.083953150
1250	3	6	0.110624619	0.073954098	0.102316678	0.046493184	0.139086947	0.046237510	0.265801549	0.070919767	0.088243328	0.056322310
1251	9	9	0.064955838	0.074978791	0.077590607	0.095048375	0.074523501	0.124496758	0.075597167	0.127488747	0.089522943	0.195797205
1252	2	2	0.071064197	0.073296018	0.326026171	0.042445071	0.127370596	0.046962187	0.126953855	0.064591102	0.068085477	0.053205326
1253	1	1	0.065579377	0.452140898	0.057028361	0.099874787	0.089781076	0.025622066	0.069903828	0.055060040	0.044422884	0.040586710
1254	9	9	0.038496297	0.061949786	0.083505802	0.061238494	0.068127915	0.097982101	0.050195951	0.105398670	0.073067553	0.360037535
1255	6	0	0.271960437	0.069198057	0.128776118	0.028452102	0.118512183	0.034507044	0.170619518	0.048199911	0.068691701	0.061082944
1256	7	7	0.046328265	0.083624281	0.060974654	0.043287154	0.046827454	0.124633111	0.044706609	0.416653901	0.082088985	0.050875556
1257	8	7	0.153357506	0.075850293	0.060704216	0.025951894	0.069409311	0.055708881	0.073311575	0.251249075	0.175195798	0.059261404
1258	3	3	0.090208396	0.160739705	0.058714222	0.181806162	0.148840711	0.050280876	0.117377430	0.087156221	0.051647261	0.053229056
1259	3	3	0.108214840	0.185828909	0.060297236	0.204615667	0.102660485	0.057905115	0.098275155	0.061491754	0.061177753	0.059533101
1260	3	3	0.099034883	0.112002291	0.056978360	0.209152743	0.144235566	0.029297363	0.129918769	0.107576892	0.061222162	0.050581023
1261	1	1	0.056892548	0.490302622	0.053136162	0.094119132	0.078373276	0.024000252	0.064893395	0.054226696	0.042847384	0.041208509
1262	1	6	0.091648132	0.177370727	0.066124097	0.117916621	0.108059175	0.059618227	0.178067759	0.091266118	0.058559373	0.051369671
1263	0	0	0.205662027	0.054763004	0.090702586	0.052800898	0.123629764	0.043667145	0.079543389	0.168673456	0.128090009	0.052467715
1264	6	2	0.091931194	0.097084098	0.177632809	0.086220436	0.108752601	0.067165665	0.122742966	0.079731591	0.086186193	0.082552440
1265	2	2	0.080377065	0.081134968	0.251118153	0.059096862	0.119608052	0.057729952	0.141485304	0.080261089	0.071425803	0.057762824
1266	5	5	0.059547506	0.092909575	0.105070032	0.088101655	0.095486559	0.164715201	0.083167806	0.088323459	0.084239006	0.138439283
1267	1	1	0.085685752	0.229764998	0.054202341	0.119193144	0.123327695	0.053506799	0.150319070	0.085429654	0.054330911	0.044239517
1268	3	1	0.076888472	0.203268394	0.064276934	0.200499386	0.105768465	0.076524578	0.080750614	0.073242947	0.062318433	0.056461763
1269	9	9	0.049752876	0.062655978	0.064726889	0.056624740	0.054135643	0.055807792	0.045456540	0.103392720	0.104533948	0.402912915
1270	7	7	0.052695014	0.051443662	0.047434703	0.035206500	0.050264385	0.092934318	0.052126590	0.471737087	0.091836572	0.054321203
1271	5	5	0.062263086	0.064556465	0.076749660	0.068234868	0.077685580	0.277685434	0.061099693	0.142931655	0.097643353	0.071150243
1272	1	1	0.065276101	0.378892630	0.056064203	0.101586886	0.078614354	0.050718471	0.070532180	0.077899978	0.062910713	0.057504524
1273	7	7	0.058412466	0.076012664	0.047677469	0.048345096	0.065786496	0.182537481	0.071154989	0.284864306	0.092898548	0.072310477
1274	1	1	0.063597351	0.448679596	0.063653551	0.101258107	0.082998276	0.026143497	0.072078511	0.054458946	0.046044782	0.041087504
1275	6	6	0.097142264	0.085030571	0.085401133	0.119942367	0.154598147	0.030988293	0.249083370	0.075491488	0.056687832	0.045634516
1276	5	5	0.058222279	0.105949029	0.066091791	0.058040172	0.056525718	0.263747513	0.048681907	0.177323788	0.095496677	0.069921151
1277	4	4	0.065818690	0.069595836	0.190791324	0.040231779	0.246583819	0.040743582	0.138480946	0.070093520	0.064593270	0.073067181
1278	2	2	0.066742897	0.076557845	0.287374169	0.031972017	0.183551669	0.042633832	0.111433901	0.062745035	0.074583203	0.062405467
1279	2	2	0.083447248	0.083118260	0.327074498	0.039215744	0.143316761	0.028901951	0.114838071	0.079380088	0.049191561	0.051515732
1280	4	1	0.080022812	0.222671017	0.049935542	0.126214474	0.143434480	0.050073501	0.119654387	0.090441629	0.062019102	0.055533018
1281	9	9	0.053490225	0.060906403	0.085160211	0.077750497	0.070487782	0.094640784	0.059302814	0.119140737	0.084286511	0.294834048
1282	9	9	0.049017169	0.048765279	0.077136248	0.036484387	0.059090514	0.067874752	0.065771028	0.090136237	0.105020411	0.400703937
1283	3	1	0.085861742	0.219242632	0.053099960	0.111417100	0.089995883	0.098673962	0.085229889	0.085394032	0.095363662	0.075721189
1284	9	9	0.052243225	0.055542056	0.078952149	0.058432706	0.059436735	0.064546518	0.062221479	0.104159415	0.095818043	0.368647605
1285	3	1	0.079989679	0.225882933	0.043622069	0.225405023	0.110651098	0.065328903	0.076995909	0.062334545	0.055343397	0.054446485
1286	1	1	0.083315916	0.234790042	0.047169864	0.106142342	0.109042823	0.072914287	0.103369981	0.120587006	0.061745077	0.060922567
1287	6	0	0.212993249	0.059806831	0.085362993	0.037936445	0.064544462	0.070936158	0.135815695	0.131498411	0.146237135	0.054868646
1288	4	4	0.061916612	0.077467963	0.180468157	0.034059547	0.294958770	0.029350875	0.144543916	0.051845092	0.063178226	0.062210895
1289	7	7	0.047778696	0.052699670	0.058429636	0.035694197	0.060427804	0.102749839	0.053494267	0.463506728	0.071453936	0.053765181
1290	4	2	0.084597319	0.081402466	0.201812014	0.027653413	0.166534409	0.051027562	0.130054638	0.135931998	0.080060035	0.040926073
1291	9	9	0.054855566	0.046303924	0.119347744	0.050119702	0.077953972	0.070253760	0.063481368	0.082811728	0.100247435	0.334624738
1292	6	4	0.080206029	0.083249018	0.144985199	0.071168646	0.227293506	0.028558757	0.190361530	0.072620459	0.058776610	0.042780213
1293	4	4	0.081774235	0.087064825	0.069733068	0.118329205	0.227132350	0.034313895	0.196813226	0.072845228	0.064238079	0.047755856
1294	2	2	0.097887002	0.069838323	0.233869031	0.068141252	0.131499872	0.038908195	0.147800520	0.107782833	0.059655510	0.044617444
1295	6	0	0.295673788	0.065999970	0.089353524	0.084268175	0.125159130	0.026926275	0.144059151	0.061664540	0.072382540	0.034512907
1296	7	7	0.049381196	0.055449918	0.055348217	0.040168948	0.051874060	0.105550528	0.056062378	0.451252639	0.083156101	0.051756009
1297	4	2	0.063040502	0.088338912	0.263531357	0.029749734	0.229802519	0.036220614	0.121678881	0.052083246	0.060386270	0.055167846
1298	7	7	0.046030093	0.051639117	0.063778780	0.037903026	0.050262544	0.101618893	0.045127675	0.437049478	0.092835188	0.073755205
1299	0	0	0.315913767	0.060951147	0.078020938	0.076510295	0.113714613	0.021609953	0.136138499	0.064369917	0.062505722	0.070265137
1300	2	2	0.137233466	0.095048517	0.177258685	0.055968102	0.104950868	0.073923603	0.125564814	0.061916057	0.078078419	0.090057455
1301	2	2	0.090698838	0.081435546	0.248884633	0.047796100	0.090622254	0.047067508	0.142346382	0.088969462	0.079157233	0.083021939
1302	9	9	0.047450364	0.070637330	0.075678602	0.085739255	0.062705152	0.127289131	0.057871796	0.125916153	0.099292338	0.247419924
1303	9	7	0.062899195	0.057995629	0.079281554	0.061739877	0.063406684	0.097945280	0.094397970	0.209399432	0.127774492	0.145159885
1304	4	6	0.079794675	0.084208250	0.104823351	0.084285982	0.184462756	0.031766184	0.251455724	0.065610379	0.064219460	0.049373318
1305	9	9	0.057049431	0.058876731	0.061354231	0.066913873	0.065313429	0.108116269	0.052836873	0.115259632	0.106506854	0.307772726
1306	1	1	0.070204325	0.329413205	0.061804477	0.100643471	0.079753004	0.080298029	0.071132399	0.078385964	0.067127340	0.061237857
1307	7	7	0.057017904	0.056636397	0.057146069	0.060747612	0.068153925	0.086035483	0.073084332	0.280377448	0.099041879	0.161758915
1308	7	7	0.039763682	0.073646300	0.051487148	0.048082396	0.055538882	0.128401697	0.051840898	0.413925350	0.076677516	0.060636096
1309	9	9	0.064422034	0.060569309	0.066596434	0.085608095	0.055627756	0.137494862	0.061157603	0.107409954	0.103489108	0.257624835
1310	9	9	0.050011687	0.051971700	0.099278361	0.043817274	0.064303525	0.100453451	0.066053353	0.056890279	0.098606825	0.368613571
1311	7	7	0.052952893	0.101797692	0.067900300	0.044135645	0.058410082	0.156432584	0.049362320	0.333145171	0.080108717	0.055754591
1312	5	7	0.071595654	0.064161636	0.062070273	0.039612826	0.063297249	0.216574460	0.063360378	0.254393220	0.104493611	0.060440682
1313	3	1	0.089269176	0.188030392	0.044049077	0.113968194	0.112219356	0.079837546	0.130705670	0.121237829	0.057783157	0.062899634
1314	1	1	0.055912416	0.498810023	0.053635504	0.086269617	0.072972462	0.029070431	0.062676661	0.055332907	0.044490304	0.040829673
1315	1	1	0.071688533	0.245487943	0.061966538	0.158269107	0.068867162	0.087377049	0.066978030	0.078381024	0.085771337	0.075213328
1316	5	5	0.074639596	0.070638575	0.063083380	0.084585212	0.149984568	0.170870185	0.099174663	0.075682886	0.092938222	0.118402615
1317	9	9	0.059285998	0.063779265	0.105587043	0.067502961	0.091437250	0.090404354	0.073833898	0.089283973	0.100119002	0.258766294
1318	1	1	0.086919472	0.324843466	0.057952028	0.106182031	0.117141567	0.044344753	0.103799090	0.062966898	0.055608563	0.040242184
1319	0	0	0.384816110	0.061011944	0.078940026	0.057794075	0.097509846	0.032945614	0.105766162	0.069758989	0.064159185	0.047298037
1320	9	9	0.055054877	0.066628918	0.091458835	0.067097314	0.074860819	0.105043039	0.062840946	0.073183946	0.099101238	0.304730117
1321	9	9	0.057305705	0.063129619	0.061876215	0.058573365	0.091415539	0.112396143	0.075346537	0.103375688	0.101131186	0.275450021
1322	1	1	0.073681012	0.350851893	0.070335492	0.107096046	0.094062142	0.050759856	0.081812315	0.069928996	0.049996406	0.051475849
1323	6	0	0.392566741	0.045661367	0.071984209	0.059603158	0.108575843	0.026949137	0.104574904	0.054186571	0.068627365	0.067270577
1324	1	1	0.079247616	0.303978056	0.053284295	0.096618354	0.118634954	0.060004547	0.093112655	0.077261820	0.065715797	0.052141834
1325	9	9	0.050623491	0.082645416	0.083547540	0.089559168	0.061697058	0.102731727	0.057922702	0.120009005	0.086406440	0.264857441
1326	2	4	0.080097042	0.063933976	0.178683758	0.062473733	0.239576131	0.052556831	0.116720848	0.097945184	0.060713835	0.047298584
1327	2	6	0.088372186	0.077491269	0.167084232	0.055285063	0.132247061	0.046900734	0.246612579	0.047138963	0.066063330	0.072804503
1328	2	4	0.084747657	0.091378100	0.130346075	0.102945894	0.253017336	0.055623636	0.079915576	0.095920563	0.057747364	0.048357747
1329	3	1	0.067615166	0.237301096	0.044381745	0.234978706	0.078990906	0.060626056	0.073347211	0.062826805	0.073962934	0.065969341
1330	0	6	0.107460238	0.070195876	0.096103542	0.113802150	0.126071006	0.031324156	0.245242208	0.072700739	0.056229703	0.080870271
1331	9	9	0.047490843	0.058198590	0.087872207	0.050401233	0.064506002	0.069115922	0.058428321	0.072404318	0.086616158	0.404966384
1332	8	8	0.163259983	0.073645428	0.073098801	0.038934052	0.109094024	0.061380010	0.084690422	0.052299339	0.205066040	0.138531849
1333	0	0	0.228910744	0.090015858	0.069366574	0.064149387	0.055038232	0.088990919	0.120261677	0.114581384	0.100765772	0.067919396
1334	3	3	0.115160704	0.084908500	0.081710316	0.199383095	0.127865478	0.037180591	0.130699903	0.090177186	0.075545795	0.057368439
1335	3	1	0.135224223	0.219369546	0.052059237	0.185765177	0.130286694	0.030151399	0.079891771	0.058542460	0.058580309	0.050129246
1336	8	0	0.201375321	0.051325954	0.060358070	0.026452703	0.120192885	0.076744065	0.121985301	0.101774499	0.181314111	0.058477107
1337	9	9	0.055763036	0.060302615	0.068201736	0.056276862	0.062642977	0.093809798	0.062363122	0.116938218	0.094666347	0.329035252
1338	9	9	0.050716687	0.052339226	0.078337885	0.083329491	0.060933650	0.092818126	0.058816049	0.109307371	0.092551343	0.320850164
1339	1	1	0.064195991	0.410063565	0.061860081	0.109655619	0.082013279	0.034856465	0.073380291	0.055467799	0.060681146	0.047825754
1340	4	4	0.086330265	0.064154349	0.138208970	0.061574183	0.150510937	0.092674486	0.132226408	0.071540907	0.103765428	0.099013992
1341	9	9	0.063611254	0.058106791	0.118660741	0.065560840	0.092219926	0.078280754	0.093498923	0.063457988	0.105678827	0.260923982
1342	0	0	0.336548835	0.059302777	0.075091861	0.056493744	0.090294056	0.067253515	0.116897419	0.072707467	0.078043506	0.047366917
1343	5	5	0.071479753	0.094758958	0.063993573	0.083762489	0.081062891	0.246549964	0.066722460	0.120701343	0.085015655	0.085952953
1344	7	7	0.049375307	0.065144323	0.052424587	0.035997085	0.051641703	0.099525250	0.047765642	0.477476656	0.073167711	0.047481727
1345	2	2	0.186585844	0.066443086	0.189965218	0.039260238	0.132775277	0.056853645	0.092196845	0.055573873	0.088446818	0.091899060
1346	3	3	0.152939424	0.166993365	0.051061805	0.175431848	0.093879707	0.068015091	0.112531051	0.070269644	0.059799097	0.049078893
1347	7	7	0.056756038	0.054246079	0.054564506	0.033230916	0.054515898	0.107760906	0.062781475	0.420681804	0.092043765	0.063418537
1348	9	9	0.048740726	0.055013109	0.099036835	0.054303914	0.086883843	0.111652523	0.053048220	0.089109711	0.119646639	0.282564461
1349	2	4	0.066593431	0.060061984	0.181847110	0.028792189	0.291870058	0.033744395	0.150269285	0.063673332	0.064917542	0.058230836
1350	9	9	0.058169384	0.070571855	0.070910372	0.077899873	0.088129312	0.124481447	0.062266026	0.119962007	0.090444505	0.237165168
1351	4	4	0.087462246	0.146949530	0.053848945	0.143564701	0.215360045	0.033523086	0.107897766	0.078002192	0.075838715	0.057552706
1352	3	3	0.147344217	0.141750827	0.058573123	0.207522482	0.112362497	0.046037134	0.098410167	0.068902947	0.066040173	0.053056359
1353	5	5	0.064666592	0.102615364	0.069046900	0.050846770	0.063751720	0.231111765	0.048040338	0.190950394	0.105666459	0.073303714
1354	5	5	0.066257916	0.073669635	0.070371851	0.103687391	0.078254387	0.231586590	0.066238649	0.107989490	0.075979128	0.125965074
1355	9	9	0.065496191	0.063787669	0.078693256	0.075031906	0.099746540	0.099593543	0.075446159	0.118183397	0.123658553	0.200362772
1356	9	9	0.110152788	0.059264526	0.070902206	0.080360942	0.087669745	0.119147986	0.057434194	0.123603515	0.135236219	0.156227887
1357	6	6	0.119346634	0.072093472	0.098576091	0.126773104	0.136474520	0.043214209	0.158262476	0.103347622	0.076046638	0.065865219
1358	7	7	0.044337466	0.053283483	0.053068679	0.034195185	0.048540272	0.096041359	0.041291311	0.497233927	0.078470886	0.053537376
1359	5	5	0.060294334	0.102442190	0.053150911	0.052498408	0.064851001	0.235488683	0.052109055	0.211936936	0.098729156	0.068499386
1360	1	1	0.058843635	0.451254487	0.057818703	0.097165249	0.072226584	0.032601122	0.064218596	0.053602491	0.064899847	0.047369353
1361	9	9	0.060928371	0.060147688	0.087089770	0.051186770	0.084034942	0.095247015	0.062702924	0.075073421	0.106461845	0.317127258
1362	6	6	0.075880758	0.067509785	0.085440286	0.043428484	0.090581767	0.060559630	0.193781316	0.141524449	0.133403242	0.107890263
1363	3	1	0.066224933	0.245680809	0.043978747	0.167804852	0.077331387	0.097868249	0.066603743	0.078857861	0.081804223	0.073845275
1364	1	1	0.060129818	0.431480885	0.057798032	0.086630471	0.083948202	0.048263587	0.062777080	0.063314855	0.054277953	0.051379003
1365	3	4	0.089432307	0.160088241	0.054622769	0.159600943	0.170399517	0.052976955	0.113899402	0.085476108	0.055793397	0.057710417
1366	4	4	0.072704993	0.076629549	0.153016999	0.065806255	0.304335028	0.033144213	0.116259702	0.080329902	0.049927492	0.047845840
1367	8	8	0.073642001	0.096967302	0.085563079	0.049674246	0.089308299	0.050943054	0.094080560	0.077643022	0.197339997	0.184838459
1368	5	9	0.078679189	0.056919087	0.071445294	0.070099711	0.080970369	0.119867146	0.091383018	0.128963858	0.142866865	0.158805430
1369	2	4	0.074414834	0.076501980	0.181459486	0.024954844	0.264119893	0.039816838	0.109323956	0.102201052	0.072744392	0.054462608
1370	3	1	0.061658312	0.273855329	0.054020613	0.170036748	0.068566769	0.077798232	0.065301448	0.076758064	0.080497086	0.071507491
1371	9	9	0.067277290	0.067498013	0.110172704	0.084653012	0.075540140	0.085560188	0.082959555	0.107005693	0.111721888	0.207611561
1372	8	8	0.076328747	0.084667757	0.085647874	0.091341905	0.084831066	0.072272271	0.097912602	0.095736325	0.210263461	0.100998089
1373	2	4	0.077405639	0.072837621	0.212500468	0.041508451	0.223634139	0.036825668	0.137684450	0.048263263	0.066331916	0.083008446
1374	3	7	0.082950011	0.109347366	0.052798066	0.130736023	0.120470017	0.054630008	0.129794717	0.145236745	0.095154725	0.078882247
1375	7	9	0.059842657	0.075735867	0.078620754	0.109020643	0.080008700	0.107237816	0.057958331	0.120198950	0.106897496	0.204478785
1376	4	4	0.074828722	0.078282401	0.092918269	0.092096306	0.253158540	0.040384974	0.207166672	0.052291181	0.059678957	0.049193911
1377	0	1	0.102879763	0.194507807	0.048895627	0.185151681	0.117735803	0.070001036	0.084699132	0.060311887	0.062806256	0.073011115
1378	6	6	0.116519287	0.060890395	0.086722694	0.088587657	0.154552683	0.035929888	0.238749444	0.100450590	0.063733213	0.053864159
1379	8	8	0.094536833	0.070434764	0.091334350	0.093360730	0.089187786	0.068408027	0.094521634	0.083813146	0.210744515	0.103658259
1380	4	4	0.058059521	0.069555655	0.139667898	0.041966517	0.400942147	0.030073026	0.095822297	0.062706456	0.054573812	0.046632651
1381	6	4	0.077541493	0.077960417	0.137077227	0.067887969	0.255022943	0.033125930	0.157290906	0.074294217	0.062896937	0.056901921
1382	2	2	0.075183533	0.099908985	0.199717239	0.109283142	0.081130035	0.082747914	0.094193764	0.080750123	0.087434158	0.089650981
1383	0	3	0.118625239	0.153185755	0.086022839	0.161440745	0.129301652	0.043135241	0.120414734	0.071136475	0.061445367	0.055291984
1384	3	3	0.176193580	0.108927488	0.066346958	0.217399731	0.114240259	0.024916457	0.120349787	0.055990033	0.061523948	0.054111794
1385	5	5	0.061285831	0.099019617	0.072917022	0.092269212	0.073702939	0.251204848	0.075871922	0.107199386	0.087298200	0.079231024
1386	3	3	0.129424453	0.138118252	0.066832937	0.167243958	0.116415583	0.053629011	0.125345364	0.074866302	0.074312843	0.053811301
1387	8	8	0.061191272	0.070154846	0.101161458	0.048237510	0.102071695	0.078767933	0.097192183	0.073311888	0.216775760	0.151135474
1388	5	5	0.056648802	0.100485235	0.049004406	0.071890123	0.073229834	0.307297319	0.051878881	0.135851130	0.082340367	0.071373954
1389	5	5	0.064854965	0.064892590	0.074261196	0.113752395	0.061224584	0.194176212	0.100491971	0.096418940	0.096281894	0.133645192
1390	4	4	0.072247773	0.075534113	0.184122488	0.053688046	0.249991030	0.052217983	0.118582018	0.073313817	0.062474679	0.057828132
1391	2	2	0.076933332	0.084219478	0.282558262	0.033214834	0.178144321	0.038133167	0.127582282	0.070189908	0.059791010	0.049233403
1392	3	3	0.082152382	0.162008524	0.043632265	0.181178406	0.068102844	0.057915457	0.112004250	0.136554033	0.083692551	0.072759219
1393	6	6	0.117879435	0.067870960	0.092841990	0.106105246	0.125229925	0.038143232	0.235455871	0.093404412	0.059990764	0.063078143
1394	7	9	0.060984612	0.063382432	0.077759415	0.080229662	0.060206220	0.138635635	0.051589917	0.115192197	0.092452280	0.259567708
1395	0	6	0.093210302	0.092226513	0.105447061	0.142377988	0.154703721	0.036134668	0.162534386	0.095885552	0.061213795	0.056266017
1396	4	4	0.076313488	0.065817140	0.185550511	0.030271612	0.244714633	0.041960254	0.151478454	0.078699686	0.069196403	0.055997845
1397	5	7	0.076601900	0.074495412	0.058498040	0.050555851	0.066486701	0.161693424	0.085570157	0.220275149	0.150862217	0.054961178
1398	9	9	0.059144914	0.082054511	0.088607416	0.066538207	0.068975061	0.103834964	0.073416509	0.126655549	0.106453568	0.224319309
1399	3	3	0.077365443	0.163833439	0.058147978	0.297539264	0.094382577	0.055081166	0.077868797	0.066787519	0.057746828	0.051247030
1400	4	6	0.077399619	0.080802694	0.116679579	0.075432032	0.217988774	0.028082451	0.218101487	0.058327407	0.064148739	0.063037261
1401	9	9	0.052261923	0.051627580	0.077573963	0.077496581	0.061127055	0.084685050	0.064502053	0.117497377	0.113760620	0.299467832
1402	5	7	0.061146114	0.073016591	0.063716412	0.036353149	0.069279648	0.222947240	0.053375635	0.258802861	0.104299821	0.057062555
1403	7	7	0.052299403	0.056659501	0.050102100	0.036413614	0.055225983	0.109132774	0.055398460	0.447279394	0.083627418	0.053861417
1404	4	4	0.068531103	0.082339294	0.124841414	0.038752113	0.271880120	0.023453208	0.203590363	0.045052852	0.077667654	0.063891865
1405	0	0	0.339833736	0.053209256	0.093671344	0.054795519	0.112015560	0.017648092	0.125992015	0.066040717	0.078215636	0.058578160
1406	8	7	0.145882174	0.065813184	0.060788170	0.035412718	0.065646328	0.084089704	0.069543682	0.220765948	0.179409727	0.072648399
1407	0	0	0.307765603	0.066645339	0.075542547	0.065784417	0.069239870	0.055644032	0.101380743	0.090772204	0.099010110	0.068215050
1408	6	0	0.372623146	0.066469625	0.059652723	0.042752746	0.119017296	0.029750833	0.118874654	0.067772873	0.078948669	0.044137437
1409	1	1	0.056094736	0.481291413	0.053024795	0.088886760	0.073958740	0.038832739	0.054841582	0.058312234	0.046440888	0.048316184
1410	4	2	0.075233869	0.088289522	0.211252362	0.034311395	0.183989778	0.036588192	0.152508408	0.055476155	0.076675899	0.085674368
1411	4	4	0.074900299	0.088012688	0.120507903	0.089056142	0.215529025	0.093957089	0.131197751	0.074071415	0.055127203	0.057640407
1412	9	9	0.059723791	0.071337700	0.081139371	0.073880121	0.062251158	0.095256947	0.067423090	0.107961752	0.096605144	0.284420937
1413	8	8	0.143050879	0.066709146	0.063970812	0.039693691	0.061643451	0.060633622	0.132424489	0.166849285	0.175932229	0.089092322
1414	7	7	0.054135550	0.055944733	0.079448484	0.073356345	0.062763840	0.088743113	0.088375181	0.213052213	0.090388298	0.193792298
1415	3	1	0.094438642	0.230927154	0.052626416	0.120039858	0.155081987	0.056301229	0.101636678	0.067800812	0.062138014	0.059009228
1416	0	0	0.399763703	0.060139544	0.088352203	0.035663243	0.090732440	0.030854924	0.092463642	0.099457666	0.068210371	0.034362298
1417	1	1	0.073154807	0.343054771	0.065818742	0.098761238	0.096671119	0.054334044	0.076391079	0.077382959	0.062701866	0.051729359
1418	9	9	0.085637361	0.063694939	0.089588694	0.057276007	0.127957657	0.122438721	0.098999910	0.064080648	0.124677278	0.165648758
1419	0	3	0.111621909	0.085899636	0.095147260	0.246038586	0.129526049	0.030371275	0.130380258	0.060414977	0.065269865	0.045330092
1420	4	6	0.084316269	0.071092688	0.153924301	0.082552984	0.150589466	0.025338870	0.181338072	0.061311737	0.109947026	0.079588592
1421	7	7	0.045678549	0.049159732	0.051005591	0.035240885	0.053770486	0.095256507	0.054620892	0.467249393	0.090314254	0.057703651
1422	9	9	0.081316717	0.065516680	0.115763195	0.068596900	0.098668277	0.113457009	0.117895104	0.064946406	0.097728603	0.176111057
1423	8	8	0.077792428	0.058488432	0.081102490	0.054968316	0.077484101	0.073126234	0.075182468	0.065683819	0.287034631	0.149137050
1424	4	4	0.083991483	0.082631335	0.170503870	0.042437684	0.190038055	0.056510657	0.140102088	0.094317861	0.087383233	0.052083712
1425	0	0	0.389557809	0.048228428	0.088024870	0.036303293	0.106526017	0.031380944	0.080907539	0.109649166	0.069723614	0.039698277
1426	3	3	0.088706322	0.192509100	0.050224729	0.260638952	0.075104289	0.047019050	0.070875525	0.066778727	0.078924045	0.069219254
1427	7	7	0.060625851	0.090910852	0.064528055	0.090496503	0.070558637	0.115636423	0.083880462	0.207482442	0.112039991	0.103840858
1428	2	2	0.072994493	0.093078047	0.208424985	0.038153432	0.174709067	0.045611233	0.152124614	0.041624554	0.078404829	0.094874673
1429	5	5	0.067732304	0.067003071	0.070958219	0.056935105	0.100217685	0.233848244	0.065010384	0.124756873	0.111017488	0.102520622
1430	8	8	0.180901542	0.054873429	0.079700708	0.015729934	0.111225583	0.071772024	0.075613208	0.125962913	0.194209874	0.090010770
1431	0	0	0.379785329	0.053868961	0.092570744	0.061124310	0.101388715	0.035778921	0.087215476	0.084199004	0.070568740	0.033499703
1432	8	8	0.089690298	0.066282414	0.077682756	0.086212493	0.101417460	0.063958533	0.130189046	0.080143243	0.213647202	0.090776652
1433	0	0	0.258897215	0.073770702	0.093361765	0.062726766	0.135796830	0.035561040	0.143119678	0.074408621	0.072770998	0.049586423
1434	5	5	0.074862674	0.078384981	0.070250347	0.088157147	0.077203333	0.214260429	0.060264930	0.102595896	0.084972881	0.149047375
1435	3	3	0.088777319	0.075298369	0.091580056	0.211066082	0.174486384	0.057127081	0.128076330	0.065711871	0.051052153	0.056824356
1436	1	1	0.089662589	0.238458052	0.047644950	0.091068938	0.100275032	0.087538548	0.093311720	0.107624538	0.070239663	0.074175932
1437	0	0	0.300197899	0.045347117	0.082412392	0.032545425	0.063611627	0.049951497	0.083465889	0.185089931	0.114773169	0.042605039
1438	0	0	0.338638932	0.060022295	0.086735636	0.066410579	0.091611482	0.024667351	0.094602875	0.104156874	0.082716241	0.050437789
1439	1	1	0.064889640	0.435096949	0.062413868	0.093975089	0.084803805	0.040054835	0.062933221	0.062431399	0.046485376	0.046915777
1440	7	7	0.047250427	0.089900501	0.061237499	0.041963093	0.050661005	0.095813930	0.042752564	0.439376146	0.079189859	0.051855028
1441	5	5	0.078309819	0.067464717	0.074863836	0.064916156	0.091134883	0.206961066	0.103439145	0.085419349	0.101894051	0.125597000
1442	2	4	0.082304195	0.072767034	0.145182356	0.101706333	0.312958658	0.035255618	0.086478807	0.077844329	0.049150463	0.036352236
1443	8	8	0.069843091	0.070852667	0.084940352	0.042703245	0.091566615	0.071704455	0.096991427	0.073613137	0.260037571	0.137747422
1444	3	6	0.099746414	0.074537277	0.109645337	0.145967320	0.157160312	0.023036087	0.158370256	0.111195467	0.053822935	0.066518553
1445	1	1	0.080649346	0.268347830	0.046843048	0.106352665	0.114894949	0.055585206	0.131672233	0.087693974	0.060648229	0.047312528
1446	0	0	0.342668235	0.047979180	0.115457095	0.036008667	0.101073131	0.028097058	0.084023334	0.117415376	0.082061738	0.045216203
1447	0	0	0.330229491	0.075421847	0.091916762	0.054235522	0.094658159	0.035521921	0.130326271	0.070172608	0.065177277	0.052340180
1448	0	0	0.321439356	0.067822419	0.079028763	0.069960296	0.086473756	0.054188792	0.075499490	0.087646469	0.103489406	0.054451171
1449	7	7	0.045879558	0.082902409	0.053709019	0.041411448	0.053568181	0.113258041	0.042963926	0.433400005	0.080514878	0.052392453
1450	7	7	0.055860054	0.047233999	0.053553935	0.039317347	0.056326162	0.089772157	0.061565105	0.463047326	0.080193967	0.053129863
1451	4	4	0.062141456	0.063689873	0.134595811	0.046325121	0.320598841	0.026692707	0.131791621	0.040265791	0.096518122	0.077380717
1452	5	9	0.104159482	0.044669654	0.097494885	0.044627503	0.097625650	0.121874020	0.123247847	0.068181559	0.109653890	0.188465491
1453	6	6	0.085722499	0.048751939	0.048792776	0.043319959	0.189115018	0.049287040	0.323571891	0.051924590	0.083032064	0.076482266
1454	8	7	0.115149677	0.064742684	0.076212540	0.032104675	0.088572226	0.083581299	0.060595840	0.216452971	0.197837070	0.064751022
1455	6	6	0.073356129	0.077833362	0.107805617	0.083801515	0.125415713	0.058390565	0.129162982	0.105111472	0.127922162	0.111200549
1456	1	1	0.062742449	0.434884369	0.062822357	0.087462462	0.086920291	0.037753709	0.064887181	0.060018331	0.052587345	0.049921591
1457	8	8	0.153732345	0.063656136	0.076986015	0.045504689	0.074539348	0.072480626	0.092585422	0.057988189	0.189417645	0.173109651
1458	9	9	0.050835334	0.072072521	0.143741429	0.063689493	0.100099631	0.098509252	0.067437343	0.076316692	0.108254746	0.219043523
1459	1	1	0.059169557	0.442396402	0.059952036	0.088392958	0.073656484	0.043411035	0.063863762	0.065352857	0.052114110	0.051690802
1460	1	1	0.108152255	0.256156325	0.058739569	0.105818242	0.108515881	0.044083644	0.135399476	0.068015963	0.063099489	0.052019168
1461	5	5	0.065704845	0.101490334	0.052917935	0.067227833	0.081216946	0.240309983	0.057659846	0.170980871	0.085322715	0.077168688
1462	3	3	0.084166862	0.161089614	0.061102740	0.168729022	0.096765511	0.059789762	0.108043589	0.124584816	0.073111899	0.062616095
1463	2	2	0.076828443	0.081719629	0.243571490	0.036703058	0.188805521	0.048315242	0.118219785	0.065734819	0.069608152	0.070493959
1464	5	5	0.065610960	0.083260454	0.066850916	0.067321330	0.083349362	0.251604438	0.066622354	0.124798812	0.095298834	0.095282532
1465	8	8	0.173669681	0.056908082	0.061252479	0.043258611	0.074579991	0.084226497	0.080367424	0.062713832	0.234927818	0.128095567
1466	5	5	0.061462790	0.079701900	0.084537350	0.126503989	0.075286962	0.144649103	0.079607554	0.121171005	0.102760255	0.124319129
1467	0	6	0.147408009	0.043729074	0.093080580	0.060853940	0.063201621	0.103763178	0.163950086	0.089040861	0.140214548	0.094758056
1468	2	8	0.127880812	0.058831647	0.102202646	0.030147308	0.147388533	0.060254741	0.116172247	0.121713884	0.163130730	0.072277576
1469	3	3	0.086165801	0.196686283	0.057054948	0.208140388	0.117064849	0.062495112	0.088462681	0.076760821	0.052095808	0.055073243
1470	2	6	0.096886441	0.108462013	0.094263211	0.088433847	0.140395224	0.044345286	0.208299473	0.071083494	0.086307056	0.061523799
1471	5	9	0.067714833	0.055295017	0.090371169	0.072344422	0.075533956	0.161106765	0.098665893	0.085648544	0.108236186	0.185083181
1472	2	2	0.084879942	0.081745692	0.274349898	0.057695493	0.108631954	0.047830895	0.115026750	0.113018773	0.058281031	0.058539569
1473	4	2	0.073914111	0.091705784	0.267129362	0.035189889	0.207874879	0.035490002	0.111371927	0.076535188	0.054483455	0.046305463
1474	0	0	0.378071994	0.050358951	0.082740217	0.041989565	0.089938387	0.034040015	0.106155269	0.101988368	0.083447240	0.031269941
1475	9	7	0.070741966	0.065319829	0.069470115	0.092958517	0.092119694	0.144210279	0.086833455	0.148238480	0.114708863	0.115398809
1476	4	2	0.066481270	0.076552220	0.278113037	0.037546493	0.187052876	0.037275493	0.123407491	0.050809104	0.058151774	0.084610254
1477	7	7	0.046557978	0.092624314	0.058550414	0.040624131	0.048276510	0.110550240	0.042946558	0.434708595	0.072682679	0.052478634
1478	6	4	0.073083468	0.056932006	0.174914539	0.033204351	0.218097493	0.033874620	0.208292112	0.053021196	0.068824947	0.079755217
1479	7	7	0.049373906	0.091553628	0.054342061	0.046979588	0.052418876	0.205778345	0.042871971	0.308528692	0.084938772	0.063214257
1480	3	3	0.101201005	0.121138297	0.081437185	0.256573617	0.093213744	0.049165506	0.088720806	0.076112472	0.079551883	0.052885428
1481	6	0	0.179958299	0.067600459	0.078678124	0.075007081	0.080891661	0.106503941	0.104255632	0.108732536	0.114446364	0.083925880
1482	3	3	0.091318421	0.134907022	0.051666096	0.189231247	0.088081099	0.091445364	0.103274062	0.102422714	0.077178247	0.070475742
1483	5	5	0.060821492	0.086350963	0.071169861	0.113502122	0.092984244	0.180572197	0.073100179	0.092805535	0.101668298	0.127025098
1484	4	2	0.066425197	0.074565105	0.295719504	0.031139838	0.208316356	0.029173428	0.115203142	0.065645412	0.056033406	0.057778645
1485	4	4	0.065075189	0.079831041	0.155431047	0.054348245	0.287747592	0.049210262	0.114655413	0.078371063	0.067764476	0.047565665
1486	1	1	0.059644748	0.425367385	0.062576853	0.089386836	0.078866169	0.052062999	0.059560359	0.065562643	0.056819782	0.050152250
1487	6	4	0.078274138	0.080115527	0.119915918	0.056590021	0.181107968	0.075382046	0.103073955	0.153458700	0.087473534	0.064608142
1488	9	9	0.067216873	0.071759701	0.080913313	0.080864258	0.065846451	0.080558620	0.069832221	0.117223062	0.115803935	0.249981612
1489	7	7	0.062900528	0.064310618	0.064152822	0.048431575	0.070860527	0.141706601	0.060133934	0.331098944	0.102749877	0.053654604
1490	2	2	0.071705543	0.086181894	0.235956118	0.031867366	0.174852476	0.045277331	0.124564968	0.056055769	0.077921771	0.095616765
1491	3	8	0.078975968	0.078393720	0.093646944	0.133110419	0.107337236	0.039594404	0.110174023	0.094361879	0.187925860	0.076479577
1492	0	0	0.340651840	0.056880601	0.078390643	0.070347182	0.110880673	0.047251660	0.091299549	0.080810033	0.074755251	0.048732594
1493	7	7	0.053513084	0.058641724	0.052162789	0.040784977	0.056156319	0.124403454	0.055798482	0.415395051	0.093250297	0.049893796
1494	7	7	0.055215161	0.085112587	0.066451624	0.046350121	0.058538850	0.141754210	0.061054669	0.329313099	0.094772823	0.061436858
1495	6	4	0.077766486	0.067538008	0.170169070	0.036188077	0.214738905	0.038023137	0.194351673	0.055129208	0.066941187	0.079154290
1496	0	0	0.226853475	0.050412033	0.071772821	0.032163110	0.114788063	0.081657313	0.098004855	0.118015267	0.137798578	0.068534404
1497	6	6	0.087829895	0.079221763	0.124913745	0.079348125	0.204188943	0.044310648	0.225089505	0.052671365	0.054742530	0.047683503
1498	4	4	0.071981117	0.074443683	0.169192240	0.053171825	0.314664304	0.043573745	0.103212751	0.058515497	0.062685214	0.048559587
1499	6	0	0.361789167	0.052426148	0.067202158	0.059628572	0.110058635	0.028878607	0.143768042	0.058426581	0.076215737	0.041606348
1500	5	9	0.053833149	0.064371802	0.069266088	0.085160278	0.058607571	0.178738996	0.061362952	0.129925177	0.105661079	0.193072930
1501	9	9	0.056711223	0.048700809	0.104400262	0.048129052	0.080093086	0.109375708	0.064751118	0.077212363	0.141220704	0.269405723
1502	6	6	0.089593366	0.071784757	0.106767461	0.152946234	0.119365677	0.040059019	0.229505986	0.063013665	0.060998462	0.065965474
1503	0	0	0.406857401	0.053050347	0.080720909	0.043499190	0.099138349	0.027318539	0.092547357	0.074179687	0.076034434	0.046653736
1504	0	0	0.360593915	0.058391232	0.089232855	0.061393619	0.093242116	0.043258250	0.109694302	0.074685752	0.062720045	0.046787899
1505	1	1	0.064452119	0.414627075	0.055340499	0.097482815	0.072145700	0.049064513	0.062752977	0.069092378	0.061342187	0.053699840
1506	1	1	0.072974555	0.376490921	0.060302004	0.104096189	0.089067921	0.050559390	0.077259243	0.066687055	0.053499088	0.049063653
1507	3	3	0.136850148	0.142642885	0.052426260	0.174463421	0.095460117	0.055065311	0.141076297	0.085295938	0.064163022	0.052556690
1508	8	8	0.111756258	0.080858387	0.090293244	0.054407924	0.096410453	0.041142914	0.110155784	0.087723829	0.215180218	0.112071000
1509	5	5	0.071948878	0.092863731	0.095021002	0.064497612	0.120223522	0.140882865	0.086348616	0.109850101	0.100819543	0.117544182
1510	3	3	0.077097081	0.137864456	0.063768029	0.282293469	0.103605576	0.053253617	0.074055210	0.069183655	0.078375980	0.060502838
1511	8	7	0.067479171	0.081760757	0.102550454	0.041220527	0.074295200	0.098959886	0.064426176	0.218895093	0.173730209	0.076682582
1512	4	4	0.076539658	0.085180484	0.142013609	0.097880371	0.239771441	0.074968532	0.099473558	0.067341380	0.061152626	0.055678338
1513	3	7	0.085340120	0.101112589	0.077675067	0.117888980	0.089117616	0.068703301	0.153851882	0.162152216	0.068957493	0.075200677
1514	1	1	0.098439671	0.283487082	0.058116697	0.103891380	0.107516639	0.056250371	0.109036550	0.069428965	0.062247932	0.051584661
1515	8	8	0.074810311	0.079056218	0.096894570	0.071744539	0.084305182	0.051794257	0.074959114	0.083228320	0.284902960	0.098304585
1516	6	6	0.178585321	0.053482916	0.073257245	0.028727869	0.085771538	0.088462159	0.180433169	0.064554751	0.131022424	0.115702622
1517	7	7	0.044755258	0.069543250	0.059120357	0.035450429	0.049518656	0.088517115	0.045901239	0.477046281	0.082230352	0.047917068
1518	7	7	0.053711928	0.101713508	0.065098986	0.055123899	0.064499445	0.172107846	0.051228814	0.274993956	0.103138722	0.058382891
1519	1	1	0.058740959	0.383191794	0.068500474	0.095091864	0.077968717	0.064818256	0.065483332	0.072042122	0.059656292	0.054506112
1520	8	8	0.057885531	0.097561650	0.089911006	0.098172382	0.074643187	0.115216307	0.072494671	0.121511541	0.143037483	0.129566252
1521	4	4	0.061865963	0.084041730	0.203686863	0.041493863	0.256601930	0.048071172	0.142880976	0.053806406	0.052706342	0.054844741
1522	7	7	0.046427656	0.056551982	0.053246144	0.032358360	0.051424630	0.104022056	0.052121557	0.478967011	0.074175157	0.050705452
1523	1	1	0.064286426	0.402107328	0.062402733	0.087285854	0.086934343	0.055056009	0.066349588	0.069671057	0.056202158	0.049704473
1524	2	2	0.086549744	0.087643139	0.266920418	0.061424404	0.106103405	0.048999086	0.108150095	0.107703909	0.059529457	0.066976406
1525	3	3	0.073982142	0.149728909	0.064108573	0.322647810	0.119888559	0.039687455	0.077184878	0.058451958	0.049558498	0.044761322
1526	0	0	0.409512609	0.055259399	0.069360301	0.051740754	0.097626694	0.025950313	0.086330213	0.087795429	0.077091001	0.039333347
1527	3	3	0.096309632	0.164133847	0.054678071	0.180534169	0.123050541	0.059447080	0.111092828	0.089258373	0.064448282	0.057047233
1528	5	5	0.073673218	0.065683715	0.074677549	0.131732509	0.062851258	0.190699846	0.077585548	0.101388782	0.099458538	0.122249059
1529	6	0	0.289492071	0.055300198	0.063404500	0.090663940	0.133213937	0.026612425	0.153201327	0.086537428	0.049804330	0.051769827
1530	5	9	0.077141166	0.064009525	0.079028338	0.075787723	0.066903748	0.106048852	0.071300521	0.116802588	0.121534273	0.221443281
1531	0	0	0.309779346	0.075438321	0.078857072	0.088972270	0.109085426	0.038706347	0.118715174	0.057681620	0.061995462	0.060768954
1532	4	4	0.084202386	0.088173956	0.121351823	0.094311312	0.218250766	0.044242520	0.132541314	0.085786805	0.071152374	0.059986688
1533	0	0	0.358589470	0.050057471	0.116418675	0.052451268	0.083193406	0.026681012	0.089481354	0.101864628	0.080267474	0.040995240
1534	9	9	0.060022242	0.055246528	0.055223837	0.064641535	0.064826794	0.097729452	0.061261319	0.092859328	0.087480254	0.360708773
1535	7	7	0.045755211	0.052519441	0.045966752	0.032989442	0.047686309	0.108161740	0.051411893	0.482950121	0.079137564	0.053421497
1536	8	3	0.079715945	0.134344697	0.057531469	0.152421027	0.099347092	0.087394610	0.075523630	0.089393213	0.125369981	0.098958321
1537	0	0	0.318114668	0.065249443	0.105966918	0.055404834	0.087534487	0.034970347	0.109873287	0.108553134	0.066068001	0.048264876
1538	4	4	0.091022842	0.066438094	0.088015765	0.048616070	0.210007787	0.061604034	0.209530905	0.049781922	0.086444244	0.088538386
1539	1	1	0.082255319	0.213111103	0.058840543	0.117938146	0.081548952	0.110427745	0.082812220	0.079864606	0.088666961	0.084534340
1540	1	1	0.056654200	0.423903167	0.058960833	0.084660180	0.071019508	0.057634078	0.057955790	0.074475802	0.056756705	0.057979766
1541	2	2	0.084604427	0.080506168	0.289802790	0.103651673	0.072687827	0.052172214	0.117831036	0.081142060	0.070612714	0.046989057
1542	8	8	0.062572092	0.093033105	0.098534107	0.052645620	0.081888050	0.032570269	0.097474992	0.111288071	0.262902528	0.107091144
1543	7	7	0.059679545	0.062956780	0.065325558	0.041427650	0.055318996	0.074359335	0.056782696	0.392089248	0.116039686	0.076020524
1544	0	0	0.204993784	0.094130129	0.066467129	0.069077119	0.155816153	0.042537913	0.166665465	0.073702440	0.067289524	0.059320334
1545	6	7	0.093346313	0.057092763	0.118891105	0.104070790	0.108003721	0.049754113	0.159238622	0.170458555	0.079039119	0.060104888
1546	3	3	0.094628520	0.186935127	0.050378658	0.196903139	0.135552138	0.050988320	0.106674477	0.062361874	0.058920540	0.056657244
1547	4	4	0.060060102	0.077594742	0.134898975	0.047081556	0.274978101	0.057887007	0.088764243	0.134201348	0.067378752	0.057155151
1548	3	3	0.098044336	0.139948159	0.059296675	0.177776366	0.148482636	0.049153656	0.120951220	0.072991259	0.073482901	0.059872787
1549	5	7	0.059489559	0.094976142	0.051072992	0.046004854	0.072360493	0.234771907	0.045485817	0.265950143	0.076730154	0.053157877
1550	0	0	0.354829311	0.061045863	0.091721557	0.070186228	0.097511739	0.031131970	0.107107997	0.070115522	0.064818487	0.051531386
1551	3	1	0.079723150	0.222032353	0.061630059	0.200120062	0.094890006	0.054842517	0.082472391	0.077747189	0.068744287	0.057797994
1552	3	4	0.087145112	0.089307114	0.056978650	0.114941582	0.208878681	0.047800306	0.157500401	0.092905872	0.080312416	0.064229965
1553	4	4	0.057167917	0.059808742	0.227430046	0.021415403	0.308677942	0.030782476	0.133281976	0.045788027	0.061985165	0.053662375
1554	3	3	0.077436276	0.172327951	0.056501351	0.241954088	0.123724051	0.067848682	0.077650674	0.067372255	0.059527501	0.055657167
1555	2	2	0.097300388	0.106046267	0.168323040	0.099199429	0.071533799	0.103246689	0.088866584	0.098653316	0.079019040	0.087811463
1556	1	1	0.066510953	0.418218434	0.056361098	0.100005068	0.088033050	0.040655434	0.080480091	0.062167600	0.046983168	0.040585127
1557	7	7	0.041033313	0.062540799	0.058690768	0.035641402	0.044885196	0.070864648	0.046087369	0.509967029	0.078714371	0.051575080
1558	0	6	0.125834897	0.062853344	0.094997764	0.040498335	0.128069118	0.058893763	0.228128970	0.070542470	0.082459800	0.107721515
1559	4	4	0.083236799	0.079317659	0.136600554	0.071680851	0.235979140	0.044728879	0.143858388	0.074147843	0.073390134	0.057059724
1560	7	7	0.045689531	0.051009525	0.046027448	0.036794964	0.047288775	0.077276766	0.041211609	0.525273144	0.075476952	0.053951334
1561	2	2	0.074646786	0.082247898	0.259463072	0.037892576	0.164428100	0.032102771	0.151769876	0.045032293	0.062296990	0.090119600
1562	8	8	0.142196417	0.079029240	0.086275600	0.035460141	0.081002936	0.053048749	0.073045477	0.095168419	0.208278254	0.146494672
1563	2	4	0.068441249	0.102438398	0.082803249	0.098939605	0.197921991	0.083983228	0.094977751	0.099989019	0.079780035	0.090725519
1564	2	2	0.070809968	0.084953874	0.250753880	0.057184383	0.148463294	0.033749595	0.135823652	0.105919674	0.058893602	0.053448070
1565	7	7	0.046144214	0.054215811	0.058559459	0.032918941	0.050258663	0.089079440	0.049028989	0.485678613	0.083626136	0.050489772
1566	8	8	0.082486279	0.104896210	0.088048831	0.080762006	0.079555757	0.076887339	0.140201852	0.097192153	0.161743656	0.088225864
1567	7	9	0.066987172	0.059952490	0.051847354	0.064350523	0.059313521	0.093769677	0.071452066	0.196848631	0.108629838	0.226848617
1568	5	5	0.062825933	0.084806904	0.067641892	0.099987701	0.076031186	0.205220729	0.070625268	0.102653138	0.107086577	0.123120710
1569	8	7	0.090257682	0.084019199	0.103731982	0.024674963	0.076188773	0.074767336	0.077750646	0.196993962	0.174511939	0.097103439
1570	5	5	0.074550644	0.073229112	0.081405461	0.122024983	0.061067306	0.168621063	0.080438599	0.111835875	0.101674825	0.125152096
1571	5	7	0.053965777	0.101565160	0.056628790	0.048734065	0.058688741	0.197426483	0.048990633	0.283019125	0.093511388	0.057469770
1572	8	8	0.080489546	0.081660010	0.111301109	0.096235909	0.080909684	0.058582857	0.107940994	0.088231437	0.184752464	0.109895982
1573	6	6	0.183703691	0.068912201	0.087913521	0.083094366	0.142827049	0.036543410	0.201778606	0.074300013	0.072877660	0.048049383
1574	7	7	0.046138141	0.065411672	0.053228267	0.036835957	0.049823660	0.080838844	0.046048116	0.488772720	0.082409501	0.050493143
1575	3	3	0.093194082	0.089574687	0.072125129	0.248830304	0.126375198	0.030957319	0.129525840	0.096408606	0.065593027	0.047415830
1576	2	2	0.083099417	0.103218406	0.187246874	0.076311216	0.077141158	0.083919421	0.103376850	0.088039674	0.110908337	0.086738661
1577	0	0	0.212720662	0.069331080	0.113752946	0.050820936	0.145853579	0.042083863	0.093927085	0.101823702	0.113996699	0.055689476
1578	3	4	0.086112894	0.098163091	0.079146095	0.129276589	0.209204942	0.052316681	0.131090626	0.090599872	0.059514076	0.064575136
1579	3	1	0.094310850	0.255956650	0.054224845	0.179719329	0.107037805	0.045982268	0.085194662	0.062984563	0.062996022	0.051593002
1580	9	9	0.067032695	0.069272846	0.078602403	0.078345805	0.070915692	0.103824191	0.104470439	0.111549132	0.090258621	0.225728229
1581	8	8	0.169229165	0.045328967	0.058502942	0.022514060	0.075399578	0.072540767	0.082175948	0.187524199	0.222516909	0.064267419
1582	1	1	0.063774332	0.442712426	0.055572055	0.099089205	0.085573815	0.033963513	0.060599644	0.060830876	0.049809199	0.048074841
1583	6	6	0.101893365	0.064059548	0.079087630	0.116744846	0.111619160	0.032857347	0.261647224	0.103342034	0.065148816	0.063600048
1584	6	6	0.091499530	0.078946166	0.145647347	0.111773893	0.127505884	0.061168224	0.189482659	0.072346851	0.061843533	0.059785776
1585	3	4	0.072259255	0.148492977	0.049927887	0.160296947	0.195018932	0.058206424	0.107896663	0.090735711	0.064734824	0.052430309
1586	2	2	0.076610178	0.070447899	0.296023577	0.038987629	0.149474293	0.027795093	0.156052306	0.057840019	0.057431869	0.069337018
1587	5	5	0.056860674	0.068331063	0.072905049	0.074141696	0.074234858	0.177659288	0.089598604	0.102340020	0.129541263	0.154387504
1588	4	4	0.072117239	0.071269013	0.202052832	0.052172225	0.227537781	0.045817193	0.112344518	0.076881163	0.071591251	0.068216838
1589	0	0	0.378853559	0.052641623	0.064816579	0.046363577	0.088055864	0.045783240	0.102281198	0.107021920	0.069428176	0.044754308
1590	8	8	0.073600620	0.064470813	0.074578397	0.110864937	0.083794057	0.070580468	0.100356795	0.083935007	0.240596592	0.097222283
1591	9	9	0.054359768	0.058798622	0.100340985	0.054807480	0.077722162	0.124348558	0.075139634	0.100595959	0.128767416	0.225119352
1592	8	8	0.085530609	0.069659732	0.120774336	0.057868097	0.099677108	0.036450461	0.115000896	0.117459305	0.225435778	0.072143629
1593	4	4	0.075606860	0.064960174	0.106478557	0.086756840	0.331820816	0.031704895	0.134885505	0.057456397	0.060436841	0.049893137
1594	2	4	0.082590342	0.084827937	0.174541220	0.075089611	0.195148364	0.040381733	0.154037803	0.075826406	0.059483439	0.058073156
1595	2	6	0.075667821	0.070314072	0.112256967	0.063447617	0.205013767	0.030631967	0.264040709	0.056598753	0.063590869	0.058437474
1596	9	9	0.054623514	0.058032114	0.109995268	0.048945785	0.085891038	0.130817622	0.069124021	0.089008883	0.112718336	0.240843415
1597	6	6	0.065082237	0.070718713	0.206169114	0.047357012	0.189187363	0.028215956	0.212079167	0.052930035	0.060619272	0.067641161
1598	8	1	0.105682641	0.136878386	0.060646493	0.116415761	0.078597531	0.119903199	0.071275331	0.096295126	0.127349600	0.086955883
1599	7	7	0.040650882	0.049173992	0.050272763	0.041649215	0.054652724	0.114370897	0.052150354	0.461845607	0.070695654	0.064537875
1600	6	4	0.098353617	0.073304124	0.179002315	0.063978702	0.204849064	0.029524846	0.142577276	0.092633367	0.068171784	0.047604896
1601	8	8	0.097505301	0.047920875	0.085865945	0.048572574	0.141000226	0.071602240	0.129123211	0.054724433	0.201029956	0.122655213
1602	5	7	0.053365644	0.103084922	0.059699953	0.044146512	0.052060500	0.212411582	0.045469090	0.286252975	0.084678471	0.058830325
1603	1	1	0.091422297	0.301591933	0.045604214	0.102349736	0.122733407	0.049600009	0.110929623	0.067596883	0.054261409	0.053910494
1604	7	7	0.046947245	0.055644158	0.048947603	0.033568963	0.057950854	0.095854841	0.045873199	0.489807457	0.074512333	0.050893389
1605	7	7	0.045414228	0.045016397	0.058486998	0.036997475	0.053943794	0.073156811	0.051477790	0.496087343	0.082928099	0.056491047
1606	8	8	0.120345220	0.048365928	0.061043203	0.040544774	0.110028945	0.071068212	0.132205412	0.078712597	0.224257901	0.113427766
1607	5	5	0.059082840	0.071229123	0.077237889	0.108481012	0.073368959	0.233462334	0.063437775	0.108012378	0.094933666	0.110754035
1608	7	9	0.062061876	0.063520603	0.080442384	0.061911430	0.059882324	0.097206190	0.088568784	0.184889123	0.074166089	0.227351189
1609	6	4	0.061746586	0.057339001	0.186394170	0.037592817	0.251537442	0.029838929	0.207901567	0.051356770	0.057977714	0.058315068
1610	6	6	0.095356151	0.091690741	0.144910350	0.069791764	0.156970024	0.043867759	0.206534326	0.071210429	0.066165209	0.053503186
1611	2	1	0.074261494	0.137547508	0.068348199	0.105431385	0.075386405	0.130922228	0.110626623	0.132817999	0.071264520	0.093393669
1612	6	0	0.330306143	0.060573477	0.091770433	0.073276095	0.092292041	0.024188776	0.157496348	0.075392753	0.050864134	0.043839686
1613	4	4	0.064256251	0.072689660	0.152537599	0.036014374	0.294612288	0.037814025	0.157979935	0.051837411	0.071814097	0.060444281
1614	4	4	0.057575174	0.058033008	0.257596344	0.023800103	0.258594424	0.028445754	0.139585689	0.043844655	0.060773451	0.071751513
1615	2	2	0.096745364	0.079345249	0.183571234	0.084007934	0.092577457	0.060048044	0.140932024	0.079737544	0.099385582	0.083649643
1616	1	1	0.060640056	0.390328348	0.065075964	0.088951148	0.087199129	0.056141973	0.065837055	0.072098866	0.060270928	0.053456560
1617	8	8	0.102786846	0.083540842	0.073091157	0.024907615	0.062723324	0.049477521	0.078170404	0.169758931	0.254591316	0.100951999
1618	0	3	0.091343984	0.159646600	0.073903665	0.221059248	0.113504082	0.041937515	0.106765062	0.068810008	0.067075841	0.055954110
1619	3	1	0.066116951	0.235508993	0.054328747	0.190361708	0.066349804	0.088652961	0.056443263	0.081469014	0.080742337	0.080026157
1620	1	1	0.071515583	0.299309343	0.071585342	0.099864148	0.103416100	0.090268224	0.059392903	0.080409057	0.058060952	0.066178404
1621	4	6	0.084485598	0.079284050	0.072732054	0.068109080	0.188405633	0.031594083	0.272258103	0.076211169	0.068163000	0.058757279
1622	1	1	0.072966315	0.381904781	0.066049300	0.111417949	0.096372135	0.039471034	0.075623937	0.063388862	0.048824392	0.043981373
1623	0	0	0.280969173	0.056751214	0.075551026	0.090852462	0.099373177	0.043030608	0.131629512	0.094419204	0.067182466	0.060241167
1624	5	5	0.060884301	0.084844276	0.071371101	0.064242452	0.081514828	0.266365290	0.055937432	0.160199106	0.087578446	0.067062810
1625	9	9	0.056923624	0.068068929	0.090786234	0.055280373	0.086152688	0.064709283	0.064767405	0.077173792	0.100661032	0.335476637
1626	1	1	0.058998324	0.325940311	0.062720992	0.086353496	0.078729309	0.099598810	0.061223667	0.073957495	0.085035697	0.067441851
1627	5	7	0.055663820	0.082699440	0.069314592	0.034108378	0.061438628	0.169333220	0.058259469	0.307361245	0.103374034	0.058447227
1628	2	4	0.084077716	0.077379212	0.160617739	0.093292482	0.167078719	0.078703009	0.123748109	0.089658432	0.069033071	0.056411564
1629	8	8	0.159594491	0.058667801	0.057359066	0.018914025	0.084233597	0.087440655	0.091343515	0.105642095	0.246639878	0.090164892
1630	4	4	0.067099452	0.074472427	0.102584034	0.084516518	0.312076807	0.027944621	0.154594585	0.060757276	0.057326227	0.058628052
1631	0	0	0.342211723	0.064997956	0.076326899	0.086365290	0.091615051	0.027446743	0.132956207	0.068106629	0.055503923	0.054469544
1632	4	4	0.063406445	0.075607233	0.194805592	0.039276265	0.254011393	0.029373556	0.178434610	0.038621005	0.056172989	0.070291013
1633	3	4	0.096079178	0.159240961	0.053486355	0.158460751	0.160135373	0.057478182	0.118681617	0.087825678	0.052598637	0.056013156
1634	1	1	0.068722181	0.381595671	0.065073147	0.105844550	0.086979292	0.052379746	0.064409286	0.069402933	0.052520812	0.053072441
1635	6	6	0.089643501	0.071828954	0.079201654	0.087231748	0.171747580	0.031742409	0.298444986	0.065102361	0.056314029	0.048742786
1636	0	0	0.295957685	0.080918513	0.057737559	0.061535858	0.069226317	0.098986760	0.071811929	0.095804378	0.092548452	0.075472496
1637	0	0	0.328207046	0.069893211	0.056764565	0.089232817	0.104477383	0.030530304	0.100240618	0.071616419	0.080438308	0.068599388
1638	8	8	0.056632608	0.060719438	0.102318548	0.033167817	0.105645038	0.052935772	0.078877836	0.080584027	0.307609707	0.121509179
1639	5	5	0.052691493	0.096821032	0.062799342	0.059233725	0.072113000	0.272041440	0.056437500	0.146659389	0.096922323	0.084280759
1640	2	2	0.088881135	0.082955301	0.273348391	0.052108735	0.125827879	0.047098931	0.109399125	0.083359115	0.071165599	0.065855853
1641	7	7	0.055448357	0.094455905	0.069073953	0.043595336	0.061648212	0.153167218	0.049662601	0.330745697	0.091540053	0.050662652
1642	4	4	0.084753282	0.073441930	0.179161683	0.040835083	0.237899378	0.050136674	0.151019126	0.038856495	0.073043622	0.070852675
1643	4	4	0.049293242	0.069180466	0.188309014	0.027075505	0.351647764	0.030840913	0.108019583	0.068669856	0.055163149	0.051800597
1644	2	2	0.080751829	0.080826156	0.232986078	0.034381509	0.151199177	0.031648658	0.156657845	0.097046733	0.078440577	0.056061525
1645	1	1	0.093718700	0.302580923	0.066979773	0.102289565	0.125658154	0.053813521	0.083318263	0.066682734	0.046898808	0.058059592
1646	1	3	0.075665489	0.208682463	0.054074340	0.243509039	0.079723045	0.065803848	0.063778900	0.067637719	0.074376732	0.066748351
1647	1	1	0.061282676	0.429117918	0.063259721	0.091261461	0.081283227	0.040695801	0.067796350	0.060113806	0.057019934	0.048169129
1648	4	4	0.064914316	0.078326732	0.114726469	0.082952276	0.353044838	0.028894095	0.113550492	0.060250685	0.054573350	0.048766688
1649	5	5	0.056632150	0.086771190	0.034674697	0.069350645	0.084346190	0.315201432	0.058322489	0.093882911	0.074657276	0.126160994
1650	6	6	0.099226639	0.090196617	0.111291543	0.083196014	0.126793280	0.059444491	0.230175778	0.069925494	0.068795592	0.060954522
1651	1	1	0.063047133	0.450582981	0.058323797	0.089330815	0.099150218	0.033816550	0.063646130	0.050536212	0.046971306	0.044594657
1652	8	4	0.052775331	0.065370306	0.121865921	0.060026396	0.162482947	0.092446297	0.089437261	0.057880327	0.151837587	0.145877644
1653	9	9	0.052724224	0.044711754	0.109243982	0.038178943	0.065299891	0.101980641	0.066957712	0.063312434	0.096407183	0.361183256
1654	9	9	0.068621062	0.055740405	0.108341627	0.041034944	0.099500515	0.102871418	0.079251722	0.048649006	0.091568530	0.304420769
1655	2	2	0.086106904	0.076543838	0.176003084	0.038482059	0.115937173	0.068181448	0.124487825	0.115516186	0.119508736	0.079232745
1656	1	1	0.066398077	0.355626643	0.063849270	0.089892671	0.101712227	0.055822182	0.067752197	0.078560330	0.065357476	0.055028915
1657	4	6	0.084143594	0.100528069	0.062658526	0.126702383	0.167037711	0.042565398	0.177893579	0.108310647	0.071211778	0.058948349
1658	9	9	0.058937114	0.071355961	0.062445529	0.052124202	0.069155753	0.088949434	0.080294482	0.095898226	0.101897776	0.318941563
1659	5	5	0.073253252	0.073376805	0.085082218	0.100733176	0.086145997	0.203386799	0.068891026	0.094015695	0.084644474	0.130470604
1660	6	4	0.075827979	0.077757411	0.214174598	0.031444810	0.235458285	0.045948040	0.129884511	0.067952931	0.061108693	0.060442857
1661	0	0	0.369305164	0.053108275	0.101378530	0.039772183	0.130373463	0.025391316	0.094551533	0.071143910	0.067160495	0.047815070
1662	8	8	0.050278351	0.063149683	0.115597494	0.030174021	0.086219929	0.054946195	0.072143540	0.075673431	0.321180880	0.130636483
1663	4	4	0.083908089	0.082683764	0.142139256	0.063183695	0.220648587	0.068685114	0.114689007	0.092262946	0.078440577	0.053359006
1664	7	7	0.065810651	0.081703179	0.055818044	0.037021834	0.062642165	0.152281940	0.059856609	0.323374927	0.105817907	0.055672809
1665	8	8	0.095640011	0.089927711	0.063737057	0.108651362	0.083377130	0.073054001	0.090300947	0.103983827	0.187812373	0.103515588
1666	2	2	0.072736442	0.082880475	0.237330720	0.032271534	0.191986412	0.037561741	0.149917871	0.052271821	0.073655702	0.069387272
1667	5	7	0.059450645	0.087575860	0.062673308	0.051332828	0.055602476	0.219491258	0.054985922	0.242410600	0.111575469	0.054901630
1668	7	7	0.046459220	0.075959578	0.056329086	0.041276373	0.049641214	0.113861099	0.045097753	0.438274205	0.078436658	0.054664854
1669	8	8	0.057937801	0.059197068	0.078517288	0.075612985	0.085032918	0.110490113	0.075770624	0.079075053	0.225293592	0.153072491
1670	6	6	0.090732247	0.107574396	0.111848034	0.095083952	0.136227459	0.055475242	0.216938734	0.065591790	0.058671121	0.061857127
1671	4	4	0.087238818	0.137390941	0.065111376	0.103573553	0.182134002	0.072883837	0.099266715	0.098404460	0.073434189	0.080562092
1672	7	7	0.045302976	0.071366161	0.055588908	0.036154971	0.048342809	0.085487694	0.040519420	0.495615125	0.072726056	0.048895855
1673	3	3	0.087824576	0.099022992	0.056944799	0.169729561	0.129902676	0.054224104	0.133696213	0.118299641	0.073585555	0.076769844
1674	0	0	0.300676346	0.068401553	0.078819416	0.056684427	0.112857945	0.031924948	0.120664082	0.085924149	0.093934633	0.050112519
1675	6	2	0.079770997	0.103321932	0.196668759	0.032315210	0.088274725	0.061039031	0.116954245	0.162719339	0.102924228	0.056011528
1676	8	8	0.141203150	0.075064138	0.064025812	0.066148371	0.091903307	0.077175692	0.087331161	0.138730019	0.175171897	0.083246522
1677	7	7	0.060989588	0.057232257	0.075922661	0.050007865	0.058234513	0.156606585	0.073531583	0.288876653	0.121045791	0.057552557
1678	7	7	0.050753642	0.054726090	0.045489293	0.032782581	0.049213994	0.092605539	0.045346670	0.504236698	0.075225785	0.049619641
1679	2	2	0.077479735	0.059317525	0.245048463	0.029961945	0.205757752	0.028234832	0.167203426	0.073515311	0.063093938	0.050387103
1680	7	9	0.066458441	0.070313513	0.075397618	0.068972372	0.108072720	0.098808527	0.067261420	0.114027940	0.112464160	0.218223378
1681	4	4	0.054668933	0.054853652	0.137660652	0.038261980	0.407227904	0.032113262	0.129182458	0.033804338	0.054707147	0.057519734
1682	2	2	0.084198415	0.059305109	0.191104755	0.059636034	0.160596654	0.054239720	0.132989600	0.071751162	0.099256478	0.086922109
1683	2	2	0.078161426	0.070854418	0.252888232	0.039332271	0.196537822	0.031460263	0.136974931	0.072748832	0.060398970	0.060642879
1684	5	7	0.050215103	0.074441068	0.057466328	0.051578801	0.060622521	0.187397838	0.052515805	0.323189646	0.086719818	0.055853069
1685	9	9	0.059954759	0.064116038	0.084080637	0.100058995	0.066349432	0.086607449	0.056697447	0.107454643	0.107628718	0.267051876
1686	2	4	0.087098576	0.064870559	0.184443295	0.064651497	0.261942625	0.037614346	0.107928209	0.084778465	0.065409146	0.041263323
1687	8	8	0.103814840	0.093146615	0.089770377	0.030191673	0.061276730	0.051718019	0.066438034	0.188564047	0.235818699	0.079260968
1688	2	2	0.064472698	0.071119599	0.191394582	0.050721604	0.108696990	0.073352017	0.160991877	0.070786856	0.081031792	0.127431974
1689	3	3	0.086765900	0.110306196	0.059721746	0.275862128	0.120335132	0.045953710	0.099269278	0.069742285	0.082562707	0.049480986
1690	2	2	0.092909597	0.073383726	0.226549089	0.072660491	0.174658731	0.030363858	0.133472234	0.073343560	0.055252980	0.067405775
1691	8	8	0.085497439	0.070774503	0.086074166	0.101261273	0.081882134	0.075722829	0.116507202	0.101691656	0.188331604	0.092257194
1692	4	4	0.058130216	0.077616639	0.237868756	0.030743642	0.282812029	0.037396047	0.118139066	0.040778469	0.053371847	0.063143216
1693	0	6	0.121652573	0.074568585	0.101548105	0.162267506	0.152151421	0.031230230	0.164613083	0.064843185	0.072184332	0.054940969
1694	5	5	0.058428496	0.055017721	0.074404418	0.097835936	0.073279217	0.229491591	0.083951168	0.094025292	0.117988937	0.115577243
1695	2	2	0.089746512	0.081334017	0.174838245	0.078694716	0.102977894	0.082533360	0.110908777	0.124199331	0.095057622	0.059709553
1696	1	1	0.061748024	0.427546471	0.064019933	0.092215404	0.081282236	0.036528092	0.068396673	0.062100280	0.055631038	0.050531872
1697	0	0	0.197823122	0.065850332	0.117773391	0.059754562	0.145691305	0.036363602	0.150595978	0.100761324	0.072322458	0.053063847
1698	7	7	0.052150652	0.058552276	0.055808105	0.043451689	0.061385188	0.128518358	0.052678697	0.412574291	0.080464877	0.054415897
1699	1	1	0.065732375	0.428417146	0.056899540	0.101364814	0.088853940	0.039817698	0.064077653	0.059801947	0.046986222	0.048048556
1700	4	4	0.072063603	0.085429728	0.159411103	0.043926261	0.263613433	0.057055537	0.087931350	0.118623048	0.065962136	0.045983773
1701	1	1	0.071614765	0.362906635	0.053514667	0.140112594	0.090843372	0.034432344	0.071248583	0.060828421	0.064247467	0.050251082
1702	2	2	0.079964198	0.074217141	0.318522662	0.035431389	0.165787891	0.029199246	0.103015423	0.067750998	0.058462735	0.067648374
1703	8	8	0.073833860	0.072927177	0.077705361	0.050484955	0.062897131	0.051520292	0.067354180	0.110256255	0.351765096	0.081255719
1704	1	1	0.067628764	0.375482291	0.058182184	0.086837277	0.096471481	0.046663504	0.085628465	0.072197564	0.059248600	0.051659770
1705	0	0	0.164773300	0.136319906	0.060766481	0.139144421	0.128952295	0.034274396	0.130161092	0.057857297	0.086783350	0.060967457
1706	1	1	0.071091600	0.412598878	0.056601398	0.117287055	0.084878229	0.035564475	0.065182790	0.061985500	0.045977298	0.048832774
1707	2	1	0.075410016	0.204228446	0.043345906	0.129590362	0.092564031	0.071747042	0.116450720	0.117247894	0.087459631	0.061955985
1708	5	5	0.060693648	0.075732827	0.090353794	0.086320236	0.121452577	0.187250495	0.078257538	0.086122133	0.088698946	0.125117868
1709	4	4	0.083201401	0.089684099	0.116356067	0.101533808	0.242455244	0.032856144	0.177931577	0.064919978	0.046270382	0.044791300
1710	2	2	0.084380351	0.090929054	0.236215666	0.144319430	0.095991768	0.043135677	0.130664021	0.059476692	0.054551151	0.060336072
1711	0	0	0.357281953	0.058206826	0.091152363	0.058031116	0.097361527	0.021916166	0.116506808	0.082322665	0.071486317	0.045734301
1712	7	7	0.045747589	0.058485791	0.054154858	0.038256858	0.052420102	0.100088872	0.052319568	0.466203064	0.082989790	0.049333464
1713	6	6	0.086224228	0.058764584	0.094268918	0.045825806	0.192535639	0.044720922	0.243825763	0.070667133	0.075788096	0.087378912
1714	0	0	0.403974175	0.054350309	0.097769588	0.041311711	0.105238631	0.028986631	0.084775038	0.076834299	0.060981855	0.045777824
1715	6	0	0.188682362	0.070029385	0.094131298	0.088460162	0.116033673	0.048199598	0.178547174	0.106153600	0.069467917	0.040294781
1716	6	0	0.241427630	0.128163695	0.043195106	0.071931109	0.078338429	0.071713172	0.154711857	0.065376453	0.087920643	0.057221897
1717	1	1	0.073795758	0.321934342	0.058933001	0.086854570	0.081986934	0.079811648	0.071255356	0.069920078	0.090531141	0.064977147
1718	7	7	0.051380247	0.059369236	0.053098954	0.039348062	0.052255481	0.085843325	0.053587373	0.457733631	0.072733976	0.074649714
1719	3	1	0.079686262	0.225333497	0.053366326	0.206016958	0.085598461	0.072669223	0.083097316	0.064643323	0.070907779	0.058680892
1720	0	0	0.373319864	0.050261628	0.096041106	0.042527098	0.091594614	0.032882914	0.104704015	0.085890271	0.076524653	0.046253782
1721	4	4	0.082841039	0.072760694	0.131578431	0.102858901	0.285871267	0.036626361	0.101056091	0.085851088	0.052843664	0.047712572
1722	0	1	0.108828329	0.181700557	0.077863231	0.159935683	0.135060683	0.042905066	0.110947959	0.070268184	0.060483232	0.052007034
1723	0	3	0.099850513	0.108227260	0.060251642	0.146495447	0.079006113	0.072071426	0.134103239	0.118956521	0.106934711	0.074103169
1724	8	8	0.060148329	0.069235854	0.093973167	0.065311469	0.100612074	0.104066417	0.081425212	0.071832843	0.194711119	0.158683524
1725	3	6	0.097564034	0.115150340	0.080739446	0.140666097	0.142716795	0.048771370	0.169438258	0.092571869	0.063209623	0.049172122
1726	5	5	0.096476465	0.080339596	0.074240685	0.099688880	0.096564487	0.157200783	0.098088294	0.080278225	0.099860653	0.117262013
1727	7	7	0.059158862	0.149688378	0.067026488	0.061785609	0.059125118	0.183806062	0.050675817	0.225787327	0.077911764	0.065034583
1728	7	9	0.068693608	0.068506703	0.083302677	0.095553286	0.080936022	0.105805911	0.088360518	0.143476307	0.080663152	0.184701815
1729	6	6	0.079944327	0.091176935	0.092341319	0.129904941	0.094044112	0.112377800	0.138760418	0.082507081	0.093751721	0.085191362
1730	3	3	0.088655405	0.177863240	0.057827808	0.190331236	0.118590333	0.072351091	0.106581308	0.065488234	0.059899222	0.062412050
1731	6	6	0.080567233	0.076403432	0.154957086	0.041829839	0.209828183	0.035783801	0.212043971	0.051386632	0.075806290	0.061393511
1732	0	0	0.300920218	0.064925171	0.074336857	0.069646187	0.094815321	0.066560604	0.108760670	0.095473096	0.082824163	0.041737650
1733	7	9	0.062556252	0.073953263	0.083391741	0.065257937	0.074112922	0.125860155	0.068210967	0.140041262	0.107555769	0.199059725
1734	2	6	0.077433519	0.065882072	0.153277263	0.058015410	0.131020114	0.092341430	0.153814405	0.066054121	0.090211190	0.111950397
1735	2	7	0.097097814	0.068325043	0.170483321	0.038380109	0.085527115	0.101888664	0.099104844	0.184637636	0.106780946	0.047774497
1736	2	2	0.084400244	0.075611033	0.244511425	0.038149338	0.173905119	0.045295041	0.105760671	0.104410179	0.075026989	0.052929912
1737	1	1	0.063010737	0.376976341	0.064264752	0.086082079	0.099051341	0.053301763	0.084848195	0.070221253	0.056090850	0.046152692
1738	2	2	0.073475912	0.086576663	0.271317929	0.035760112	0.181737974	0.035435501	0.129505113	0.054113213	0.059259593	0.072818048
1739	1	2	0.074436136	0.056709468	0.146414220	0.059784714	0.098632373	0.117041916	0.121878259	0.105630875	0.097358122	0.122114025
1740	8	8	0.074938647	0.069591105	0.125741974	0.072375640	0.095096588	0.092827506	0.081480563	0.073621489	0.186877087	0.127449393
1741	6	4	0.084906638	0.076706246	0.149005502	0.057288885	0.250808537	0.043120742	0.169419512	0.076032929	0.051766738	0.040944185
1742	9	9	0.065914512	0.054890305	0.095273770	0.046693999	0.084272191	0.111446053	0.081196479	0.050552696	0.132006899	0.277753145
1743	5	5	0.085995108	0.075223990	0.084321909	0.089989021	0.071422130	0.213975146	0.062919527	0.104684569	0.079091996	0.132376611
1744	0	0	0.381468177	0.055772558	0.062414248	0.066505417	0.099285834	0.041229259	0.109103635	0.069784828	0.063263156	0.051172931
1745	8	8	0.062716179	0.076879434	0.091555350	0.118942961	0.073077112	0.044287067	0.101393327	0.078983746	0.263213098	0.088951722
1746	7	7	0.043089736	0.052488025	0.056665204	0.038933471	0.049180020	0.062313050	0.048736095	0.511802614	0.078659438	0.058132324
1747	8	8	0.106827363	0.082706548	0.125881284	0.077738054	0.067520201	0.062790267	0.096236825	0.120384783	0.171876296	0.088038430
1748	3	4	0.110270433	0.095826954	0.089863628	0.134760022	0.191078439	0.038497385	0.142727032	0.073132366	0.064322904	0.059520841
1749	3	1	0.089247651	0.185608685	0.058876209	0.183861241	0.132173821	0.072190724	0.069904305	0.093428634	0.055631850	0.059076820
1750	0	0	0.215015069	0.073842436	0.115378350	0.040459771	0.107077599	0.045007225	0.147434801	0.073883742	0.115422361	0.066478767
1751	8	8	0.166160762	0.050018005	0.060771063	0.022621669	0.111251727	0.068376459	0.071612574	0.110573456	0.243275151	0.095339134
1752	6	2	0.080692038	0.088249497	0.227265999	0.033924296	0.185526475	0.041984037	0.145864874	0.069308236	0.062654831	0.064529665
1753	3	3	0.125042394	0.130821154	0.053926237	0.226820439	0.125505075	0.043746013	0.108895391	0.071052931	0.061999850	0.052190598
1754	8	8	0.068504244	0.069258943	0.084954597	0.047544427	0.089470387	0.093240201	0.076437332	0.087086752	0.288806736	0.094696358
1755	3	1	0.079788722	0.173720479	0.060849480	0.160723180	0.081456475	0.116095357	0.061377589	0.087126277	0.093795337	0.085067108
1756	0	0	0.251152873	0.055373784	0.111628361	0.035843067	0.123484112	0.035970710	0.107713334	0.119260758	0.116249345	0.043323677
1757	0	0	0.333384663	0.057095923	0.096620262	0.053562302	0.080242492	0.031087967	0.148443535	0.099811621	0.064727388	0.035023764
1758	6	6	0.081026986	0.149243116	0.051828586	0.100649960	0.087346964	0.093860582	0.171294376	0.142976418	0.061251778	0.060521144
1759	3	1	0.093968302	0.177252173	0.069098525	0.147211850	0.151733235	0.053476177	0.119496740	0.081950836	0.054620542	0.051191557
1760	1	1	0.063272260	0.399861813	0.058600705	0.099082559	0.089259356	0.047914971	0.071475953	0.069415919	0.052490111	0.048626374
1761	3	1	0.075600848	0.203902707	0.058790930	0.177936986	0.077509381	0.063981071	0.080847867	0.085895859	0.097453088	0.078081228
1762	7	7	0.041191306	0.053076569	0.049344271	0.031733457	0.048721507	0.090703957	0.041343700	0.514221728	0.079732627	0.049930815
1763	2	2	0.073030397	0.082648799	0.316246867	0.035085931	0.140303358	0.029328909	0.127790585	0.077994704	0.056313995	0.061256349
1764	9	9	0.065465875	0.062309965	0.106271408	0.046670746	0.085428514	0.110227197	0.078499518	0.098459177	0.136025906	0.210641682
1765	4	4	0.056880187	0.071566395	0.151791409	0.039805140	0.324344933	0.043410733	0.122058652	0.067134388	0.060640231	0.062367912
1766	5	5	0.081484228	0.076523677	0.076423965	0.078072675	0.075672910	0.188901961	0.073795095	0.121584386	0.078960739	0.148580432
1767	4	4	0.093134977	0.104529135	0.076891735	0.131072745	0.217053741	0.031994868	0.130082875	0.071529046	0.083172671	0.060538221
1768	6	4	0.074888833	0.073830679	0.180130854	0.037976041	0.188966468	0.031796914	0.155445576	0.098859847	0.100151777	0.057953004
1769	5	7	0.055501640	0.088456690	0.054691017	0.038508665	0.054828532	0.217376485	0.042572118	0.288361132	0.101319507	0.058384228
1770	2	2	0.099497579	0.074204624	0.220397428	0.099078931	0.117685728	0.055256180	0.126407355	0.087721415	0.063237317	0.056513365
1771	5	7	0.055368915	0.084594652	0.061960950	0.049084160	0.052939393	0.226265058	0.044826102	0.260113895	0.106252834	0.058594041
1772	2	4	0.066103339	0.060500868	0.211002737	0.024642238	0.286916226	0.040381864	0.120619483	0.060121033	0.076904178	0.052808002
1773	2	2	0.096327275	0.069801323	0.221653312	0.096135207	0.154754505	0.047372431	0.111566812	0.082648896	0.063373201	0.056366954
1774	1	1	0.063219272	0.379139841	0.067714341	0.088921942	0.078516558	0.064081967	0.069335066	0.066243969	0.068356335	0.054470628
1775	5	5	0.073006660	0.095611125	0.058368422	0.046665944	0.076830305	0.241927788	0.062061429	0.173625916	0.100391276	0.071511187
1776	8	8	0.068371691	0.065047540	0.107202932	0.046489146	0.073141821	0.051651563	0.082235575	0.160006344	0.284029692	0.061823741
1777	8	8	0.052673656	0.096065380	0.073801175	0.106763840	0.070021480	0.045643657	0.096334144	0.076306149	0.273644358	0.108746193
1778	0	0	0.265699446	0.066538386	0.103764810	0.104316168	0.114329100	0.041325554	0.131620646	0.061409090	0.052225117	0.058771707
1779	1	1	0.087241255	0.279760242	0.062968582	0.123228937	0.115349829	0.045137286	0.102922685	0.073755577	0.059108403	0.050527185
1780	1	1	0.061837170	0.420542568	0.058160260	0.097258411	0.079517111	0.042538188	0.070932962	0.066282377	0.052417528	0.050513342
1781	0	6	0.232606053	0.048563804	0.070567012	0.090894930	0.101882599	0.022435684	0.270853490	0.048702557	0.057644203	0.055849645
1782	9	9	0.083678603	0.066054061	0.078330420	0.104465365	0.069735296	0.136205405	0.078165792	0.099819817	0.122194238	0.161351040
1783	5	7	0.049323265	0.069030307	0.050042417	0.037266571	0.055928200	0.106004961	0.045966581	0.465956777	0.074113108	0.046367787
1784	6	8	0.101948813	0.083111882	0.111075498	0.077466540	0.096452966	0.100172013	0.109370366	0.095636189	0.116118766	0.108647034
1785	6	2	0.119041130	0.070611790	0.198304504	0.108786508	0.135874763	0.044202387	0.136993781	0.067672126	0.065722041	0.052790921
1786	8	8	0.159070924	0.069725029	0.063585699	0.029556833	0.074964955	0.066156663	0.066926591	0.182040706	0.202822164	0.085150421
1787	1	1	0.073382944	0.378480345	0.060725719	0.100171089	0.093230046	0.040563058	0.082561560	0.067271031	0.057845194	0.045769066
1788	5	5	0.056894157	0.095507175	0.054237470	0.049401246	0.061620608	0.260638744	0.048743188	0.218472332	0.094525769	0.059959356
1789	8	7	0.063453294	0.083966441	0.093062617	0.044234108	0.066695802	0.081250623	0.063250005	0.294415385	0.154195532	0.055476215
1790	9	9	0.061542679	0.058137029	0.079954453	0.069813982	0.060656685	0.120764792	0.088813059	0.119141787	0.109290339	0.231885180
1791	8	8	0.185554713	0.063592069	0.058879476	0.060628098	0.076641463	0.084733583	0.089578100	0.063799821	0.199546397	0.117046386
1792	8	8	0.060395416	0.080236956	0.088162079	0.074741855	0.070476778	0.070370078	0.086276203	0.079571076	0.222420841	0.167348683
1793	6	2	0.095944874	0.095608070	0.131593525	0.042703968	0.097685292	0.124341071	0.114106819	0.096697271	0.127279371	0.074039683
1794	4	4	0.083899982	0.164359897	0.038158778	0.115717813	0.166732997	0.091189332	0.114751987	0.086534582	0.081268147	0.057386380
1795	8	9	0.165775627	0.062951654	0.060247891	0.057429992	0.076849140	0.069804512	0.105869338	0.064519286	0.166831359	0.169721216
1796	4	4	0.068592459	0.071342550	0.126719549	0.050693594	0.315323204	0.026878659	0.172291815	0.044501036	0.062428892	0.061228368
1797	8	8	0.110281795	0.069482043	0.065180421	0.039525315	0.061567720	0.073638946	0.057425190	0.208311379	0.259621590	0.054965623
1798	6	7	0.173708558	0.051577676	0.056119557	0.057913974	0.056910835	0.067800947	0.123656467	0.242428109	0.127916664	0.041967250
1799	3	3	0.085786939	0.152433962	0.062166501	0.298959017	0.094386525	0.054555710	0.071621157	0.060416888	0.067435712	0.052237552
1800	1	1	0.061475117	0.418668091	0.060243852	0.096368454	0.081750043	0.038040891	0.070191182	0.065406561	0.057335366	0.050520435
1801	7	7	0.048522767	0.093815997	0.067693643	0.044766724	0.052581247	0.093321279	0.047013421	0.412867874	0.083004989	0.056412112
1802	8	9	0.047584951	0.075253874	0.097917646	0.037392907	0.115063041	0.057967450	0.073003471	0.079347409	0.200802222	0.215667009
1803	2	4	0.081151508	0.071987018	0.139068395	0.098822862	0.281876862	0.025587602	0.128406793	0.075685240	0.051191971	0.046221860
1804	4	1	0.071742974	0.158117712	0.067694098	0.091670789	0.136186644	0.117072009	0.089946002	0.102216803	0.078972399	0.086380675
1805	2	6	0.128556669	0.093511246	0.129198700	0.080962479	0.083277412	0.061239410	0.157620594	0.096261024	0.082618564	0.086753882
1806	4	4	0.078316905	0.089016005	0.149110511	0.073907346	0.215969816	0.028854603	0.195765093	0.061571490	0.056073386	0.051414803
1807	5	5	0.075684518	0.063391894	0.073388427	0.051464681	0.084144361	0.214612812	0.068469130	0.177141026	0.108191580	0.083511621
1808	3	3	0.104884103	0.079186045	0.101766542	0.156904668	0.126031354	0.042642083	0.127763897	0.128876150	0.069936976	0.062008195
1809	3	3	0.085357621	0.134369835	0.043910086	0.147116274	0.094872989	0.084973902	0.103689663	0.135338292	0.080965228	0.089406148
1810	8	7	0.085091136	0.074847043	0.112992026	0.057896625	0.076658539	0.093467817	0.077966370	0.180506825	0.171227142	0.069346458
1811	3	3	0.096071079	0.119607471	0.076592632	0.289584816	0.117312476	0.035373714	0.090992853	0.056332301	0.067901112	0.050231542
1812	5	7	0.060256053	0.084214918	0.064126670	0.044622831	0.052345745	0.234548956	0.049403396	0.250462681	0.103099905	0.056918878
1813	4	4	0.090261891	0.086247645	0.076211698	0.110160001	0.187137648	0.044240516	0.165247932	0.110243164	0.070631668	0.059617687
1814	1	1	0.067347981	0.372867286	0.062992595	0.106399149	0.089433767	0.051262781	0.069262475	0.068668649	0.060644493	0.051120777
1815	5	9	0.064762875	0.063422799	0.062976718	0.053488020	0.077894486	0.178248733	0.093142457	0.105636634	0.121752650	0.178674638
1816	6	7	0.117714681	0.072026670	0.074835308	0.131880909	0.074411727	0.050951276	0.135146379	0.146714285	0.102639489	0.093679272
1817	2	6	0.119323321	0.090178549	0.136010215	0.092986375	0.124284625	0.057205636	0.153647333	0.094307259	0.078171849	0.053884823
1818	1	1	0.061475329	0.426833063	0.049153734	0.092023879	0.082246639	0.050143056	0.058675408	0.075205915	0.055226013	0.049017020
1819	8	9	0.087456435	0.062275577	0.098923035	0.065837122	0.095946051	0.077085041	0.110221431	0.084915839	0.149003029	0.168336466
1820	8	8	0.090367697	0.079963677	0.092231832	0.072563179	0.066388950	0.057678718	0.061609067	0.113674790	0.273902684	0.091619410
1821	8	8	0.074728280	0.077062510	0.089193791	0.068039782	0.123194359	0.082626246	0.109324031	0.075060003	0.200325221	0.100445747
1822	0	0	0.354702175	0.058540378	0.095526151	0.061235435	0.089861542	0.035371039	0.096193857	0.078306213	0.068509333	0.061753981
1823	6	4	0.071698114	0.057968315	0.190709993	0.055053838	0.209223673	0.049669210	0.131836966	0.076627545	0.072505929	0.084706381
1824	4	4	0.090094998	0.086204015	0.065291606	0.112040848	0.260754645	0.039297752	0.158483401	0.076085731	0.057729546	0.054017488
1825	5	5	0.087737784	0.063856192	0.085971721	0.088081576	0.075427838	0.157873854	0.064076066	0.121328272	0.121825159	0.133821651
1826	0	0	0.298119485	0.066093065	0.079739653	0.055050623	0.093758978	0.090947211	0.080330141	0.084723301	0.085616171	0.065621398
1827	6	6	0.088175684	0.085169442	0.106193200	0.104757637	0.131149381	0.033840351	0.283429772	0.063248195	0.055942513	0.048093867
1828	4	4	0.102535971	0.169542760	0.055573091	0.121151835	0.192620739	0.050516341	0.127258256	0.058332749	0.063846327	0.058621872
1829	6	0	0.170455426	0.071528919	0.065639906	0.089494735	0.097627550	0.070159473	0.110808134	0.105919741	0.114125282	0.104240894
1830	9	9	0.056199968	0.066369645	0.106066935	0.053274989	0.070395201	0.116390683	0.060720731	0.059669033	0.108697996	0.302214801
1831	6	0	0.353666484	0.065112293	0.108359076	0.065823950	0.107549988	0.024999607	0.096293189	0.068995088	0.056476764	0.052723527
1832	6	0	0.249815539	0.071774930	0.095501214	0.084898584	0.083775066	0.040848128	0.197255567	0.075220317	0.065239258	0.035671398
1833	0	0	0.325267315	0.059683867	0.070975162	0.047014773	0.063221611	0.090237871	0.080820203	0.115024179	0.096862808	0.050892185
1834	7	7	0.054975897	0.075554609	0.079082705	0.052696589	0.075922720	0.143913433	0.067517564	0.226555914	0.113571420	0.110209182
1835	5	5	0.061250046	0.073959298	0.090121254	0.074867442	0.092814080	0.225281134	0.063895024	0.094911411	0.081036016	0.141864285
1836	4	4	0.068738312	0.076530911	0.178981915	0.036360834	0.240305513	0.030861590	0.172312245	0.048125174	0.065947734	0.081835762
1837	4	4	0.067262307	0.071954191	0.105622433	0.083919026	0.396500438	0.026493717	0.090787269	0.074306265	0.045576289	0.037578009
1838	1	1	0.062136862	0.405269504	0.063209698	0.095499218	0.086902872	0.043618690	0.067161210	0.067925796	0.057426810	0.050849322
1839	3	4	0.089129664	0.166952953	0.044068895	0.145185977	0.173310101	0.050925322	0.120564625	0.092029460	0.061464746	0.056368317
1840	6	6	0.065181382	0.074172333	0.066926561	0.094066136	0.080735967	0.080898844	0.174949244	0.150185794	0.126424924	0.086458765
1841	7	7	0.077078030	0.058281280	0.070749581	0.053249661	0.083475664	0.121197134	0.093961015	0.236232936	0.108259872	0.097514838
1842	6	6	0.097367920	0.077790655	0.135979101	0.054059021	0.140013888	0.072390497	0.170789540	0.074262738	0.090076357	0.087270312
1843	9	9	0.056325778	0.071940631	0.065593190	0.065173842	0.077517621	0.088021234	0.066159442	0.090292610	0.104722694	0.314252943
1844	0	3	0.102098204	0.163251728	0.074580677	0.199799448	0.097285524	0.071702950	0.085286565	0.075714655	0.067137703	0.063142665
1845	9	9	0.073009610	0.059853930	0.100607537	0.054215163	0.087185912	0.108006932	0.084440403	0.066878870	0.112634927	0.253166765
1846	5	5	0.065260492	0.110643804	0.064157777	0.060068849	0.085699007	0.216505170	0.075506464	0.144551903	0.082967080	0.094639428
1847	3	1	0.113663018	0.195693418	0.057650074	0.189614534	0.137689874	0.049958661	0.099268578	0.058797639	0.053123996	0.044540197
1848	8	0	0.148884401	0.043379296	0.054938462	0.066942640	0.095538951	0.085536681	0.145308569	0.134727478	0.137618318	0.087125100
1849	8	8	0.147505879	0.069963060	0.065644726	0.043260634	0.081351846	0.058242869	0.072646879	0.191754192	0.207299635	0.062330283
1850	6	6	0.117516719	0.166679859	0.056851786	0.090754136	0.124729872	0.054752152	0.181318268	0.080096468	0.073784508	0.053516112
1851	4	4	0.088414714	0.081711307	0.141067132	0.108318426	0.268893898	0.031638652	0.098716751	0.088764645	0.053055737	0.039418746
1852	9	9	0.055815622	0.060070787	0.096303105	0.044987332	0.081604294	0.091059275	0.084018439	0.072154313	0.099271320	0.314715505
1853	1	1	0.100296192	0.247816995	0.052627370	0.120233014	0.123103127	0.052551020	0.118598454	0.076357409	0.060510997	0.047905475
1854	2	2	0.072828859	0.077001043	0.246964663	0.036419597	0.159710869	0.046232060	0.134009302	0.043240368	0.080090642	0.103502654
1855	2	0	0.176314518	0.061014976	0.068992823	0.058982171	0.093221888	0.084232233	0.120850600	0.110243484	0.111090235	0.115057036
1856	6	6	0.081277132	0.118093997	0.070713528	0.121939227	0.185064405	0.045667063	0.209615782	0.069176480	0.052777104	0.045675278
1857	1	1	0.068318173	0.421816200	0.065248787	0.090073772	0.081916913	0.044977464	0.069203101	0.062424164	0.051854767	0.044166759
1858	8	8	0.095896997	0.065573275	0.091194764	0.091240592	0.095936164	0.053961653	0.064197659	0.109077528	0.228727654	0.104193717
1859	4	1	0.072718434	0.205719694	0.040254101	0.109702408	0.120801173	0.088098563	0.114522092	0.110192530	0.072326057	0.065664954
1860	7	7	0.057891149	0.064429291	0.063446656	0.060020853	0.062867485	0.102383152	0.070204571	0.296222627	0.090023756	0.132510483
1861	9	9	0.048104834	0.055576790	0.081483521	0.062104508	0.061909232	0.081902005	0.071580380	0.072387248	0.095742278	0.369209200
1862	5	5	0.068323784	0.074840628	0.080141664	0.068971701	0.086320102	0.208484143	0.069151394	0.111956045	0.098560542	0.133250058
1863	0	1	0.091948316	0.196536064	0.056345519	0.149240509	0.079418272	0.089609511	0.088211007	0.094136067	0.080693185	0.073861547
1864	9	9	0.051805604	0.062670760	0.072234847	0.050778609	0.052349519	0.078424424	0.051746339	0.092222817	0.071514949	0.416252077
1865	5	7	0.056175843	0.048372842	0.072851256	0.049879733	0.099653393	0.192783251	0.063077308	0.249845296	0.095154010	0.072207004
1866	9	9	0.042310685	0.052863013	0.108627059	0.054589700	0.062207732	0.084635347	0.075331084	0.075541645	0.098570026	0.345323652
1867	7	7	0.047274474	0.062746368	0.056905814	0.031085255	0.051915444	0.099643655	0.047788292	0.471795231	0.079953663	0.050891686
1868	1	1	0.105345644	0.219908550	0.059611280	0.136773631	0.124822207	0.045698762	0.116755523	0.073986240	0.062520660	0.054577447
1869	6	2	0.073614046	0.093551256	0.156014800	0.061309420	0.111826614	0.095275789	0.087346964	0.066572860	0.128803164	0.125685066
1870	4	1	0.086930409	0.168008283	0.084271759	0.039532248	0.104097165	0.131220847	0.110019132	0.122269392	0.097912684	0.055738125
1871	8	8	0.138102517	0.059988905	0.096768349	0.054189578	0.075625539	0.072339289	0.078425176	0.134394988	0.202296019	0.087869652
1872	5	7	0.063498616	0.061623313	0.069293499	0.077371009	0.089249507	0.138453990	0.092687786	0.168437168	0.101890914	0.137494162
1873	5	5	0.052868865	0.079217993	0.058645122	0.094104521	0.081228599	0.259457648	0.071160257	0.091630824	0.088495322	0.123190887
1874	5	5	0.049412537	0.084684119	0.055798307	0.046694458	0.058342755	0.290329129	0.045890447	0.210343480	0.088278994	0.070225686
1875	1	1	0.059777092	0.455827445	0.053209230	0.092079282	0.080140427	0.032501172	0.066747487	0.062725760	0.053582896	0.043409243
1876	2	2	0.084901586	0.093024783	0.283307463	0.039799150	0.150238261	0.036983345	0.116810679	0.055775434	0.056573231	0.082586072
1877	6	6	0.084540561	0.086499281	0.122490339	0.077668898	0.145071805	0.033013526	0.285654634	0.058813430	0.055988859	0.050258655
1878	8	8	0.180385575	0.063702278	0.062757023	0.020351909	0.066588558	0.067465395	0.072203897	0.164307237	0.208873600	0.093364567
1879	3	3	0.091953315	0.084999710	0.091609888	0.223113686	0.137229130	0.029893495	0.131398126	0.095745124	0.058614496	0.055443052
1880	0	0	0.391825825	0.062368069	0.082208052	0.054943223	0.103717633	0.023877118	0.106124416	0.068994254	0.055952210	0.049989223
1881	7	7	0.048989750	0.076562248	0.070568234	0.045803145	0.054380752	0.112781137	0.046284404	0.397881448	0.091328956	0.055419814
1882	2	2	0.094284102	0.086929798	0.274297833	0.043344863	0.122267477	0.043614704	0.100804426	0.116962597	0.063150689	0.054343447
1883	6	0	0.268293828	0.050080225	0.065506279	0.105129763	0.114429839	0.029186960	0.152344942	0.099043757	0.054612361	0.061372031
1884	6	6	0.090650097	0.114109747	0.069057442	0.118033871	0.090715185	0.062527612	0.193892002	0.129344299	0.070602722	0.061067000
1885	6	4	0.066598207	0.081134818	0.119378105	0.052217290	0.208174601	0.034014158	0.172342747	0.096257232	0.095664226	0.074218526
1886	3	6	0.075194389	0.076190382	0.092564702	0.117749773	0.093418539	0.082095638	0.162571609	0.143869400	0.081625633	0.074719936
1887	6	6	0.078959808	0.114163727	0.112002879	0.087017760	0.092226326	0.044398788	0.268684506	0.072275490	0.071474135	0.058796559
1888	6	0	0.179121792	0.066586629	0.062600970	0.131398201	0.082154728	0.044770442	0.144615114	0.124249995	0.091653660	0.072848409
1889	9	9	0.062782735	0.052408315	0.115914166	0.049780436	0.076848060	0.120259732	0.054463040	0.082543053	0.163230032	0.221770495
1890	1	1	0.073618039	0.394131720	0.060979761	0.094896153	0.087862499	0.039252382	0.078375272	0.066201210	0.057554178	0.047128651
1891	5	5	0.060044874	0.056895968	0.063027315	0.062042635	0.074485227	0.264071137	0.084579952	0.122639135	0.099252813	0.112961017
1892	9	7	0.058206219	0.057292782	0.088129282	0.043722749	0.078921147	0.098391362	0.066973485	0.327458203	0.088427909	0.092476860
1893	9	9	0.069480039	0.061743271	0.090401150	0.050183956	0.072195157	0.132341951	0.072378784	0.092475310	0.141639009	0.217161357
1894	1	1	0.066162094	0.429373741	0.055993352	0.104234114	0.083631560	0.028861469	0.071550012	0.061979029	0.052331418	0.045883223
1895	5	5	0.056904506	0.107839689	0.055066060	0.087748654	0.077851795	0.261050850	0.054791149	0.139975339	0.073260099	0.085511886
1896	9	9	0.073353298	0.051483795	0.072386548	0.059860148	0.092857622	0.104419865	0.105183445	0.109983005	0.132412642	0.198059648
1897	9	9	0.066183694	0.057895157	0.112808831	0.050380953	0.078510799	0.136067510	0.063249618	0.088936560	0.141091302	0.204875603
1898	1	1	0.072136596	0.373613417	0.058891099	0.105925120	0.098880693	0.042321995	0.081887074	0.064649597	0.056111034	0.045583300
1899	6	4	0.055212658	0.079712667	0.154440179	0.047913905	0.223395929	0.053166397	0.138170779	0.040187899	0.091315024	0.116484620
1900	4	4	0.068229355	0.061480317	0.181534097	0.026311615	0.295775741	0.047110472	0.123949073	0.057921957	0.060522910	0.077164516
1901	1	1	0.061378784	0.426094472	0.058292259	0.094373465	0.081488155	0.044628728	0.061714806	0.072208196	0.050964937	0.048856199
1902	2	2	0.084272951	0.062988073	0.168987229	0.037012286	0.164805233	0.065415695	0.150228918	0.119836122	0.073984616	0.072468922
1903	8	3	0.084904321	0.120555222	0.061983526	0.203062356	0.078794606	0.061037134	0.074546576	0.089583315	0.145520553	0.080012485
1904	7	9	0.057293404	0.060887761	0.058757242	0.080961563	0.053316027	0.069376476	0.088825606	0.183881626	0.109517068	0.237183243
1905	5	5	0.101501755	0.073847726	0.100649312	0.070775881	0.087337442	0.154104233	0.078980893	0.098327026	0.113389991	0.121085711
1906	3	3	0.098346248	0.102368243	0.060752444	0.165856525	0.119261332	0.059365306	0.133526951	0.129916236	0.069917485	0.060689170
1907	1	1	0.058903132	0.474017859	0.055350523	0.086421371	0.076392934	0.036223151	0.057013787	0.057878606	0.051373642	0.046424922
1908	7	7	0.055324964	0.046115559	0.067504302	0.042629212	0.061258342	0.108516894	0.069896251	0.389093012	0.098698035	0.060963415
1909	7	9	0.057270728	0.074279368	0.091806568	0.103894211	0.095580816	0.139882952	0.071513601	0.119600371	0.095792942	0.150378495
1910	6	0	0.208543926	0.067128822	0.094180286	0.041732423	0.085090093	0.074437097	0.128135681	0.112119153	0.089403279	0.099229217
1911	8	8	0.067828268	0.063874558	0.095288366	0.054930959	0.089371935	0.054011367	0.071931489	0.073226079	0.280500203	0.149036750
1912	6	6	0.077992328	0.069477104	0.168926418	0.045302846	0.199968338	0.039529126	0.207697317	0.056799144	0.067018770	0.067288630
1913	4	4	0.061721753	0.073599823	0.172402874	0.035813347	0.325724483	0.024315536	0.140304431	0.044689424	0.061666694	0.059761506
1914	2	4	0.095212966	0.063789338	0.169626415	0.050182108	0.220442593	0.053163894	0.128116086	0.076052435	0.081201196	0.062212978
1915	7	7	0.043387268	0.056908920	0.062546410	0.037878878	0.047328442	0.075551480	0.046886347	0.483080178	0.090566322	0.055865780
1916	4	4	0.093024164	0.110967465	0.084776580	0.121788196	0.188946769	0.065268859	0.121878147	0.077502824	0.066586025	0.069261014
1917	6	0	0.298892677	0.105700120	0.051855240	0.066015691	0.080757156	0.071830578	0.141438976	0.062999025	0.072615713	0.047894925
1918	2	4	0.070609696	0.075754680	0.125515029	0.043768816	0.201006800	0.053231571	0.117229968	0.200512528	0.067096263	0.045274742
1919	1	1	0.062096301	0.448835343	0.062204551	0.088603504	0.082345419	0.040321324	0.063576214	0.058926400	0.046266519	0.046824295
1920	8	6	0.129957035	0.061118208	0.048913982	0.046956535	0.088687606	0.097053811	0.174664810	0.094365828	0.160728633	0.097553596
1921	1	1	0.065236509	0.449172258	0.054446962	0.101973236	0.086708307	0.025517877	0.069415011	0.055685136	0.049927089	0.041917618
1922	8	0	0.184706703	0.081208296	0.067923293	0.062285725	0.073535062	0.067559257	0.102696583	0.085015088	0.175411999	0.099658035
1923	2	2	0.064981140	0.059764519	0.244516820	0.027897259	0.240260646	0.036558390	0.141949594	0.056155264	0.069926076	0.057990283
1924	5	5	0.056577317	0.086386733	0.052189644	0.042097602	0.069017328	0.262116700	0.063635364	0.180560842	0.110471129	0.076947413
1925	6	6	0.086844444	0.079750329	0.124583304	0.048780732	0.165908024	0.037716474	0.224300131	0.050367076	0.087893613	0.093855895
1926	4	6	0.080050379	0.059905957	0.078103065	0.053986955	0.134318203	0.059478082	0.265406966	0.072857760	0.107136287	0.088756353
1927	2	4	0.067834616	0.071935624	0.201073155	0.038618289	0.215730026	0.035289899	0.180538103	0.060125355	0.069187425	0.059667468
1928	9	9	0.063072003	0.063502543	0.108135231	0.051561344	0.086848632	0.120296210	0.080785125	0.060206994	0.104450531	0.261141390
1929	4	4	0.099550255	0.097226165	0.076825783	0.114402637	0.198293850	0.032487355	0.186635897	0.064063989	0.065169483	0.065344572
1930	6	6	0.085321248	0.077575862	0.113592230	0.077554584	0.125848278	0.029973980	0.301971883	0.052861709	0.060422193	0.074878067
1931	0	1	0.086794093	0.168531269	0.064990722	0.119636863	0.072840393	0.130477458	0.089657284	0.091596700	0.097723268	0.077751905
1932	7	7	0.041593187	0.060787700	0.044991318	0.038268160	0.051272187	0.101828143	0.044262618	0.488536179	0.082901753	0.045558754
1933	0	6	0.118115097	0.073953390	0.099323198	0.072186917	0.180612698	0.051042303	0.199189961	0.100953832	0.061790973	0.042831670
1934	8	8	0.070673928	0.067663811	0.082824223	0.046005163	0.090089366	0.070781179	0.074894629	0.078369088	0.280855358	0.137843296
1935	6	6	0.086615056	0.115717269	0.148206562	0.074559718	0.070704706	0.086058497	0.157955334	0.086405277	0.086785123	0.086992458
1936	6	0	0.243310496	0.085339017	0.073605932	0.062954448	0.075142562	0.096068665	0.115033358	0.080609173	0.096761994	0.071174324
1937	9	9	0.056474548	0.060837783	0.111414641	0.053906057	0.082882836	0.100329071	0.060723990	0.080889493	0.087727197	0.304814339
1938	8	8	0.055320509	0.067677349	0.096683964	0.045913443	0.076159753	0.084968135	0.082925007	0.124191888	0.214340121	0.151819751
1939	3	0	0.285686642	0.082667634	0.075073212	0.084066592	0.145248502	0.030992482	0.126759946	0.063194461	0.058631390	0.047679145
1940	5	7	0.052021507	0.079759091	0.065845817	0.041877564	0.058258839	0.212091222	0.056249861	0.304522902	0.079732269	0.049640883
1941	1	1	0.066377893	0.376430064	0.063936971	0.096998774	0.087993994	0.055864241	0.064623088	0.077531919	0.054162573	0.056080520
1942	9	9	0.079744570	0.073305525	0.059541624	0.087893590	0.063037142	0.099433862	0.107093327	0.134488449	0.107339740	0.188122198
1943	0	6	0.112156823	0.073739618	0.141844809	0.100377917	0.146164045	0.039491087	0.155776292	0.130175680	0.056855328	0.043418337
1944	1	1	0.060330331	0.415740460	0.063207343	0.098702036	0.079811648	0.040309899	0.065432191	0.065438509	0.060136873	0.050890777
1945	5	5	0.074995659	0.068632804	0.059818391	0.041173812	0.074887536	0.244733676	0.061774313	0.176903278	0.121175185	0.075905330
1946	9	9	0.072803557	0.064071774	0.075698040	0.064433031	0.075429633	0.127978846	0.097307511	0.134839237	0.128748596	0.158689767
1947	8	8	0.070436694	0.060966432	0.078385942	0.047449119	0.081832409	0.082371943	0.072087258	0.072113231	0.293222874	0.141134188
1948	6	2	0.078297369	0.080645308	0.246422023	0.045762479	0.218186110	0.031682074	0.098037958	0.100699671	0.055743139	0.044523764
1949	5	5	0.058163501	0.065570377	0.063199572	0.065631047	0.110515930	0.266477376	0.057979815	0.147374451	0.088571534	0.076516472
1950	6	0	0.192780524	0.072566576	0.071151309	0.116901085	0.106290869	0.034875281	0.159370214	0.102427021	0.074945405	0.068691649
1951	4	4	0.093204595	0.085022986	0.083538637	0.121211670	0.214269087	0.033229578	0.193436846	0.057867885	0.062677689	0.055541050
1952	7	7	0.061369091	0.063577227	0.053368218	0.050949428	0.061929040	0.141931817	0.052640092	0.367632449	0.093597487	0.053005200
1953	4	4	0.085580863	0.085187055	0.128048301	0.086753711	0.167888179	0.110835001	0.109240569	0.074688435	0.080536857	0.071241051
1954	1	1	0.096041098	0.233665913	0.051903062	0.098086663	0.127743915	0.065168850	0.125146344	0.096088260	0.058897179	0.047258750
1955	9	9	0.037386119	0.046406832	0.085005678	0.058993232	0.054548353	0.088906243	0.061976649	0.082549438	0.086578652	0.397648841
1956	6	6	0.109060675	0.070016526	0.075436689	0.117206946	0.133448839	0.039204657	0.194412485	0.113537803	0.083487675	0.064187750
1957	0	0	0.272325933	0.069335528	0.081340633	0.073773108	0.116629027	0.057785280	0.120460905	0.077360600	0.063192241	0.067796804
1958	4	4	0.086740829	0.070685908	0.174220711	0.065724082	0.217855677	0.040561326	0.158269301	0.052323613	0.068840101	0.064778410
1959	0	0	0.394746721	0.048865959	0.078456864	0.051323626	0.118217841	0.030866953	0.095105082	0.084794134	0.060482159	0.037140738
1960	5	5	0.061796494	0.061752658	0.083755888	0.098882496	0.079163522	0.188345388	0.077794440	0.103613995	0.095978662	0.148916453
1961	8	7	0.062045932	0.100427426	0.088499777	0.041378893	0.106227688	0.067891426	0.072153658	0.234816179	0.157864287	0.068694726
1962	0	0	0.401626915	0.060686838	0.078828730	0.055524692	0.091658145	0.028514018	0.103245385	0.076273985	0.055054646	0.048586629
1963	2	2	0.097865805	0.092158414	0.186054036	0.041586056	0.102237768	0.090506330	0.109696947	0.130906373	0.087779574	0.061208647
1964	6	6	0.082572713	0.078650899	0.107754678	0.095949307	0.123267762	0.080640189	0.143700406	0.078019902	0.128797218	0.080646940
1965	2	2	0.101264700	0.073516488	0.276562124	0.080479480	0.151327357	0.028119240	0.108175747	0.086213894	0.047243018	0.047097936
1966	0	0	0.357928514	0.053016607	0.087900274	0.043972488	0.124295607	0.038583077	0.119013801	0.065421276	0.061845783	0.048022628
1967	6	6	0.094862930	0.095806077	0.129282862	0.085988298	0.173101425	0.052751016	0.179177299	0.076160006	0.065991625	0.046878379
1968	3	1	0.066619776	0.310358554	0.052956663	0.126879096	0.064191677	0.076927833	0.059973747	0.078781582	0.086193413	0.077117696
1969	6	0	0.344148338	0.055199541	0.084865376	0.088347144	0.125557810	0.021539809	0.113728628	0.053140290	0.063500844	0.049972240
1970	8	8	0.065103427	0.086741954	0.091674566	0.054845084	0.077473208	0.060883950	0.069951758	0.083729938	0.277065635	0.132530510
1971	7	9	0.061168049	0.071000718	0.072945908	0.072860882	0.055570748	0.079172097	0.059412111	0.152972892	0.086671382	0.288225234
1972	9	7	0.049774900	0.050478529	0.061298631	0.051531270	0.061647959	0.102556229	0.079433329	0.343489051	0.102430865	0.097359225
1973	1	1	0.089490138	0.321762949	0.067274220	0.105871029	0.119017579	0.044778392	0.102548927	0.057958424	0.046979737	0.044318557
1974	8	8	0.072174586	0.056965310	0.075940296	0.061659571	0.118926063	0.101186581	0.111517459	0.063528113	0.202009305	0.136092767
1975	7	7	0.053116605	0.070564345	0.065452397	0.039426424	0.049322717	0.090626344	0.048563898	0.440427512	0.085878618	0.056621075
1976	3	1	0.068067059	0.254779667	0.042877465	0.227299303	0.069346339	0.073325336	0.061803963	0.069164120	0.068411224	0.064925611
1977	6	4	0.083663188	0.064051457	0.151874587	0.046329286	0.212423414	0.038149655	0.202952147	0.050397370	0.080708809	0.069450155
1978	8	7	0.065323770	0.077231929	0.088360406	0.078696854	0.067598209	0.128905594	0.063119993	0.196539298	0.123101965	0.111121975
1979	9	9	0.054867264	0.064540438	0.085283302	0.088501871	0.057036012	0.084347576	0.061870165	0.106036320	0.115486912	0.282030106
1980	4	6	0.089561738	0.102388360	0.122663207	0.071652532	0.118828990	0.073928505	0.155666485	0.088493966	0.090351760	0.086464435
1981	7	7	0.048933443	0.097099178	0.060582455	0.056497660	0.060839768	0.180177078	0.044844009	0.309391409	0.085325345	0.056309670
1982	3	6	0.087817922	0.086436413	0.096335180	0.127174214	0.107538544	0.060796414	0.185260922	0.119299419	0.065399200	0.063941829
1983	3	3	0.084444933	0.200715184	0.059159800	0.224536806	0.076213427	0.068693042	0.070095867	0.067855589	0.075311266	0.072974131
1984	7	7	0.058254149	0.060683180	0.061689321	0.033385385	0.057852764	0.125714451	0.049681548	0.396995127	0.103774227	0.051969875
1985	3	1	0.081941314	0.234999239	0.053360168	0.201032251	0.097137220	0.065688312	0.075956210	0.066862427	0.058852151	0.064170748
1986	3	3	0.104024746	0.091011569	0.096242607	0.156729177	0.149081126	0.041833315	0.148546845	0.078816473	0.069735020	0.063979022
1987	1	1	0.054410014	0.468287289	0.060532454	0.085436873	0.083475769	0.037792489	0.058541730	0.059171684	0.047251649	0.045100182
1988	6	4	0.081565119	0.072049931	0.144893304	0.058756836	0.157505512	0.065287896	0.136363924	0.096833915	0.095353425	0.091390111
1989	8	8	0.074628256	0.071646981	0.066372260	0.051668890	0.061316501	0.056133747	0.072052546	0.091003656	0.364734977	0.090442114
1990	5	7	0.062217921	0.078540914	0.057207029	0.043975491	0.061292790	0.235717371	0.046366502	0.265039831	0.095923245	0.053718906
1991	3	1	0.083283119	0.231796026	0.057800818	0.181484491	0.103857957	0.057842661	0.069378950	0.084561408	0.065328315	0.064666219
1992	2	2	0.097879335	0.075123511	0.218002319	0.067266650	0.148912743	0.035963148	0.172417238	0.075162925	0.059097722	0.050174326
1993	5	7	0.062430449	0.051036626	0.063926868	0.036601972	0.062373068	0.172977105	0.068755850	0.312204868	0.113977313	0.055715792
1994	3	4	0.093057588	0.110699549	0.065937713	0.132429495	0.223351210	0.042000633	0.146909937	0.064184375	0.066605642	0.054823916
1995	3	1	0.064233176	0.240464777	0.041660741	0.230434507	0.071153507	0.066495478	0.070017524	0.064873748	0.082529716	0.068136893
1996	6	4	0.065657102	0.078235626	0.093421236	0.056565762	0.179065734	0.040461477	0.146759033	0.067170739	0.141388297	0.131274939
1997	7	7	0.045737080	0.055477876	0.050805110	0.033554338	0.049977396	0.105804585	0.046183940	0.485218555	0.078918375	0.048322823
1998	7	9	0.073114663	0.081989460	0.070257761	0.083292343	0.106801093	0.137389034	0.078446679	0.112434439	0.107533894	0.148740605
1999	3	1	0.091698669	0.211634710	0.061151773	0.164390430	0.096208498	0.077825405	0.073378511	0.083104767	0.070239976	0.070367329
